<?xml version='1.0' encoding='UTF-8'?>
<gpx version="1.1" creator="https://www.komoot.de" xmlns="http://www.topografix.com/GPX/1/1" xmlns:xsi="http://www.w3.org/2001/XMLSchema-instance" xsi:schemaLocation="http://www.topografix.com/GPX/1/1 http://www.topografix.com/GPX/1/1/gpx.xsd">
  <metadata>
    <name>TMP - Clapiers Sommières</name>
    <author>
      <link href="https://www.komoot.de">
        <text>komoot</text>
        <type>text/html</type>
      </link>
    </author>
  </metadata>
  <trk>
    <name>TMP - Clapiers Sommières</name>
    <type>mtb_easy</type>
    <trkseg>
      <trkpt lat="43.655204" lon="3.880816">
        <ele>51.913764</ele>
        <time>2026-07-23T11:36:11.350Z</time>
      </trkpt>
      <trkpt lat="43.655214" lon="3.880842">
        <ele>51.913764</ele>
        <time>2026-07-23T11:36:12.831Z</time>
      </trkpt>
      <trkpt lat="43.655233" lon="3.880895">
        <ele>51.913764</ele>
        <time>2026-07-23T11:36:15.810Z</time>
      </trkpt>
      <trkpt lat="43.655253" lon="3.880949">
        <ele>51.913764</ele>
        <time>2026-07-23T11:36:18.842Z</time>
      </trkpt>
      <trkpt lat="43.655263" lon="3.880976">
        <ele>51.918345</ele>
        <time>2026-07-23T11:36:20.397Z</time>
      </trkpt>
      <trkpt lat="43.655234" lon="3.881023">
        <ele>51.930030</ele>
        <time>2026-07-23T11:36:21.699Z</time>
      </trkpt>
      <trkpt lat="43.655096" lon="3.881124">
        <ele>51.970858</ele>
        <time>2026-07-23T11:36:24.720Z</time>
      </trkpt>
      <trkpt lat="43.654767" lon="3.881332">
        <ele>51.449249</ele>
        <time>2026-07-23T11:36:29.858Z</time>
      </trkpt>
      <trkpt lat="43.654392" lon="3.881485">
        <ele>50.644268</ele>
        <time>2026-07-23T11:36:35.050Z</time>
      </trkpt>
      <trkpt lat="43.654205" lon="3.881553">
        <ele>50.356264</ele>
        <time>2026-07-23T11:36:37.784Z</time>
      </trkpt>
      <trkpt lat="43.654260" lon="3.881672">
        <ele>50.294837</ele>
        <time>2026-07-23T11:36:39.617Z</time>
      </trkpt>
      <trkpt lat="43.654114" lon="3.881760">
        <ele>50.167093</ele>
        <time>2026-07-23T11:36:41.953Z</time>
      </trkpt>
      <trkpt lat="43.653643" lon="3.881915">
        <ele>49.606435</ele>
        <time>2026-07-23T11:36:49.030Z</time>
      </trkpt>
      <trkpt lat="43.653315" lon="3.882105">
        <ele>49.200943</ele>
        <time>2026-07-23T11:36:54.231Z</time>
      </trkpt>
      <trkpt lat="43.653267" lon="3.882192">
        <ele>49.128704</ele>
        <time>2026-07-23T11:36:55.366Z</time>
      </trkpt>
      <trkpt lat="43.653189" lon="3.882223">
        <ele>49.054640</ele>
        <time>2026-07-23T11:36:56.597Z</time>
      </trkpt>
      <trkpt lat="43.653096" lon="3.882263">
        <ele>49.022134</ele>
        <time>2026-07-23T11:36:58.185Z</time>
      </trkpt>
      <trkpt lat="43.653174" lon="3.882462">
        <ele>49.056042</ele>
        <time>2026-07-23T11:37:01.202Z</time>
      </trkpt>
      <trkpt lat="43.653245" lon="3.882681">
        <ele>49.257279</ele>
        <time>2026-07-23T11:37:05.512Z</time>
      </trkpt>
      <trkpt lat="43.653409" lon="3.883055">
        <ele>49.462071</ele>
        <time>2026-07-23T11:37:11.865Z</time>
      </trkpt>
      <trkpt lat="43.653501" lon="3.883387">
        <ele>49.511050</ele>
        <time>2026-07-23T11:37:15.908Z</time>
      </trkpt>
      <trkpt lat="43.653544" lon="3.883643">
        <ele>49.687226</ele>
        <time>2026-07-23T11:37:21.057Z</time>
      </trkpt>
      <trkpt lat="43.653501" lon="3.883653">
        <ele>49.663432</ele>
        <time>2026-07-23T11:37:21.845Z</time>
      </trkpt>
      <trkpt lat="43.653490" lon="3.883817">
        <ele>49.598406</ele>
        <time>2026-07-23T11:37:23.538Z</time>
      </trkpt>
      <trkpt lat="43.653556" lon="3.884894">
        <ele>48.897597</ele>
        <time>2026-07-23T11:37:35.194Z</time>
      </trkpt>
      <trkpt lat="43.653592" lon="3.885479">
        <ele>48.548029</ele>
        <time>2026-07-23T11:37:41.625Z</time>
      </trkpt>
      <trkpt lat="43.653540" lon="3.885737">
        <ele>48.550304</ele>
        <time>2026-07-23T11:37:44.858Z</time>
      </trkpt>
      <trkpt lat="43.653422" lon="3.885872">
        <ele>48.765879</ele>
        <time>2026-07-23T11:37:48.341Z</time>
      </trkpt>
      <trkpt lat="43.653424" lon="3.885930">
        <ele>48.825003</ele>
        <time>2026-07-23T11:37:49.563Z</time>
      </trkpt>
      <trkpt lat="43.653426" lon="3.885997">
        <ele>48.916115</ele>
        <time>2026-07-23T11:37:50.999Z</time>
      </trkpt>
      <trkpt lat="43.653427" lon="3.886023">
        <ele>48.954635</ele>
        <time>2026-07-23T11:37:51.574Z</time>
      </trkpt>
      <trkpt lat="43.653573" lon="3.886153">
        <ele>49.309723</ele>
        <time>2026-07-23T11:37:56.119Z</time>
      </trkpt>
      <trkpt lat="43.653658" lon="3.886539">
        <ele>49.980597</ele>
        <time>2026-07-23T11:38:03.889Z</time>
      </trkpt>
      <trkpt lat="43.653681" lon="3.887242">
        <ele>51.731998</ele>
        <time>2026-07-23T11:38:20.337Z</time>
      </trkpt>
      <trkpt lat="43.653641" lon="3.887624">
        <ele>53.202999</ele>
        <time>2026-07-23T11:38:32.323Z</time>
      </trkpt>
      <trkpt lat="43.653659" lon="3.887681">
        <ele>53.441846</ele>
        <time>2026-07-23T11:38:34.390Z</time>
      </trkpt>
      <trkpt lat="43.653637" lon="3.887818">
        <ele>53.607795</ele>
        <time>2026-07-23T11:38:38.380Z</time>
      </trkpt>
      <trkpt lat="43.653387" lon="3.888586">
        <ele>54.000268</ele>
        <time>2026-07-23T11:38:50.222Z</time>
      </trkpt>
      <trkpt lat="43.653371" lon="3.888642">
        <ele>53.747180</ele>
        <time>2026-07-23T11:38:50.751Z</time>
      </trkpt>
      <trkpt lat="43.653330" lon="3.888792">
        <ele>53.073153</ele>
        <time>2026-07-23T11:38:52.258Z</time>
      </trkpt>
      <trkpt lat="43.653325" lon="3.888863">
        <ele>52.580473</ele>
        <time>2026-07-23T11:38:52.893Z</time>
      </trkpt>
      <trkpt lat="43.653356" lon="3.888950">
        <ele>51.679481</ele>
        <time>2026-07-23T11:38:53.735Z</time>
      </trkpt>
      <trkpt lat="43.653361" lon="3.889015">
        <ele>51.072184</ele>
        <time>2026-07-23T11:38:54.302Z</time>
      </trkpt>
      <trkpt lat="43.653392" lon="3.889061">
        <ele>50.488145</ele>
        <time>2026-07-23T11:38:54.758Z</time>
      </trkpt>
      <trkpt lat="43.653504" lon="3.889345">
        <ele>47.548175</ele>
        <time>2026-07-23T11:38:57.114Z</time>
      </trkpt>
      <trkpt lat="43.653599" lon="3.889489">
        <ele>46.642278</ele>
        <time>2026-07-23T11:38:58.679Z</time>
      </trkpt>
      <trkpt lat="43.653632" lon="3.889539">
        <ele>46.392783</ele>
        <time>2026-07-23T11:38:59.299Z</time>
      </trkpt>
      <trkpt lat="43.653908" lon="3.890141">
        <ele>45.890714</ele>
        <time>2026-07-23T11:39:07.423Z</time>
      </trkpt>
      <trkpt lat="43.654060" lon="3.890483">
        <ele>46.424055</ele>
        <time>2026-07-23T11:39:15.273Z</time>
      </trkpt>
      <trkpt lat="43.654076" lon="3.890520">
        <ele>46.464961</ele>
        <time>2026-07-23T11:39:16.108Z</time>
      </trkpt>
      <trkpt lat="43.654624" lon="3.891759">
        <ele>47.707220</ele>
        <time>2026-07-23T11:39:39.746Z</time>
      </trkpt>
      <trkpt lat="43.654635" lon="3.891785">
        <ele>47.688035</ele>
        <time>2026-07-23T11:39:40.081Z</time>
      </trkpt>
      <trkpt lat="43.654561" lon="3.891885">
        <ele>47.596919</ele>
        <time>2026-07-23T11:39:41.552Z</time>
      </trkpt>
      <trkpt lat="43.654550" lon="3.891900">
        <ele>47.583315</ele>
        <time>2026-07-23T11:39:41.758Z</time>
      </trkpt>
      <trkpt lat="43.654505" lon="3.891961">
        <ele>47.529821</ele>
        <time>2026-07-23T11:39:42.635Z</time>
      </trkpt>
      <trkpt lat="43.654411" lon="3.892202">
        <ele>47.404543</ele>
        <time>2026-07-23T11:39:45.815Z</time>
      </trkpt>
      <trkpt lat="43.652632" lon="3.894538">
        <ele>46.474908</ele>
        <time>2026-07-23T11:40:24.921Z</time>
      </trkpt>
      <trkpt lat="43.652521" lon="3.894791">
        <ele>47.127248</ele>
        <time>2026-07-23T11:40:32.061Z</time>
      </trkpt>
      <trkpt lat="43.652150" lon="3.895281">
        <ele>49.166088</ele>
        <time>2026-07-23T11:40:50.526Z</time>
      </trkpt>
      <trkpt lat="43.652059" lon="3.895400">
        <ele>49.553078</ele>
        <time>2026-07-23T11:40:54.260Z</time>
      </trkpt>
      <trkpt lat="43.651938" lon="3.895557">
        <ele>50.376217</ele>
        <time>2026-07-23T11:40:58.906Z</time>
      </trkpt>
      <trkpt lat="43.651460" lon="3.896177">
        <ele>55.106379</ele>
        <time>2026-07-23T11:41:33.801Z</time>
      </trkpt>
      <trkpt lat="43.651366" lon="3.896394">
        <ele>56.295354</ele>
        <time>2026-07-23T11:41:41.674Z</time>
      </trkpt>
      <trkpt lat="43.651359" lon="3.896506">
        <ele>56.756321</ele>
        <time>2026-07-23T11:41:45.216Z</time>
      </trkpt>
      <trkpt lat="43.651389" lon="3.896731">
        <ele>57.640356</ele>
        <time>2026-07-23T11:41:52.122Z</time>
      </trkpt>
      <trkpt lat="43.651453" lon="3.896878">
        <ele>58.185734</ele>
        <time>2026-07-23T11:41:56.830Z</time>
      </trkpt>
      <trkpt lat="43.651708" lon="3.897280">
        <ele>59.797796</ele>
        <time>2026-07-23T11:42:10.684Z</time>
      </trkpt>
      <trkpt lat="43.651739" lon="3.897409">
        <ele>60.202530</ele>
        <time>2026-07-23T11:42:13.996Z</time>
      </trkpt>
      <trkpt lat="43.651742" lon="3.897575">
        <ele>60.645416</ele>
        <time>2026-07-23T11:42:18.438Z</time>
      </trkpt>
      <trkpt lat="43.651739" lon="3.897686">
        <ele>60.933644</ele>
        <time>2026-07-23T11:42:21.206Z</time>
      </trkpt>
      <trkpt lat="43.651903" lon="3.897695">
        <ele>61.469239</ele>
        <time>2026-07-23T11:42:25.578Z</time>
      </trkpt>
      <trkpt lat="43.651902" lon="3.897726">
        <ele>61.539594</ele>
        <time>2026-07-23T11:42:27.145Z</time>
      </trkpt>
      <trkpt lat="43.651811" lon="3.897736">
        <ele>61.829915</ele>
        <time>2026-07-23T11:42:33.499Z</time>
      </trkpt>
      <trkpt lat="43.651793" lon="3.897887">
        <ele>62.255347</ele>
        <time>2026-07-23T11:42:41.244Z</time>
      </trkpt>
      <trkpt lat="43.652470" lon="3.898220">
        <ele>64.013977</ele>
        <time>2026-07-23T11:43:01.592Z</time>
      </trkpt>
      <trkpt lat="43.652784" lon="3.898300">
        <ele>63.685694</ele>
        <time>2026-07-23T11:43:06.230Z</time>
      </trkpt>
      <trkpt lat="43.653024" lon="3.898246">
        <ele>62.724144</ele>
        <time>2026-07-23T11:43:09.173Z</time>
      </trkpt>
      <trkpt lat="43.653292" lon="3.898080">
        <ele>61.093030</ele>
        <time>2026-07-23T11:43:12.511Z</time>
      </trkpt>
      <trkpt lat="43.653502" lon="3.897990">
        <ele>59.784850</ele>
        <time>2026-07-23T11:43:14.989Z</time>
      </trkpt>
      <trkpt lat="43.653573" lon="3.897996">
        <ele>59.354706</ele>
        <time>2026-07-23T11:43:15.801Z</time>
      </trkpt>
      <trkpt lat="43.653841" lon="3.898018">
        <ele>57.979651</ele>
        <time>2026-07-23T11:43:18.914Z</time>
      </trkpt>
      <trkpt lat="43.655478" lon="3.898899">
        <ele>53.554889</ele>
        <time>2026-07-23T11:43:41.899Z</time>
      </trkpt>
      <trkpt lat="43.655958" lon="3.899082">
        <ele>52.841519</ele>
        <time>2026-07-23T11:43:49.109Z</time>
      </trkpt>
      <trkpt lat="43.656084" lon="3.899117">
        <ele>52.499263</ele>
        <time>2026-07-23T11:43:51.859Z</time>
      </trkpt>
      <trkpt lat="43.656210" lon="3.899373">
        <ele>52.086901</ele>
        <time>2026-07-23T11:43:56.654Z</time>
      </trkpt>
      <trkpt lat="43.656290" lon="3.899384">
        <ele>51.981142</ele>
        <time>2026-07-23T11:43:58.711Z</time>
      </trkpt>
      <trkpt lat="43.656390" lon="3.899243">
        <ele>52.312905</ele>
        <time>2026-07-23T11:44:03.131Z</time>
      </trkpt>
      <trkpt lat="43.656433" lon="3.899233">
        <ele>52.423273</ele>
        <time>2026-07-23T11:44:04.662Z</time>
      </trkpt>
      <trkpt lat="43.657093" lon="3.899581">
        <ele>54.704507</ele>
        <time>2026-07-23T11:44:29.068Z</time>
      </trkpt>
      <trkpt lat="43.658237" lon="3.900122">
        <ele>58.811842</ele>
        <time>2026-07-23T11:45:08.503Z</time>
      </trkpt>
      <trkpt lat="43.658575" lon="3.900381">
        <ele>60.183571</ele>
        <time>2026-07-23T11:45:21.376Z</time>
      </trkpt>
      <trkpt lat="43.658946" lon="3.900740">
        <ele>61.540004</ele>
        <time>2026-07-23T11:45:35.409Z</time>
      </trkpt>
      <trkpt lat="43.659060" lon="3.900914">
        <ele>61.812103</ele>
        <time>2026-07-23T11:45:39.209Z</time>
      </trkpt>
      <trkpt lat="43.659019" lon="3.901226">
        <ele>62.169479</ele>
        <time>2026-07-23T11:45:44.798Z</time>
      </trkpt>
      <trkpt lat="43.659052" lon="3.901499">
        <ele>62.408030</ele>
        <time>2026-07-23T11:45:49.334Z</time>
      </trkpt>
      <trkpt lat="43.659142" lon="3.901689">
        <ele>62.481949</ele>
        <time>2026-07-23T11:45:52.885Z</time>
      </trkpt>
      <trkpt lat="43.659163" lon="3.901734">
        <ele>62.483118</ele>
        <time>2026-07-23T11:45:53.538Z</time>
      </trkpt>
      <trkpt lat="43.659353" lon="3.901913">
        <ele>62.342895</ele>
        <time>2026-07-23T11:45:56.833Z</time>
      </trkpt>
      <trkpt lat="43.659485" lon="3.902132">
        <ele>62.235752</ele>
        <time>2026-07-23T11:46:03.048Z</time>
      </trkpt>
      <trkpt lat="43.659524" lon="3.902261">
        <ele>62.215250</ele>
        <time>2026-07-23T11:46:06.389Z</time>
      </trkpt>
      <trkpt lat="43.659540" lon="3.903583">
        <ele>62.692236</ele>
        <time>2026-07-23T11:46:39.218Z</time>
      </trkpt>
      <trkpt lat="43.659552" lon="3.903965">
        <ele>62.779683</ele>
        <time>2026-07-23T11:46:48.226Z</time>
      </trkpt>
      <trkpt lat="43.659460" lon="3.904079">
        <ele>62.796102</ele>
        <time>2026-07-23T11:46:52.303Z</time>
      </trkpt>
      <trkpt lat="43.659465" lon="3.904154">
        <ele>62.773340</ele>
        <time>2026-07-23T11:46:53.740Z</time>
      </trkpt>
      <trkpt lat="43.659470" lon="3.904255">
        <ele>62.742745</ele>
        <time>2026-07-23T11:46:55.575Z</time>
      </trkpt>
      <trkpt lat="43.659557" lon="3.904293">
        <ele>62.702398</ele>
        <time>2026-07-23T11:46:58.263Z</time>
      </trkpt>
      <trkpt lat="43.659602" lon="3.904424">
        <ele>62.590981</ele>
        <time>2026-07-23T11:47:01.324Z</time>
      </trkpt>
      <trkpt lat="43.659579" lon="3.904650">
        <ele>62.441865</ele>
        <time>2026-07-23T11:47:06.205Z</time>
      </trkpt>
      <trkpt lat="43.659595" lon="3.905134">
        <ele>62.349328</ele>
        <time>2026-07-23T11:47:16.949Z</time>
      </trkpt>
      <trkpt lat="43.659598" lon="3.905273">
        <ele>62.345126</ele>
        <time>2026-07-23T11:47:20.470Z</time>
      </trkpt>
      <trkpt lat="43.659603" lon="3.905634">
        <ele>62.185864</ele>
        <time>2026-07-23T11:47:28.509Z</time>
      </trkpt>
      <trkpt lat="43.659466" lon="3.906651">
        <ele>61.031112</ele>
        <time>2026-07-23T11:47:49.227Z</time>
      </trkpt>
      <trkpt lat="43.659457" lon="3.906729">
        <ele>60.970923</ele>
        <time>2026-07-23T11:47:51.059Z</time>
      </trkpt>
      <trkpt lat="43.659421" lon="3.906790">
        <ele>61.025824</ele>
        <time>2026-07-23T11:47:53.147Z</time>
      </trkpt>
      <trkpt lat="43.659355" lon="3.906776">
        <ele>61.109915</ele>
        <time>2026-07-23T11:47:55.795Z</time>
      </trkpt>
      <trkpt lat="43.659340" lon="3.906824">
        <ele>61.157553</ele>
        <time>2026-07-23T11:47:57.110Z</time>
      </trkpt>
      <trkpt lat="43.659313" lon="3.906973">
        <ele>61.260649</ele>
        <time>2026-07-23T11:48:00.676Z</time>
      </trkpt>
      <trkpt lat="43.659315" lon="3.907015">
        <ele>61.271341</ele>
        <time>2026-07-23T11:48:01.539Z</time>
      </trkpt>
      <trkpt lat="43.659445" lon="3.907159">
        <ele>61.339030</ele>
        <time>2026-07-23T11:48:05.970Z</time>
      </trkpt>
      <trkpt lat="43.659458" lon="3.907278">
        <ele>61.432230</ele>
        <time>2026-07-23T11:48:08.436Z</time>
      </trkpt>
      <trkpt lat="43.659300" lon="3.908235">
        <ele>62.203747</ele>
        <time>2026-07-23T11:48:31.015Z</time>
      </trkpt>
      <trkpt lat="43.659148" lon="3.909136">
        <ele>63.029238</ele>
        <time>2026-07-23T11:48:52.582Z</time>
      </trkpt>
      <trkpt lat="43.659051" lon="3.909926">
        <ele>63.991284</ele>
        <time>2026-07-23T11:49:12.262Z</time>
      </trkpt>
      <trkpt lat="43.658984" lon="3.910915">
        <ele>65.018897</ele>
        <time>2026-07-23T11:49:36.328Z</time>
      </trkpt>
      <trkpt lat="43.658979" lon="3.911366">
        <ele>65.099998</ele>
        <time>2026-07-23T11:49:44.842Z</time>
      </trkpt>
      <trkpt lat="43.658976" lon="3.911543">
        <ele>65.163682</ele>
        <time>2026-07-23T11:49:48.340Z</time>
      </trkpt>
      <trkpt lat="43.658962" lon="3.911596">
        <ele>65.194465</ele>
        <time>2026-07-23T11:49:49.545Z</time>
      </trkpt>
      <trkpt lat="43.658907" lon="3.911650">
        <ele>65.245340</ele>
        <time>2026-07-23T11:49:51.667Z</time>
      </trkpt>
      <trkpt lat="43.658915" lon="3.911703">
        <ele>65.269452</ele>
        <time>2026-07-23T11:49:52.714Z</time>
      </trkpt>
      <trkpt lat="43.658926" lon="3.911777">
        <ele>65.268695</ele>
        <time>2026-07-23T11:49:54.218Z</time>
      </trkpt>
      <trkpt lat="43.658956" lon="3.911890">
        <ele>65.267489</ele>
        <time>2026-07-23T11:49:56.229Z</time>
      </trkpt>
      <trkpt lat="43.658988" lon="3.911914">
        <ele>65.266985</ele>
        <time>2026-07-23T11:49:56.831Z</time>
      </trkpt>
      <trkpt lat="43.659038" lon="3.911913">
        <ele>65.246910</ele>
        <time>2026-07-23T11:49:57.627Z</time>
      </trkpt>
      <trkpt lat="43.659082" lon="3.911918">
        <ele>65.163902</ele>
        <time>2026-07-23T11:49:58.319Z</time>
      </trkpt>
      <trkpt lat="43.659099" lon="3.911923">
        <ele>65.131223</ele>
        <time>2026-07-23T11:49:58.588Z</time>
      </trkpt>
      <trkpt lat="43.659159" lon="3.912164">
        <ele>64.779631</ele>
        <time>2026-07-23T11:50:01.707Z</time>
      </trkpt>
      <trkpt lat="43.659270" lon="3.912791">
        <ele>63.975112</ele>
        <time>2026-07-23T11:50:09.115Z</time>
      </trkpt>
      <trkpt lat="43.659343" lon="3.913178">
        <ele>64.179171</ele>
        <time>2026-07-23T11:50:16.930Z</time>
      </trkpt>
      <trkpt lat="43.659371" lon="3.913294">
        <ele>64.237716</ele>
        <time>2026-07-23T11:50:18.916Z</time>
      </trkpt>
      <trkpt lat="43.659425" lon="3.913522">
        <ele>64.032122</ele>
        <time>2026-07-23T11:50:21.953Z</time>
      </trkpt>
      <trkpt lat="43.659593" lon="3.914132">
        <ele>62.965856</ele>
        <time>2026-07-23T11:50:29.344Z</time>
      </trkpt>
      <trkpt lat="43.659818" lon="3.914628">
        <ele>61.676918</ele>
        <time>2026-07-23T11:50:35.750Z</time>
      </trkpt>
      <trkpt lat="43.660156" lon="3.915311">
        <ele>59.789066</ele>
        <time>2026-07-23T11:50:44.589Z</time>
      </trkpt>
      <trkpt lat="43.660237" lon="3.915426">
        <ele>59.668764</ele>
        <time>2026-07-23T11:50:46.905Z</time>
      </trkpt>
      <trkpt lat="43.660367" lon="3.916099">
        <ele>59.926207</ele>
        <time>2026-07-23T11:50:58.420Z</time>
      </trkpt>
      <trkpt lat="43.660603" lon="3.917312">
        <ele>61.124416</ele>
        <time>2026-07-23T11:51:21.830Z</time>
      </trkpt>
      <trkpt lat="43.660613" lon="3.917464">
        <ele>61.275558</ele>
        <time>2026-07-23T11:51:25.059Z</time>
      </trkpt>
      <trkpt lat="43.660645" lon="3.917672">
        <ele>61.378097</ele>
        <time>2026-07-23T11:51:28.451Z</time>
      </trkpt>
      <trkpt lat="43.660688" lon="3.917903">
        <ele>61.296962</ele>
        <time>2026-07-23T11:51:31.668Z</time>
      </trkpt>
      <trkpt lat="43.660700" lon="3.917951">
        <ele>61.195889</ele>
        <time>2026-07-23T11:51:32.250Z</time>
      </trkpt>
      <trkpt lat="43.660784" lon="3.917966">
        <ele>60.962882</ele>
        <time>2026-07-23T11:51:33.505Z</time>
      </trkpt>
      <trkpt lat="43.661090" lon="3.918628">
        <ele>59.252440</ele>
        <time>2026-07-23T11:51:42.046Z</time>
      </trkpt>
      <trkpt lat="43.661278" lon="3.919182">
        <ele>58.296781</ele>
        <time>2026-07-23T11:51:49.344Z</time>
      </trkpt>
      <trkpt lat="43.661358" lon="3.919417">
        <ele>57.534527</ele>
        <time>2026-07-23T11:51:51.938Z</time>
      </trkpt>
      <trkpt lat="43.661535" lon="3.919994">
        <ele>55.964647</ele>
        <time>2026-07-23T11:51:58.618Z</time>
      </trkpt>
      <trkpt lat="43.661768" lon="3.920736">
        <ele>55.094135</ele>
        <time>2026-07-23T11:52:08.487Z</time>
      </trkpt>
      <trkpt lat="43.662031" lon="3.921587">
        <ele>54.937239</ele>
        <time>2026-07-23T11:52:22.216Z</time>
      </trkpt>
      <trkpt lat="43.662221" lon="3.922239">
        <ele>53.686491</ele>
        <time>2026-07-23T11:52:29.972Z</time>
      </trkpt>
      <trkpt lat="43.662287" lon="3.922391">
        <ele>53.429747</ele>
        <time>2026-07-23T11:52:31.902Z</time>
      </trkpt>
      <trkpt lat="43.662327" lon="3.922572">
        <ele>53.221615</ele>
        <time>2026-07-23T11:52:34.298Z</time>
      </trkpt>
      <trkpt lat="43.662329" lon="3.922922">
        <ele>53.747944</ele>
        <time>2026-07-23T11:52:41.850Z</time>
      </trkpt>
      <trkpt lat="43.662250" lon="3.924142">
        <ele>56.922652</ele>
        <time>2026-07-23T11:53:13.738Z</time>
      </trkpt>
      <trkpt lat="43.662106" lon="3.924781">
        <ele>58.495855</ele>
        <time>2026-07-23T11:53:32.794Z</time>
      </trkpt>
      <trkpt lat="43.661989" lon="3.925307">
        <ele>55.955594</ele>
        <time>2026-07-23T11:53:38.006Z</time>
      </trkpt>
      <trkpt lat="43.661864" lon="3.925583">
        <ele>52.905882</ele>
        <time>2026-07-23T11:53:40.863Z</time>
      </trkpt>
      <trkpt lat="43.661885" lon="3.925627">
        <ele>52.268438</ele>
        <time>2026-07-23T11:53:41.470Z</time>
      </trkpt>
      <trkpt lat="43.661910" lon="3.925705">
        <ele>51.236776</ele>
        <time>2026-07-23T11:53:42.444Z</time>
      </trkpt>
      <trkpt lat="43.661917" lon="3.925753">
        <ele>50.644648</ele>
        <time>2026-07-23T11:53:42.999Z</time>
      </trkpt>
      <trkpt lat="43.661854" lon="3.925795">
        <ele>49.475468</ele>
        <time>2026-07-23T11:53:43.704Z</time>
      </trkpt>
      <trkpt lat="43.661543" lon="3.926414">
        <ele>47.811121</ele>
        <time>2026-07-23T11:53:50.937Z</time>
      </trkpt>
      <trkpt lat="43.661431" lon="3.926523">
        <ele>47.668779</ele>
        <time>2026-07-23T11:53:53.337Z</time>
      </trkpt>
      <trkpt lat="43.661420" lon="3.926744">
        <ele>47.513775</ele>
        <time>2026-07-23T11:53:56.028Z</time>
      </trkpt>
      <trkpt lat="43.661395" lon="3.926825">
        <ele>47.452458</ele>
        <time>2026-07-23T11:53:57.127Z</time>
      </trkpt>
      <trkpt lat="43.660816" lon="3.927881">
        <ele>47.590579</ele>
        <time>2026-07-23T11:54:17.204Z</time>
      </trkpt>
      <trkpt lat="43.660518" lon="3.928344">
        <ele>47.706707</ele>
        <time>2026-07-23T11:54:26.041Z</time>
      </trkpt>
      <trkpt lat="43.660380" lon="3.928507">
        <ele>48.004098</ele>
        <time>2026-07-23T11:54:31.733Z</time>
      </trkpt>
      <trkpt lat="43.660415" lon="3.928574">
        <ele>47.899647</ele>
        <time>2026-07-23T11:54:33.534Z</time>
      </trkpt>
      <trkpt lat="43.660471" lon="3.928655">
        <ele>47.758041</ele>
        <time>2026-07-23T11:54:35.374Z</time>
      </trkpt>
      <trkpt lat="43.660500" lon="3.928694">
        <ele>47.687354</ele>
        <time>2026-07-23T11:54:36.187Z</time>
      </trkpt>
      <trkpt lat="43.660497" lon="3.928848">
        <ele>47.289370</ele>
        <time>2026-07-23T11:54:37.493Z</time>
      </trkpt>
      <trkpt lat="43.660601" lon="3.929270">
        <ele>45.932582</ele>
        <time>2026-07-23T11:54:42.079Z</time>
      </trkpt>
      <trkpt lat="43.660657" lon="3.929560">
        <ele>45.467321</ele>
        <time>2026-07-23T11:54:45.565Z</time>
      </trkpt>
      <trkpt lat="43.660639" lon="3.929623">
        <ele>45.391305</ele>
        <time>2026-07-23T11:54:46.433Z</time>
      </trkpt>
      <trkpt lat="43.660585" lon="3.929792">
        <ele>45.484498</ele>
        <time>2026-07-23T11:54:49.202Z</time>
      </trkpt>
      <trkpt lat="43.660344" lon="3.930323">
        <ele>46.089370</ele>
        <time>2026-07-23T11:55:01.747Z</time>
      </trkpt>
      <trkpt lat="43.660272" lon="3.930453">
        <ele>46.161378</ele>
        <time>2026-07-23T11:55:04.445Z</time>
      </trkpt>
      <trkpt lat="43.660098" lon="3.930746">
        <ele>45.802885</ele>
        <time>2026-07-23T11:55:09.122Z</time>
      </trkpt>
      <trkpt lat="43.659562" lon="3.931869">
        <ele>43.430757</ele>
        <time>2026-07-23T11:55:24.225Z</time>
      </trkpt>
      <trkpt lat="43.659544" lon="3.932055">
        <ele>43.202158</ele>
        <time>2026-07-23T11:55:26.468Z</time>
      </trkpt>
      <trkpt lat="43.659519" lon="3.932185">
        <ele>43.144855</ele>
        <time>2026-07-23T11:55:28.309Z</time>
      </trkpt>
      <trkpt lat="43.659528" lon="3.932303">
        <ele>43.095192</ele>
        <time>2026-07-23T11:55:30.059Z</time>
      </trkpt>
      <trkpt lat="43.659530" lon="3.932356">
        <ele>43.076099</ele>
        <time>2026-07-23T11:55:30.796Z</time>
      </trkpt>
      <trkpt lat="43.659472" lon="3.932389">
        <ele>43.044909</ele>
        <time>2026-07-23T11:55:31.940Z</time>
      </trkpt>
      <trkpt lat="43.659430" lon="3.932488">
        <ele>43.003621</ele>
        <time>2026-07-23T11:55:33.330Z</time>
      </trkpt>
      <trkpt lat="43.659143" lon="3.933933">
        <ele>42.378798</ele>
        <time>2026-07-23T11:55:53.305Z</time>
      </trkpt>
      <trkpt lat="43.659103" lon="3.934705">
        <ele>42.785352</ele>
        <time>2026-07-23T11:56:06.277Z</time>
      </trkpt>
      <trkpt lat="43.659110" lon="3.934836">
        <ele>42.860524</ele>
        <time>2026-07-23T11:56:08.245Z</time>
      </trkpt>
      <trkpt lat="43.659189" lon="3.935595">
        <ele>43.542496</ele>
        <time>2026-07-23T11:56:23.098Z</time>
      </trkpt>
      <trkpt lat="43.659207" lon="3.935795">
        <ele>43.483364</ele>
        <time>2026-07-23T11:56:26.000Z</time>
      </trkpt>
      <trkpt lat="43.659180" lon="3.935941">
        <ele>43.327650</ele>
        <time>2026-07-23T11:56:27.710Z</time>
      </trkpt>
      <trkpt lat="43.659068" lon="3.936190">
        <ele>42.695407</ele>
        <time>2026-07-23T11:56:30.888Z</time>
      </trkpt>
      <trkpt lat="43.659051" lon="3.936307">
        <ele>42.404893</ele>
        <time>2026-07-23T11:56:32.174Z</time>
      </trkpt>
      <trkpt lat="43.658991" lon="3.936319">
        <ele>42.200893</ele>
        <time>2026-07-23T11:56:33.434Z</time>
      </trkpt>
      <trkpt lat="43.658891" lon="3.936373">
        <ele>41.997794</ele>
        <time>2026-07-23T11:56:35.684Z</time>
      </trkpt>
      <trkpt lat="43.658843" lon="3.936400">
        <ele>41.957236</ele>
        <time>2026-07-23T11:56:36.864Z</time>
      </trkpt>
      <trkpt lat="43.658908" lon="3.936484">
        <ele>41.887594</ele>
        <time>2026-07-23T11:56:38.656Z</time>
      </trkpt>
      <trkpt lat="43.659161" lon="3.937025">
        <ele>42.621607</ele>
        <time>2026-07-23T11:56:51.578Z</time>
      </trkpt>
      <trkpt lat="43.659331" lon="3.937481">
        <ele>43.552721</ele>
        <time>2026-07-23T11:57:03.149Z</time>
      </trkpt>
      <trkpt lat="43.660135" lon="3.941514">
        <ele>53.703559</ele>
        <time>2026-07-23T11:58:49.684Z</time>
      </trkpt>
      <trkpt lat="43.660438" lon="3.943131">
        <ele>54.796656</ele>
        <time>2026-07-23T11:59:17.913Z</time>
      </trkpt>
      <trkpt lat="43.660472" lon="3.943488">
        <ele>54.994348</ele>
        <time>2026-07-23T11:59:23.978Z</time>
      </trkpt>
      <trkpt lat="43.660483" lon="3.944113">
        <ele>55.314423</ele>
        <time>2026-07-23T11:59:34.625Z</time>
      </trkpt>
      <trkpt lat="43.660451" lon="3.945447">
        <ele>56.161192</ele>
        <time>2026-07-23T11:59:57.867Z</time>
      </trkpt>
      <trkpt lat="43.660463" lon="3.945535">
        <ele>56.171059</ele>
        <time>2026-07-23T11:59:59.080Z</time>
      </trkpt>
      <trkpt lat="43.660539" lon="3.945682">
        <ele>56.162772</ele>
        <time>2026-07-23T12:00:01.449Z</time>
      </trkpt>
      <trkpt lat="43.660482" lon="3.945822">
        <ele>56.257953</ele>
        <time>2026-07-23T12:00:04.279Z</time>
      </trkpt>
      <trkpt lat="43.660419" lon="3.946107">
        <ele>56.491932</ele>
        <time>2026-07-23T12:00:10.197Z</time>
      </trkpt>
      <trkpt lat="43.660419" lon="3.946139">
        <ele>56.497726</ele>
        <time>2026-07-23T12:00:10.869Z</time>
      </trkpt>
      <trkpt lat="43.660419" lon="3.946193">
        <ele>56.507503</ele>
        <time>2026-07-23T12:00:11.898Z</time>
      </trkpt>
      <trkpt lat="43.660421" lon="3.946221">
        <ele>56.512597</ele>
        <time>2026-07-23T12:00:12.421Z</time>
      </trkpt>
      <trkpt lat="43.660467" lon="3.946912">
        <ele>56.180051</ele>
        <time>2026-07-23T12:00:21.321Z</time>
      </trkpt>
      <trkpt lat="43.660451" lon="3.947122">
        <ele>56.040336</ele>
        <time>2026-07-23T12:00:24.074Z</time>
      </trkpt>
      <trkpt lat="43.660425" lon="3.947649">
        <ele>55.770906</ele>
        <time>2026-07-23T12:00:31.008Z</time>
      </trkpt>
      <trkpt lat="43.660334" lon="3.948118">
        <ele>55.427740</ele>
        <time>2026-07-23T12:00:37.195Z</time>
      </trkpt>
      <trkpt lat="43.659711" lon="3.950162">
        <ele>54.604469</ele>
        <time>2026-07-23T12:01:06.943Z</time>
      </trkpt>
      <trkpt lat="43.659566" lon="3.950488">
        <ele>54.390974</ele>
        <time>2026-07-23T12:01:12.158Z</time>
      </trkpt>
      <trkpt lat="43.659498" lon="3.950560">
        <ele>54.176319</ele>
        <time>2026-07-23T12:01:13.511Z</time>
      </trkpt>
      <trkpt lat="43.659297" lon="3.950659">
        <ele>53.561141</ele>
        <time>2026-07-23T12:01:16.621Z</time>
      </trkpt>
      <trkpt lat="43.659244" lon="3.950714">
        <ele>53.348430</ele>
        <time>2026-07-23T12:01:17.595Z</time>
      </trkpt>
      <trkpt lat="43.659177" lon="3.950866">
        <ele>53.108634</ele>
        <time>2026-07-23T12:01:19.608Z</time>
      </trkpt>
      <trkpt lat="43.659148" lon="3.951009">
        <ele>52.984230</ele>
        <time>2026-07-23T12:01:21.536Z</time>
      </trkpt>
      <trkpt lat="43.659128" lon="3.951203">
        <ele>53.055916</ele>
        <time>2026-07-23T12:01:24.726Z</time>
      </trkpt>
      <trkpt lat="43.659214" lon="3.951454">
        <ele>53.277644</ele>
        <time>2026-07-23T12:01:30.242Z</time>
      </trkpt>
      <trkpt lat="43.659277" lon="3.951660">
        <ele>53.445709</ele>
        <time>2026-07-23T12:01:34.466Z</time>
      </trkpt>
      <trkpt lat="43.659279" lon="3.951925">
        <ele>53.405480</ele>
        <time>2026-07-23T12:01:37.575Z</time>
      </trkpt>
      <trkpt lat="43.658821" lon="3.954810">
        <ele>47.307845</ele>
        <time>2026-07-23T12:02:05.035Z</time>
      </trkpt>
      <trkpt lat="43.658772" lon="3.955067">
        <ele>46.884939</ele>
        <time>2026-07-23T12:02:07.302Z</time>
      </trkpt>
      <trkpt lat="43.658077" lon="3.958835">
        <ele>48.310475</ele>
        <time>2026-07-23T12:03:04.075Z</time>
      </trkpt>
      <trkpt lat="43.658043" lon="3.959411">
        <ele>47.721147</ele>
        <time>2026-07-23T12:03:09.957Z</time>
      </trkpt>
      <trkpt lat="43.658092" lon="3.960618">
        <ele>45.216699</ele>
        <time>2026-07-23T12:03:21.148Z</time>
      </trkpt>
      <trkpt lat="43.658117" lon="3.961238">
        <ele>43.981112</ele>
        <time>2026-07-23T12:03:26.911Z</time>
      </trkpt>
      <trkpt lat="43.658115" lon="3.961324">
        <ele>43.805669</ele>
        <time>2026-07-23T12:03:27.882Z</time>
      </trkpt>
      <trkpt lat="43.658167" lon="3.961391">
        <ele>43.606247</ele>
        <time>2026-07-23T12:03:28.973Z</time>
      </trkpt>
      <trkpt lat="43.658183" lon="3.962682">
        <ele>41.094217</ele>
        <time>2026-07-23T12:03:43.283Z</time>
      </trkpt>
      <trkpt lat="43.658130" lon="3.962945">
        <ele>40.840288</ele>
        <time>2026-07-23T12:03:46.790Z</time>
      </trkpt>
      <trkpt lat="43.658083" lon="3.962994">
        <ele>40.820326</ele>
        <time>2026-07-23T12:03:47.919Z</time>
      </trkpt>
      <trkpt lat="43.658022" lon="3.962990">
        <ele>40.799619</ele>
        <time>2026-07-23T12:03:49.087Z</time>
      </trkpt>
      <trkpt lat="43.658007" lon="3.963040">
        <ele>40.786340</ele>
        <time>2026-07-23T12:03:49.833Z</time>
      </trkpt>
      <trkpt lat="43.657983" lon="3.963126">
        <ele>40.763155</ele>
        <time>2026-07-23T12:03:51.084Z</time>
      </trkpt>
      <trkpt lat="43.657964" lon="3.963175">
        <ele>40.749009</ele>
        <time>2026-07-23T12:03:51.831Z</time>
      </trkpt>
      <trkpt lat="43.658199" lon="3.963317">
        <ele>40.711158</ele>
        <time>2026-07-23T12:03:56.732Z</time>
      </trkpt>
      <trkpt lat="43.658209" lon="3.963353">
        <ele>40.713816</ele>
        <time>2026-07-23T12:03:57.282Z</time>
      </trkpt>
      <trkpt lat="43.658167" lon="3.963880">
        <ele>40.913663</ele>
        <time>2026-07-23T12:04:04.336Z</time>
      </trkpt>
      <trkpt lat="43.658150" lon="3.964510">
        <ele>41.870015</ele>
        <time>2026-07-23T12:04:17.108Z</time>
      </trkpt>
      <trkpt lat="43.658144" lon="3.964805">
        <ele>42.253075</ele>
        <time>2026-07-23T12:04:22.707Z</time>
      </trkpt>
      <trkpt lat="43.658178" lon="3.964919">
        <ele>42.366655</ele>
        <time>2026-07-23T12:04:24.725Z</time>
      </trkpt>
      <trkpt lat="43.658145" lon="3.964965">
        <ele>42.426326</ele>
        <time>2026-07-23T12:04:25.669Z</time>
      </trkpt>
      <trkpt lat="43.658139" lon="3.965029">
        <ele>42.495692</ele>
        <time>2026-07-23T12:04:26.631Z</time>
      </trkpt>
      <trkpt lat="43.658163" lon="3.965085">
        <ele>42.570244</ele>
        <time>2026-07-23T12:04:27.676Z</time>
      </trkpt>
      <trkpt lat="43.658206" lon="3.965109">
        <ele>42.643662</ele>
        <time>2026-07-23T12:04:28.779Z</time>
      </trkpt>
      <trkpt lat="43.658251" lon="3.965091">
        <ele>42.717829</ele>
        <time>2026-07-23T12:04:29.973Z</time>
      </trkpt>
      <trkpt lat="43.658272" lon="3.965164">
        <ele>42.809352</ele>
        <time>2026-07-23T12:04:31.542Z</time>
      </trkpt>
      <trkpt lat="43.658441" lon="3.965373">
        <ele>43.240441</ele>
        <time>2026-07-23T12:04:37.486Z</time>
      </trkpt>
      <trkpt lat="43.658761" lon="3.965709">
        <ele>43.384775</ele>
        <time>2026-07-23T12:04:44.771Z</time>
      </trkpt>
      <trkpt lat="43.658818" lon="3.965829">
        <ele>43.298931</ele>
        <time>2026-07-23T12:04:46.612Z</time>
      </trkpt>
      <trkpt lat="43.658857" lon="3.965957">
        <ele>43.149393</ele>
        <time>2026-07-23T12:04:48.101Z</time>
      </trkpt>
      <trkpt lat="43.658947" lon="3.966623">
        <ele>41.522092</ele>
        <time>2026-07-23T12:04:54.151Z</time>
      </trkpt>
      <trkpt lat="43.658894" lon="3.966676">
        <ele>41.294500</ele>
        <time>2026-07-23T12:04:54.959Z</time>
      </trkpt>
      <trkpt lat="43.658890" lon="3.966766">
        <ele>41.070244</ele>
        <time>2026-07-23T12:04:55.766Z</time>
      </trkpt>
      <trkpt lat="43.658905" lon="3.966797">
        <ele>40.977491</ele>
        <time>2026-07-23T12:04:56.095Z</time>
      </trkpt>
      <trkpt lat="43.658927" lon="3.967095">
        <ele>40.285068</ele>
        <time>2026-07-23T12:04:59.306Z</time>
      </trkpt>
      <trkpt lat="43.658925" lon="3.967229">
        <ele>39.991655</ele>
        <time>2026-07-23T12:05:00.811Z</time>
      </trkpt>
      <trkpt lat="43.659057" lon="3.967524">
        <ele>39.513167</ele>
        <time>2026-07-23T12:05:04.796Z</time>
      </trkpt>
      <trkpt lat="43.659506" lon="3.968480">
        <ele>39.730328</ele>
        <time>2026-07-23T12:05:20.184Z</time>
      </trkpt>
      <trkpt lat="43.659779" lon="3.969335">
        <ele>40.402786</ele>
        <time>2026-07-23T12:05:35.081Z</time>
      </trkpt>
      <trkpt lat="43.659938" lon="3.969925">
        <ele>40.953776</ele>
        <time>2026-07-23T12:05:45.161Z</time>
      </trkpt>
      <trkpt lat="43.659971" lon="3.970021">
        <ele>41.057478</ele>
        <time>2026-07-23T12:05:47.029Z</time>
      </trkpt>
      <trkpt lat="43.660018" lon="3.970070">
        <ele>41.134061</ele>
        <time>2026-07-23T12:05:48.463Z</time>
      </trkpt>
      <trkpt lat="43.660007" lon="3.970095">
        <ele>41.161599</ele>
        <time>2026-07-23T12:05:49.028Z</time>
      </trkpt>
      <trkpt lat="43.660016" lon="3.970178">
        <ele>41.240585</ele>
        <time>2026-07-23T12:05:50.546Z</time>
      </trkpt>
      <trkpt lat="43.660083" lon="3.970209">
        <ele>41.325648</ele>
        <time>2026-07-23T12:05:52.263Z</time>
      </trkpt>
      <trkpt lat="43.660105" lon="3.970341">
        <ele>41.423181</ele>
        <time>2026-07-23T12:05:54.652Z</time>
      </trkpt>
      <trkpt lat="43.660275" lon="3.970858">
        <ele>41.768205</ele>
        <time>2026-07-23T12:06:04.716Z</time>
      </trkpt>
      <trkpt lat="43.660510" lon="3.971570">
        <ele>41.532335</ele>
        <time>2026-07-23T12:06:15.037Z</time>
      </trkpt>
      <trkpt lat="43.661554" lon="3.975076">
        <ele>41.933148</ele>
        <time>2026-07-23T12:07:11.439Z</time>
      </trkpt>
      <trkpt lat="43.661691" lon="3.975543">
        <ele>42.202168</ele>
        <time>2026-07-23T12:07:19.443Z</time>
      </trkpt>
      <trkpt lat="43.662028" lon="3.976758">
        <ele>41.488233</ele>
        <time>2026-07-23T12:07:33.731Z</time>
      </trkpt>
      <trkpt lat="43.662099" lon="3.976974">
        <ele>41.340232</ele>
        <time>2026-07-23T12:07:36.147Z</time>
      </trkpt>
      <trkpt lat="43.662314" lon="3.977668">
        <ele>41.078899</ele>
        <time>2026-07-23T12:07:45.104Z</time>
      </trkpt>
      <trkpt lat="43.662571" lon="3.978471">
        <ele>40.465487</ele>
        <time>2026-07-23T12:07:54.657Z</time>
      </trkpt>
      <trkpt lat="43.662610" lon="3.978594">
        <ele>40.393976</ele>
        <time>2026-07-23T12:07:55.962Z</time>
      </trkpt>
      <trkpt lat="43.662681" lon="3.978921">
        <ele>40.335196</ele>
        <time>2026-07-23T12:07:59.997Z</time>
      </trkpt>
      <trkpt lat="43.662707" lon="3.979006">
        <ele>40.359079</ele>
        <time>2026-07-23T12:08:01.359Z</time>
      </trkpt>
      <trkpt lat="43.662735" lon="3.979110">
        <ele>40.404116</ele>
        <time>2026-07-23T12:08:03.081Z</time>
      </trkpt>
      <trkpt lat="43.662966" lon="3.979881">
        <ele>41.129229</ele>
        <time>2026-07-23T12:08:18.191Z</time>
      </trkpt>
      <trkpt lat="43.663155" lon="3.980351">
        <ele>41.814945</ele>
        <time>2026-07-23T12:08:29.064Z</time>
      </trkpt>
      <trkpt lat="43.663295" lon="3.980624">
        <ele>42.278242</ele>
        <time>2026-07-23T12:08:35.995Z</time>
      </trkpt>
      <trkpt lat="43.663503" lon="3.981311">
        <ele>43.179782</ele>
        <time>2026-07-23T12:08:51.154Z</time>
      </trkpt>
      <trkpt lat="43.663733" lon="3.981931">
        <ele>43.632164</ele>
        <time>2026-07-23T12:09:03.359Z</time>
      </trkpt>
      <trkpt lat="43.663750" lon="3.982029">
        <ele>43.617941</ele>
        <time>2026-07-23T12:09:04.858Z</time>
      </trkpt>
      <trkpt lat="43.663862" lon="3.982150">
        <ele>43.474325</ele>
        <time>2026-07-23T12:09:07.367Z</time>
      </trkpt>
      <trkpt lat="43.664608" lon="3.982950">
        <ele>40.519355</ele>
        <time>2026-07-23T12:09:21.464Z</time>
      </trkpt>
      <trkpt lat="43.664733" lon="3.983115">
        <ele>39.987273</ele>
        <time>2026-07-23T12:09:24.053Z</time>
      </trkpt>
      <trkpt lat="43.665118" lon="3.983481">
        <ele>38.508527</ele>
        <time>2026-07-23T12:09:31.078Z</time>
      </trkpt>
      <trkpt lat="43.665276" lon="3.983634">
        <ele>37.939758</ele>
        <time>2026-07-23T12:09:33.948Z</time>
      </trkpt>
      <trkpt lat="43.665305" lon="3.983670">
        <ele>37.864986</ele>
        <time>2026-07-23T12:09:36.654Z</time>
      </trkpt>
      <trkpt lat="43.665509" lon="3.984023">
        <ele>37.489636</ele>
        <time>2026-07-23T12:09:42.134Z</time>
      </trkpt>
      <trkpt lat="43.665797" lon="3.983874">
        <ele>37.990280</ele>
        <time>2026-07-23T12:09:55.001Z</time>
      </trkpt>
      <trkpt lat="43.666139" lon="3.983766">
        <ele>38.723823</ele>
        <time>2026-07-23T12:10:09.344Z</time>
      </trkpt>
      <trkpt lat="43.666184" lon="3.983752">
        <ele>38.823524</ele>
        <time>2026-07-23T12:10:11.215Z</time>
      </trkpt>
      <trkpt lat="43.666319" lon="3.983847">
        <ele>39.175709</ele>
        <time>2026-07-23T12:10:17.921Z</time>
      </trkpt>
      <trkpt lat="43.666402" lon="3.983901">
        <ele>39.393530</ele>
        <time>2026-07-23T12:10:22.101Z</time>
      </trkpt>
      <trkpt lat="43.666969" lon="3.983386">
        <ele>39.481866</ele>
        <time>2026-07-23T12:10:40.243Z</time>
      </trkpt>
      <trkpt lat="43.667042" lon="3.983156">
        <ele>39.338780</ele>
        <time>2026-07-23T12:10:44.705Z</time>
      </trkpt>
      <trkpt lat="43.667030" lon="3.983003">
        <ele>39.200865</ele>
        <time>2026-07-23T12:10:47.268Z</time>
      </trkpt>
      <trkpt lat="43.666822" lon="3.982694">
        <ele>38.859358</ele>
        <time>2026-07-23T12:10:54.259Z</time>
      </trkpt>
      <trkpt lat="43.666744" lon="3.982599">
        <ele>38.841352</ele>
        <time>2026-07-23T12:10:57.681Z</time>
      </trkpt>
      <trkpt lat="43.666720" lon="3.982486">
        <ele>38.975080</ele>
        <time>2026-07-23T12:11:00.814Z</time>
      </trkpt>
      <trkpt lat="43.666771" lon="3.982361">
        <ele>39.138038</ele>
        <time>2026-07-23T12:11:04.212Z</time>
      </trkpt>
      <trkpt lat="43.667281" lon="3.981974">
        <ele>39.328151</ele>
        <time>2026-07-23T12:11:20.304Z</time>
      </trkpt>
      <trkpt lat="43.667388" lon="3.981998">
        <ele>39.374242</ele>
        <time>2026-07-23T12:11:23.331Z</time>
      </trkpt>
      <trkpt lat="43.667465" lon="3.982114">
        <ele>39.450873</ele>
        <time>2026-07-23T12:11:26.616Z</time>
      </trkpt>
      <trkpt lat="43.667470" lon="3.982363">
        <ele>39.613920</ele>
        <time>2026-07-23T12:11:32.063Z</time>
      </trkpt>
      <trkpt lat="43.667427" lon="3.982756">
        <ele>40.066103</ele>
        <time>2026-07-23T12:11:41.687Z</time>
      </trkpt>
      <trkpt lat="43.667458" lon="3.983451">
        <ele>41.365289</ele>
        <time>2026-07-23T12:12:00.953Z</time>
      </trkpt>
      <trkpt lat="43.667536" lon="3.983581">
        <ele>41.732067</ele>
        <time>2026-07-23T12:12:06.522Z</time>
      </trkpt>
      <trkpt lat="43.667618" lon="3.983572">
        <ele>41.981791</ele>
        <time>2026-07-23T12:12:09.964Z</time>
      </trkpt>
      <trkpt lat="43.667794" lon="3.983397">
        <ele>42.354994</ele>
        <time>2026-07-23T12:12:18.146Z</time>
      </trkpt>
      <trkpt lat="43.667955" lon="3.983316">
        <ele>42.490392</ele>
        <time>2026-07-23T12:12:24.134Z</time>
      </trkpt>
      <trkpt lat="43.668163" lon="3.983442">
        <ele>42.575433</ele>
        <time>2026-07-23T12:12:31.858Z</time>
      </trkpt>
      <trkpt lat="43.668313" lon="3.983587">
        <ele>42.620205</ele>
        <time>2026-07-23T12:12:37.598Z</time>
      </trkpt>
      <trkpt lat="43.668402" lon="3.983571">
        <ele>42.650849</ele>
        <time>2026-07-23T12:12:40.380Z</time>
      </trkpt>
      <trkpt lat="43.668408" lon="3.983997">
        <ele>42.939182</ele>
        <time>2026-07-23T12:12:51.664Z</time>
      </trkpt>
      <trkpt lat="43.668472" lon="3.984292">
        <ele>43.396871</ele>
        <time>2026-07-23T12:13:00.990Z</time>
      </trkpt>
      <trkpt lat="43.668592" lon="3.984491">
        <ele>43.806133</ele>
        <time>2026-07-23T12:13:08.702Z</time>
      </trkpt>
      <trkpt lat="43.668646" lon="3.984655">
        <ele>44.096086</ele>
        <time>2026-07-23T12:13:14.124Z</time>
      </trkpt>
      <trkpt lat="43.668702" lon="3.984958">
        <ele>44.533236</ele>
        <time>2026-07-23T12:13:23.725Z</time>
      </trkpt>
      <trkpt lat="43.668872" lon="3.985294">
        <ele>44.852858</ele>
        <time>2026-07-23T12:13:34.223Z</time>
      </trkpt>
      <trkpt lat="43.669007" lon="3.985615">
        <ele>44.957055</ele>
        <time>2026-07-23T12:13:42.874Z</time>
      </trkpt>
      <trkpt lat="43.669653" lon="3.988052">
        <ele>48.355016</ele>
        <time>2026-07-23T12:14:57.877Z</time>
      </trkpt>
      <trkpt lat="43.669857" lon="3.988984">
        <ele>50.099675</ele>
        <time>2026-07-23T12:15:28.708Z</time>
      </trkpt>
      <trkpt lat="43.669871" lon="3.989206">
        <ele>50.264154</ele>
        <time>2026-07-23T12:15:34.557Z</time>
      </trkpt>
      <trkpt lat="43.669641" lon="3.989448">
        <ele>49.695709</ele>
        <time>2026-07-23T12:15:42.420Z</time>
      </trkpt>
      <trkpt lat="43.669155" lon="3.989596">
        <ele>48.089476</ele>
        <time>2026-07-23T12:15:52.767Z</time>
      </trkpt>
      <trkpt lat="43.668939" lon="3.989662">
        <ele>47.378009</ele>
        <time>2026-07-23T12:15:57.329Z</time>
      </trkpt>
      <trkpt lat="43.668842" lon="3.989758">
        <ele>47.111058</ele>
        <time>2026-07-23T12:15:59.840Z</time>
      </trkpt>
      <trkpt lat="43.668860" lon="3.990060">
        <ele>47.060071</ele>
        <time>2026-07-23T12:16:05.850Z</time>
      </trkpt>
      <trkpt lat="43.668904" lon="3.990336">
        <ele>47.317336</ele>
        <time>2026-07-23T12:16:12.516Z</time>
      </trkpt>
      <trkpt lat="43.669013" lon="3.990499">
        <ele>47.662062</ele>
        <time>2026-07-23T12:16:18.249Z</time>
      </trkpt>
      <trkpt lat="43.669342" lon="3.990664">
        <ele>48.702117</ele>
        <time>2026-07-23T12:16:32.271Z</time>
      </trkpt>
      <trkpt lat="43.669711" lon="3.990770">
        <ele>49.929060</ele>
        <time>2026-07-23T12:16:47.850Z</time>
      </trkpt>
      <trkpt lat="43.669891" lon="3.990852">
        <ele>50.597732</ele>
        <time>2026-07-23T12:16:56.224Z</time>
      </trkpt>
      <trkpt lat="43.670131" lon="3.991129">
        <ele>51.323855</ele>
        <time>2026-07-23T12:17:07.137Z</time>
      </trkpt>
      <trkpt lat="43.670145" lon="3.991171">
        <ele>51.447579</ele>
        <time>2026-07-23T12:17:08.433Z</time>
      </trkpt>
      <trkpt lat="43.670726" lon="3.990677">
        <ele>53.992361</ele>
        <time>2026-07-23T12:17:32.441Z</time>
      </trkpt>
      <trkpt lat="43.670743" lon="3.990637">
        <ele>54.092009</ele>
        <time>2026-07-23T12:17:33.400Z</time>
      </trkpt>
      <trkpt lat="43.670854" lon="3.990792">
        <ele>54.462936</ele>
        <time>2026-07-23T12:17:37.498Z</time>
      </trkpt>
      <trkpt lat="43.670928" lon="3.990821">
        <ele>54.567380</ele>
        <time>2026-07-23T12:17:39.390Z</time>
      </trkpt>
      <trkpt lat="43.671647" lon="3.990310">
        <ele>55.311503</ele>
        <time>2026-07-23T12:17:56.724Z</time>
      </trkpt>
      <trkpt lat="43.671699" lon="3.990339">
        <ele>55.272374</ele>
        <time>2026-07-23T12:17:57.667Z</time>
      </trkpt>
      <trkpt lat="43.671923" lon="3.990409">
        <ele>54.928287</ele>
        <time>2026-07-23T12:18:00.892Z</time>
      </trkpt>
      <trkpt lat="43.672187" lon="3.990440">
        <ele>54.091547</ele>
        <time>2026-07-23T12:18:04.248Z</time>
      </trkpt>
      <trkpt lat="43.672532" lon="3.990801">
        <ele>52.069503</ele>
        <time>2026-07-23T12:18:09.282Z</time>
      </trkpt>
      <trkpt lat="43.672582" lon="3.990927">
        <ele>51.626792</ele>
        <time>2026-07-23T12:18:10.527Z</time>
      </trkpt>
      <trkpt lat="43.673029" lon="3.990659">
        <ele>51.136767</ele>
        <time>2026-07-23T12:18:17.849Z</time>
      </trkpt>
      <trkpt lat="43.673452" lon="3.990423">
        <ele>51.076519</ele>
        <time>2026-07-23T12:18:25.533Z</time>
      </trkpt>
      <trkpt lat="43.674396" lon="3.990041">
        <ele>50.706028</ele>
        <time>2026-07-23T12:18:41.385Z</time>
      </trkpt>
      <trkpt lat="43.674447" lon="3.990024">
        <ele>50.686985</ele>
        <time>2026-07-23T12:18:42.271Z</time>
      </trkpt>
      <trkpt lat="43.674624" lon="3.989956">
        <ele>50.599082</ele>
        <time>2026-07-23T12:18:45.245Z</time>
      </trkpt>
      <trkpt lat="43.674810" lon="3.989885">
        <ele>50.457235</ele>
        <time>2026-07-23T12:18:48.222Z</time>
      </trkpt>
      <trkpt lat="43.675036" lon="3.989800">
        <ele>50.212157</ele>
        <time>2026-07-23T12:18:51.678Z</time>
      </trkpt>
      <trkpt lat="43.675215" lon="3.989731">
        <ele>50.050279</ele>
        <time>2026-07-23T12:18:54.427Z</time>
      </trkpt>
      <trkpt lat="43.675224" lon="3.989773">
        <ele>50.033753</ele>
        <time>2026-07-23T12:18:55.214Z</time>
      </trkpt>
      <trkpt lat="43.675702" lon="3.989579">
        <ele>49.932395</ele>
        <time>2026-07-23T12:19:29.810Z</time>
      </trkpt>
      <trkpt lat="43.675729" lon="3.989568">
        <ele>49.932171</ele>
        <time>2026-07-23T12:19:31.792Z</time>
      </trkpt>
      <trkpt lat="43.675994" lon="3.989407">
        <ele>50.088680</ele>
        <time>2026-07-23T12:19:51.896Z</time>
      </trkpt>
      <trkpt lat="43.676055" lon="3.989451">
        <ele>50.096042</ele>
        <time>2026-07-23T12:19:56.655Z</time>
      </trkpt>
      <trkpt lat="43.676092" lon="3.989429">
        <ele>50.100351</ele>
        <time>2026-07-23T12:19:59.480Z</time>
      </trkpt>
      <trkpt lat="43.676293" lon="3.989679">
        <ele>49.902111</ele>
        <time>2026-07-23T12:20:04.189Z</time>
      </trkpt>
      <trkpt lat="43.676524" lon="3.989913">
        <ele>49.660911</ele>
        <time>2026-07-23T12:20:09.291Z</time>
      </trkpt>
      <trkpt lat="43.676848" lon="3.990143">
        <ele>49.727956</ele>
        <time>2026-07-23T12:20:17.400Z</time>
      </trkpt>
      <trkpt lat="43.676896" lon="3.990290">
        <ele>49.637217</ele>
        <time>2026-07-23T12:20:19.476Z</time>
      </trkpt>
      <trkpt lat="43.676886" lon="3.990518">
        <ele>49.361864</ele>
        <time>2026-07-23T12:20:22.133Z</time>
      </trkpt>
      <trkpt lat="43.676809" lon="3.991392">
        <ele>47.492293</ele>
        <time>2026-07-23T12:20:31.759Z</time>
      </trkpt>
      <trkpt lat="43.676806" lon="3.991442">
        <ele>47.396329</ele>
        <time>2026-07-23T12:20:32.362Z</time>
      </trkpt>
      <trkpt lat="43.677216" lon="3.993472">
        <ele>44.862444</ele>
        <time>2026-07-23T12:20:57.578Z</time>
      </trkpt>
      <trkpt lat="43.677319" lon="3.993840">
        <ele>44.285490</ele>
        <time>2026-07-23T12:21:02.040Z</time>
      </trkpt>
      <trkpt lat="43.677470" lon="3.994293">
        <ele>44.220274</ele>
        <time>2026-07-23T12:21:09.684Z</time>
      </trkpt>
      <trkpt lat="43.677577" lon="3.994838">
        <ele>43.816500</ele>
        <time>2026-07-23T12:21:16.792Z</time>
      </trkpt>
      <trkpt lat="43.677740" lon="3.996018">
        <ele>42.903479</ele>
        <time>2026-07-23T12:21:31.887Z</time>
      </trkpt>
      <trkpt lat="43.677826" lon="3.996997">
        <ele>42.229829</ele>
        <time>2026-07-23T12:21:44.556Z</time>
      </trkpt>
      <trkpt lat="43.677950" lon="3.997864">
        <ele>41.815619</ele>
        <time>2026-07-23T12:21:56.152Z</time>
      </trkpt>
      <trkpt lat="43.678149" lon="3.998855">
        <ele>41.538608</ele>
        <time>2026-07-23T12:22:10.238Z</time>
      </trkpt>
      <trkpt lat="43.678486" lon="3.999562">
        <ele>41.729500</ele>
        <time>2026-07-23T12:22:23.325Z</time>
      </trkpt>
      <trkpt lat="43.678729" lon="4.000419">
        <ele>42.187621</ele>
        <time>2026-07-23T12:22:38.641Z</time>
      </trkpt>
      <trkpt lat="43.678772" lon="4.000601">
        <ele>42.268857</ele>
        <time>2026-07-23T12:22:41.591Z</time>
      </trkpt>
      <trkpt lat="43.679030" lon="4.002337">
        <ele>42.013229</ele>
        <time>2026-07-23T12:23:06.322Z</time>
      </trkpt>
      <trkpt lat="43.679085" lon="4.002543">
        <ele>42.039032</ele>
        <time>2026-07-23T12:23:09.410Z</time>
      </trkpt>
      <trkpt lat="43.679340" lon="4.003180">
        <ele>42.336579</ele>
        <time>2026-07-23T12:23:21.415Z</time>
      </trkpt>
      <trkpt lat="43.679824" lon="4.004146">
        <ele>43.314486</ele>
        <time>2026-07-23T12:23:42.522Z</time>
      </trkpt>
      <trkpt lat="43.679936" lon="4.004256">
        <ele>43.349657</ele>
        <time>2026-07-23T12:23:45.074Z</time>
      </trkpt>
      <trkpt lat="43.680357" lon="4.004317">
        <ele>42.793210</ele>
        <time>2026-07-23T12:23:51.970Z</time>
      </trkpt>
      <trkpt lat="43.682064" lon="4.004274">
        <ele>39.986440</ele>
        <time>2026-07-23T12:24:19.148Z</time>
      </trkpt>
      <trkpt lat="43.682202" lon="4.004170">
        <ele>39.721932</ele>
        <time>2026-07-23T12:24:21.630Z</time>
      </trkpt>
      <trkpt lat="43.682567" lon="4.003647">
        <ele>38.957188</ele>
        <time>2026-07-23T12:24:30.136Z</time>
      </trkpt>
      <trkpt lat="43.682916" lon="4.003319">
        <ele>38.726604</ele>
        <time>2026-07-23T12:24:37.693Z</time>
      </trkpt>
      <trkpt lat="43.683187" lon="4.003132">
        <ele>38.717141</ele>
        <time>2026-07-23T12:24:43.554Z</time>
      </trkpt>
      <trkpt lat="43.683655" lon="4.002922">
        <ele>38.889072</ele>
        <time>2026-07-23T12:24:53.511Z</time>
      </trkpt>
      <trkpt lat="43.683719" lon="4.002875">
        <ele>38.915036</ele>
        <time>2026-07-23T12:24:55.999Z</time>
      </trkpt>
      <trkpt lat="43.683793" lon="4.002890">
        <ele>38.941833</ele>
        <time>2026-07-23T12:24:58.560Z</time>
      </trkpt>
      <trkpt lat="43.684268" lon="4.003562">
        <ele>39.503624</ele>
        <time>2026-07-23T12:25:22.432Z</time>
      </trkpt>
      <trkpt lat="43.684306" lon="4.003687">
        <ele>39.573558</ele>
        <time>2026-07-23T12:25:25.502Z</time>
      </trkpt>
      <trkpt lat="43.684377" lon="4.003855">
        <ele>39.608629</ele>
        <time>2026-07-23T12:25:28.636Z</time>
      </trkpt>
      <trkpt lat="43.684367" lon="4.003975">
        <ele>39.586194</ele>
        <time>2026-07-23T12:25:30.895Z</time>
      </trkpt>
      <trkpt lat="43.684606" lon="4.004446">
        <ele>39.088688</ele>
        <time>2026-07-23T12:25:42.872Z</time>
      </trkpt>
      <trkpt lat="43.684774" lon="4.005099">
        <ele>38.349967</ele>
        <time>2026-07-23T12:25:56.876Z</time>
      </trkpt>
      <trkpt lat="43.684582" lon="4.005583">
        <ele>38.091727</ele>
        <time>2026-07-23T12:26:09.020Z</time>
      </trkpt>
      <trkpt lat="43.684454" lon="4.006436">
        <ele>37.598022</ele>
        <time>2026-07-23T12:26:27.630Z</time>
      </trkpt>
      <trkpt lat="43.684365" lon="4.006742">
        <ele>37.440772</ele>
        <time>2026-07-23T12:26:34.866Z</time>
      </trkpt>
      <trkpt lat="43.682693" lon="4.008388">
        <ele>37.776352</ele>
        <time>2026-07-23T12:27:41.601Z</time>
      </trkpt>
      <trkpt lat="43.682336" lon="4.008837">
        <ele>37.500314</ele>
        <time>2026-07-23T12:27:56.226Z</time>
      </trkpt>
      <trkpt lat="43.682270" lon="4.008917">
        <ele>37.420173</ele>
        <time>2026-07-23T12:27:58.853Z</time>
      </trkpt>
      <trkpt lat="43.681840" lon="4.009499">
        <ele>36.516910</ele>
        <time>2026-07-23T12:28:15.772Z</time>
      </trkpt>
      <trkpt lat="43.681584" lon="4.009907">
        <ele>36.042373</ele>
        <time>2026-07-23T12:28:27.076Z</time>
      </trkpt>
      <trkpt lat="43.681483" lon="4.010218">
        <ele>36.024580</ele>
        <time>2026-07-23T12:28:34.845Z</time>
      </trkpt>
      <trkpt lat="43.681246" lon="4.010373">
        <ele>36.292764</ele>
        <time>2026-07-23T12:28:44.145Z</time>
      </trkpt>
      <trkpt lat="43.680916" lon="4.010534">
        <ele>37.353410</ele>
        <time>2026-07-23T12:28:59.489Z</time>
      </trkpt>
      <trkpt lat="43.680738" lon="4.010693">
        <ele>38.599852</ele>
        <time>2026-07-23T12:29:12.306Z</time>
      </trkpt>
      <trkpt lat="43.680656" lon="4.010765">
        <ele>39.239799</ele>
        <time>2026-07-23T12:29:18.795Z</time>
      </trkpt>
      <trkpt lat="43.680573" lon="4.010926">
        <ele>40.174900</ele>
        <time>2026-07-23T12:29:28.083Z</time>
      </trkpt>
      <trkpt lat="43.680172" lon="4.011409">
        <ele>42.617747</ele>
        <time>2026-07-23T12:29:55.447Z</time>
      </trkpt>
      <trkpt lat="43.680100" lon="4.011449">
        <ele>42.832073</ele>
        <time>2026-07-23T12:29:58.796Z</time>
      </trkpt>
      <trkpt lat="43.679826" lon="4.011414">
        <ele>43.476811</ele>
        <time>2026-07-23T12:30:10.643Z</time>
      </trkpt>
      <trkpt lat="43.679663" lon="4.011500">
        <ele>43.518961</ele>
        <time>2026-07-23T12:30:17.169Z</time>
      </trkpt>
      <trkpt lat="43.678607" lon="4.012374">
        <ele>42.302611</ele>
        <time>2026-07-23T12:30:52.849Z</time>
      </trkpt>
      <trkpt lat="43.678432" lon="4.012480">
        <ele>41.526575</ele>
        <time>2026-07-23T12:30:57.560Z</time>
      </trkpt>
      <trkpt lat="43.678185" lon="4.012632">
        <ele>40.131768</ele>
        <time>2026-07-23T12:31:03.998Z</time>
      </trkpt>
      <trkpt lat="43.678014" lon="4.012782">
        <ele>39.218907</ele>
        <time>2026-07-23T12:31:08.977Z</time>
      </trkpt>
      <trkpt lat="43.677941" lon="4.013002">
        <ele>38.529930</ele>
        <time>2026-07-23T12:31:13.313Z</time>
      </trkpt>
      <trkpt lat="43.676901" lon="4.014386">
        <ele>33.565291</ele>
        <time>2026-07-23T12:31:50.103Z</time>
      </trkpt>
      <trkpt lat="43.676494" lon="4.015373">
        <ele>32.039394</ele>
        <time>2026-07-23T12:32:12.947Z</time>
      </trkpt>
      <trkpt lat="43.676164" lon="4.015909">
        <ele>31.484376</ele>
        <time>2026-07-23T12:32:27.786Z</time>
      </trkpt>
      <trkpt lat="43.676063" lon="4.016032">
        <ele>31.284714</ele>
        <time>2026-07-23T12:32:31.575Z</time>
      </trkpt>
      <trkpt lat="43.675702" lon="4.016473">
        <ele>30.493536</ele>
        <time>2026-07-23T12:32:45.018Z</time>
      </trkpt>
      <trkpt lat="43.675496" lon="4.016929">
        <ele>29.810235</ele>
        <time>2026-07-23T12:32:55.804Z</time>
      </trkpt>
      <trkpt lat="43.675167" lon="4.017406">
        <ele>29.115443</ele>
        <time>2026-07-23T12:33:09.300Z</time>
      </trkpt>
      <trkpt lat="43.675053" lon="4.017665">
        <ele>29.115905</ele>
        <time>2026-07-23T12:33:16.440Z</time>
      </trkpt>
      <trkpt lat="43.674980" lon="4.017769">
        <ele>29.142341</ele>
        <time>2026-07-23T12:33:20.191Z</time>
      </trkpt>
      <trkpt lat="43.674991" lon="4.017891">
        <ele>28.978252</ele>
        <time>2026-07-23T12:33:23.018Z</time>
      </trkpt>
      <trkpt lat="43.674924" lon="4.018665">
        <ele>27.787551</ele>
        <time>2026-07-23T12:33:38.147Z</time>
      </trkpt>
      <trkpt lat="43.675033" lon="4.018784">
        <ele>27.445993</ele>
        <time>2026-07-23T12:33:41.782Z</time>
      </trkpt>
      <trkpt lat="43.675733" lon="4.019192">
        <ele>25.939503</ele>
        <time>2026-07-23T12:34:02.602Z</time>
      </trkpt>
      <trkpt lat="43.676093" lon="4.019472">
        <ele>25.685623</ele>
        <time>2026-07-23T12:34:14.926Z</time>
      </trkpt>
      <trkpt lat="43.676482" lon="4.019905">
        <ele>26.249544</ele>
        <time>2026-07-23T12:34:33.233Z</time>
      </trkpt>
      <trkpt lat="43.676788" lon="4.020131">
        <ele>27.213394</ele>
        <time>2026-07-23T12:34:48.884Z</time>
      </trkpt>
      <trkpt lat="43.676860" lon="4.020273">
        <ele>27.580761</ele>
        <time>2026-07-23T12:34:54.794Z</time>
      </trkpt>
      <trkpt lat="43.676936" lon="4.020551">
        <ele>28.138507</ele>
        <time>2026-07-23T12:35:04.429Z</time>
      </trkpt>
      <trkpt lat="43.677319" lon="4.020720">
        <ele>28.508040</ele>
        <time>2026-07-23T12:35:18.954Z</time>
      </trkpt>
      <trkpt lat="43.677560" lon="4.020967">
        <ele>28.144586</ele>
        <time>2026-07-23T12:35:27.442Z</time>
      </trkpt>
      <trkpt lat="43.678143" lon="4.021692">
        <ele>26.424162</ele>
        <time>2026-07-23T12:35:48.492Z</time>
      </trkpt>
      <trkpt lat="43.678305" lon="4.021826">
        <ele>26.372894</ele>
        <time>2026-07-23T12:35:54.323Z</time>
      </trkpt>
      <trkpt lat="43.679048" lon="4.022302">
        <ele>27.288667</ele>
        <time>2026-07-23T12:36:25.117Z</time>
      </trkpt>
      <trkpt lat="43.680171" lon="4.022953">
        <ele>28.534256</ele>
        <time>2026-07-23T12:37:09.072Z</time>
      </trkpt>
      <trkpt lat="43.680265" lon="4.023041">
        <ele>28.671315</ele>
        <time>2026-07-23T12:37:11.921Z</time>
      </trkpt>
      <trkpt lat="43.682271" lon="4.024314">
        <ele>30.918872</ele>
        <time>2026-07-23T12:37:59.581Z</time>
      </trkpt>
      <trkpt lat="43.684943" lon="4.025611">
        <ele>35.221781</ele>
        <time>2026-07-23T12:39:07.341Z</time>
      </trkpt>
      <trkpt lat="43.685369" lon="4.025812">
        <ele>36.047696</ele>
        <time>2026-07-23T12:39:18.856Z</time>
      </trkpt>
      <trkpt lat="43.685823" lon="4.026085">
        <ele>37.313421</ele>
        <time>2026-07-23T12:39:33.296Z</time>
      </trkpt>
      <trkpt lat="43.686848" lon="4.026777">
        <ele>40.586695</ele>
        <time>2026-07-23T12:40:07.387Z</time>
      </trkpt>
      <trkpt lat="43.686996" lon="4.026834">
        <ele>40.967290</ele>
        <time>2026-07-23T12:40:11.920Z</time>
      </trkpt>
      <trkpt lat="43.687131" lon="4.026863">
        <ele>41.268794</ele>
        <time>2026-07-23T12:40:15.600Z</time>
      </trkpt>
      <trkpt lat="43.688045" lon="4.026912">
        <ele>42.507399</ele>
        <time>2026-07-23T12:40:36.589Z</time>
      </trkpt>
      <trkpt lat="43.688072" lon="4.027101">
        <ele>42.715617</ele>
        <time>2026-07-23T12:40:41.748Z</time>
      </trkpt>
      <trkpt lat="43.688240" lon="4.027424">
        <ele>43.202752</ele>
        <time>2026-07-23T12:40:53.394Z</time>
      </trkpt>
      <trkpt lat="43.688274" lon="4.027647">
        <ele>43.504991</ele>
        <time>2026-07-23T12:41:00.015Z</time>
      </trkpt>
      <trkpt lat="43.688380" lon="4.027977">
        <ele>43.984354</ele>
        <time>2026-07-23T12:41:10.378Z</time>
      </trkpt>
      <trkpt lat="43.688563" lon="4.028261">
        <ele>44.403744</ele>
        <time>2026-07-23T12:41:21.149Z</time>
      </trkpt>
      <trkpt lat="43.688619" lon="4.028510">
        <ele>44.688335</ele>
        <time>2026-07-23T12:41:28.290Z</time>
      </trkpt>
      <trkpt lat="43.688716" lon="4.028701">
        <ele>44.901545</ele>
        <time>2026-07-23T12:41:34.568Z</time>
      </trkpt>
      <trkpt lat="43.688801" lon="4.029004">
        <ele>45.194206</ele>
        <time>2026-07-23T12:41:43.292Z</time>
      </trkpt>
      <trkpt lat="43.688813" lon="4.029245">
        <ele>45.391458</ele>
        <time>2026-07-23T12:41:49.733Z</time>
      </trkpt>
      <trkpt lat="43.688787" lon="4.029658">
        <ele>45.678833</ele>
        <time>2026-07-23T12:42:00.640Z</time>
      </trkpt>
      <trkpt lat="43.688701" lon="4.029962">
        <ele>45.760501</ele>
        <time>2026-07-23T12:42:08.878Z</time>
      </trkpt>
      <trkpt lat="43.688527" lon="4.030442">
        <ele>45.446092</ele>
        <time>2026-07-23T12:42:20.427Z</time>
      </trkpt>
      <trkpt lat="43.688455" lon="4.030730">
        <ele>45.084545</ele>
        <time>2026-07-23T12:42:26.481Z</time>
      </trkpt>
      <trkpt lat="43.688314" lon="4.031294">
        <ele>44.235317</ele>
        <time>2026-07-23T12:42:38.233Z</time>
      </trkpt>
      <trkpt lat="43.688351" lon="4.031576">
        <ele>43.931858</ele>
        <time>2026-07-23T12:42:44.119Z</time>
      </trkpt>
      <trkpt lat="43.688410" lon="4.031878">
        <ele>43.642670</ele>
        <time>2026-07-23T12:42:50.713Z</time>
      </trkpt>
      <trkpt lat="43.688454" lon="4.032102">
        <ele>43.313518</ele>
        <time>2026-07-23T12:42:55.380Z</time>
      </trkpt>
      <trkpt lat="43.688491" lon="4.032558">
        <ele>42.136980</ele>
        <time>2026-07-23T12:43:03.792Z</time>
      </trkpt>
      <trkpt lat="43.688495" lon="4.032756">
        <ele>41.474101</ele>
        <time>2026-07-23T12:43:07.274Z</time>
      </trkpt>
      <trkpt lat="43.688430" lon="4.032883">
        <ele>40.899546</ele>
        <time>2026-07-23T12:43:09.960Z</time>
      </trkpt>
      <trkpt lat="43.688287" lon="4.033435">
        <ele>38.692113</ele>
        <time>2026-07-23T12:43:20.096Z</time>
      </trkpt>
      <trkpt lat="43.688262" lon="4.033717">
        <ele>37.659351</ele>
        <time>2026-07-23T12:43:24.993Z</time>
      </trkpt>
      <trkpt lat="43.688212" lon="4.033826">
        <ele>37.214832</ele>
        <time>2026-07-23T12:43:27.277Z</time>
      </trkpt>
      <trkpt lat="43.688309" lon="4.033935">
        <ele>36.723031</ele>
        <time>2026-07-23T12:43:30.416Z</time>
      </trkpt>
      <trkpt lat="43.688839" lon="4.034529">
        <ele>34.270656</ele>
        <time>2026-07-23T12:43:47.723Z</time>
      </trkpt>
      <trkpt lat="43.688919" lon="4.034629">
        <ele>34.022061</ele>
        <time>2026-07-23T12:43:49.342Z</time>
      </trkpt>
      <trkpt lat="43.690050" lon="4.035447">
        <ele>33.780410</ele>
        <time>2026-07-23T12:44:14.222Z</time>
      </trkpt>
      <trkpt lat="43.690341" lon="4.035704">
        <ele>34.347210</ele>
        <time>2026-07-23T12:44:23.547Z</time>
      </trkpt>
      <trkpt lat="43.690675" lon="4.036281">
        <ele>35.404933</ele>
        <time>2026-07-23T12:44:40.039Z</time>
      </trkpt>
      <trkpt lat="43.690469" lon="4.036605">
        <ele>35.123364</ele>
        <time>2026-07-23T12:44:45.275Z</time>
      </trkpt>
      <trkpt lat="43.690384" lon="4.036850">
        <ele>34.908163</ele>
        <time>2026-07-23T12:44:48.619Z</time>
      </trkpt>
      <trkpt lat="43.690366" lon="4.037037">
        <ele>34.843104</ele>
        <time>2026-07-23T12:44:51.243Z</time>
      </trkpt>
      <trkpt lat="43.690421" lon="4.037358">
        <ele>34.766530</ele>
        <time>2026-07-23T12:44:55.758Z</time>
      </trkpt>
      <trkpt lat="43.690632" lon="4.037670">
        <ele>34.620283</ele>
        <time>2026-07-23T12:45:01.570Z</time>
      </trkpt>
      <trkpt lat="43.690770" lon="4.037812">
        <ele>34.604146</ele>
        <time>2026-07-23T12:45:04.998Z</time>
      </trkpt>
      <trkpt lat="43.691022" lon="4.037973">
        <ele>34.599998</ele>
        <time>2026-07-23T12:45:10.377Z</time>
      </trkpt>
      <trkpt lat="43.691261" lon="4.038250">
        <ele>34.599998</ele>
        <time>2026-07-23T12:45:16.718Z</time>
      </trkpt>
      <trkpt lat="43.691915" lon="4.038227">
        <ele>34.648212</ele>
        <time>2026-07-23T12:45:29.653Z</time>
      </trkpt>
      <trkpt lat="43.691968" lon="4.038184">
        <ele>34.687569</ele>
        <time>2026-07-23T12:45:31.025Z</time>
      </trkpt>
      <trkpt lat="43.692135" lon="4.037822">
        <ele>35.119520</ele>
        <time>2026-07-23T12:45:39.266Z</time>
      </trkpt>
      <trkpt lat="43.692294" lon="4.037720">
        <ele>35.518794</ele>
        <time>2026-07-23T12:45:44.484Z</time>
      </trkpt>
      <trkpt lat="43.692514" lon="4.037623">
        <ele>36.118116</ele>
        <time>2026-07-23T12:45:51.954Z</time>
      </trkpt>
      <trkpt lat="43.692864" lon="4.037469">
        <ele>37.145903</ele>
        <time>2026-07-23T12:46:03.963Z</time>
      </trkpt>
      <trkpt lat="43.693677" lon="4.037112">
        <ele>39.212637</ele>
        <time>2026-07-23T12:46:30.243Z</time>
      </trkpt>
      <trkpt lat="43.693807" lon="4.037126">
        <ele>39.535032</ele>
        <time>2026-07-23T12:46:34.261Z</time>
      </trkpt>
      <trkpt lat="43.693848" lon="4.037177">
        <ele>39.655744</ele>
        <time>2026-07-23T12:46:35.817Z</time>
      </trkpt>
      <trkpt lat="43.693950" lon="4.037485">
        <ele>39.914545</ele>
        <time>2026-07-23T12:46:41.562Z</time>
      </trkpt>
      <trkpt lat="43.694035" lon="4.037547">
        <ele>40.027849</ele>
        <time>2026-07-23T12:46:43.963Z</time>
      </trkpt>
      <trkpt lat="43.694118" lon="4.037553">
        <ele>40.125845</ele>
        <time>2026-07-23T12:46:46.194Z</time>
      </trkpt>
      <trkpt lat="43.694677" lon="4.037364">
        <ele>41.320681</ele>
        <time>2026-07-23T12:47:02.465Z</time>
      </trkpt>
      <trkpt lat="43.694764" lon="4.037369">
        <ele>41.581627</ele>
        <time>2026-07-23T12:47:05.504Z</time>
      </trkpt>
      <trkpt lat="43.695024" lon="4.037240">
        <ele>42.693402</ele>
        <time>2026-07-23T12:47:16.871Z</time>
      </trkpt>
      <trkpt lat="43.695153" lon="4.037475">
        <ele>42.796328</ele>
        <time>2026-07-23T12:47:20.164Z</time>
      </trkpt>
      <trkpt lat="43.695640" lon="4.038159">
        <ele>42.354951</ele>
        <time>2026-07-23T12:47:31.139Z</time>
      </trkpt>
      <trkpt lat="43.696371" lon="4.038991">
        <ele>40.964859</ele>
        <time>2026-07-23T12:47:44.381Z</time>
      </trkpt>
      <trkpt lat="43.696594" lon="4.039215">
        <ele>40.799922</ele>
        <time>2026-07-23T12:47:48.916Z</time>
      </trkpt>
      <trkpt lat="43.697052" lon="4.039634">
        <ele>40.601374</ele>
        <time>2026-07-23T12:47:57.658Z</time>
      </trkpt>
      <trkpt lat="43.697308" lon="4.039881">
        <ele>40.688319</ele>
        <time>2026-07-23T12:48:02.799Z</time>
      </trkpt>
      <trkpt lat="43.697923" lon="4.040468">
        <ele>42.015359</ele>
        <time>2026-07-23T12:48:22.502Z</time>
      </trkpt>
      <trkpt lat="43.698106" lon="4.040624">
        <ele>42.418655</ele>
        <time>2026-07-23T12:48:28.334Z</time>
      </trkpt>
      <trkpt lat="43.699744" lon="4.042142">
        <ele>43.893996</ele>
        <time>2026-07-23T12:49:08.271Z</time>
      </trkpt>
      <trkpt lat="43.699893" lon="4.042276">
        <ele>44.041500</ele>
        <time>2026-07-23T12:49:11.734Z</time>
      </trkpt>
      <trkpt lat="43.700539" lon="4.042894">
        <ele>44.974791</ele>
        <time>2026-07-23T12:49:29.503Z</time>
      </trkpt>
      <trkpt lat="43.701074" lon="4.043457">
        <ele>45.521059</ele>
        <time>2026-07-23T12:49:43.543Z</time>
      </trkpt>
      <trkpt lat="43.701551" lon="4.044123">
        <ele>46.244004</ele>
        <time>2026-07-23T12:49:58.590Z</time>
      </trkpt>
      <trkpt lat="43.701639" lon="4.044301">
        <ele>46.269948</ele>
        <time>2026-07-23T12:50:01.431Z</time>
      </trkpt>
      <trkpt lat="43.701794" lon="4.044508">
        <ele>46.283274</ele>
        <time>2026-07-23T12:50:04.832Z</time>
      </trkpt>
      <trkpt lat="43.702646" lon="4.045932">
        <ele>46.680149</ele>
        <time>2026-07-23T12:50:30.769Z</time>
      </trkpt>
      <trkpt lat="43.704771" lon="4.049580">
        <ele>39.201304</ele>
        <time>2026-07-23T12:51:15.841Z</time>
      </trkpt>
      <trkpt lat="43.704891" lon="4.049744">
        <ele>38.865103</ele>
        <time>2026-07-23T12:51:18.085Z</time>
      </trkpt>
      <trkpt lat="43.704934" lon="4.049853">
        <ele>38.773487</ele>
        <time>2026-07-23T12:51:19.363Z</time>
      </trkpt>
      <trkpt lat="43.707194" lon="4.053657">
        <ele>37.707984</ele>
        <time>2026-07-23T12:52:17.574Z</time>
      </trkpt>
      <trkpt lat="43.708530" lon="4.055957">
        <ele>37.307163</ele>
        <time>2026-07-23T12:52:53.002Z</time>
      </trkpt>
      <trkpt lat="43.708616" lon="4.056107">
        <ele>37.515347</ele>
        <time>2026-07-23T12:52:55.474Z</time>
      </trkpt>
      <trkpt lat="43.709798" lon="4.058099">
        <ele>41.057022</ele>
        <time>2026-07-23T12:53:44.168Z</time>
      </trkpt>
      <trkpt lat="43.709838" lon="4.058168">
        <ele>41.150095</ele>
        <time>2026-07-23T12:53:45.679Z</time>
      </trkpt>
      <trkpt lat="43.712759" lon="4.063103">
        <ele>42.523877</ele>
        <time>2026-07-23T12:55:10.413Z</time>
      </trkpt>
      <trkpt lat="43.714252" lon="4.065675">
        <ele>44.243286</ele>
        <time>2026-07-23T12:55:59.101Z</time>
      </trkpt>
      <trkpt lat="43.714346" lon="4.065836">
        <ele>44.455937</ele>
        <time>2026-07-23T12:56:02.841Z</time>
      </trkpt>
      <trkpt lat="43.714998" lon="4.066952">
        <ele>45.074775</ele>
        <time>2026-07-23T12:56:24.014Z</time>
      </trkpt>
      <trkpt lat="43.715041" lon="4.066994">
        <ele>45.045882</ele>
        <time>2026-07-23T12:56:24.812Z</time>
      </trkpt>
      <trkpt lat="43.715194" lon="4.066965">
        <ele>44.614109</ele>
        <time>2026-07-23T12:56:26.869Z</time>
      </trkpt>
      <trkpt lat="43.715223" lon="4.066985">
        <ele>44.463145</ele>
        <time>2026-07-23T12:56:27.247Z</time>
      </trkpt>
      <trkpt lat="43.715252" lon="4.067002">
        <ele>44.316409</ele>
        <time>2026-07-23T12:56:27.605Z</time>
      </trkpt>
      <trkpt lat="43.715350" lon="4.067166">
        <ele>43.582320</ele>
        <time>2026-07-23T12:56:29.300Z</time>
      </trkpt>
      <trkpt lat="43.715416" lon="4.067494">
        <ele>42.640651</ele>
        <time>2026-07-23T12:56:32.343Z</time>
      </trkpt>
      <trkpt lat="43.715497" lon="4.067704">
        <ele>42.320099</ele>
        <time>2026-07-23T12:56:34.750Z</time>
      </trkpt>
      <trkpt lat="43.715639" lon="4.068041">
        <ele>42.139752</ele>
        <time>2026-07-23T12:56:39.125Z</time>
      </trkpt>
      <trkpt lat="43.716335" lon="4.069211">
        <ele>41.853798</ele>
        <time>2026-07-23T12:56:57.202Z</time>
      </trkpt>
      <trkpt lat="43.716872" lon="4.070007">
        <ele>42.258501</ele>
        <time>2026-07-23T12:57:12.379Z</time>
      </trkpt>
      <trkpt lat="43.717399" lon="4.070608">
        <ele>43.502253</ele>
        <time>2026-07-23T12:57:29.923Z</time>
      </trkpt>
      <trkpt lat="43.717818" lon="4.071010">
        <ele>44.458933</ele>
        <time>2026-07-23T12:57:43.251Z</time>
      </trkpt>
      <trkpt lat="43.718446" lon="4.071461">
        <ele>45.196146</ele>
        <time>2026-07-23T12:57:58.419Z</time>
      </trkpt>
      <trkpt lat="43.719822" lon="4.072303">
        <ele>46.596317</ele>
        <time>2026-07-23T12:58:30.249Z</time>
      </trkpt>
      <trkpt lat="43.720748" lon="4.072783">
        <ele>47.459578</ele>
        <time>2026-07-23T12:58:50.699Z</time>
      </trkpt>
      <trkpt lat="43.721353" lon="4.073150">
        <ele>48.541982</ele>
        <time>2026-07-23T12:59:07.040Z</time>
      </trkpt>
      <trkpt lat="43.722420" lon="4.073703">
        <ele>50.835120</ele>
        <time>2026-07-23T12:59:38.135Z</time>
      </trkpt>
      <trkpt lat="43.723179" lon="4.074143">
        <ele>50.119785</ele>
        <time>2026-07-23T12:59:50.225Z</time>
      </trkpt>
      <trkpt lat="43.723293" lon="4.074187">
        <ele>50.126349</ele>
        <time>2026-07-23T12:59:52.034Z</time>
      </trkpt>
      <trkpt lat="43.724612" lon="4.074569">
        <ele>51.908625</ele>
        <time>2026-07-23T13:00:23.107Z</time>
      </trkpt>
      <trkpt lat="43.726279" lon="4.074765">
        <ele>57.258402</ele>
        <time>2026-07-23T13:01:16.318Z</time>
      </trkpt>
      <trkpt lat="43.727604" lon="4.074850">
        <ele>59.590549</ele>
        <time>2026-07-23T13:01:49.708Z</time>
      </trkpt>
      <trkpt lat="43.727696" lon="4.074856">
        <ele>59.511610</ele>
        <time>2026-07-23T13:01:51.172Z</time>
      </trkpt>
      <trkpt lat="43.728167" lon="4.074895">
        <ele>58.588029</ele>
        <time>2026-07-23T13:01:57.505Z</time>
      </trkpt>
      <trkpt lat="43.730647" lon="4.075098">
        <ele>53.028006</ele>
        <time>2026-07-23T13:02:30.592Z</time>
      </trkpt>
      <trkpt lat="43.730927" lon="4.075173">
        <ele>52.469913</ele>
        <time>2026-07-23T13:02:34.630Z</time>
      </trkpt>
      <trkpt lat="43.731135" lon="4.075123">
        <ele>52.125569</ele>
        <time>2026-07-23T13:02:37.431Z</time>
      </trkpt>
      <trkpt lat="43.732695" lon="4.074738">
        <ele>52.055681</ele>
        <time>2026-07-23T13:03:04.637Z</time>
      </trkpt>
      <trkpt lat="43.734115" lon="4.074355">
        <ele>50.869647</ele>
        <time>2026-07-23T13:03:26.696Z</time>
      </trkpt>
      <trkpt lat="43.738417" lon="4.073099">
        <ele>44.503682</ele>
        <time>2026-07-23T13:04:29.000Z</time>
      </trkpt>
      <trkpt lat="43.738755" lon="4.073041">
        <ele>44.490554</ele>
        <time>2026-07-23T13:04:35.752Z</time>
      </trkpt>
      <trkpt lat="43.738894" lon="4.073019">
        <ele>44.311719</ele>
        <time>2026-07-23T13:04:37.730Z</time>
      </trkpt>
      <trkpt lat="43.739564" lon="4.073100">
        <ele>42.270530</ele>
        <time>2026-07-23T13:04:46.302Z</time>
      </trkpt>
      <trkpt lat="43.739847" lon="4.073169">
        <ele>41.231904</ele>
        <time>2026-07-23T13:04:49.798Z</time>
      </trkpt>
      <trkpt lat="43.740502" lon="4.073492">
        <ele>39.059794</ele>
        <time>2026-07-23T13:04:58.628Z</time>
      </trkpt>
      <trkpt lat="43.740906" lon="4.073791">
        <ele>37.483825</ele>
        <time>2026-07-23T13:05:04.204Z</time>
      </trkpt>
      <trkpt lat="43.741227" lon="4.074108">
        <ele>37.351122</ele>
        <time>2026-07-23T13:05:10.760Z</time>
      </trkpt>
      <trkpt lat="43.741638" lon="4.074634">
        <ele>38.291885</ele>
        <time>2026-07-23T13:05:25.082Z</time>
      </trkpt>
      <trkpt lat="43.741963" lon="4.075219">
        <ele>39.205787</ele>
        <time>2026-07-23T13:05:38.296Z</time>
      </trkpt>
      <trkpt lat="43.742242" lon="4.075868">
        <ele>40.165435</ele>
        <time>2026-07-23T13:05:51.941Z</time>
      </trkpt>
      <trkpt lat="43.742436" lon="4.076597">
        <ele>40.872207</ele>
        <time>2026-07-23T13:06:04.960Z</time>
      </trkpt>
      <trkpt lat="43.742510" lon="4.077019">
        <ele>41.046315</ele>
        <time>2026-07-23T13:06:10.847Z</time>
      </trkpt>
      <trkpt lat="43.742553" lon="4.077450">
        <ele>40.844739</ele>
        <time>2026-07-23T13:06:15.730Z</time>
      </trkpt>
      <trkpt lat="43.742683" lon="4.079390">
        <ele>38.692269</ele>
        <time>2026-07-23T13:06:35.503Z</time>
      </trkpt>
      <trkpt lat="43.742702" lon="4.079480">
        <ele>38.674731</ele>
        <time>2026-07-23T13:06:36.773Z</time>
      </trkpt>
      <trkpt lat="43.742772" lon="4.079587">
        <ele>38.763340</ele>
        <time>2026-07-23T13:06:39.092Z</time>
      </trkpt>
      <trkpt lat="43.742818" lon="4.080183">
        <ele>39.007215</ele>
        <time>2026-07-23T13:06:47.780Z</time>
      </trkpt>
      <trkpt lat="43.742933" lon="4.080624">
        <ele>39.098258</ele>
        <time>2026-07-23T13:06:54.126Z</time>
      </trkpt>
      <trkpt lat="43.742796" lon="4.080697">
        <ele>38.761963</ele>
        <time>2026-07-23T13:06:56.019Z</time>
      </trkpt>
      <trkpt lat="43.742776" lon="4.080832">
        <ele>38.537104</ele>
        <time>2026-07-23T13:06:57.294Z</time>
      </trkpt>
      <trkpt lat="43.742862" lon="4.081752">
        <ele>37.106237</ele>
        <time>2026-07-23T13:07:06.398Z</time>
      </trkpt>
      <trkpt lat="43.742952" lon="4.082241">
        <ele>36.405585</ele>
        <time>2026-07-23T13:07:11.360Z</time>
      </trkpt>
      <trkpt lat="43.743060" lon="4.082676">
        <ele>35.803785</ele>
        <time>2026-07-23T13:07:15.921Z</time>
      </trkpt>
      <trkpt lat="43.743179" lon="4.083043">
        <ele>35.360290</ele>
        <time>2026-07-23T13:07:19.961Z</time>
      </trkpt>
      <trkpt lat="43.743398" lon="4.083662">
        <ele>34.835498</ele>
        <time>2026-07-23T13:07:27.302Z</time>
      </trkpt>
      <trkpt lat="43.743589" lon="4.084062">
        <ele>34.756173</ele>
        <time>2026-07-23T13:07:32.955Z</time>
      </trkpt>
      <trkpt lat="43.744032" lon="4.084806">
        <ele>35.208180</ele>
        <time>2026-07-23T13:07:47.334Z</time>
      </trkpt>
      <trkpt lat="43.744202" lon="4.085019">
        <ele>35.401435</ele>
        <time>2026-07-23T13:07:52.348Z</time>
      </trkpt>
      <trkpt lat="43.744484" lon="4.085266">
        <ele>35.634547</ele>
        <time>2026-07-23T13:07:59.182Z</time>
      </trkpt>
      <trkpt lat="43.745250" lon="4.086028">
        <ele>34.967452</ele>
        <time>2026-07-23T13:08:13.718Z</time>
      </trkpt>
      <trkpt lat="43.745837" lon="4.086382">
        <ele>33.933409</ele>
        <time>2026-07-23T13:08:22.605Z</time>
      </trkpt>
      <trkpt lat="43.746442" lon="4.086594">
        <ele>33.418124</ele>
        <time>2026-07-23T13:08:32.014Z</time>
      </trkpt>
      <trkpt lat="43.746883" lon="4.086670">
        <ele>33.192482</ele>
        <time>2026-07-23T13:08:39.254Z</time>
      </trkpt>
      <trkpt lat="43.747389" lon="4.086689">
        <ele>32.890987</ele>
        <time>2026-07-23T13:08:47.144Z</time>
      </trkpt>
      <trkpt lat="43.748097" lon="4.086578">
        <ele>32.280735</ele>
        <time>2026-07-23T13:08:57.838Z</time>
      </trkpt>
      <trkpt lat="43.749032" lon="4.086400">
        <ele>31.079505</ele>
        <time>2026-07-23T13:09:11.436Z</time>
      </trkpt>
      <trkpt lat="43.749690" lon="4.086366">
        <ele>30.919172</ele>
        <time>2026-07-23T13:09:22.565Z</time>
      </trkpt>
      <trkpt lat="43.750720" lon="4.086241">
        <ele>29.432364</ele>
        <time>2026-07-23T13:09:37.187Z</time>
      </trkpt>
      <trkpt lat="43.751567" lon="4.086046">
        <ele>28.789202</ele>
        <time>2026-07-23T13:09:50.196Z</time>
      </trkpt>
      <trkpt lat="43.751606" lon="4.086079">
        <ele>28.781326</ele>
        <time>2026-07-23T13:09:51.044Z</time>
      </trkpt>
      <trkpt lat="43.751698" lon="4.086068">
        <ele>28.906587</ele>
        <time>2026-07-23T13:09:53.225Z</time>
      </trkpt>
      <trkpt lat="43.752043" lon="4.086005">
        <ele>29.868735</ele>
        <time>2026-07-23T13:10:03.862Z</time>
      </trkpt>
      <trkpt lat="43.752072" lon="4.085953">
        <ele>30.010267</ele>
        <time>2026-07-23T13:10:05.386Z</time>
      </trkpt>
      <trkpt lat="43.752076" lon="4.085808">
        <ele>30.135866</ele>
        <time>2026-07-23T13:10:08.298Z</time>
      </trkpt>
      <trkpt lat="43.752086" lon="4.085710">
        <ele>30.218730</ele>
        <time>2026-07-23T13:10:09.808Z</time>
      </trkpt>
      <trkpt lat="43.752134" lon="4.085669">
        <ele>30.273299</ele>
        <time>2026-07-23T13:10:10.721Z</time>
      </trkpt>
      <trkpt lat="43.752460" lon="4.085538">
        <ele>30.033936</ele>
        <time>2026-07-23T13:10:15.851Z</time>
      </trkpt>
      <trkpt lat="43.753535" lon="4.085397">
        <ele>29.738072</ele>
        <time>2026-07-23T13:10:33.379Z</time>
      </trkpt>
      <trkpt lat="43.754193" lon="4.085472">
        <ele>29.926202</ele>
        <time>2026-07-23T13:10:45.457Z</time>
      </trkpt>
      <trkpt lat="43.755280" lon="4.085786">
        <ele>30.739986</ele>
        <time>2026-07-23T13:11:08.139Z</time>
      </trkpt>
      <trkpt lat="43.755324" lon="4.085806">
        <ele>30.817036</ele>
        <time>2026-07-23T13:11:09.029Z</time>
      </trkpt>
      <trkpt lat="43.755722" lon="4.085383">
        <ele>31.736667</ele>
        <time>2026-07-23T13:11:22.165Z</time>
      </trkpt>
      <trkpt lat="43.755786" lon="4.085257">
        <ele>31.974892</ele>
        <time>2026-07-23T13:11:25.489Z</time>
      </trkpt>
      <trkpt lat="43.755854" lon="4.085212">
        <ele>32.117740</ele>
        <time>2026-07-23T13:11:27.465Z</time>
      </trkpt>
      <trkpt lat="43.755955" lon="4.085111">
        <ele>32.359906</ele>
        <time>2026-07-23T13:11:30.187Z</time>
      </trkpt>
      <trkpt lat="43.755993" lon="4.085099">
        <ele>32.463650</ele>
        <time>2026-07-23T13:11:31.099Z</time>
      </trkpt>
      <trkpt lat="43.756545" lon="4.084564">
        <ele>34.166676</ele>
        <time>2026-07-23T13:11:51.180Z</time>
      </trkpt>
      <trkpt lat="43.756523" lon="4.084525">
        <ele>34.185214</ele>
        <time>2026-07-23T13:11:52.093Z</time>
      </trkpt>
      <trkpt lat="43.756912" lon="4.084126">
        <ele>34.365465</ele>
        <time>2026-07-23T13:12:01.746Z</time>
      </trkpt>
      <trkpt lat="43.756965" lon="4.084009">
        <ele>34.356467</ele>
        <time>2026-07-23T13:12:03.435Z</time>
      </trkpt>
      <trkpt lat="43.757008" lon="4.084008">
        <ele>34.359259</ele>
        <time>2026-07-23T13:12:04.153Z</time>
      </trkpt>
      <trkpt lat="43.757090" lon="4.084006">
        <ele>34.367815</ele>
        <time>2026-07-23T13:12:05.633Z</time>
      </trkpt>
      <trkpt lat="43.758199" lon="4.083255">
        <ele>35.097615</ele>
        <time>2026-07-23T13:12:33.029Z</time>
      </trkpt>
      <trkpt lat="43.758516" lon="4.083037">
        <ele>34.249971</ele>
        <time>2026-07-23T13:12:38.091Z</time>
      </trkpt>
      <trkpt lat="43.758658" lon="4.082941">
        <ele>33.873388</ele>
        <time>2026-07-23T13:12:40.531Z</time>
      </trkpt>
      <trkpt lat="43.758777" lon="4.082861">
        <ele>33.569877</ele>
        <time>2026-07-23T13:12:42.529Z</time>
      </trkpt>
      <trkpt lat="43.758989" lon="4.082718">
        <ele>32.992163</ele>
        <time>2026-07-23T13:12:45.852Z</time>
      </trkpt>
      <trkpt lat="43.759313" lon="4.082499">
        <ele>32.643770</ele>
        <time>2026-07-23T13:12:52.435Z</time>
      </trkpt>
      <trkpt lat="43.759346" lon="4.082548">
        <ele>32.566473</ele>
        <time>2026-07-23T13:12:53.080Z</time>
      </trkpt>
      <trkpt lat="43.759421" lon="4.082506">
        <ele>32.408018</ele>
        <time>2026-07-23T13:12:58.656Z</time>
      </trkpt>
      <trkpt lat="43.759475" lon="4.082589">
        <ele>32.175777</ele>
        <time>2026-07-23T13:12:59.664Z</time>
      </trkpt>
      <trkpt lat="43.759878" lon="4.082972">
        <ele>31.040915</ele>
        <time>2026-07-23T13:13:05.984Z</time>
      </trkpt>
      <trkpt lat="43.760190" lon="4.082557">
        <ele>31.526688</ele>
        <time>2026-07-23T13:13:17.201Z</time>
      </trkpt>
      <trkpt lat="43.760331" lon="4.082412">
        <ele>31.617709</ele>
        <time>2026-07-23T13:13:20.517Z</time>
      </trkpt>
      <trkpt lat="43.760455" lon="4.082333">
        <ele>31.556037</ele>
        <time>2026-07-23T13:13:22.637Z</time>
      </trkpt>
      <trkpt lat="43.760760" lon="4.082233">
        <ele>30.830741</ele>
        <time>2026-07-23T13:13:26.909Z</time>
      </trkpt>
      <trkpt lat="43.761234" lon="4.081535">
        <ele>27.894785</ele>
        <time>2026-07-23T13:13:35.142Z</time>
      </trkpt>
      <trkpt lat="43.761361" lon="4.081183">
        <ele>26.676673</ele>
        <time>2026-07-23T13:13:38.486Z</time>
      </trkpt>
      <trkpt lat="43.761583" lon="4.081251">
        <ele>26.026818</ele>
        <time>2026-07-23T13:13:41.348Z</time>
      </trkpt>
      <trkpt lat="43.761905" lon="4.081336">
        <ele>25.771331</ele>
        <time>2026-07-23T13:13:46.547Z</time>
      </trkpt>
      <trkpt lat="43.762160" lon="4.081408">
        <ele>25.960757</ele>
        <time>2026-07-23T13:13:52.169Z</time>
      </trkpt>
      <trkpt lat="43.762209" lon="4.081281">
        <ele>26.023172</ele>
        <time>2026-07-23T13:13:54.610Z</time>
      </trkpt>
      <trkpt lat="43.762232" lon="4.081241">
        <ele>26.045335</ele>
        <time>2026-07-23T13:13:55.371Z</time>
      </trkpt>
      <trkpt lat="43.762463" lon="4.080390">
        <ele>25.463119</ele>
        <time>2026-07-23T13:14:05.054Z</time>
      </trkpt>
      <trkpt lat="43.762741" lon="4.079686">
        <ele>25.872027</ele>
        <time>2026-07-23T13:14:16.200Z</time>
      </trkpt>
      <trkpt lat="43.762949" lon="4.079234">
        <ele>27.010914</ele>
        <time>2026-07-23T13:14:29.061Z</time>
      </trkpt>
      <trkpt lat="43.763001" lon="4.079121">
        <ele>27.171789</ele>
        <time>2026-07-23T13:14:31.651Z</time>
      </trkpt>
      <trkpt lat="43.763184" lon="4.078736">
        <ele>27.412294</ele>
        <time>2026-07-23T13:14:37.644Z</time>
      </trkpt>
      <trkpt lat="43.763283" lon="4.078579">
        <ele>27.503839</ele>
        <time>2026-07-23T13:14:40.857Z</time>
      </trkpt>
      <trkpt lat="43.763617" lon="4.078169">
        <ele>27.753882</ele>
        <time>2026-07-23T13:14:49.798Z</time>
      </trkpt>
      <trkpt lat="43.763652" lon="4.078099">
        <ele>27.777726</ele>
        <time>2026-07-23T13:14:50.833Z</time>
      </trkpt>
      <trkpt lat="43.763742" lon="4.077679">
        <ele>27.905618</ele>
        <time>2026-07-23T13:14:55.703Z</time>
      </trkpt>
      <trkpt lat="43.764035" lon="4.077255">
        <ele>29.639443</ele>
        <time>2026-07-23T13:15:12.396Z</time>
      </trkpt>
      <trkpt lat="43.764368" lon="4.076882">
        <ele>31.222484</ele>
        <time>2026-07-23T13:15:27.151Z</time>
      </trkpt>
      <trkpt lat="43.764667" lon="4.076397">
        <ele>32.128287</ele>
        <time>2026-07-23T13:15:39.076Z</time>
      </trkpt>
      <trkpt lat="43.765126" lon="4.075794">
        <ele>32.629348</ele>
        <time>2026-07-23T13:15:51.798Z</time>
      </trkpt>
      <trkpt lat="43.765587" lon="4.075452">
        <ele>33.377560</ele>
        <time>2026-07-23T13:16:04.076Z</time>
      </trkpt>
      <trkpt lat="43.765610" lon="4.075433">
        <ele>33.412273</ele>
        <time>2026-07-23T13:16:04.705Z</time>
      </trkpt>
      <trkpt lat="43.765917" lon="4.075184">
        <ele>33.919763</ele>
        <time>2026-07-23T13:16:13.130Z</time>
      </trkpt>
      <trkpt lat="43.766463" lon="4.074981">
        <ele>35.002459</ele>
        <time>2026-07-23T13:16:27.782Z</time>
      </trkpt>
      <trkpt lat="43.766907" lon="4.074863">
        <ele>35.901041</ele>
        <time>2026-07-23T13:16:39.265Z</time>
      </trkpt>
      <trkpt lat="43.767625" lon="4.074581">
        <ele>37.381085</ele>
        <time>2026-07-23T13:16:58.826Z</time>
      </trkpt>
      <trkpt lat="43.767737" lon="4.074471">
        <ele>37.559782</ele>
        <time>2026-07-23T13:17:02.307Z</time>
      </trkpt>
      <trkpt lat="43.767740" lon="4.074531">
        <ele>37.612686</ele>
        <time>2026-07-23T13:17:03.283Z</time>
      </trkpt>
      <trkpt lat="43.767809" lon="4.074558">
        <ele>37.675616</ele>
        <time>2026-07-23T13:17:04.718Z</time>
      </trkpt>
      <trkpt lat="43.767895" lon="4.074490">
        <ele>37.582164</ele>
        <time>2026-07-23T13:17:06.300Z</time>
      </trkpt>
      <trkpt lat="43.768237" lon="4.074359">
        <ele>37.025910</ele>
        <time>2026-07-23T13:17:11.121Z</time>
      </trkpt>
      <trkpt lat="43.768307" lon="4.074407">
        <ele>36.928438</ele>
        <time>2026-07-23T13:17:12.239Z</time>
      </trkpt>
      <trkpt lat="43.768452" lon="4.074592">
        <ele>36.677162</ele>
        <time>2026-07-23T13:17:15.183Z</time>
      </trkpt>
      <trkpt lat="43.768718" lon="4.074670">
        <ele>36.356107</ele>
        <time>2026-07-23T13:17:19.145Z</time>
      </trkpt>
      <trkpt lat="43.768917" lon="4.074770">
        <ele>36.191360</ele>
        <time>2026-07-23T13:17:22.376Z</time>
      </trkpt>
      <trkpt lat="43.769037" lon="4.074910">
        <ele>36.096161</ele>
        <time>2026-07-23T13:17:24.909Z</time>
      </trkpt>
      <trkpt lat="43.769153" lon="4.075103">
        <ele>35.951821</ele>
        <time>2026-07-23T13:17:27.713Z</time>
      </trkpt>
      <trkpt lat="43.769291" lon="4.075682">
        <ele>34.982769</ele>
        <time>2026-07-23T13:17:33.646Z</time>
      </trkpt>
      <trkpt lat="43.769545" lon="4.077631">
        <ele>27.826363</ele>
        <time>2026-07-23T13:17:50.201Z</time>
      </trkpt>
      <trkpt lat="43.769731" lon="4.077334">
        <ele>27.869082</ele>
        <time>2026-07-23T13:18:01.493Z</time>
      </trkpt>
      <trkpt lat="43.770745" lon="4.076536">
        <ele>28.784476</ele>
        <time>2026-07-23T13:18:45.022Z</time>
      </trkpt>
      <trkpt lat="43.771014" lon="4.076512">
        <ele>28.555586</ele>
        <time>2026-07-23T13:18:53.156Z</time>
      </trkpt>
      <trkpt lat="43.771727" lon="4.076186">
        <ele>28.591378</ele>
        <time>2026-07-23T13:19:18.865Z</time>
      </trkpt>
      <trkpt lat="43.771950" lon="4.076098">
        <ele>28.516721</ele>
        <time>2026-07-23T13:19:26.959Z</time>
      </trkpt>
      <trkpt lat="43.772122" lon="4.076073">
        <ele>28.315976</ele>
        <time>2026-07-23T13:19:32.139Z</time>
      </trkpt>
      <trkpt lat="43.772982" lon="4.075918">
        <ele>27.200045</ele>
        <time>2026-07-23T13:19:58.610Z</time>
      </trkpt>
      <trkpt lat="43.773122" lon="4.077656">
        <ele>25.606973</ele>
        <time>2026-07-23T13:20:20.237Z</time>
      </trkpt>
      <trkpt lat="43.773153" lon="4.077760">
        <ele>25.508776</ele>
        <time>2026-07-23T13:20:21.633Z</time>
      </trkpt>
      <trkpt lat="43.773285" lon="4.079124">
        <ele>24.539378</ele>
        <time>2026-07-23T13:20:39.093Z</time>
      </trkpt>
      <trkpt lat="43.773268" lon="4.079185">
        <ele>24.515650</ele>
        <time>2026-07-23T13:20:40.615Z</time>
      </trkpt>
      <trkpt lat="43.773229" lon="4.080349">
        <ele>24.190316</ele>
        <time>2026-07-23T13:21:08.014Z</time>
      </trkpt>
      <trkpt lat="43.773222" lon="4.080556">
        <ele>24.117510</ele>
        <time>2026-07-23T13:21:12.873Z</time>
      </trkpt>
      <trkpt lat="43.773240" lon="4.080637">
        <ele>24.091939</ele>
        <time>2026-07-23T13:21:14.870Z</time>
      </trkpt>
      <trkpt lat="43.774226" lon="4.080769">
        <ele>23.721948</ele>
        <time>2026-07-23T13:21:47.168Z</time>
      </trkpt>
      <trkpt lat="43.774606" lon="4.080845">
        <ele>23.729303</ele>
        <time>2026-07-23T13:22:00.179Z</time>
      </trkpt>
      <trkpt lat="43.774681" lon="4.080790">
        <ele>23.758934</ele>
        <time>2026-07-23T13:22:01.790Z</time>
      </trkpt>
      <trkpt lat="43.773617" lon="4.085604">
        <ele>23.206003</ele>
        <time>2026-07-23T13:23:55.561Z</time>
      </trkpt>
      <trkpt lat="43.773671" lon="4.085716">
        <ele>23.194039</ele>
        <time>2026-07-23T13:23:58.610Z</time>
      </trkpt>
      <trkpt lat="43.775168" lon="4.086648">
        <ele>22.991903</ele>
        <time>2026-07-23T13:24:50.267Z</time>
      </trkpt>
      <trkpt lat="43.775531" lon="4.086753">
        <ele>22.889743</ele>
        <time>2026-07-23T13:25:01.838Z</time>
      </trkpt>
      <trkpt lat="43.775711" lon="4.086776">
        <ele>22.817820</ele>
        <time>2026-07-23T13:25:07.312Z</time>
      </trkpt>
      <trkpt lat="43.776224" lon="4.086700">
        <ele>22.817531</ele>
        <time>2026-07-23T13:25:23.851Z</time>
      </trkpt>
      <trkpt lat="43.776512" lon="4.086586">
        <ele>22.916781</ele>
        <time>2026-07-23T13:25:33.748Z</time>
      </trkpt>
      <trkpt lat="43.776792" lon="4.086424">
        <ele>23.085653</ele>
        <time>2026-07-23T13:25:44.310Z</time>
      </trkpt>
      <trkpt lat="43.777305" lon="4.086188">
        <ele>23.171982</ele>
        <time>2026-07-23T13:26:01.749Z</time>
      </trkpt>
      <trkpt lat="43.777609" lon="4.086091">
        <ele>23.088045</ele>
        <time>2026-07-23T13:26:11.276Z</time>
      </trkpt>
      <trkpt lat="43.777940" lon="4.086035">
        <ele>22.908658</ele>
        <time>2026-07-23T13:26:21.409Z</time>
      </trkpt>
      <trkpt lat="43.778407" lon="4.086010">
        <ele>22.742014</ele>
        <time>2026-07-23T13:26:35.635Z</time>
      </trkpt>
      <trkpt lat="43.778688" lon="4.085944">
        <ele>22.794619</ele>
        <time>2026-07-23T13:26:45.252Z</time>
      </trkpt>
      <trkpt lat="43.778790" lon="4.085838">
        <ele>22.913249</ele>
        <time>2026-07-23T13:26:49.617Z</time>
      </trkpt>
      <trkpt lat="43.778801" lon="4.085900">
        <ele>23.002978</ele>
        <time>2026-07-23T13:26:51.143Z</time>
      </trkpt>
      <trkpt lat="43.778843" lon="4.086141">
        <ele>23.343981</ele>
        <time>2026-07-23T13:26:56.293Z</time>
      </trkpt>
      <trkpt lat="43.778836" lon="4.086282">
        <ele>23.526948</ele>
        <time>2026-07-23T13:26:59.059Z</time>
      </trkpt>
      <trkpt lat="43.778799" lon="4.086337">
        <ele>23.624266</ele>
        <time>2026-07-23T13:27:00.292Z</time>
      </trkpt>
      <trkpt lat="43.778769" lon="4.086455">
        <ele>23.670736</ele>
        <time>2026-07-23T13:27:01.914Z</time>
      </trkpt>
      <trkpt lat="43.778787" lon="4.086577">
        <ele>23.684099</ele>
        <time>2026-07-23T13:27:03.346Z</time>
      </trkpt>
      <trkpt lat="43.778851" lon="4.086675">
        <ele>23.754300</ele>
        <time>2026-07-23T13:27:05.205Z</time>
      </trkpt>
      <trkpt lat="43.778879" lon="4.086804">
        <ele>23.946144</ele>
        <time>2026-07-23T13:27:07.749Z</time>
      </trkpt>
      <trkpt lat="43.778903" lon="4.087142">
        <ele>24.399273</ele>
        <time>2026-07-23T13:27:14.474Z</time>
      </trkpt>
      <trkpt lat="43.778891" lon="4.087407">
        <ele>24.525003</ele>
        <time>2026-07-23T13:27:18.227Z</time>
      </trkpt>
      <trkpt lat="43.778917" lon="4.087601">
        <ele>24.487241</ele>
        <time>2026-07-23T13:27:20.486Z</time>
      </trkpt>
      <trkpt lat="43.778958" lon="4.087702">
        <ele>24.413774</ele>
        <time>2026-07-23T13:27:21.692Z</time>
      </trkpt>
      <trkpt lat="43.779003" lon="4.087786">
        <ele>24.347455</ele>
        <time>2026-07-23T13:27:22.789Z</time>
      </trkpt>
      <trkpt lat="43.779168" lon="4.087907">
        <ele>24.344666</ele>
        <time>2026-07-23T13:27:25.942Z</time>
      </trkpt>
      <trkpt lat="43.780221" lon="4.088009">
        <ele>25.139389</ele>
        <time>2026-07-23T13:27:47.879Z</time>
      </trkpt>
      <trkpt lat="43.780623" lon="4.088053">
        <ele>25.725960</ele>
        <time>2026-07-23T13:27:57.413Z</time>
      </trkpt>
      <trkpt lat="43.781761" lon="4.088018">
        <ele>27.353157</ele>
        <time>2026-07-23T13:28:27.169Z</time>
      </trkpt>
      <trkpt lat="43.781842" lon="4.088101">
        <ele>26.506219</ele>
        <time>2026-07-23T13:28:28.224Z</time>
      </trkpt>
      <trkpt lat="43.781875" lon="4.088166">
        <ele>26.023982</ele>
        <time>2026-07-23T13:28:28.789Z</time>
      </trkpt>
      <trkpt lat="43.781997" lon="4.088457">
        <ele>22.991269</ele>
        <time>2026-07-23T13:28:31.234Z</time>
      </trkpt>
      <trkpt lat="43.782058" lon="4.088600">
        <ele>22.903102</ele>
        <time>2026-07-23T13:28:32.921Z</time>
      </trkpt>
      <trkpt lat="43.782384" lon="4.089354">
        <ele>25.246953</ele>
        <time>2026-07-23T13:28:56.155Z</time>
      </trkpt>
      <trkpt lat="43.782438" lon="4.089440">
        <ele>25.726921</ele>
        <time>2026-07-23T13:29:01.812Z</time>
      </trkpt>
      <trkpt lat="43.783006" lon="4.088852">
        <ele>26.664949</ele>
        <time>2026-07-23T13:29:16.240Z</time>
      </trkpt>
      <trkpt lat="43.783442" lon="4.088444">
        <ele>27.697695</ele>
        <time>2026-07-23T13:29:31.385Z</time>
      </trkpt>
      <trkpt lat="43.783625" lon="4.088268">
        <ele>27.409905</ele>
        <time>2026-07-23T13:29:34.409Z</time>
      </trkpt>
      <trkpt lat="43.783937" lon="4.087986">
        <ele>26.201036</ele>
        <time>2026-07-23T13:29:38.965Z</time>
      </trkpt>
      <trkpt lat="43.784862" lon="4.087133">
        <ele>25.104387</ele>
        <time>2026-07-23T13:29:55.432Z</time>
      </trkpt>
      <trkpt lat="43.784923" lon="4.087294">
        <ele>25.192711</ele>
        <time>2026-07-23T13:30:04.561Z</time>
      </trkpt>
      <trkpt lat="43.784953" lon="4.087375">
        <ele>25.255093</ele>
        <time>2026-07-23T13:30:09.127Z</time>
      </trkpt>
      <trkpt lat="43.784923" lon="4.087294">
        <ele>25.317475</ele>
        <time>2026-07-23T13:30:13.694Z</time>
      </trkpt>
      <trkpt lat="43.784862" lon="4.087133">
        <ele>25.137517</ele>
        <time>2026-07-23T13:30:22.822Z</time>
      </trkpt>
      <trkpt lat="43.783937" lon="4.087986">
        <ele>26.250322</ele>
        <time>2026-07-23T13:30:47.051Z</time>
      </trkpt>
      <trkpt lat="43.783625" lon="4.088268">
        <ele>27.407240</ele>
        <time>2026-07-23T13:30:59.756Z</time>
      </trkpt>
      <trkpt lat="43.783442" lon="4.088444">
        <ele>27.703397</ele>
        <time>2026-07-23T13:31:05.635Z</time>
      </trkpt>
      <trkpt lat="43.783006" lon="4.088852">
        <ele>26.699209</ele>
        <time>2026-07-23T13:31:12.485Z</time>
      </trkpt>
      <trkpt lat="43.782438" lon="4.089440">
        <ele>25.632943</ele>
        <time>2026-07-23T13:31:23.396Z</time>
      </trkpt>
      <trkpt lat="43.782384" lon="4.089354">
        <ele>25.311348</ele>
        <time>2026-07-23T13:31:24.246Z</time>
      </trkpt>
      <trkpt lat="43.782058" lon="4.088600">
        <ele>22.654436</ele>
        <time>2026-07-23T13:31:31.838Z</time>
      </trkpt>
      <trkpt lat="43.781997" lon="4.088457">
        <ele>23.340526</ele>
        <time>2026-07-23T13:31:34.702Z</time>
      </trkpt>
      <trkpt lat="43.781875" lon="4.088166">
        <ele>25.922899</ele>
        <time>2026-07-23T13:31:54.857Z</time>
      </trkpt>
      <trkpt lat="43.781842" lon="4.088101">
        <ele>26.652253</ele>
        <time>2026-07-23T13:31:59.955Z</time>
      </trkpt>
      <trkpt lat="43.781761" lon="4.088018">
        <ele>27.494600</ele>
        <time>2026-07-23T13:32:06.292Z</time>
      </trkpt>
      <trkpt lat="43.781754" lon="4.087567">
        <ele>27.394191</ele>
        <time>2026-07-23T13:32:10.915Z</time>
      </trkpt>
      <trkpt lat="43.781790" lon="4.087373">
        <ele>26.979178</ele>
        <time>2026-07-23T13:32:12.713Z</time>
      </trkpt>
      <trkpt lat="43.781846" lon="4.087215">
        <ele>26.507826</ele>
        <time>2026-07-23T13:32:14.250Z</time>
      </trkpt>
      <trkpt lat="43.781940" lon="4.087138">
        <ele>26.129651</ele>
        <time>2026-07-23T13:32:15.581Z</time>
      </trkpt>
      <trkpt lat="43.782038" lon="4.087172">
        <ele>25.793692</ele>
        <time>2026-07-23T13:32:16.851Z</time>
      </trkpt>
      <trkpt lat="43.782125" lon="4.087151">
        <ele>25.511560</ele>
        <time>2026-07-23T13:32:17.997Z</time>
      </trkpt>
      <trkpt lat="43.782166" lon="4.087091">
        <ele>25.333109</ele>
        <time>2026-07-23T13:32:18.749Z</time>
      </trkpt>
      <trkpt lat="43.782176" lon="4.087001">
        <ele>25.136412</ele>
        <time>2026-07-23T13:32:19.577Z</time>
      </trkpt>
      <trkpt lat="43.782170" lon="4.086955">
        <ele>25.035439</ele>
        <time>2026-07-23T13:32:19.994Z</time>
      </trkpt>
      <trkpt lat="43.782126" lon="4.086852">
        <ele>24.891980</ele>
        <time>2026-07-23T13:32:21.093Z</time>
      </trkpt>
      <trkpt lat="43.782082" lon="4.086798">
        <ele>24.838376</ele>
        <time>2026-07-23T13:32:21.932Z</time>
      </trkpt>
      <trkpt lat="43.782018" lon="4.086740">
        <ele>24.768637</ele>
        <time>2026-07-23T13:32:23.228Z</time>
      </trkpt>
      <trkpt lat="43.781970" lon="4.086709">
        <ele>24.762871</ele>
        <time>2026-07-23T13:32:24.432Z</time>
      </trkpt>
      <trkpt lat="43.781929" lon="4.086576">
        <ele>24.904912</ele>
        <time>2026-07-23T13:32:27.003Z</time>
      </trkpt>
      <trkpt lat="43.781885" lon="4.086402">
        <ele>25.074324</ele>
        <time>2026-07-23T13:32:30.190Z</time>
      </trkpt>
      <trkpt lat="43.781439" lon="4.086209">
        <ele>25.574928</ele>
        <time>2026-07-23T13:32:39.969Z</time>
      </trkpt>
      <trkpt lat="43.781383" lon="4.086132">
        <ele>25.738968</ele>
        <time>2026-07-23T13:32:42.134Z</time>
      </trkpt>
      <trkpt lat="43.781355" lon="4.086031">
        <ele>25.901351</ele>
        <time>2026-07-23T13:32:44.530Z</time>
      </trkpt>
      <trkpt lat="43.781287" lon="4.085511">
        <ele>26.482657</ele>
        <time>2026-07-23T13:32:55.005Z</time>
      </trkpt>
      <trkpt lat="43.781065" lon="4.085434">
        <ele>25.963292</ele>
        <time>2026-07-23T13:32:57.825Z</time>
      </trkpt>
      <trkpt lat="43.780682" lon="4.085079">
        <ele>24.311700</ele>
        <time>2026-07-23T13:33:03.408Z</time>
      </trkpt>
      <trkpt lat="43.780334" lon="4.084731">
        <ele>24.099998</ele>
        <time>2026-07-23T13:33:10.588Z</time>
      </trkpt>
      <trkpt lat="43.779955" lon="4.084423">
        <ele>24.077816</ele>
        <time>2026-07-23T13:33:18.088Z</time>
      </trkpt>
      <trkpt lat="43.779723" lon="4.084287">
        <ele>24.020657</ele>
        <time>2026-07-23T13:33:22.280Z</time>
      </trkpt>
      <trkpt lat="43.779315" lon="4.084016">
        <ele>24.079765</ele>
        <time>2026-07-23T13:33:30.013Z</time>
      </trkpt>
      <trkpt lat="43.779160" lon="4.083855">
        <ele>24.258842</ele>
        <time>2026-07-23T13:33:34.396Z</time>
      </trkpt>
      <trkpt lat="43.779094" lon="4.083730">
        <ele>24.391219</ele>
        <time>2026-07-23T13:33:36.847Z</time>
      </trkpt>
      <trkpt lat="43.779048" lon="4.083677">
        <ele>24.477212</ele>
        <time>2026-07-23T13:33:38.202Z</time>
      </trkpt>
      <trkpt lat="43.778731" lon="4.083307">
        <ele>25.155341</ele>
        <time>2026-07-23T13:33:48.864Z</time>
      </trkpt>
      <trkpt lat="43.778224" lon="4.082715">
        <ele>25.711895</ele>
        <time>2026-07-23T13:34:02.834Z</time>
      </trkpt>
      <trkpt lat="43.778194" lon="4.082630">
        <ele>25.633024</ele>
        <time>2026-07-23T13:34:03.828Z</time>
      </trkpt>
      <trkpt lat="43.778178" lon="4.082457">
        <ele>25.487628</ele>
        <time>2026-07-23T13:34:05.522Z</time>
      </trkpt>
      <trkpt lat="43.777862" lon="4.082353">
        <ele>24.952982</ele>
        <time>2026-07-23T13:34:09.985Z</time>
      </trkpt>
      <trkpt lat="43.777540" lon="4.082198">
        <ele>24.609961</ele>
        <time>2026-07-23T13:34:15.166Z</time>
      </trkpt>
      <trkpt lat="43.776880" lon="4.082005">
        <ele>24.213906</ele>
        <time>2026-07-23T13:34:25.782Z</time>
      </trkpt>
      <trkpt lat="43.776395" lon="4.081742">
        <ele>24.108970</ele>
        <time>2026-07-23T13:34:34.357Z</time>
      </trkpt>
      <trkpt lat="43.776154" lon="4.081557">
        <ele>24.123713</ele>
        <time>2026-07-23T13:34:39.077Z</time>
      </trkpt>
      <trkpt lat="43.775980" lon="4.081336">
        <ele>24.194200</ele>
        <time>2026-07-23T13:34:43.686Z</time>
      </trkpt>
      <trkpt lat="43.775744" lon="4.081053">
        <ele>24.302232</ele>
        <time>2026-07-23T13:34:49.174Z</time>
      </trkpt>
      <trkpt lat="43.775738" lon="4.081046">
        <ele>24.304832</ele>
        <time>2026-07-23T13:34:49.327Z</time>
      </trkpt>
      <trkpt lat="43.775516" lon="4.080952">
        <ele>24.370083</ele>
        <time>2026-07-23T13:34:53.708Z</time>
      </trkpt>
      <trkpt lat="43.774991" lon="4.080737">
        <ele>24.083295</ele>
        <time>2026-07-23T13:35:02.415Z</time>
      </trkpt>
      <trkpt lat="43.774864" lon="4.080735">
        <ele>23.990716</ele>
        <time>2026-07-23T13:35:04.311Z</time>
      </trkpt>
      <trkpt lat="43.774681" lon="4.080790">
        <ele>23.804678</ele>
        <time>2026-07-23T13:35:07.081Z</time>
      </trkpt>
      <trkpt lat="43.774606" lon="4.080845">
        <ele>23.749278</ele>
        <time>2026-07-23T13:35:08.395Z</time>
      </trkpt>
      <trkpt lat="43.774226" lon="4.080769">
        <ele>23.715112</ele>
        <time>2026-07-23T13:35:21.265Z</time>
      </trkpt>
      <trkpt lat="43.773240" lon="4.080637">
        <ele>24.091431</ele>
        <time>2026-07-23T13:35:56.359Z</time>
      </trkpt>
      <trkpt lat="43.773222" lon="4.080556">
        <ele>24.109991</ele>
        <time>2026-07-23T13:35:58.546Z</time>
      </trkpt>
      <trkpt lat="43.773268" lon="4.079185">
        <ele>24.498783</ele>
        <time>2026-07-23T13:36:33.721Z</time>
      </trkpt>
      <trkpt lat="43.773285" lon="4.079124">
        <ele>24.540729</ele>
        <time>2026-07-23T13:36:35.473Z</time>
      </trkpt>
      <trkpt lat="43.773153" lon="4.077760">
        <ele>25.512945</ele>
        <time>2026-07-23T13:36:59.637Z</time>
      </trkpt>
      <trkpt lat="43.773122" lon="4.077656">
        <ele>25.602454</ele>
        <time>2026-07-23T13:37:01.646Z</time>
      </trkpt>
      <trkpt lat="43.772982" lon="4.075918">
        <ele>27.200071</ele>
        <time>2026-07-23T13:37:33.872Z</time>
      </trkpt>
      <trkpt lat="43.772122" lon="4.076073">
        <ele>28.318630</ele>
        <time>2026-07-23T13:38:08.173Z</time>
      </trkpt>
      <trkpt lat="43.771950" lon="4.076098">
        <ele>28.522369</ele>
        <time>2026-07-23T13:38:15.268Z</time>
      </trkpt>
      <trkpt lat="43.771727" lon="4.076186">
        <ele>28.592467</ele>
        <time>2026-07-23T13:38:22.921Z</time>
      </trkpt>
      <trkpt lat="43.771014" lon="4.076512">
        <ele>28.589279</ele>
        <time>2026-07-23T13:38:47.912Z</time>
      </trkpt>
      <trkpt lat="43.770745" lon="4.076536">
        <ele>28.793499</ele>
        <time>2026-07-23T13:38:58.830Z</time>
      </trkpt>
      <trkpt lat="43.769731" lon="4.077334">
        <ele>27.882892</ele>
        <time>2026-07-23T13:39:35.697Z</time>
      </trkpt>
      <trkpt lat="43.769545" lon="4.077631">
        <ele>27.885440</ele>
        <time>2026-07-23T13:39:44.318Z</time>
      </trkpt>
      <trkpt lat="43.769291" lon="4.075682">
        <ele>34.920326</ele>
        <time>2026-07-23T13:40:42.702Z</time>
      </trkpt>
      <trkpt lat="43.769153" lon="4.075103">
        <ele>35.916768</ele>
        <time>2026-07-23T13:40:54.413Z</time>
      </trkpt>
      <trkpt lat="43.769037" lon="4.074910">
        <ele>36.102981</ele>
        <time>2026-07-23T13:40:58.082Z</time>
      </trkpt>
      <trkpt lat="43.768917" lon="4.074770">
        <ele>36.196140</ele>
        <time>2026-07-23T13:41:01.012Z</time>
      </trkpt>
      <trkpt lat="43.768718" lon="4.074670">
        <ele>36.328572</ele>
        <time>2026-07-23T13:41:05.379Z</time>
      </trkpt>
      <trkpt lat="43.768452" lon="4.074592">
        <ele>36.680931</ele>
        <time>2026-07-23T13:41:11.461Z</time>
      </trkpt>
      <trkpt lat="43.768307" lon="4.074407">
        <ele>36.916744</ele>
        <time>2026-07-23T13:41:15.709Z</time>
      </trkpt>
      <trkpt lat="43.768237" lon="4.074359">
        <ele>37.044089</ele>
        <time>2026-07-23T13:41:17.525Z</time>
      </trkpt>
      <trkpt lat="43.767895" lon="4.074490">
        <ele>37.643736</ele>
        <time>2026-07-23T13:41:26.857Z</time>
      </trkpt>
      <trkpt lat="43.767809" lon="4.074558">
        <ele>37.676909</ele>
        <time>2026-07-23T13:41:28.695Z</time>
      </trkpt>
      <trkpt lat="43.767740" lon="4.074531">
        <ele>37.700928</ele>
        <time>2026-07-23T13:41:29.917Z</time>
      </trkpt>
      <trkpt lat="43.767737" lon="4.074471">
        <ele>37.715477</ele>
        <time>2026-07-23T13:41:30.664Z</time>
      </trkpt>
      <trkpt lat="43.767820" lon="4.073994">
        <ele>37.823424</ele>
        <time>2026-07-23T13:41:37.641Z</time>
      </trkpt>
      <trkpt lat="43.767650" lon="4.073533">
        <ele>37.590585</ele>
        <time>2026-07-23T13:41:43.343Z</time>
      </trkpt>
      <trkpt lat="43.767465" lon="4.073215">
        <ele>37.288181</ele>
        <time>2026-07-23T13:41:47.691Z</time>
      </trkpt>
      <trkpt lat="43.767418" lon="4.072995">
        <ele>37.084349</ele>
        <time>2026-07-23T13:41:50.069Z</time>
      </trkpt>
      <trkpt lat="43.767423" lon="4.072904">
        <ele>36.988792</ele>
        <time>2026-07-23T13:41:51.004Z</time>
      </trkpt>
      <trkpt lat="43.767369" lon="4.072740">
        <ele>36.794956</ele>
        <time>2026-07-23T13:41:52.821Z</time>
      </trkpt>
      <trkpt lat="43.767199" lon="4.072399">
        <ele>36.367581</ele>
        <time>2026-07-23T13:41:56.995Z</time>
      </trkpt>
      <trkpt lat="43.767117" lon="4.072122">
        <ele>36.225401</ele>
        <time>2026-07-23T13:42:03.707Z</time>
      </trkpt>
      <trkpt lat="43.767112" lon="4.071918">
        <ele>36.199998</ele>
        <time>2026-07-23T13:42:08.565Z</time>
      </trkpt>
      <trkpt lat="43.767035" lon="4.071607">
        <ele>36.199998</ele>
        <time>2026-07-23T13:42:16.059Z</time>
      </trkpt>
      <trkpt lat="43.766858" lon="4.071131">
        <ele>36.199998</ele>
        <time>2026-07-23T13:42:28.226Z</time>
      </trkpt>
      <trkpt lat="43.766687" lon="4.070845">
        <ele>36.199998</ele>
        <time>2026-07-23T13:42:36.665Z</time>
      </trkpt>
      <trkpt lat="43.766649" lon="4.070677">
        <ele>36.199998</ele>
        <time>2026-07-23T13:42:40.764Z</time>
      </trkpt>
      <trkpt lat="43.766662" lon="4.070570">
        <ele>36.199998</ele>
        <time>2026-07-23T13:42:43.284Z</time>
      </trkpt>
      <trkpt lat="43.766738" lon="4.070447">
        <ele>36.181764</ele>
        <time>2026-07-23T13:42:47.005Z</time>
      </trkpt>
      <trkpt lat="43.766818" lon="4.070381">
        <ele>36.165617</ele>
        <time>2026-07-23T13:42:49.860Z</time>
      </trkpt>
      <trkpt lat="43.767030" lon="4.070298">
        <ele>35.975536</ele>
        <time>2026-07-23T13:42:56.395Z</time>
      </trkpt>
      <trkpt lat="43.767139" lon="4.070186">
        <ele>35.738637</ele>
        <time>2026-07-23T13:43:00.213Z</time>
      </trkpt>
      <trkpt lat="43.767196" lon="4.070089">
        <ele>35.559888</ele>
        <time>2026-07-23T13:43:02.682Z</time>
      </trkpt>
      <trkpt lat="43.767190" lon="4.069998">
        <ele>35.398566</ele>
        <time>2026-07-23T13:43:04.455Z</time>
      </trkpt>
      <trkpt lat="43.767089" lon="4.069730">
        <ele>34.757430</ele>
        <time>2026-07-23T13:43:10.192Z</time>
      </trkpt>
      <trkpt lat="43.766887" lon="4.069354">
        <ele>33.399306</ele>
        <time>2026-07-23T13:43:18.628Z</time>
      </trkpt>
      <trkpt lat="43.766299" lon="4.068494">
        <ele>28.417737</ele>
        <time>2026-07-23T13:43:38.761Z</time>
      </trkpt>
      <trkpt lat="43.766135" lon="4.068462">
        <ele>27.167711</ele>
        <time>2026-07-23T13:43:42.408Z</time>
      </trkpt>
      <trkpt lat="43.766038" lon="4.068521">
        <ele>26.370407</ele>
        <time>2026-07-23T13:43:44.744Z</time>
      </trkpt>
      <trkpt lat="43.765828" lon="4.068366">
        <ele>25.163274</ele>
        <time>2026-07-23T13:43:50.394Z</time>
      </trkpt>
      <trkpt lat="43.765184" lon="4.067617">
        <ele>24.789956</ele>
        <time>2026-07-23T13:44:16.419Z</time>
      </trkpt>
      <trkpt lat="43.765032" lon="4.067566">
        <ele>24.933550</ele>
        <time>2026-07-23T13:44:22.367Z</time>
      </trkpt>
      <trkpt lat="43.764788" lon="4.067874">
        <ele>25.579237</ele>
        <time>2026-07-23T13:44:36.324Z</time>
      </trkpt>
      <trkpt lat="43.764682" lon="4.068157">
        <ele>25.989246</ele>
        <time>2026-07-23T13:44:45.347Z</time>
      </trkpt>
      <trkpt lat="43.764651" lon="4.068232">
        <ele>26.093217</ele>
        <time>2026-07-23T13:44:47.591Z</time>
      </trkpt>
      <trkpt lat="43.764572" lon="4.068386">
        <ele>26.513424</ele>
        <time>2026-07-23T13:44:53.031Z</time>
      </trkpt>
      <trkpt lat="43.764492" lon="4.068340">
        <ele>26.800551</ele>
        <time>2026-07-23T13:44:57.366Z</time>
      </trkpt>
      <trkpt lat="43.764428" lon="4.068328">
        <ele>27.169400</ele>
        <time>2026-07-23T13:45:01.236Z</time>
      </trkpt>
      <trkpt lat="43.764355" lon="4.068418">
        <ele>27.841943</ele>
        <time>2026-07-23T13:45:07.727Z</time>
      </trkpt>
      <trkpt lat="43.764285" lon="4.068340">
        <ele>28.448404</ele>
        <time>2026-07-23T13:45:13.901Z</time>
      </trkpt>
      <trkpt lat="43.764179" lon="4.068379">
        <ele>28.993481</ele>
        <time>2026-07-23T13:45:20.799Z</time>
      </trkpt>
      <trkpt lat="43.764067" lon="4.068324">
        <ele>29.556925</ele>
        <time>2026-07-23T13:45:26.815Z</time>
      </trkpt>
      <trkpt lat="43.763773" lon="4.068067">
        <ele>30.068436</ele>
        <time>2026-07-23T13:45:41.498Z</time>
      </trkpt>
      <trkpt lat="43.763694" lon="4.068030">
        <ele>30.090814</ele>
        <time>2026-07-23T13:45:44.022Z</time>
      </trkpt>
      <trkpt lat="43.763577" lon="4.067977">
        <ele>29.699561</ele>
        <time>2026-07-23T13:45:47.399Z</time>
      </trkpt>
      <trkpt lat="43.763337" lon="4.067751">
        <ele>28.734441</ele>
        <time>2026-07-23T13:45:55.238Z</time>
      </trkpt>
      <trkpt lat="43.763134" lon="4.067616">
        <ele>28.144369</ele>
        <time>2026-07-23T13:46:01.645Z</time>
      </trkpt>
      <trkpt lat="43.763101" lon="4.067611">
        <ele>28.062646</ele>
        <time>2026-07-23T13:46:02.622Z</time>
      </trkpt>
      <trkpt lat="43.762998" lon="4.067562">
        <ele>28.092529</ele>
        <time>2026-07-23T13:46:06.003Z</time>
      </trkpt>
      <trkpt lat="43.762479" lon="4.067455">
        <ele>28.518580</ele>
        <time>2026-07-23T13:46:26.226Z</time>
      </trkpt>
      <trkpt lat="43.762223" lon="4.067509">
        <ele>28.915577</ele>
        <time>2026-07-23T13:46:36.988Z</time>
      </trkpt>
      <trkpt lat="43.761719" lon="4.067520">
        <ele>29.858756</ele>
        <time>2026-07-23T13:46:58.175Z</time>
      </trkpt>
      <trkpt lat="43.761216" lon="4.067415">
        <ele>30.496835</ele>
        <time>2026-07-23T13:47:17.921Z</time>
      </trkpt>
      <trkpt lat="43.761037" lon="4.067412">
        <ele>30.855502</ele>
        <time>2026-07-23T13:47:25.757Z</time>
      </trkpt>
      <trkpt lat="43.760526" lon="4.067520">
        <ele>31.885520</ele>
        <time>2026-07-23T13:47:47.779Z</time>
      </trkpt>
      <trkpt lat="43.760348" lon="4.067520">
        <ele>32.185400</ele>
        <time>2026-07-23T13:47:55.236Z</time>
      </trkpt>
      <trkpt lat="43.759735" lon="4.067391">
        <ele>33.078348</ele>
        <time>2026-07-23T13:48:19.997Z</time>
      </trkpt>
      <trkpt lat="43.759147" lon="4.067552">
        <ele>33.555595</ele>
        <time>2026-07-23T13:48:42.675Z</time>
      </trkpt>
      <trkpt lat="43.759018" lon="4.067545">
        <ele>33.547169</ele>
        <time>2026-07-23T13:48:46.890Z</time>
      </trkpt>
      <trkpt lat="43.759122" lon="4.067395">
        <ele>33.455816</ele>
        <time>2026-07-23T13:48:49.043Z</time>
      </trkpt>
      <trkpt lat="43.759850" lon="4.065595">
        <ele>34.172042</ele>
        <time>2026-07-23T13:49:18.868Z</time>
      </trkpt>
      <trkpt lat="43.760259" lon="4.064369">
        <ele>32.760084</ele>
        <time>2026-07-23T13:49:32.325Z</time>
      </trkpt>
      <trkpt lat="43.760082" lon="4.064263">
        <ele>33.253252</ele>
        <time>2026-07-23T13:49:39.106Z</time>
      </trkpt>
      <trkpt lat="43.759335" lon="4.064100">
        <ele>36.091426</ele>
        <time>2026-07-23T13:50:07.108Z</time>
      </trkpt>
      <trkpt lat="43.758901" lon="4.063767">
        <ele>37.886874</ele>
        <time>2026-07-23T13:50:24.993Z</time>
      </trkpt>
      <trkpt lat="43.758746" lon="4.063520">
        <ele>38.673742</ele>
        <time>2026-07-23T13:50:33.208Z</time>
      </trkpt>
      <trkpt lat="43.758518" lon="4.062988">
        <ele>39.973242</ele>
        <time>2026-07-23T13:50:48.182Z</time>
      </trkpt>
      <trkpt lat="43.758369" lon="4.062714">
        <ele>40.622338</ele>
        <time>2026-07-23T13:50:55.973Z</time>
      </trkpt>
      <trkpt lat="43.758241" lon="4.062548">
        <ele>41.058189</ele>
        <time>2026-07-23T13:51:01.299Z</time>
      </trkpt>
      <trkpt lat="43.757822" lon="4.062144">
        <ele>42.308550</ele>
        <time>2026-07-23T13:51:16.662Z</time>
      </trkpt>
      <trkpt lat="43.757308" lon="4.061759">
        <ele>44.593987</ele>
        <time>2026-07-23T13:51:38.986Z</time>
      </trkpt>
      <trkpt lat="43.757185" lon="4.061717">
        <ele>45.100441</ele>
        <time>2026-07-23T13:51:43.832Z</time>
      </trkpt>
      <trkpt lat="43.756710" lon="4.061717">
        <ele>46.952162</ele>
        <time>2026-07-23T13:52:01.746Z</time>
      </trkpt>
      <trkpt lat="43.756155" lon="4.061589">
        <ele>48.349916</ele>
        <time>2026-07-23T13:52:20.022Z</time>
      </trkpt>
      <trkpt lat="43.756100" lon="4.061476">
        <ele>48.321678</ele>
        <time>2026-07-23T13:52:23.229Z</time>
      </trkpt>
      <trkpt lat="43.756480" lon="4.060918">
        <ele>46.550636</ele>
        <time>2026-07-23T13:52:38.314Z</time>
      </trkpt>
      <trkpt lat="43.756505" lon="4.060888">
        <ele>46.406501</ele>
        <time>2026-07-23T13:52:39.195Z</time>
      </trkpt>
      <trkpt lat="43.756976" lon="4.060312">
        <ele>43.568732</ele>
        <time>2026-07-23T13:52:55.596Z</time>
      </trkpt>
      <trkpt lat="43.756976" lon="4.060232">
        <ele>43.267577</ele>
        <time>2026-07-23T13:52:57.093Z</time>
      </trkpt>
      <trkpt lat="43.756868" lon="4.060066">
        <ele>42.427098</ele>
        <time>2026-07-23T13:53:01.230Z</time>
      </trkpt>
      <trkpt lat="43.756891" lon="4.059980">
        <ele>42.082902</ele>
        <time>2026-07-23T13:53:02.927Z</time>
      </trkpt>
      <trkpt lat="43.757054" lon="4.059856">
        <ele>41.146909</ele>
        <time>2026-07-23T13:53:07.715Z</time>
      </trkpt>
      <trkpt lat="43.757228" lon="4.059658">
        <ele>40.125910</ele>
        <time>2026-07-23T13:53:13.595Z</time>
      </trkpt>
      <trkpt lat="43.757654" lon="4.059336">
        <ele>38.339839</ele>
        <time>2026-07-23T13:53:26.585Z</time>
      </trkpt>
      <trkpt lat="43.758077" lon="4.058810">
        <ele>37.041295</ele>
        <time>2026-07-23T13:53:43.201Z</time>
      </trkpt>
      <trkpt lat="43.758150" lon="4.058660">
        <ele>37.017008</ele>
        <time>2026-07-23T13:53:47.378Z</time>
      </trkpt>
      <trkpt lat="43.758189" lon="4.058494">
        <ele>37.054271</ele>
        <time>2026-07-23T13:53:52.171Z</time>
      </trkpt>
      <trkpt lat="43.758199" lon="4.058264">
        <ele>37.362574</ele>
        <time>2026-07-23T13:53:59.471Z</time>
      </trkpt>
      <trkpt lat="43.758036" lon="4.058246">
        <ele>37.598640</ele>
        <time>2026-07-23T13:54:03.148Z</time>
      </trkpt>
      <trkpt lat="43.757358" lon="4.058173">
        <ele>38.517969</ele>
        <time>2026-07-23T13:54:18.825Z</time>
      </trkpt>
      <trkpt lat="43.757000" lon="4.058090">
        <ele>39.103561</ele>
        <time>2026-07-23T13:54:27.595Z</time>
      </trkpt>
      <trkpt lat="43.756623" lon="4.057888">
        <ele>39.812510</ele>
        <time>2026-07-23T13:54:37.796Z</time>
      </trkpt>
      <trkpt lat="43.756486" lon="4.057844">
        <ele>40.132763</ele>
        <time>2026-07-23T13:54:41.502Z</time>
      </trkpt>
      <trkpt lat="43.755774" lon="4.057852">
        <ele>42.035159</ele>
        <time>2026-07-23T13:55:02.381Z</time>
      </trkpt>
      <trkpt lat="43.755377" lon="4.057759">
        <ele>43.513360</ele>
        <time>2026-07-23T13:55:15.536Z</time>
      </trkpt>
      <trkpt lat="43.755216" lon="4.057645">
        <ele>44.502188</ele>
        <time>2026-07-23T13:55:23.050Z</time>
      </trkpt>
      <trkpt lat="43.755046" lon="4.057526">
        <ele>45.824696</ele>
        <time>2026-07-23T13:55:32.375Z</time>
      </trkpt>
      <trkpt lat="43.754527" lon="4.057035">
        <ele>50.731049</ele>
        <time>2026-07-23T13:56:05.564Z</time>
      </trkpt>
      <trkpt lat="43.754109" lon="4.056570">
        <ele>55.373401</ele>
        <time>2026-07-23T13:56:35.814Z</time>
      </trkpt>
      <trkpt lat="43.753865" lon="4.056425">
        <ele>57.495757</ele>
        <time>2026-07-23T13:56:50.241Z</time>
      </trkpt>
      <trkpt lat="43.753223" lon="4.056133">
        <ele>61.749215</ele>
        <time>2026-07-23T13:57:21.443Z</time>
      </trkpt>
      <trkpt lat="43.752596" lon="4.055703">
        <ele>64.368552</ele>
        <time>2026-07-23T13:57:44.720Z</time>
      </trkpt>
      <trkpt lat="43.752463" lon="4.055671">
        <ele>64.763383</ele>
        <time>2026-07-23T13:57:48.691Z</time>
      </trkpt>
      <trkpt lat="43.752327" lon="4.055684">
        <ele>65.111378</ele>
        <time>2026-07-23T13:57:52.537Z</time>
      </trkpt>
      <trkpt lat="43.751697" lon="4.055833">
        <ele>66.796121</ele>
        <time>2026-07-23T13:58:10.895Z</time>
      </trkpt>
      <trkpt lat="43.751231" lon="4.055846">
        <ele>67.976781</ele>
        <time>2026-07-23T13:58:24.538Z</time>
      </trkpt>
      <trkpt lat="43.750456" lon="4.055563">
        <ele>69.523287</ele>
        <time>2026-07-23T13:58:45.199Z</time>
      </trkpt>
      <trkpt lat="43.750326" lon="4.055581">
        <ele>69.678721</ele>
        <time>2026-07-23T13:58:47.948Z</time>
      </trkpt>
      <trkpt lat="43.750248" lon="4.055513">
        <ele>69.711838</ele>
        <time>2026-07-23T13:58:49.599Z</time>
      </trkpt>
      <trkpt lat="43.749806" lon="4.055411">
        <ele>69.891764</ele>
        <time>2026-07-23T13:58:59.219Z</time>
      </trkpt>
      <trkpt lat="43.749481" lon="4.055282">
        <ele>69.986296</ele>
        <time>2026-07-23T13:59:06.410Z</time>
      </trkpt>
      <trkpt lat="43.748412" lon="4.054619">
        <ele>69.912518</ele>
        <time>2026-07-23T13:59:29.349Z</time>
      </trkpt>
      <trkpt lat="43.748062" lon="4.054336">
        <ele>69.855201</ele>
        <time>2026-07-23T13:59:37.761Z</time>
      </trkpt>
      <trkpt lat="43.748057" lon="4.053804">
        <ele>68.547863</ele>
        <time>2026-07-23T13:59:47.387Z</time>
      </trkpt>
      <trkpt lat="43.747971" lon="4.053456">
        <ele>67.710945</ele>
        <time>2026-07-23T13:59:54.313Z</time>
      </trkpt>
      <trkpt lat="43.747734" lon="4.053078">
        <ele>66.809408</ele>
        <time>2026-07-23T14:00:03.910Z</time>
      </trkpt>
      <trkpt lat="43.747347" lon="4.052267">
        <ele>65.749716</ele>
        <time>2026-07-23T14:00:23.806Z</time>
      </trkpt>
      <trkpt lat="43.747225" lon="4.052074">
        <ele>65.612177</ele>
        <time>2026-07-23T14:00:29.372Z</time>
      </trkpt>
      <trkpt lat="43.746967" lon="4.051815">
        <ele>65.475785</ele>
        <time>2026-07-23T14:00:39.309Z</time>
      </trkpt>
      <trkpt lat="43.746717" lon="4.051469">
        <ele>65.154209</ele>
        <time>2026-07-23T14:00:49.780Z</time>
      </trkpt>
      <trkpt lat="43.746427" lon="4.050962">
        <ele>64.335436</ele>
        <time>2026-07-23T14:01:02.746Z</time>
      </trkpt>
      <trkpt lat="43.746007" lon="4.050394">
        <ele>62.900275</ele>
        <time>2026-07-23T14:01:18.323Z</time>
      </trkpt>
      <trkpt lat="43.745681" lon="4.049781">
        <ele>61.690349</ele>
        <time>2026-07-23T14:01:33.090Z</time>
      </trkpt>
      <trkpt lat="43.745063" lon="4.049015">
        <ele>61.159215</ele>
        <time>2026-07-23T14:01:58.315Z</time>
      </trkpt>
      <trkpt lat="43.744801" lon="4.048524">
        <ele>61.396909</ele>
        <time>2026-07-23T14:02:14.168Z</time>
      </trkpt>
      <trkpt lat="43.744030" lon="4.047362">
        <ele>59.933387</ele>
        <time>2026-07-23T14:02:46.475Z</time>
      </trkpt>
      <trkpt lat="43.743800" lon="4.047088">
        <ele>59.661895</ele>
        <time>2026-07-23T14:02:55.565Z</time>
      </trkpt>
      <trkpt lat="43.743589" lon="4.046664">
        <ele>59.333483</ele>
        <time>2026-07-23T14:03:06.228Z</time>
      </trkpt>
      <trkpt lat="43.743286" lon="4.045544">
        <ele>60.290686</ele>
        <time>2026-07-23T14:03:38.038Z</time>
      </trkpt>
      <trkpt lat="43.743115" lon="4.044671">
        <ele>62.495290</ele>
        <time>2026-07-23T14:04:10.307Z</time>
      </trkpt>
      <trkpt lat="43.742727" lon="4.043883">
        <ele>60.868858</ele>
        <time>2026-07-23T14:04:20.832Z</time>
      </trkpt>
      <trkpt lat="43.741782" lon="4.042065">
        <ele>59.972594</ele>
        <time>2026-07-23T14:04:50.669Z</time>
      </trkpt>
      <trkpt lat="43.741242" lon="4.041288">
        <ele>60.427454</ele>
        <time>2026-07-23T14:05:09.130Z</time>
      </trkpt>
      <trkpt lat="43.740949" lon="4.040801">
        <ele>60.158366</ele>
        <time>2026-07-23T14:05:17.511Z</time>
      </trkpt>
      <trkpt lat="43.739786" lon="4.038796">
        <ele>57.443748</ele>
        <time>2026-07-23T14:05:48.552Z</time>
      </trkpt>
      <trkpt lat="43.739680" lon="4.038529">
        <ele>57.406170</ele>
        <time>2026-07-23T14:05:52.837Z</time>
      </trkpt>
      <trkpt lat="43.739436" lon="4.037723">
        <ele>57.503099</ele>
        <time>2026-07-23T14:06:05.950Z</time>
      </trkpt>
      <trkpt lat="43.739405" lon="4.037620">
        <ele>57.538158</ele>
        <time>2026-07-23T14:06:07.691Z</time>
      </trkpt>
      <trkpt lat="43.738702" lon="4.035326">
        <ele>59.150885</ele>
        <time>2026-07-23T14:06:50.676Z</time>
      </trkpt>
      <trkpt lat="43.738172" lon="4.033551">
        <ele>61.867252</ele>
        <time>2026-07-23T14:07:30.708Z</time>
      </trkpt>
      <trkpt lat="43.737989" lon="4.033117">
        <ele>62.378955</ele>
        <time>2026-07-23T14:07:40.067Z</time>
      </trkpt>
      <trkpt lat="43.737833" lon="4.032823">
        <ele>62.583623</ele>
        <time>2026-07-23T14:07:46.269Z</time>
      </trkpt>
      <trkpt lat="43.737420" lon="4.032225">
        <ele>62.809638</ele>
        <time>2026-07-23T14:07:59.096Z</time>
      </trkpt>
      <trkpt lat="43.737182" lon="4.031833">
        <ele>63.018095</ele>
        <time>2026-07-23T14:08:07.168Z</time>
      </trkpt>
      <trkpt lat="43.736684" lon="4.030759">
        <ele>63.717099</ele>
        <time>2026-07-23T14:08:28.686Z</time>
      </trkpt>
      <trkpt lat="43.735967" lon="4.029917">
        <ele>64.715092</ele>
        <time>2026-07-23T14:08:52.016Z</time>
      </trkpt>
      <trkpt lat="43.735740" lon="4.029658">
        <ele>65.092737</ele>
        <time>2026-07-23T14:08:59.560Z</time>
      </trkpt>
      <trkpt lat="43.735675" lon="4.029754">
        <ele>65.312841</ele>
        <time>2026-07-23T14:09:02.066Z</time>
      </trkpt>
      <trkpt lat="43.735582" lon="4.029794">
        <ele>65.538975</ele>
        <time>2026-07-23T14:09:04.968Z</time>
      </trkpt>
      <trkpt lat="43.734623" lon="4.030054">
        <ele>68.770563</ele>
        <time>2026-07-23T14:09:39.368Z</time>
      </trkpt>
      <trkpt lat="43.733499" lon="4.030293">
        <ele>72.042320</ele>
        <time>2026-07-23T14:10:16.583Z</time>
      </trkpt>
      <trkpt lat="43.733041" lon="4.030349">
        <ele>73.698356</ele>
        <time>2026-07-23T14:10:33.034Z</time>
      </trkpt>
      <trkpt lat="43.732850" lon="4.030408">
        <ele>74.458653</ele>
        <time>2026-07-23T14:10:40.367Z</time>
      </trkpt>
      <trkpt lat="43.732050" lon="4.030823">
        <ele>78.537031</ele>
        <time>2026-07-23T14:11:15.602Z</time>
      </trkpt>
      <trkpt lat="43.731558" lon="4.031034">
        <ele>81.410980</ele>
        <time>2026-07-23T14:11:39.762Z</time>
      </trkpt>
      <trkpt lat="43.731467" lon="4.031046">
        <ele>81.696513</ele>
        <time>2026-07-23T14:11:43.232Z</time>
      </trkpt>
      <trkpt lat="43.731336" lon="4.030975">
        <ele>81.814553</ele>
        <time>2026-07-23T14:11:46.357Z</time>
      </trkpt>
      <trkpt lat="43.731328" lon="4.030828">
        <ele>81.633603</ele>
        <time>2026-07-23T14:11:47.971Z</time>
      </trkpt>
      <trkpt lat="43.731269" lon="4.030666">
        <ele>81.449114</ele>
        <time>2026-07-23T14:11:49.946Z</time>
      </trkpt>
      <trkpt lat="43.731021" lon="4.030080">
        <ele>81.059453</ele>
        <time>2026-07-23T14:11:58.672Z</time>
      </trkpt>
      <trkpt lat="43.730957" lon="4.029936">
        <ele>81.172800</ele>
        <time>2026-07-23T14:12:02.035Z</time>
      </trkpt>
      <trkpt lat="43.730749" lon="4.029644">
        <ele>82.428811</ele>
        <time>2026-07-23T14:12:13.123Z</time>
      </trkpt>
      <trkpt lat="43.730565" lon="4.029379">
        <ele>84.395264</ele>
        <time>2026-07-23T14:12:27.863Z</time>
      </trkpt>
      <trkpt lat="43.730372" lon="4.029210">
        <ele>86.633519</ele>
        <time>2026-07-23T14:12:42.163Z</time>
      </trkpt>
      <trkpt lat="43.730278" lon="4.029117">
        <ele>87.886964</ele>
        <time>2026-07-23T14:12:50.227Z</time>
      </trkpt>
      <trkpt lat="43.730244" lon="4.029083">
        <ele>88.377323</ele>
        <time>2026-07-23T14:12:53.160Z</time>
      </trkpt>
      <trkpt lat="43.730244" lon="4.029083">
        <ele>88.377323</ele>
        <time>2026-07-23T14:12:53.163Z</time>
      </trkpt>
      <trkpt lat="43.729991" lon="4.028553">
        <ele>93.507792</ele>
        <time>2026-07-23T14:13:03.031Z</time>
      </trkpt>
      <trkpt lat="43.729739" lon="4.028024">
        <ele>97.102688</ele>
        <time>2026-07-23T14:13:12.846Z</time>
      </trkpt>
      <trkpt lat="43.729546" lon="4.027731">
        <ele>98.383345</ele>
        <time>2026-07-23T14:13:23.724Z</time>
      </trkpt>
      <trkpt lat="43.729457" lon="4.027671">
        <ele>98.689836</ele>
        <time>2026-07-23T14:13:26.739Z</time>
      </trkpt>
      <trkpt lat="43.729682" lon="4.026999">
        <ele>99.679316</ele>
        <time>2026-07-23T14:13:40.276Z</time>
      </trkpt>
      <trkpt lat="43.729769" lon="4.026650">
        <ele>100.072756</ele>
        <time>2026-07-23T14:13:46.584Z</time>
      </trkpt>
      <trkpt lat="43.729934" lon="4.026294">
        <ele>100.366006</ele>
        <time>2026-07-23T14:13:52.999Z</time>
      </trkpt>
      <trkpt lat="43.729930" lon="4.025530">
        <ele>100.172471</ele>
        <time>2026-07-23T14:14:02.296Z</time>
      </trkpt>
      <trkpt lat="43.729833" lon="4.024755">
        <ele>99.209578</ele>
        <time>2026-07-23T14:14:10.147Z</time>
      </trkpt>
      <trkpt lat="43.729771" lon="4.024645">
        <ele>98.801598</ele>
        <time>2026-07-23T14:14:11.337Z</time>
      </trkpt>
      <trkpt lat="43.729720" lon="4.024638">
        <ele>98.593516</ele>
        <time>2026-07-23T14:14:12.041Z</time>
      </trkpt>
      <trkpt lat="43.729610" lon="4.024603">
        <ele>98.180589</ele>
        <time>2026-07-23T14:14:13.652Z</time>
      </trkpt>
      <trkpt lat="43.729439" lon="4.024467">
        <ele>97.615431</ele>
        <time>2026-07-23T14:14:16.743Z</time>
      </trkpt>
      <trkpt lat="43.729194" lon="4.024454">
        <ele>97.057152</ele>
        <time>2026-07-23T14:14:20.667Z</time>
      </trkpt>
      <trkpt lat="43.729038" lon="4.024274">
        <ele>96.438687</ele>
        <time>2026-07-23T14:14:23.743Z</time>
      </trkpt>
      <trkpt lat="43.728815" lon="4.024074">
        <ele>95.341811</ele>
        <time>2026-07-23T14:14:27.477Z</time>
      </trkpt>
      <trkpt lat="43.728764" lon="4.024016">
        <ele>95.181347</ele>
        <time>2026-07-23T14:14:28.802Z</time>
      </trkpt>
      <trkpt lat="43.728645" lon="4.023883">
        <ele>95.077716</ele>
        <time>2026-07-23T14:14:32.488Z</time>
      </trkpt>
      <trkpt lat="43.728531" lon="4.023755">
        <ele>95.586429</ele>
        <time>2026-07-23T14:14:39.540Z</time>
      </trkpt>
      <trkpt lat="43.728516" lon="4.023738">
        <ele>95.653615</ele>
        <time>2026-07-23T14:14:40.620Z</time>
      </trkpt>
      <trkpt lat="43.728432" lon="4.023663">
        <ele>96.044297</ele>
        <time>2026-07-23T14:14:44.993Z</time>
      </trkpt>
      <trkpt lat="43.728430" lon="4.023582">
        <ele>96.277112</ele>
        <time>2026-07-23T14:14:47.207Z</time>
      </trkpt>
      <trkpt lat="43.728538" lon="4.023279">
        <ele>96.975417</ele>
        <time>2026-07-23T14:14:54.836Z</time>
      </trkpt>
      <trkpt lat="43.728524" lon="4.023220">
        <ele>97.079633</ele>
        <time>2026-07-23T14:14:56.168Z</time>
      </trkpt>
      <trkpt lat="43.728017" lon="4.022850">
        <ele>97.936536</ele>
        <time>2026-07-23T14:15:11.921Z</time>
      </trkpt>
      <trkpt lat="43.727758" lon="4.022539">
        <ele>97.653451</ele>
        <time>2026-07-23T14:15:16.938Z</time>
      </trkpt>
      <trkpt lat="43.727605" lon="4.022408">
        <ele>97.153016</ele>
        <time>2026-07-23T14:15:19.275Z</time>
      </trkpt>
      <trkpt lat="43.727471" lon="4.022371">
        <ele>96.740779</ele>
        <time>2026-07-23T14:15:20.964Z</time>
      </trkpt>
      <trkpt lat="43.727375" lon="4.022372">
        <ele>96.440622</ele>
        <time>2026-07-23T14:15:22.155Z</time>
      </trkpt>
      <trkpt lat="43.726110" lon="4.022400">
        <ele>93.376975</ele>
        <time>2026-07-23T14:15:38.968Z</time>
      </trkpt>
      <trkpt lat="43.725798" lon="4.022401">
        <ele>92.134498</ele>
        <time>2026-07-23T14:15:42.682Z</time>
      </trkpt>
      <trkpt lat="43.724307" lon="4.022411">
        <ele>86.619869</ele>
        <time>2026-07-23T14:16:01.063Z</time>
      </trkpt>
      <trkpt lat="43.723043" lon="4.022411">
        <ele>81.224938</ele>
        <time>2026-07-23T14:16:16.131Z</time>
      </trkpt>
      <trkpt lat="43.723022" lon="4.022257">
        <ele>81.085877</ele>
        <time>2026-07-23T14:16:18.001Z</time>
      </trkpt>
      <trkpt lat="43.722963" lon="4.022075">
        <ele>81.145459</ele>
        <time>2026-07-23T14:16:21.030Z</time>
      </trkpt>
      <trkpt lat="43.722180" lon="4.020310">
        <ele>85.524467</ele>
        <time>2026-07-23T14:17:29.070Z</time>
      </trkpt>
      <trkpt lat="43.721791" lon="4.019591">
        <ele>87.880272</ele>
        <time>2026-07-23T14:18:00.379Z</time>
      </trkpt>
      <trkpt lat="43.721116" lon="4.018997">
        <ele>90.346524</ele>
        <time>2026-07-23T14:18:37.510Z</time>
      </trkpt>
      <trkpt lat="43.720331" lon="4.018160">
        <ele>91.534556</ele>
        <time>2026-07-23T14:19:14.460Z</time>
      </trkpt>
      <trkpt lat="43.720295" lon="4.017930">
        <ele>91.183374</ele>
        <time>2026-07-23T14:19:19.034Z</time>
      </trkpt>
      <trkpt lat="43.720204" lon="4.017349">
        <ele>89.530913</ele>
        <time>2026-07-23T14:19:29.670Z</time>
      </trkpt>
      <trkpt lat="43.719960" lon="4.016888">
        <ele>87.925751</ele>
        <time>2026-07-23T14:19:40.139Z</time>
      </trkpt>
      <trkpt lat="43.719317" lon="4.016754">
        <ele>84.806307</ele>
        <time>2026-07-23T14:19:55.857Z</time>
      </trkpt>
      <trkpt lat="43.719245" lon="4.016707">
        <ele>84.431244</ele>
        <time>2026-07-23T14:19:57.792Z</time>
      </trkpt>
      <trkpt lat="43.719000" lon="4.016546">
        <ele>83.183496</ele>
        <time>2026-07-23T14:20:04.405Z</time>
      </trkpt>
      <trkpt lat="43.718791" lon="4.016351">
        <ele>81.921723</ele>
        <time>2026-07-23T14:20:10.554Z</time>
      </trkpt>
      <trkpt lat="43.718450" lon="4.016012">
        <ele>79.437126</ele>
        <time>2026-07-23T14:20:20.172Z</time>
      </trkpt>
      <trkpt lat="43.718327" lon="4.015874">
        <ele>78.845826</ele>
        <time>2026-07-23T14:20:24.489Z</time>
      </trkpt>
      <trkpt lat="43.718214" lon="4.015838">
        <ele>78.529904</ele>
        <time>2026-07-23T14:20:27.639Z</time>
      </trkpt>
      <trkpt lat="43.717254" lon="4.015179">
        <ele>73.739020</ele>
        <time>2026-07-23T14:20:53.787Z</time>
      </trkpt>
      <trkpt lat="43.716996" lon="4.015107">
        <ele>72.701832</ele>
        <time>2026-07-23T14:21:00.469Z</time>
      </trkpt>
      <trkpt lat="43.716413" lon="4.015165">
        <ele>70.335947</ele>
        <time>2026-07-23T14:21:15.195Z</time>
      </trkpt>
      <trkpt lat="43.714848" lon="4.014144">
        <ele>61.189364</ele>
        <time>2026-07-23T14:21:56.251Z</time>
      </trkpt>
      <trkpt lat="43.714558" lon="4.014012">
        <ele>60.295740</ele>
        <time>2026-07-23T14:22:04.096Z</time>
      </trkpt>
      <trkpt lat="43.714087" lon="4.013967">
        <ele>60.124220</ele>
        <time>2026-07-23T14:22:19.683Z</time>
      </trkpt>
      <trkpt lat="43.713980" lon="4.013867">
        <ele>59.945429</ele>
        <time>2026-07-23T14:22:23.467Z</time>
      </trkpt>
      <trkpt lat="43.713654" lon="4.013449">
        <ele>58.289520</ele>
        <time>2026-07-23T14:22:34.444Z</time>
      </trkpt>
      <trkpt lat="43.712533" lon="4.012896">
        <ele>55.253667</ele>
        <time>2026-07-23T14:23:06.280Z</time>
      </trkpt>
      <trkpt lat="43.712259" lon="4.012939">
        <ele>54.543827</ele>
        <time>2026-07-23T14:23:13.469Z</time>
      </trkpt>
      <trkpt lat="43.710962" lon="4.013662">
        <ele>53.852808</ele>
        <time>2026-07-23T14:23:56.075Z</time>
      </trkpt>
      <trkpt lat="43.710492" lon="4.013699">
        <ele>54.237516</ele>
        <time>2026-07-23T14:24:13.378Z</time>
      </trkpt>
      <trkpt lat="43.710136" lon="4.013661">
        <ele>53.815892</ele>
        <time>2026-07-23T14:24:23.662Z</time>
      </trkpt>
      <trkpt lat="43.709465" lon="4.013795">
        <ele>52.115074</ele>
        <time>2026-07-23T14:24:41.610Z</time>
      </trkpt>
      <trkpt lat="43.709048" lon="4.013871">
        <ele>51.203432</ele>
        <time>2026-07-23T14:24:52.932Z</time>
      </trkpt>
      <trkpt lat="43.707972" lon="4.014068">
        <ele>49.664380</ele>
        <time>2026-07-23T14:25:24.034Z</time>
      </trkpt>
      <trkpt lat="43.707520" lon="4.014065">
        <ele>48.907507</ele>
        <time>2026-07-23T14:25:36.476Z</time>
      </trkpt>
      <trkpt lat="43.706759" lon="4.014042">
        <ele>48.512138</ele>
        <time>2026-07-23T14:25:59.822Z</time>
      </trkpt>
      <trkpt lat="43.706761" lon="4.013979">
        <ele>48.497667</ele>
        <time>2026-07-23T14:26:01.185Z</time>
      </trkpt>
      <trkpt lat="43.706810" lon="4.013939">
        <ele>48.470036</ele>
        <time>2026-07-23T14:26:02.885Z</time>
      </trkpt>
      <trkpt lat="43.706928" lon="4.013908">
        <ele>48.399939</ele>
        <time>2026-07-23T14:26:06.505Z</time>
      </trkpt>
      <trkpt lat="43.707096" lon="4.013922">
        <ele>48.276778</ele>
        <time>2026-07-23T14:26:11.557Z</time>
      </trkpt>
      <trkpt lat="43.707148" lon="4.013867">
        <ele>48.222177</ele>
        <time>2026-07-23T14:26:13.484Z</time>
      </trkpt>
      <trkpt lat="43.707218" lon="4.013641">
        <ele>48.134389</ele>
        <time>2026-07-23T14:26:18.760Z</time>
      </trkpt>
      <trkpt lat="43.707282" lon="4.013366">
        <ele>48.100019</ele>
        <time>2026-07-23T14:26:25.352Z</time>
      </trkpt>
      <trkpt lat="43.707259" lon="4.012888">
        <ele>48.117242</ele>
        <time>2026-07-23T14:26:36.555Z</time>
      </trkpt>
      <trkpt lat="43.707137" lon="4.012732">
        <ele>48.140493</ele>
        <time>2026-07-23T14:26:42.086Z</time>
      </trkpt>
      <trkpt lat="43.707005" lon="4.012791">
        <ele>48.107706</ele>
        <time>2026-07-23T14:26:46.331Z</time>
      </trkpt>
      <trkpt lat="43.706835" lon="4.012778">
        <ele>48.035832</ele>
        <time>2026-07-23T14:26:51.525Z</time>
      </trkpt>
      <trkpt lat="43.706387" lon="4.012403">
        <ele>48.242189</ele>
        <time>2026-07-23T14:27:09.058Z</time>
      </trkpt>
      <trkpt lat="43.706187" lon="4.012005">
        <ele>48.617377</ele>
        <time>2026-07-23T14:27:21.783Z</time>
      </trkpt>
      <trkpt lat="43.706132" lon="4.011698">
        <ele>49.045398</ele>
        <time>2026-07-23T14:27:31.103Z</time>
      </trkpt>
      <trkpt lat="43.706167" lon="4.011452">
        <ele>49.612276</ele>
        <time>2026-07-23T14:27:39.468Z</time>
      </trkpt>
      <trkpt lat="43.706166" lon="4.011208">
        <ele>50.108418</ele>
        <time>2026-07-23T14:27:47.489Z</time>
      </trkpt>
      <trkpt lat="43.706142" lon="4.011053">
        <ele>50.391606</ele>
        <time>2026-07-23T14:27:52.271Z</time>
      </trkpt>
      <trkpt lat="43.706113" lon="4.010976">
        <ele>50.491647</ele>
        <time>2026-07-23T14:27:54.802Z</time>
      </trkpt>
      <trkpt lat="43.705932" lon="4.010716">
        <ele>50.791037</ele>
        <time>2026-07-23T14:28:04.847Z</time>
      </trkpt>
      <trkpt lat="43.705896" lon="4.010684">
        <ele>50.819017</ele>
        <time>2026-07-23T14:28:06.276Z</time>
      </trkpt>
      <trkpt lat="43.705611" lon="4.010538">
        <ele>50.687131</ele>
        <time>2026-07-23T14:28:15.294Z</time>
      </trkpt>
      <trkpt lat="43.705496" lon="4.010322">
        <ele>50.504740</ele>
        <time>2026-07-23T14:28:21.038Z</time>
      </trkpt>
      <trkpt lat="43.705401" lon="4.010230">
        <ele>50.412815</ele>
        <time>2026-07-23T14:28:24.488Z</time>
      </trkpt>
      <trkpt lat="43.705104" lon="4.010265">
        <ele>50.210947</ele>
        <time>2026-07-23T14:28:33.418Z</time>
      </trkpt>
      <trkpt lat="43.704871" lon="4.010212">
        <ele>50.078466</ele>
        <time>2026-07-23T14:28:40.573Z</time>
      </trkpt>
      <trkpt lat="43.704779" lon="4.010275">
        <ele>50.021305</ele>
        <time>2026-07-23T14:28:43.596Z</time>
      </trkpt>
      <trkpt lat="43.704666" lon="4.010237">
        <ele>49.956120</ele>
        <time>2026-07-23T14:28:46.990Z</time>
      </trkpt>
      <trkpt lat="43.704614" lon="4.010166">
        <ele>50.038973</ele>
        <time>2026-07-23T14:28:49.346Z</time>
      </trkpt>
      <trkpt lat="43.704595" lon="4.010081">
        <ele>50.244574</ele>
        <time>2026-07-23T14:28:52.020Z</time>
      </trkpt>
      <trkpt lat="43.704664" lon="4.009827">
        <ele>51.022899</ele>
        <time>2026-07-23T14:29:02.527Z</time>
      </trkpt>
      <trkpt lat="43.704741" lon="4.009549">
        <ele>52.161637</ele>
        <time>2026-07-23T14:29:14.735Z</time>
      </trkpt>
      <trkpt lat="43.704738" lon="4.009239">
        <ele>53.117143</ele>
        <time>2026-07-23T14:29:26.893Z</time>
      </trkpt>
      <trkpt lat="43.704807" lon="4.009287">
        <ele>53.285074</ele>
        <time>2026-07-23T14:29:30.038Z</time>
      </trkpt>
      <trkpt lat="43.704900" lon="4.009284">
        <ele>53.481066</ele>
        <time>2026-07-23T14:29:33.193Z</time>
      </trkpt>
      <trkpt lat="43.705096" lon="4.009137">
        <ele>53.586258</ele>
        <time>2026-07-23T14:29:40.821Z</time>
      </trkpt>
      <trkpt lat="43.705206" lon="4.009136">
        <ele>53.542724</ele>
        <time>2026-07-23T14:29:44.241Z</time>
      </trkpt>
      <trkpt lat="43.705397" lon="4.009291">
        <ele>53.568366</ele>
        <time>2026-07-23T14:29:50.831Z</time>
      </trkpt>
      <trkpt lat="43.706184" lon="4.009718">
        <ele>54.187280</ele>
        <time>2026-07-23T14:30:21.049Z</time>
      </trkpt>
      <trkpt lat="43.706313" lon="4.009812">
        <ele>54.296425</ele>
        <time>2026-07-23T14:30:26.516Z</time>
      </trkpt>
      <trkpt lat="43.706467" lon="4.009854">
        <ele>54.364645</ele>
        <time>2026-07-23T14:30:31.807Z</time>
      </trkpt>
      <trkpt lat="43.706630" lon="4.009831">
        <ele>54.411976</ele>
        <time>2026-07-23T14:30:37.051Z</time>
      </trkpt>
      <trkpt lat="43.706723" lon="4.009907">
        <ele>54.430943</ele>
        <time>2026-07-23T14:30:40.456Z</time>
      </trkpt>
      <trkpt lat="43.707033" lon="4.010313">
        <ele>54.757321</ele>
        <time>2026-07-23T14:30:55.120Z</time>
      </trkpt>
      <trkpt lat="43.707578" lon="4.010811">
        <ele>55.966203</ele>
        <time>2026-07-23T14:31:21.585Z</time>
      </trkpt>
      <trkpt lat="43.707876" lon="4.011000">
        <ele>56.890670</ele>
        <time>2026-07-23T14:31:36.142Z</time>
      </trkpt>
      <trkpt lat="43.707949" lon="4.010957">
        <ele>57.140838</ele>
        <time>2026-07-23T14:31:39.812Z</time>
      </trkpt>
      <trkpt lat="43.708119" lon="4.010741">
        <ele>57.847768</ele>
        <time>2026-07-23T14:31:50.585Z</time>
      </trkpt>
      <trkpt lat="43.708241" lon="4.010699">
        <ele>58.217636</ele>
        <time>2026-07-23T14:31:56.272Z</time>
      </trkpt>
      <trkpt lat="43.708274" lon="4.010700">
        <ele>58.315504</ele>
        <time>2026-07-23T14:31:57.748Z</time>
      </trkpt>
      <trkpt lat="43.708695" lon="4.010248">
        <ele>59.928451</ele>
        <time>2026-07-23T14:32:21.783Z</time>
      </trkpt>
      <trkpt lat="43.709258" lon="4.009411">
        <ele>62.714211</ele>
        <time>2026-07-23T14:33:00.988Z</time>
      </trkpt>
      <trkpt lat="43.709541" lon="4.008917">
        <ele>63.711260</ele>
        <time>2026-07-23T14:33:13.428Z</time>
      </trkpt>
      <trkpt lat="43.709784" lon="4.008590">
        <ele>65.596674</ele>
        <time>2026-07-23T14:33:29.251Z</time>
      </trkpt>
      <trkpt lat="43.709897" lon="4.008498">
        <ele>66.425438</ele>
        <time>2026-07-23T14:33:35.799Z</time>
      </trkpt>
      <trkpt lat="43.710278" lon="4.008005">
        <ele>69.727854</ele>
        <time>2026-07-23T14:34:01.459Z</time>
      </trkpt>
      <trkpt lat="43.711268" lon="4.007023">
        <ele>75.942171</ele>
        <time>2026-07-23T14:34:53.798Z</time>
      </trkpt>
      <trkpt lat="43.711413" lon="4.006962">
        <ele>75.964748</ele>
        <time>2026-07-23T14:34:57.476Z</time>
      </trkpt>
      <trkpt lat="43.711499" lon="4.006600">
        <ele>75.309185</ele>
        <time>2026-07-23T14:35:01.594Z</time>
      </trkpt>
      <trkpt lat="43.711630" lon="4.006117">
        <ele>74.530477</ele>
        <time>2026-07-23T14:35:07.243Z</time>
      </trkpt>
      <trkpt lat="43.711773" lon="4.006018">
        <ele>74.695438</ele>
        <time>2026-07-23T14:35:12.308Z</time>
      </trkpt>
      <trkpt lat="43.711998" lon="4.005730">
        <ele>75.697960</ele>
        <time>2026-07-23T14:35:22.343Z</time>
      </trkpt>
      <trkpt lat="43.712130" lon="4.005549">
        <ele>76.404783</ele>
        <time>2026-07-23T14:35:29.907Z</time>
      </trkpt>
      <trkpt lat="43.712410" lon="4.005176">
        <ele>77.552344</ele>
        <time>2026-07-23T14:35:43.019Z</time>
      </trkpt>
      <trkpt lat="43.712832" lon="4.004599">
        <ele>77.980773</ele>
        <time>2026-07-23T14:35:55.968Z</time>
      </trkpt>
      <trkpt lat="43.712950" lon="4.004367">
        <ele>78.442302</ele>
        <time>2026-07-23T14:36:02.226Z</time>
      </trkpt>
      <trkpt lat="43.712883" lon="4.004385">
        <ele>78.635595</ele>
        <time>2026-07-23T14:36:04.632Z</time>
      </trkpt>
      <trkpt lat="43.712497" lon="4.004490">
        <ele>80.042648</ele>
        <time>2026-07-23T14:36:19.126Z</time>
      </trkpt>
      <trkpt lat="43.712429" lon="4.004505">
        <ele>80.214250</ele>
        <time>2026-07-23T14:36:21.196Z</time>
      </trkpt>
      <trkpt lat="43.712264" lon="4.004505">
        <ele>80.442075</ele>
        <time>2026-07-23T14:36:25.375Z</time>
      </trkpt>
      <trkpt lat="43.712145" lon="4.004492">
        <ele>80.409941</ele>
        <time>2026-07-23T14:36:27.924Z</time>
      </trkpt>
      <trkpt lat="43.711978" lon="4.004455">
        <ele>80.193523</ele>
        <time>2026-07-23T14:36:30.856Z</time>
      </trkpt>
      <trkpt lat="43.711660" lon="4.004499">
        <ele>79.084013</ele>
        <time>2026-07-23T14:36:35.486Z</time>
      </trkpt>
      <trkpt lat="43.711314" lon="4.004488">
        <ele>77.658236</ele>
        <time>2026-07-23T14:36:40.484Z</time>
      </trkpt>
      <trkpt lat="43.710957" lon="4.004623">
        <ele>75.768075</ele>
        <time>2026-07-23T14:36:45.597Z</time>
      </trkpt>
      <trkpt lat="43.710217" lon="4.005124">
        <ele>70.984265</ele>
        <time>2026-07-23T14:36:56.757Z</time>
      </trkpt>
      <trkpt lat="43.709967" lon="4.005293">
        <ele>69.291448</ele>
        <time>2026-07-23T14:37:00.522Z</time>
      </trkpt>
      <trkpt lat="43.709728" lon="4.005300">
        <ele>67.944625</ele>
        <time>2026-07-23T14:37:03.712Z</time>
      </trkpt>
      <trkpt lat="43.709609" lon="4.005304">
        <ele>67.464549</ele>
        <time>2026-07-23T14:37:05.431Z</time>
      </trkpt>
      <trkpt lat="43.709452" lon="4.005259">
        <ele>67.036080</ele>
        <time>2026-07-23T14:37:07.979Z</time>
      </trkpt>
      <trkpt lat="43.709233" lon="4.005200">
        <ele>66.741995</ele>
        <time>2026-07-23T14:37:11.762Z</time>
      </trkpt>
      <trkpt lat="43.709258" lon="4.005081">
        <ele>66.633797</ele>
        <time>2026-07-23T14:37:13.460Z</time>
      </trkpt>
      <trkpt lat="43.709231" lon="4.005021">
        <ele>66.572415</ele>
        <time>2026-07-23T14:37:14.431Z</time>
      </trkpt>
      <trkpt lat="43.709140" lon="4.004979">
        <ele>66.444174</ele>
        <time>2026-07-23T14:37:16.016Z</time>
      </trkpt>
      <trkpt lat="43.708433" lon="4.004745">
        <ele>63.750663</ele>
        <time>2026-07-23T14:37:26.587Z</time>
      </trkpt>
      <trkpt lat="43.707903" lon="4.004583">
        <ele>62.146803</ele>
        <time>2026-07-23T14:37:34.854Z</time>
      </trkpt>
      <trkpt lat="43.707844" lon="4.004602">
        <ele>61.987045</ele>
        <time>2026-07-23T14:37:35.820Z</time>
      </trkpt>
      <trkpt lat="43.707794" lon="4.004516">
        <ele>61.783508</ele>
        <time>2026-07-23T14:37:37.089Z</time>
      </trkpt>
      <trkpt lat="43.707341" lon="4.004101">
        <ele>60.391910</ele>
        <time>2026-07-23T14:37:45.457Z</time>
      </trkpt>
      <trkpt lat="43.706499" lon="4.003614">
        <ele>57.862521</ele>
        <time>2026-07-23T14:37:59.488Z</time>
      </trkpt>
      <trkpt lat="43.704984" lon="4.002772">
        <ele>52.120887</ele>
        <time>2026-07-23T14:38:23.527Z</time>
      </trkpt>
      <trkpt lat="43.704847" lon="4.002775">
        <ele>51.734323</ele>
        <time>2026-07-23T14:38:27.198Z</time>
      </trkpt>
      <trkpt lat="43.704612" lon="4.002661">
        <ele>51.132293</ele>
        <time>2026-07-23T14:38:33.808Z</time>
      </trkpt>
      <trkpt lat="43.704383" lon="4.002624">
        <ele>50.819036</ele>
        <time>2026-07-23T14:38:40.293Z</time>
      </trkpt>
      <trkpt lat="43.704334" lon="4.002580">
        <ele>50.779505</ele>
        <time>2026-07-23T14:38:42.163Z</time>
      </trkpt>
      <trkpt lat="43.703602" lon="4.001902">
        <ele>52.478380</ele>
        <time>2026-07-23T14:39:18.299Z</time>
      </trkpt>
      <trkpt lat="43.703369" lon="4.001658">
        <ele>52.831865</ele>
        <time>2026-07-23T14:39:29.071Z</time>
      </trkpt>
      <trkpt lat="43.702745" lon="4.001247">
        <ele>53.052772</ele>
        <time>2026-07-23T14:39:51.656Z</time>
      </trkpt>
      <trkpt lat="43.702368" lon="4.000963">
        <ele>53.528499</ele>
        <time>2026-07-23T14:40:07.547Z</time>
      </trkpt>
      <trkpt lat="43.702007" lon="4.000591">
        <ele>54.315900</ele>
        <time>2026-07-23T14:40:25.207Z</time>
      </trkpt>
      <trkpt lat="43.701823" lon="4.000388">
        <ele>54.841268</ele>
        <time>2026-07-23T14:40:34.914Z</time>
      </trkpt>
      <trkpt lat="43.701814" lon="4.000378">
        <ele>54.873455</ele>
        <time>2026-07-23T14:40:35.405Z</time>
      </trkpt>
      <trkpt lat="43.701732" lon="4.000250">
        <ele>55.218184</ele>
        <time>2026-07-23T14:40:41.142Z</time>
      </trkpt>
      <trkpt lat="43.701643" lon="4.000228">
        <ele>55.460863</ele>
        <time>2026-07-23T14:40:45.618Z</time>
      </trkpt>
      <trkpt lat="43.701570" lon="4.000201">
        <ele>55.660607</ele>
        <time>2026-07-23T14:40:49.100Z</time>
      </trkpt>
      <trkpt lat="43.701426" lon="4.000030">
        <ele>55.897319</ele>
        <time>2026-07-23T14:40:55.904Z</time>
      </trkpt>
      <trkpt lat="43.701067" lon="3.999753">
        <ele>55.709423</ele>
        <time>2026-07-23T14:41:08.366Z</time>
      </trkpt>
      <trkpt lat="43.701023" lon="3.999719">
        <ele>55.677206</ele>
        <time>2026-07-23T14:41:09.896Z</time>
      </trkpt>
      <trkpt lat="43.700891" lon="3.999654">
        <ele>55.545622</ele>
        <time>2026-07-23T14:41:14.054Z</time>
      </trkpt>
      <trkpt lat="43.700720" lon="3.999643">
        <ele>55.215074</ele>
        <time>2026-07-23T14:41:18.792Z</time>
      </trkpt>
      <trkpt lat="43.700410" lon="3.999504">
        <ele>54.123358</ele>
        <time>2026-07-23T14:41:26.952Z</time>
      </trkpt>
      <trkpt lat="43.700239" lon="3.999461">
        <ele>53.719160</ele>
        <time>2026-07-23T14:41:31.847Z</time>
      </trkpt>
      <trkpt lat="43.700105" lon="3.999297">
        <ele>53.470527</ele>
        <time>2026-07-23T14:41:36.937Z</time>
      </trkpt>
      <trkpt lat="43.700080" lon="3.999230">
        <ele>53.364049</ele>
        <time>2026-07-23T14:41:38.423Z</time>
      </trkpt>
      <trkpt lat="43.699964" lon="3.999171">
        <ele>53.091046</ele>
        <time>2026-07-23T14:41:41.760Z</time>
      </trkpt>
      <trkpt lat="43.699848" lon="3.999225">
        <ele>52.858123</ele>
        <time>2026-07-23T14:41:45.098Z</time>
      </trkpt>
      <trkpt lat="43.699165" lon="3.998994">
        <ele>51.844620</ele>
        <time>2026-07-23T14:42:04.972Z</time>
      </trkpt>
      <trkpt lat="43.698667" lon="3.998915">
        <ele>51.488054</ele>
        <time>2026-07-23T14:42:19.931Z</time>
      </trkpt>
      <trkpt lat="43.698195" lon="3.998785">
        <ele>51.953625</ele>
        <time>2026-07-23T14:42:36.799Z</time>
      </trkpt>
      <trkpt lat="43.697990" lon="3.998678">
        <ele>52.721923</ele>
        <time>2026-07-23T14:42:47.933Z</time>
      </trkpt>
      <trkpt lat="43.697904" lon="3.998458">
        <ele>53.538759</ele>
        <time>2026-07-23T14:42:57.296Z</time>
      </trkpt>
      <trkpt lat="43.697718" lon="3.998217">
        <ele>54.821892</ele>
        <time>2026-07-23T14:43:11.103Z</time>
      </trkpt>
      <trkpt lat="43.697291" lon="3.998009">
        <ele>57.078481</ele>
        <time>2026-07-23T14:43:36.849Z</time>
      </trkpt>
      <trkpt lat="43.697194" lon="3.997820">
        <ele>57.496673</ele>
        <time>2026-07-23T14:43:43.452Z</time>
      </trkpt>
      <trkpt lat="43.697416" lon="3.997736">
        <ele>57.809429</ele>
        <time>2026-07-23T14:43:48.570Z</time>
      </trkpt>
      <trkpt lat="43.698097" lon="3.997213">
        <ele>58.898609</ele>
        <time>2026-07-23T14:44:06.712Z</time>
      </trkpt>
      <trkpt lat="43.698213" lon="3.997091">
        <ele>59.095356</ele>
        <time>2026-07-23T14:44:10.152Z</time>
      </trkpt>
      <trkpt lat="43.698297" lon="3.996904">
        <ele>59.338042</ele>
        <time>2026-07-23T14:44:13.893Z</time>
      </trkpt>
      <trkpt lat="43.698519" lon="3.996092">
        <ele>60.540833</ele>
        <time>2026-07-23T14:44:30.056Z</time>
      </trkpt>
      <trkpt lat="43.698829" lon="3.995204">
        <ele>62.747687</ele>
        <time>2026-07-23T14:44:51.840Z</time>
      </trkpt>
      <trkpt lat="43.698888" lon="3.994979">
        <ele>63.413295</ele>
        <time>2026-07-23T14:44:58.261Z</time>
      </trkpt>
      <trkpt lat="43.698931" lon="3.994461">
        <ele>65.088935</ele>
        <time>2026-07-23T14:45:12.261Z</time>
      </trkpt>
      <trkpt lat="43.699155" lon="3.993788">
        <ele>67.313804</ele>
        <time>2026-07-23T14:45:31.776Z</time>
      </trkpt>
      <trkpt lat="43.699295" lon="3.993262">
        <ele>68.021501</ele>
        <time>2026-07-23T14:45:42.021Z</time>
      </trkpt>
      <trkpt lat="43.699372" lon="3.992790">
        <ele>67.777070</ele>
        <time>2026-07-23T14:45:47.749Z</time>
      </trkpt>
      <trkpt lat="43.699822" lon="3.991299">
        <ele>64.774735</ele>
        <time>2026-07-23T14:46:02.753Z</time>
      </trkpt>
      <trkpt lat="43.699822" lon="3.991142">
        <ele>64.591599</ele>
        <time>2026-07-23T14:46:04.308Z</time>
      </trkpt>
      <trkpt lat="43.699874" lon="3.990925">
        <ele>64.667114</ele>
        <time>2026-07-23T14:46:07.062Z</time>
      </trkpt>
      <trkpt lat="43.699769" lon="3.990309">
        <ele>66.306338</ele>
        <time>2026-07-23T14:46:24.520Z</time>
      </trkpt>
      <trkpt lat="43.699734" lon="3.989806">
        <ele>67.729795</ele>
        <time>2026-07-23T14:46:38.313Z</time>
      </trkpt>
      <trkpt lat="43.699583" lon="3.988564">
        <ele>70.255618</ele>
        <time>2026-07-23T14:47:07.976Z</time>
      </trkpt>
      <trkpt lat="43.699436" lon="3.988052">
        <ele>70.420478</ele>
        <time>2026-07-23T14:47:16.306Z</time>
      </trkpt>
      <trkpt lat="43.699309" lon="3.987421">
        <ele>69.955975</ele>
        <time>2026-07-23T14:47:24.502Z</time>
      </trkpt>
      <trkpt lat="43.699377" lon="3.986675">
        <ele>69.732888</ele>
        <time>2026-07-23T14:47:34.480Z</time>
      </trkpt>
      <trkpt lat="43.699407" lon="3.986287">
        <ele>70.399938</ele>
        <time>2026-07-23T14:47:43.699Z</time>
      </trkpt>
      <trkpt lat="43.699376" lon="3.985654">
        <ele>71.679672</ele>
        <time>2026-07-23T14:47:58.790Z</time>
      </trkpt>
      <trkpt lat="43.699430" lon="3.985187">
        <ele>72.482603</ele>
        <time>2026-07-23T14:48:09.056Z</time>
      </trkpt>
      <trkpt lat="43.699423" lon="3.984565">
        <ele>73.278653</ele>
        <time>2026-07-23T14:48:21.910Z</time>
      </trkpt>
      <trkpt lat="43.699264" lon="3.983439">
        <ele>72.911523</ele>
        <time>2026-07-23T14:48:37.536Z</time>
      </trkpt>
      <trkpt lat="43.699288" lon="3.982766">
        <ele>71.619682</ele>
        <time>2026-07-23T14:48:44.911Z</time>
      </trkpt>
      <trkpt lat="43.699265" lon="3.982625">
        <ele>71.315599</ele>
        <time>2026-07-23T14:48:46.486Z</time>
      </trkpt>
      <trkpt lat="43.699207" lon="3.982550">
        <ele>71.220874</ele>
        <time>2026-07-23T14:48:47.747Z</time>
      </trkpt>
      <trkpt lat="43.698938" lon="3.982453">
        <ele>71.080814</ele>
        <time>2026-07-23T14:48:53.074Z</time>
      </trkpt>
      <trkpt lat="43.698872" lon="3.982388">
        <ele>71.100924</ele>
        <time>2026-07-23T14:48:55.079Z</time>
      </trkpt>
      <trkpt lat="43.698449" lon="3.982576">
        <ele>71.497293</ele>
        <time>2026-07-23T14:49:05.743Z</time>
      </trkpt>
      <trkpt lat="43.698208" lon="3.982625">
        <ele>71.747718</ele>
        <time>2026-07-23T14:49:11.333Z</time>
      </trkpt>
      <trkpt lat="43.696549" lon="3.982941">
        <ele>76.061367</ele>
        <time>2026-07-23T14:50:03.220Z</time>
      </trkpt>
      <trkpt lat="43.696370" lon="3.982917">
        <ele>77.002400</ele>
        <time>2026-07-23T14:50:12.595Z</time>
      </trkpt>
      <trkpt lat="43.696102" lon="3.982881">
        <ele>78.346463</ele>
        <time>2026-07-23T14:50:24.322Z</time>
      </trkpt>
      <trkpt lat="43.696034" lon="3.982834">
        <ele>78.628578</ele>
        <time>2026-07-23T14:50:26.791Z</time>
      </trkpt>
      <trkpt lat="43.696056" lon="3.982527">
        <ele>79.161514</ele>
        <time>2026-07-23T14:50:33.153Z</time>
      </trkpt>
      <trkpt lat="43.695991" lon="3.982355">
        <ele>79.310130</ele>
        <time>2026-07-23T14:50:36.749Z</time>
      </trkpt>
      <trkpt lat="43.695914" lon="3.982235">
        <ele>79.373894</ele>
        <time>2026-07-23T14:50:39.269Z</time>
      </trkpt>
      <trkpt lat="43.695734" lon="3.982073">
        <ele>79.281005</ele>
        <time>2026-07-23T14:50:43.290Z</time>
      </trkpt>
      <trkpt lat="43.695366" lon="3.981540">
        <ele>78.681501</ele>
        <time>2026-07-23T14:50:52.627Z</time>
      </trkpt>
      <trkpt lat="43.695160" lon="3.981314">
        <ele>77.807234</ele>
        <time>2026-07-23T14:50:56.564Z</time>
      </trkpt>
      <trkpt lat="43.695090" lon="3.981073">
        <ele>76.717952</ele>
        <time>2026-07-23T14:50:59.161Z</time>
      </trkpt>
      <trkpt lat="43.694959" lon="3.980982">
        <ele>75.403650</ele>
        <time>2026-07-23T14:51:00.990Z</time>
      </trkpt>
      <trkpt lat="43.694678" lon="3.980855">
        <ele>72.702519</ele>
        <time>2026-07-23T14:51:04.663Z</time>
      </trkpt>
      <trkpt lat="43.694515" lon="3.980719">
        <ele>71.540464</ele>
        <time>2026-07-23T14:51:07.230Z</time>
      </trkpt>
      <trkpt lat="43.694492" lon="3.980501">
        <ele>71.217138</ele>
        <time>2026-07-23T14:51:11.742Z</time>
      </trkpt>
      <trkpt lat="43.694620" lon="3.979975">
        <ele>71.067411</ele>
        <time>2026-07-23T14:51:24.330Z</time>
      </trkpt>
      <trkpt lat="43.694652" lon="3.979744">
        <ele>71.001595</ele>
        <time>2026-07-23T14:51:29.491Z</time>
      </trkpt>
      <trkpt lat="43.694771" lon="3.979272">
        <ele>70.783204</ele>
        <time>2026-07-23T14:51:40.342Z</time>
      </trkpt>
      <trkpt lat="43.694972" lon="3.978672">
        <ele>70.298211</ele>
        <time>2026-07-23T14:51:54.398Z</time>
      </trkpt>
      <trkpt lat="43.695064" lon="3.978314">
        <ele>69.956445</ele>
        <time>2026-07-23T14:52:02.331Z</time>
      </trkpt>
      <trkpt lat="43.695174" lon="3.977704">
        <ele>69.064738</ele>
        <time>2026-07-23T14:52:14.897Z</time>
      </trkpt>
      <trkpt lat="43.695303" lon="3.977220">
        <ele>68.095147</ele>
        <time>2026-07-23T14:52:24.739Z</time>
      </trkpt>
      <trkpt lat="43.695364" lon="3.976889">
        <ele>67.460337</ele>
        <time>2026-07-23T14:52:31.207Z</time>
      </trkpt>
      <trkpt lat="43.695455" lon="3.976205">
        <ele>67.070264</ele>
        <time>2026-07-23T14:52:45.983Z</time>
      </trkpt>
      <trkpt lat="43.695737" lon="3.974484">
        <ele>68.725979</ele>
        <time>2026-07-23T14:53:35.508Z</time>
      </trkpt>
      <trkpt lat="43.695581" lon="3.974384">
        <ele>68.119099</ele>
        <time>2026-07-23T14:53:39.708Z</time>
      </trkpt>
      <trkpt lat="43.695190" lon="3.974670">
        <ele>66.432933</ele>
        <time>2026-07-23T14:53:50.402Z</time>
      </trkpt>
      <trkpt lat="43.695276" lon="3.974347">
        <ele>66.891523</ele>
        <time>2026-07-23T14:54:02.477Z</time>
      </trkpt>
      <trkpt lat="43.695414" lon="3.973518">
        <ele>68.752923</ele>
        <time>2026-07-23T14:54:30.744Z</time>
      </trkpt>
      <trkpt lat="43.695387" lon="3.972406">
        <ele>69.352239</ele>
        <time>2026-07-23T14:54:58.555Z</time>
      </trkpt>
      <trkpt lat="43.695321" lon="3.971663">
        <ele>69.131085</ele>
        <time>2026-07-23T14:55:15.094Z</time>
      </trkpt>
      <trkpt lat="43.695356" lon="3.971206">
        <ele>69.097610</ele>
        <time>2026-07-23T14:55:25.624Z</time>
      </trkpt>
      <trkpt lat="43.695325" lon="3.971097">
        <ele>69.042264</ele>
        <time>2026-07-23T14:55:28.241Z</time>
      </trkpt>
      <trkpt lat="43.695132" lon="3.971108">
        <ele>68.862726</ele>
        <time>2026-07-23T14:55:33.914Z</time>
      </trkpt>
      <trkpt lat="43.695067" lon="3.970967">
        <ele>68.664790</ele>
        <time>2026-07-23T14:55:37.267Z</time>
      </trkpt>
      <trkpt lat="43.694776" lon="3.969932">
        <ele>66.843454</ele>
        <time>2026-07-23T14:55:58.999Z</time>
      </trkpt>
      <trkpt lat="43.694685" lon="3.969818">
        <ele>66.483994</ele>
        <time>2026-07-23T14:56:02.071Z</time>
      </trkpt>
      <trkpt lat="43.694625" lon="3.969752">
        <ele>66.318507</ele>
        <time>2026-07-23T14:56:04.023Z</time>
      </trkpt>
      <trkpt lat="43.694456" lon="3.969064">
        <ele>65.429741</ele>
        <time>2026-07-23T14:56:18.839Z</time>
      </trkpt>
      <trkpt lat="43.693849" lon="3.967287">
        <ele>63.987303</ele>
        <time>2026-07-23T14:57:00.447Z</time>
      </trkpt>
      <trkpt lat="43.693792" lon="3.966563">
        <ele>63.331692</ele>
        <time>2026-07-23T14:57:15.586Z</time>
      </trkpt>
      <trkpt lat="43.693832" lon="3.966140">
        <ele>63.109917</ele>
        <time>2026-07-23T14:57:24.697Z</time>
      </trkpt>
      <trkpt lat="43.693851" lon="3.965250">
        <ele>62.758468</ele>
        <time>2026-07-23T14:57:44.382Z</time>
      </trkpt>
      <trkpt lat="43.693913" lon="3.964917">
        <ele>62.548557</ele>
        <time>2026-07-23T14:57:51.609Z</time>
      </trkpt>
      <trkpt lat="43.693912" lon="3.964779">
        <ele>62.470960</ele>
        <time>2026-07-23T14:57:54.606Z</time>
      </trkpt>
      <trkpt lat="43.693911" lon="3.964691">
        <ele>62.490800</ele>
        <time>2026-07-23T14:57:56.610Z</time>
      </trkpt>
      <trkpt lat="43.694231" lon="3.964080">
        <ele>62.720974</ele>
        <time>2026-07-23T14:58:15.013Z</time>
      </trkpt>
      <trkpt lat="43.694415" lon="3.963577">
        <ele>63.098088</ele>
        <time>2026-07-23T14:58:29.863Z</time>
      </trkpt>
      <trkpt lat="43.694502" lon="3.963311">
        <ele>63.237597</ele>
        <time>2026-07-23T14:58:37.522Z</time>
      </trkpt>
      <trkpt lat="43.694633" lon="3.962604">
        <ele>63.348558</ele>
        <time>2026-07-23T14:58:54.812Z</time>
      </trkpt>
      <trkpt lat="43.694737" lon="3.961682">
        <ele>62.632547</ele>
        <time>2026-07-23T14:59:14.528Z</time>
      </trkpt>
      <trkpt lat="43.694819" lon="3.961226">
        <ele>61.760533</ele>
        <time>2026-07-23T14:59:23.431Z</time>
      </trkpt>
      <trkpt lat="43.694720" lon="3.961178">
        <ele>61.433199</ele>
        <time>2026-07-23T14:59:26.066Z</time>
      </trkpt>
      <trkpt lat="43.694710" lon="3.961043">
        <ele>61.274308</ele>
        <time>2026-07-23T14:59:27.569Z</time>
      </trkpt>
      <trkpt lat="43.695102" lon="3.960228">
        <ele>61.157592</ele>
        <time>2026-07-23T14:59:41.743Z</time>
      </trkpt>
      <trkpt lat="43.695319" lon="3.959976">
        <ele>61.428113</ele>
        <time>2026-07-23T14:59:48.363Z</time>
      </trkpt>
      <trkpt lat="43.695412" lon="3.959981">
        <ele>61.566765</ele>
        <time>2026-07-23T14:59:50.900Z</time>
      </trkpt>
      <trkpt lat="43.695653" lon="3.959552">
        <ele>62.637827</ele>
        <time>2026-07-23T15:00:04.014Z</time>
      </trkpt>
      <trkpt lat="43.695858" lon="3.959230">
        <ele>63.213804</ele>
        <time>2026-07-23T15:00:12.275Z</time>
      </trkpt>
      <trkpt lat="43.696006" lon="3.958694">
        <ele>63.919661</ele>
        <time>2026-07-23T15:00:24.358Z</time>
      </trkpt>
      <trkpt lat="43.695974" lon="3.958513">
        <ele>63.924528</ele>
        <time>2026-07-23T15:00:26.772Z</time>
      </trkpt>
      <trkpt lat="43.696006" lon="3.958429">
        <ele>63.927008</ele>
        <time>2026-07-23T15:00:28.073Z</time>
      </trkpt>
      <trkpt lat="43.696056" lon="3.958395">
        <ele>64.019856</ele>
        <time>2026-07-23T15:00:29.434Z</time>
      </trkpt>
      <trkpt lat="43.696074" lon="3.958283">
        <ele>64.198369</ele>
        <time>2026-07-23T15:00:31.862Z</time>
      </trkpt>
      <trkpt lat="43.696061" lon="3.958020">
        <ele>64.610848</ele>
        <time>2026-07-23T15:00:38.344Z</time>
      </trkpt>
      <trkpt lat="43.696028" lon="3.957870">
        <ele>64.857669</ele>
        <time>2026-07-23T15:00:41.888Z</time>
      </trkpt>
      <trkpt lat="43.695894" lon="3.957990">
        <ele>64.669142</ele>
        <time>2026-07-23T15:00:46.455Z</time>
      </trkpt>
      <trkpt lat="43.695739" lon="3.958051">
        <ele>64.211057</ele>
        <time>2026-07-23T15:00:50.697Z</time>
      </trkpt>
      <trkpt lat="43.695506" lon="3.958183">
        <ele>63.162934</ele>
        <time>2026-07-23T15:00:56.815Z</time>
      </trkpt>
      <trkpt lat="43.695171" lon="3.958354">
        <ele>61.902768</ele>
        <time>2026-07-23T15:01:05.765Z</time>
      </trkpt>
      <trkpt lat="43.695036" lon="3.958368">
        <ele>61.870019</ele>
        <time>2026-07-23T15:01:09.905Z</time>
      </trkpt>
      <trkpt lat="43.694658" lon="3.958289">
        <ele>62.362951</ele>
        <time>2026-07-23T15:01:25.393Z</time>
      </trkpt>
      <trkpt lat="43.693983" lon="3.958010">
        <ele>63.321471</ele>
        <time>2026-07-23T15:01:51.506Z</time>
      </trkpt>
      <trkpt lat="43.693424" lon="3.957771">
        <ele>64.205393</ele>
        <time>2026-07-23T15:02:15.196Z</time>
      </trkpt>
      <trkpt lat="43.692900" lon="3.957643">
        <ele>65.290479</ele>
        <time>2026-07-23T15:02:37.290Z</time>
      </trkpt>
      <trkpt lat="43.692422" lon="3.957392">
        <ele>67.103133</ele>
        <time>2026-07-23T15:03:04.165Z</time>
      </trkpt>
      <trkpt lat="43.692202" lon="3.957277">
        <ele>67.654966</ele>
        <time>2026-07-23T15:03:14.159Z</time>
      </trkpt>
      <trkpt lat="43.691879" lon="3.957168">
        <ele>68.077085</ele>
        <time>2026-07-23T15:03:27.126Z</time>
      </trkpt>
      <trkpt lat="43.691609" lon="3.957079">
        <ele>68.285076</ele>
        <time>2026-07-23T15:03:37.565Z</time>
      </trkpt>
      <trkpt lat="43.691214" lon="3.956812">
        <ele>68.293052</ele>
        <time>2026-07-23T15:03:53.282Z</time>
      </trkpt>
      <trkpt lat="43.690503" lon="3.956284">
        <ele>66.924474</ele>
        <time>2026-07-23T15:04:16.825Z</time>
      </trkpt>
      <trkpt lat="43.689968" lon="3.955957">
        <ele>66.172382</ele>
        <time>2026-07-23T15:04:34.823Z</time>
      </trkpt>
      <trkpt lat="43.689859" lon="3.956006">
        <ele>66.002710</ele>
        <time>2026-07-23T15:04:38.250Z</time>
      </trkpt>
      <trkpt lat="43.689708" lon="3.956172">
        <ele>65.672451</ele>
        <time>2026-07-23T15:04:43.984Z</time>
      </trkpt>
      <trkpt lat="43.689309" lon="3.956408">
        <ele>64.601944</ele>
        <time>2026-07-23T15:04:56.436Z</time>
      </trkpt>
      <trkpt lat="43.689111" lon="3.956462">
        <ele>64.074808</ele>
        <time>2026-07-23T15:05:02.117Z</time>
      </trkpt>
      <trkpt lat="43.688754" lon="3.956462">
        <ele>62.972645</ele>
        <time>2026-07-23T15:05:12.092Z</time>
      </trkpt>
      <trkpt lat="43.688479" lon="3.956531">
        <ele>62.046536</ele>
        <time>2026-07-23T15:05:19.679Z</time>
      </trkpt>
      <trkpt lat="43.688331" lon="3.956524">
        <ele>61.646476</ele>
        <time>2026-07-23T15:05:23.796Z</time>
      </trkpt>
      <trkpt lat="43.688250" lon="3.956521">
        <ele>61.476607</ele>
        <time>2026-07-23T15:05:26.173Z</time>
      </trkpt>
      <trkpt lat="43.688079" lon="3.956440">
        <ele>61.239150</ele>
        <time>2026-07-23T15:05:31.863Z</time>
      </trkpt>
      <trkpt lat="43.687858" lon="3.956451">
        <ele>61.022909</ele>
        <time>2026-07-23T15:05:38.895Z</time>
      </trkpt>
      <trkpt lat="43.687641" lon="3.956415">
        <ele>60.724054</ele>
        <time>2026-07-23T15:05:45.032Z</time>
      </trkpt>
      <trkpt lat="43.687355" lon="3.956432">
        <ele>60.288910</ele>
        <time>2026-07-23T15:05:53.114Z</time>
      </trkpt>
      <trkpt lat="43.686820" lon="3.956639">
        <ele>59.375418</ele>
        <time>2026-07-23T15:06:08.713Z</time>
      </trkpt>
      <trkpt lat="43.686588" lon="3.956627">
        <ele>58.852307</ele>
        <time>2026-07-23T15:06:15.034Z</time>
      </trkpt>
      <trkpt lat="43.686389" lon="3.956748">
        <ele>58.249222</ele>
        <time>2026-07-23T15:06:20.576Z</time>
      </trkpt>
      <trkpt lat="43.686273" lon="3.956667">
        <ele>57.982823</ele>
        <time>2026-07-23T15:06:23.978Z</time>
      </trkpt>
      <trkpt lat="43.686226" lon="3.956494">
        <ele>57.988350</ele>
        <time>2026-07-23T15:06:28.484Z</time>
      </trkpt>
      <trkpt lat="43.686588" lon="3.955857">
        <ele>58.862353</ele>
        <time>2026-07-23T15:06:44.601Z</time>
      </trkpt>
      <trkpt lat="43.686608" lon="3.955789">
        <ele>58.899039</ele>
        <time>2026-07-23T15:06:45.923Z</time>
      </trkpt>
      <trkpt lat="43.686590" lon="3.955708">
        <ele>58.930587</ele>
        <time>2026-07-23T15:06:47.360Z</time>
      </trkpt>
      <trkpt lat="43.686163" lon="3.955052">
        <ele>58.996575</ele>
        <time>2026-07-23T15:07:01.133Z</time>
      </trkpt>
      <trkpt lat="43.685713" lon="3.954424">
        <ele>57.349282</ele>
        <time>2026-07-23T15:07:10.808Z</time>
      </trkpt>
      <trkpt lat="43.685055" lon="3.953800">
        <ele>55.918135</ele>
        <time>2026-07-23T15:07:23.791Z</time>
      </trkpt>
      <trkpt lat="43.684535" lon="3.953265">
        <ele>56.133650</ele>
        <time>2026-07-23T15:07:38.192Z</time>
      </trkpt>
      <trkpt lat="43.684343" lon="3.952984">
        <ele>56.354741</ele>
        <time>2026-07-23T15:07:44.859Z</time>
      </trkpt>
      <trkpt lat="43.684006" lon="3.952326">
        <ele>56.526401</ele>
        <time>2026-07-23T15:07:56.477Z</time>
      </trkpt>
      <trkpt lat="43.683864" lon="3.952089">
        <ele>57.410807</ele>
        <time>2026-07-23T15:08:03.101Z</time>
      </trkpt>
      <trkpt lat="43.683334" lon="3.951465">
        <ele>62.538226</ele>
        <time>2026-07-23T15:08:44.111Z</time>
      </trkpt>
      <trkpt lat="43.683281" lon="3.951457">
        <ele>62.827745</ele>
        <time>2026-07-23T15:08:46.188Z</time>
      </trkpt>
      <trkpt lat="43.683247" lon="3.951474">
        <ele>63.024076</ele>
        <time>2026-07-23T15:08:47.290Z</time>
      </trkpt>
      <trkpt lat="43.683012" lon="3.951656">
        <ele>63.309282</ele>
        <time>2026-07-23T15:08:52.554Z</time>
      </trkpt>
      <trkpt lat="43.682814" lon="3.951765">
        <ele>63.889429</ele>
        <time>2026-07-23T15:08:59.514Z</time>
      </trkpt>
      <trkpt lat="43.682572" lon="3.951825">
        <ele>64.994738</ele>
        <time>2026-07-23T15:09:10.680Z</time>
      </trkpt>
      <trkpt lat="43.681518" lon="3.952932">
        <ele>66.664541</ele>
        <time>2026-07-23T15:09:40.009Z</time>
      </trkpt>
      <trkpt lat="43.680187" lon="3.953952">
        <ele>66.699998</ele>
        <time>2026-07-23T15:10:06.035Z</time>
      </trkpt>
      <trkpt lat="43.679477" lon="3.954316">
        <ele>66.769995</ele>
        <time>2026-07-23T15:10:19.108Z</time>
      </trkpt>
      <trkpt lat="43.679128" lon="3.954413">
        <ele>67.312914</ele>
        <time>2026-07-23T15:10:28.176Z</time>
      </trkpt>
      <trkpt lat="43.678901" lon="3.954575">
        <ele>67.765588</ele>
        <time>2026-07-23T15:10:34.510Z</time>
      </trkpt>
      <trkpt lat="43.678811" lon="3.954639">
        <ele>67.931321</ele>
        <time>2026-07-23T15:10:36.932Z</time>
      </trkpt>
      <trkpt lat="43.678300" lon="3.954870">
        <ele>68.623051</ele>
        <time>2026-07-23T15:10:49.984Z</time>
      </trkpt>
      <trkpt lat="43.678007" lon="3.955003">
        <ele>68.177990</ele>
        <time>2026-07-23T15:10:54.232Z</time>
      </trkpt>
      <trkpt lat="43.677498" lon="3.955024">
        <ele>66.993903</ele>
        <time>2026-07-23T15:11:00.832Z</time>
      </trkpt>
      <trkpt lat="43.677030" lon="3.954752">
        <ele>66.377479</ele>
        <time>2026-07-23T15:11:08.290Z</time>
      </trkpt>
      <trkpt lat="43.676638" lon="3.954795">
        <ele>66.468488</ele>
        <time>2026-07-23T15:11:15.721Z</time>
      </trkpt>
      <trkpt lat="43.676102" lon="3.955035">
        <ele>67.100153</ele>
        <time>2026-07-23T15:11:28.521Z</time>
      </trkpt>
      <trkpt lat="43.675364" lon="3.955470">
        <ele>68.142083</ele>
        <time>2026-07-23T15:11:46.348Z</time>
      </trkpt>
      <trkpt lat="43.675887" lon="3.954021">
        <ele>70.100941</ele>
        <time>2026-07-23T15:12:32.694Z</time>
      </trkpt>
      <trkpt lat="43.676217" lon="3.952909">
        <ele>71.602019</ele>
        <time>2026-07-23T15:13:07.227Z</time>
      </trkpt>
      <trkpt lat="43.676242" lon="3.952866">
        <ele>71.671559</ele>
        <time>2026-07-23T15:13:08.751Z</time>
      </trkpt>
      <trkpt lat="43.676727" lon="3.952007">
        <ele>72.799435</ele>
        <time>2026-07-23T15:13:38.631Z</time>
      </trkpt>
      <trkpt lat="43.677166" lon="3.951344">
        <ele>73.657488</ele>
        <time>2026-07-23T15:14:03.525Z</time>
      </trkpt>
      <trkpt lat="43.677732" lon="3.950636">
        <ele>73.885275</ele>
        <time>2026-07-23T15:14:28.589Z</time>
      </trkpt>
      <trkpt lat="43.677776" lon="3.950553">
        <ele>73.894823</ele>
        <time>2026-07-23T15:14:31.006Z</time>
      </trkpt>
      <trkpt lat="43.677963" lon="3.950199">
        <ele>73.888079</ele>
        <time>2026-07-23T15:14:41.108Z</time>
      </trkpt>
      <trkpt lat="43.678207" lon="3.949783">
        <ele>73.853053</ele>
        <time>2026-07-23T15:14:53.205Z</time>
      </trkpt>
      <trkpt lat="43.678355" lon="3.949445">
        <ele>74.229022</ele>
        <time>2026-07-23T15:15:03.957Z</time>
      </trkpt>
      <trkpt lat="43.678407" lon="3.949328">
        <ele>74.414825</ele>
        <time>2026-07-23T15:15:07.857Z</time>
      </trkpt>
      <trkpt lat="43.678338" lon="3.948938">
        <ele>75.066504</ele>
        <time>2026-07-23T15:15:20.137Z</time>
      </trkpt>
      <trkpt lat="43.678396" lon="3.948582">
        <ele>76.084572</ele>
        <time>2026-07-23T15:15:33.375Z</time>
      </trkpt>
      <trkpt lat="43.678353" lon="3.948335">
        <ele>76.788578</ele>
        <time>2026-07-23T15:15:42.480Z</time>
      </trkpt>
      <trkpt lat="43.678217" lon="3.948079">
        <ele>77.560460</ele>
        <time>2026-07-23T15:15:53.222Z</time>
      </trkpt>
      <trkpt lat="43.678133" lon="3.947930">
        <ele>77.892041</ele>
        <time>2026-07-23T15:15:58.912Z</time>
      </trkpt>
      <trkpt lat="43.678027" lon="3.947739">
        <ele>78.298027</ele>
        <time>2026-07-23T15:16:06.205Z</time>
      </trkpt>
      <trkpt lat="43.677735" lon="3.947462">
        <ele>79.152870</ele>
        <time>2026-07-23T15:16:21.085Z</time>
      </trkpt>
      <trkpt lat="43.677672" lon="3.947456">
        <ele>79.425433</ele>
        <time>2026-07-23T15:16:24.022Z</time>
      </trkpt>
      <trkpt lat="43.677454" lon="3.947134">
        <ele>80.993495</ele>
        <time>2026-07-23T15:16:42.323Z</time>
      </trkpt>
      <trkpt lat="43.677174" lon="3.946720">
        <ele>82.437708</ele>
        <time>2026-07-23T15:17:02.171Z</time>
      </trkpt>
      <trkpt lat="43.677023" lon="3.946417">
        <ele>82.508284</ele>
        <time>2026-07-23T15:17:11.465Z</time>
      </trkpt>
      <trkpt lat="43.676975" lon="3.946294">
        <ele>82.276638</ele>
        <time>2026-07-23T15:17:13.991Z</time>
      </trkpt>
      <trkpt lat="43.676761" lon="3.945942">
        <ele>79.924536</ele>
        <time>2026-07-23T15:17:21.524Z</time>
      </trkpt>
      <trkpt lat="43.676575" lon="3.945127">
        <ele>74.639174</ele>
        <time>2026-07-23T15:17:35.116Z</time>
      </trkpt>
      <trkpt lat="43.676458" lon="3.944467">
        <ele>69.890853</ele>
        <time>2026-07-23T15:17:45.729Z</time>
      </trkpt>
      <trkpt lat="43.676447" lon="3.943952">
        <ele>66.324737</ele>
        <time>2026-07-23T15:17:53.726Z</time>
      </trkpt>
      <trkpt lat="43.676423" lon="3.943704">
        <ele>64.944891</ele>
        <time>2026-07-23T15:17:57.863Z</time>
      </trkpt>
      <trkpt lat="43.676309" lon="3.943671">
        <ele>63.991790</ele>
        <time>2026-07-23T15:18:00.466Z</time>
      </trkpt>
      <trkpt lat="43.675963" lon="3.943400">
        <ele>60.716250</ele>
        <time>2026-07-23T15:18:09.249Z</time>
      </trkpt>
      <trkpt lat="43.675851" lon="3.942957">
        <ele>58.239875</ele>
        <time>2026-07-23T15:18:16.836Z</time>
      </trkpt>
      <trkpt lat="43.675711" lon="3.942407">
        <ele>56.889597</ele>
        <time>2026-07-23T15:18:27.825Z</time>
      </trkpt>
      <trkpt lat="43.675785" lon="3.942203">
        <ele>56.744481</ele>
        <time>2026-07-23T15:18:32.666Z</time>
      </trkpt>
      <trkpt lat="43.677418" lon="3.941130">
        <ele>57.583322</ele>
        <time>2026-07-23T15:19:34.283Z</time>
      </trkpt>
      <trkpt lat="43.678380" lon="3.940303">
        <ele>57.997235</ele>
        <time>2026-07-23T15:20:12.108Z</time>
      </trkpt>
      <trkpt lat="43.678660" lon="3.940063">
        <ele>58.045541</ele>
        <time>2026-07-23T15:20:23.000Z</time>
      </trkpt>
      <trkpt lat="43.678709" lon="3.940015">
        <ele>57.988409</ele>
        <time>2026-07-23T15:20:24.827Z</time>
      </trkpt>
      <trkpt lat="43.678720" lon="3.939949">
        <ele>57.918246</ele>
        <time>2026-07-23T15:20:26.212Z</time>
      </trkpt>
      <trkpt lat="43.678655" lon="3.939706">
        <ele>57.684265</ele>
        <time>2026-07-23T15:20:31.313Z</time>
      </trkpt>
      <trkpt lat="43.678586" lon="3.939441">
        <ele>57.603453</ele>
        <time>2026-07-23T15:20:37.685Z</time>
      </trkpt>
      <trkpt lat="43.678450" lon="3.938463">
        <ele>58.923076</ele>
        <time>2026-07-23T15:21:06.562Z</time>
      </trkpt>
      <trkpt lat="43.678435" lon="3.938359">
        <ele>59.093364</ele>
        <time>2026-07-23T15:21:09.982Z</time>
      </trkpt>
      <trkpt lat="43.678295" lon="3.937349">
        <ele>60.612984</ele>
        <time>2026-07-23T15:21:40.954Z</time>
      </trkpt>
      <trkpt lat="43.678292" lon="3.936863">
        <ele>60.340536</ele>
        <time>2026-07-23T15:21:51.270Z</time>
      </trkpt>
      <trkpt lat="43.678305" lon="3.935783">
        <ele>58.926518</ele>
        <time>2026-07-23T15:22:12.816Z</time>
      </trkpt>
      <trkpt lat="43.678158" lon="3.935627">
        <ele>58.731922</ele>
        <time>2026-07-23T15:22:16.130Z</time>
      </trkpt>
      <trkpt lat="43.678218" lon="3.935275">
        <ele>58.615113</ele>
        <time>2026-07-23T15:22:20.163Z</time>
      </trkpt>
      <trkpt lat="43.678229" lon="3.935198">
        <ele>58.664918</ele>
        <time>2026-07-23T15:22:21.238Z</time>
      </trkpt>
      <trkpt lat="43.678263" lon="3.935204">
        <ele>58.694992</ele>
        <time>2026-07-23T15:22:22.272Z</time>
      </trkpt>
      <trkpt lat="43.678712" lon="3.932285">
        <ele>60.599129</ele>
        <time>2026-07-23T15:23:14.211Z</time>
      </trkpt>
      <trkpt lat="43.678804" lon="3.931682">
        <ele>61.010808</ele>
        <time>2026-07-23T15:23:24.808Z</time>
      </trkpt>
      <trkpt lat="43.678843" lon="3.931471">
        <ele>61.279262</ele>
        <time>2026-07-23T15:23:29.775Z</time>
      </trkpt>
      <trkpt lat="43.678879" lon="3.931284">
        <ele>61.510060</ele>
        <time>2026-07-23T15:23:35.314Z</time>
      </trkpt>
      <trkpt lat="43.679007" lon="3.930490">
        <ele>62.310549</ele>
        <time>2026-07-23T15:23:50.373Z</time>
      </trkpt>
      <trkpt lat="43.679026" lon="3.930378">
        <ele>62.268936</ele>
        <time>2026-07-23T15:23:52.336Z</time>
      </trkpt>
      <trkpt lat="43.679042" lon="3.930272">
        <ele>62.208958</ele>
        <time>2026-07-23T15:23:54.158Z</time>
      </trkpt>
      <trkpt lat="43.679233" lon="3.929291">
        <ele>62.472681</ele>
        <time>2026-07-23T15:24:10.431Z</time>
      </trkpt>
      <trkpt lat="43.679547" lon="3.928307">
        <ele>62.278442</ele>
        <time>2026-07-23T15:24:25.218Z</time>
      </trkpt>
      <trkpt lat="43.679692" lon="3.927935">
        <ele>62.100359</ele>
        <time>2026-07-23T15:24:30.796Z</time>
      </trkpt>
      <trkpt lat="43.679773" lon="3.927765">
        <ele>62.083775</ele>
        <time>2026-07-23T15:24:34.552Z</time>
      </trkpt>
      <trkpt lat="43.679809" lon="3.927666">
        <ele>62.101865</ele>
        <time>2026-07-23T15:24:36.890Z</time>
      </trkpt>
      <trkpt lat="43.679812" lon="3.927598">
        <ele>62.112986</ele>
        <time>2026-07-23T15:24:38.114Z</time>
      </trkpt>
      <trkpt lat="43.680016" lon="3.927137">
        <ele>62.292694</ele>
        <time>2026-07-23T15:24:47.236Z</time>
      </trkpt>
      <trkpt lat="43.680448" lon="3.926116">
        <ele>61.176190</ele>
        <time>2026-07-23T15:25:01.708Z</time>
      </trkpt>
      <trkpt lat="43.680529" lon="3.925985">
        <ele>60.952246</ele>
        <time>2026-07-23T15:25:03.757Z</time>
      </trkpt>
      <trkpt lat="43.680580" lon="3.925854">
        <ele>60.629533</ele>
        <time>2026-07-23T15:25:05.400Z</time>
      </trkpt>
      <trkpt lat="43.680618" lon="3.925641">
        <ele>60.205562</ele>
        <time>2026-07-23T15:25:07.732Z</time>
      </trkpt>
      <trkpt lat="43.680648" lon="3.925606">
        <ele>60.122662</ele>
        <time>2026-07-23T15:25:08.316Z</time>
      </trkpt>
      <trkpt lat="43.680670" lon="3.925545">
        <ele>60.018548</ele>
        <time>2026-07-23T15:25:09.390Z</time>
      </trkpt>
      <trkpt lat="43.680619" lon="3.925505">
        <ele>59.894715</ele>
        <time>2026-07-23T15:25:10.387Z</time>
      </trkpt>
      <trkpt lat="43.680781" lon="3.925034">
        <ele>59.918823</ele>
        <time>2026-07-23T15:25:17.886Z</time>
      </trkpt>
      <trkpt lat="43.680832" lon="3.924880">
        <ele>59.862425</ele>
        <time>2026-07-23T15:25:19.699Z</time>
      </trkpt>
      <trkpt lat="43.681240" lon="3.923664">
        <ele>58.363190</ele>
        <time>2026-07-23T15:25:33.166Z</time>
      </trkpt>
      <trkpt lat="43.681203" lon="3.923633">
        <ele>58.318941</ele>
        <time>2026-07-23T15:25:33.953Z</time>
      </trkpt>
      <trkpt lat="43.681241" lon="3.923535">
        <ele>58.236689</ele>
        <time>2026-07-23T15:25:36.079Z</time>
      </trkpt>
      <trkpt lat="43.681370" lon="3.923207">
        <ele>58.444886</ele>
        <time>2026-07-23T15:25:42.579Z</time>
      </trkpt>
      <trkpt lat="43.681757" lon="3.922407">
        <ele>58.441808</ele>
        <time>2026-07-23T15:25:56.750Z</time>
      </trkpt>
      <trkpt lat="43.681760" lon="3.922322">
        <ele>58.388024</ele>
        <time>2026-07-23T15:25:57.867Z</time>
      </trkpt>
      <trkpt lat="43.681718" lon="3.922167">
        <ele>58.230138</ele>
        <time>2026-07-23T15:25:59.797Z</time>
      </trkpt>
      <trkpt lat="43.681470" lon="3.921990">
        <ele>57.443219</ele>
        <time>2026-07-23T15:26:03.942Z</time>
      </trkpt>
      <trkpt lat="43.681481" lon="3.921957">
        <ele>57.394541</ele>
        <time>2026-07-23T15:26:04.356Z</time>
      </trkpt>
      <trkpt lat="43.681437" lon="3.921921">
        <ele>57.299837</ele>
        <time>2026-07-23T15:26:07.889Z</time>
      </trkpt>
      <trkpt lat="43.681085" lon="3.921685">
        <ele>57.051487</ele>
        <time>2026-07-23T15:26:19.868Z</time>
      </trkpt>
      <trkpt lat="43.680261" lon="3.921134">
        <ele>57.297191</ele>
        <time>2026-07-23T15:26:35.997Z</time>
      </trkpt>
      <trkpt lat="43.679213" lon="3.920434">
        <ele>59.431987</ele>
        <time>2026-07-23T15:27:06.894Z</time>
      </trkpt>
      <trkpt lat="43.678617" lon="3.920006">
        <ele>59.988557</ele>
        <time>2026-07-23T15:27:20.309Z</time>
      </trkpt>
      <trkpt lat="43.678279" lon="3.919764">
        <ele>60.145956</ele>
        <time>2026-07-23T15:27:27.676Z</time>
      </trkpt>
      <trkpt lat="43.677949" lon="3.919439">
        <ele>60.005794</ele>
        <time>2026-07-23T15:27:34.296Z</time>
      </trkpt>
      <trkpt lat="43.676014" lon="3.917439">
        <ele>59.134211</ele>
        <time>2026-07-23T15:28:13.234Z</time>
      </trkpt>
      <trkpt lat="43.675458" lon="3.916856">
        <ele>59.429619</ele>
        <time>2026-07-23T15:28:26.559Z</time>
      </trkpt>
      <trkpt lat="43.674770" lon="3.916153">
        <ele>57.930111</ele>
        <time>2026-07-23T15:28:38.341Z</time>
      </trkpt>
      <trkpt lat="43.674754" lon="3.916098">
        <ele>57.857813</ele>
        <time>2026-07-23T15:28:38.959Z</time>
      </trkpt>
      <trkpt lat="43.674743" lon="3.916052">
        <ele>57.848512</ele>
        <time>2026-07-23T15:28:39.472Z</time>
      </trkpt>
      <trkpt lat="43.672772" lon="3.914008">
        <ele>57.182575</ele>
        <time>2026-07-23T15:29:19.868Z</time>
      </trkpt>
      <trkpt lat="43.672274" lon="3.913566">
        <ele>56.887522</ele>
        <time>2026-07-23T15:29:29.117Z</time>
      </trkpt>
      <trkpt lat="43.671880" lon="3.913334">
        <ele>57.302441</ele>
        <time>2026-07-23T15:29:38.708Z</time>
      </trkpt>
      <trkpt lat="43.671784" lon="3.913341">
        <ele>57.430790</ele>
        <time>2026-07-23T15:29:40.917Z</time>
      </trkpt>
      <trkpt lat="43.671630" lon="3.913445">
        <ele>57.769465</ele>
        <time>2026-07-23T15:29:45.182Z</time>
      </trkpt>
      <trkpt lat="43.671565" lon="3.913442">
        <ele>57.941680</ele>
        <time>2026-07-23T15:29:47.118Z</time>
      </trkpt>
      <trkpt lat="43.671489" lon="3.913440">
        <ele>58.202907</ele>
        <time>2026-07-23T15:29:49.793Z</time>
      </trkpt>
      <trkpt lat="43.671447" lon="3.913438">
        <ele>58.347328</ele>
        <time>2026-07-23T15:29:51.282Z</time>
      </trkpt>
      <trkpt lat="43.671393" lon="3.913358">
        <ele>58.613255</ele>
        <time>2026-07-23T15:29:53.850Z</time>
      </trkpt>
      <trkpt lat="43.671290" lon="3.913316">
        <ele>58.696107</ele>
        <time>2026-07-23T15:29:56.360Z</time>
      </trkpt>
      <trkpt lat="43.671250" lon="3.913131">
        <ele>58.765615</ele>
        <time>2026-07-23T15:29:58.631Z</time>
      </trkpt>
      <trkpt lat="43.671193" lon="3.912994">
        <ele>58.675334</ele>
        <time>2026-07-23T15:30:00.400Z</time>
      </trkpt>
      <trkpt lat="43.671030" lon="3.912866">
        <ele>58.344761</ele>
        <time>2026-07-23T15:30:03.254Z</time>
      </trkpt>
      <trkpt lat="43.670605" lon="3.912618">
        <ele>57.146279</ele>
        <time>2026-07-23T15:30:09.090Z</time>
      </trkpt>
      <trkpt lat="43.669832" lon="3.911969">
        <ele>55.212877</ele>
        <time>2026-07-23T15:30:21.139Z</time>
      </trkpt>
      <trkpt lat="43.668568" lon="3.910840">
        <ele>54.808983</ele>
        <time>2026-07-23T15:30:46.096Z</time>
      </trkpt>
      <trkpt lat="43.668365" lon="3.910586">
        <ele>54.745421</ele>
        <time>2026-07-23T15:30:50.905Z</time>
      </trkpt>
      <trkpt lat="43.667696" lon="3.909623">
        <ele>54.133317</ele>
        <time>2026-07-23T15:31:05.920Z</time>
      </trkpt>
      <trkpt lat="43.667590" lon="3.909582">
        <ele>53.928680</ele>
        <time>2026-07-23T15:31:07.422Z</time>
      </trkpt>
      <trkpt lat="43.667433" lon="3.909595">
        <ele>53.478291</ele>
        <time>2026-07-23T15:31:09.387Z</time>
      </trkpt>
      <trkpt lat="43.667393" lon="3.909557">
        <ele>53.380997</ele>
        <time>2026-07-23T15:31:09.990Z</time>
      </trkpt>
      <trkpt lat="43.667337" lon="3.909498">
        <ele>53.274419</ele>
        <time>2026-07-23T15:31:10.922Z</time>
      </trkpt>
      <trkpt lat="43.667297" lon="3.909425">
        <ele>53.174144</ele>
        <time>2026-07-23T15:31:11.904Z</time>
      </trkpt>
      <trkpt lat="43.667296" lon="3.909081">
        <ele>53.255452</ele>
        <time>2026-07-23T15:31:17.093Z</time>
      </trkpt>
      <trkpt lat="43.667259" lon="3.908943">
        <ele>53.314622</ele>
        <time>2026-07-23T15:31:19.263Z</time>
      </trkpt>
      <trkpt lat="43.666230" lon="3.907580">
        <ele>54.132823</ele>
        <time>2026-07-23T15:31:46.003Z</time>
      </trkpt>
      <trkpt lat="43.665908" lon="3.907105">
        <ele>56.226307</ele>
        <time>2026-07-23T15:32:04.828Z</time>
      </trkpt>
      <trkpt lat="43.665743" lon="3.906680">
        <ele>58.062253</ele>
        <time>2026-07-23T15:32:18.996Z</time>
      </trkpt>
      <trkpt lat="43.665684" lon="3.906337">
        <ele>59.271162</ele>
        <time>2026-07-23T15:32:28.846Z</time>
      </trkpt>
      <trkpt lat="43.665657" lon="3.906009">
        <ele>60.262950</ele>
        <time>2026-07-23T15:32:37.529Z</time>
      </trkpt>
      <trkpt lat="43.665640" lon="3.904442">
        <ele>64.321861</ele>
        <time>2026-07-23T15:33:14.741Z</time>
      </trkpt>
      <trkpt lat="43.665601" lon="3.904165">
        <ele>65.127428</ele>
        <time>2026-07-23T15:33:22.176Z</time>
      </trkpt>
      <trkpt lat="43.665532" lon="3.903938">
        <ele>65.830394</ele>
        <time>2026-07-23T15:33:28.615Z</time>
      </trkpt>
      <trkpt lat="43.665398" lon="3.903681">
        <ele>66.551129</ele>
        <time>2026-07-23T15:33:35.989Z</time>
      </trkpt>
      <trkpt lat="43.665145" lon="3.903477">
        <ele>67.107886</ele>
        <time>2026-07-23T15:33:43.608Z</time>
      </trkpt>
      <trkpt lat="43.664889" lon="3.903419">
        <ele>67.073101</ele>
        <time>2026-07-23T15:33:48.554Z</time>
      </trkpt>
      <trkpt lat="43.664418" lon="3.903410">
        <ele>65.250769</ele>
        <time>2026-07-23T15:33:54.183Z</time>
      </trkpt>
      <trkpt lat="43.664218" lon="3.903357">
        <ele>64.302322</ele>
        <time>2026-07-23T15:33:56.549Z</time>
      </trkpt>
      <trkpt lat="43.663984" lon="3.903246">
        <ele>63.425564</ele>
        <time>2026-07-23T15:33:59.635Z</time>
      </trkpt>
      <trkpt lat="43.663021" lon="3.902834">
        <ele>60.749818</ele>
        <time>2026-07-23T15:34:12.726Z</time>
      </trkpt>
      <trkpt lat="43.662871" lon="3.902851">
        <ele>60.448239</ele>
        <time>2026-07-23T15:34:14.788Z</time>
      </trkpt>
      <trkpt lat="43.662819" lon="3.902888">
        <ele>60.373571</ele>
        <time>2026-07-23T15:34:15.644Z</time>
      </trkpt>
      <trkpt lat="43.662783" lon="3.902956">
        <ele>60.299518</ele>
        <time>2026-07-23T15:34:16.568Z</time>
      </trkpt>
      <trkpt lat="43.662706" lon="3.903065">
        <ele>60.165512</ele>
        <time>2026-07-23T15:34:18.127Z</time>
      </trkpt>
      <trkpt lat="43.662614" lon="3.903092">
        <ele>60.004107</ele>
        <time>2026-07-23T15:34:19.395Z</time>
      </trkpt>
      <trkpt lat="43.662530" lon="3.903092">
        <ele>59.859951</ele>
        <time>2026-07-23T15:34:20.557Z</time>
      </trkpt>
      <trkpt lat="43.662444" lon="3.903068">
        <ele>59.782468</ele>
        <time>2026-07-23T15:34:21.899Z</time>
      </trkpt>
      <trkpt lat="43.662343" lon="3.902942">
        <ele>59.790366</ele>
        <time>2026-07-23T15:34:24.387Z</time>
      </trkpt>
      <trkpt lat="43.662277" lon="3.902620">
        <ele>59.760920</ele>
        <time>2026-07-23T15:34:28.473Z</time>
      </trkpt>
      <trkpt lat="43.662201" lon="3.902542">
        <ele>59.731679</ele>
        <time>2026-07-23T15:34:29.950Z</time>
      </trkpt>
      <trkpt lat="43.661302" lon="3.902244">
        <ele>59.490842</ele>
        <time>2026-07-23T15:34:44.853Z</time>
      </trkpt>
      <trkpt lat="43.660643" lon="3.901835">
        <ele>59.973656</ele>
        <time>2026-07-23T15:34:59.954Z</time>
      </trkpt>
      <trkpt lat="43.660081" lon="3.901641">
        <ele>60.115246</ele>
        <time>2026-07-23T15:35:10.887Z</time>
      </trkpt>
      <trkpt lat="43.660029" lon="3.901646">
        <ele>60.057455</ele>
        <time>2026-07-23T15:35:11.660Z</time>
      </trkpt>
      <trkpt lat="43.660041" lon="3.901595">
        <ele>60.014441</ele>
        <time>2026-07-23T15:35:12.191Z</time>
      </trkpt>
      <trkpt lat="43.660048" lon="3.901564">
        <ele>59.988394</ele>
        <time>2026-07-23T15:35:12.705Z</time>
      </trkpt>
      <trkpt lat="43.660080" lon="3.901409">
        <ele>59.970044</ele>
        <time>2026-07-23T15:35:15.343Z</time>
      </trkpt>
      <trkpt lat="43.660088" lon="3.901371">
        <ele>60.003968</ele>
        <time>2026-07-23T15:35:16.091Z</time>
      </trkpt>
      <trkpt lat="43.660058" lon="3.900996">
        <ele>60.412686</ele>
        <time>2026-07-23T15:35:23.737Z</time>
      </trkpt>
      <trkpt lat="43.660026" lon="3.900893">
        <ele>60.564071</ele>
        <time>2026-07-23T15:35:25.639Z</time>
      </trkpt>
      <trkpt lat="43.659836" lon="3.900527">
        <ele>60.853252</ele>
        <time>2026-07-23T15:35:32.296Z</time>
      </trkpt>
      <trkpt lat="43.659852" lon="3.900184">
        <ele>61.281467</ele>
        <time>2026-07-23T15:35:38.299Z</time>
      </trkpt>
      <trkpt lat="43.659879" lon="3.900010">
        <ele>61.589820</ele>
        <time>2026-07-23T15:35:42.196Z</time>
      </trkpt>
      <trkpt lat="43.659965" lon="3.899747">
        <ele>62.141138</ele>
        <time>2026-07-23T15:35:48.788Z</time>
      </trkpt>
      <trkpt lat="43.660041" lon="3.899653">
        <ele>62.180484</ele>
        <time>2026-07-23T15:35:50.864Z</time>
      </trkpt>
      <trkpt lat="43.660115" lon="3.899629">
        <ele>62.199403</ele>
        <time>2026-07-23T15:35:51.992Z</time>
      </trkpt>
      <trkpt lat="43.660127" lon="3.899583">
        <ele>62.208208</ele>
        <time>2026-07-23T15:35:52.836Z</time>
      </trkpt>
      <trkpt lat="43.660139" lon="3.899533">
        <ele>62.241700</ele>
        <time>2026-07-23T15:35:53.760Z</time>
      </trkpt>
      <trkpt lat="43.660108" lon="3.899515">
        <ele>62.288855</ele>
        <time>2026-07-23T15:35:54.357Z</time>
      </trkpt>
      <trkpt lat="43.660119" lon="3.899472">
        <ele>62.335129</ele>
        <time>2026-07-23T15:35:55.167Z</time>
      </trkpt>
      <trkpt lat="43.660070" lon="3.899409">
        <ele>62.428979</ele>
        <time>2026-07-23T15:35:57.126Z</time>
      </trkpt>
      <trkpt lat="43.660036" lon="3.899285">
        <ele>62.607973</ele>
        <time>2026-07-23T15:36:00.353Z</time>
      </trkpt>
      <trkpt lat="43.660090" lon="3.898858">
        <ele>63.582742</ele>
        <time>2026-07-23T15:36:11.001Z</time>
      </trkpt>
      <trkpt lat="43.660120" lon="3.898332">
        <ele>64.660777</ele>
        <time>2026-07-23T15:36:23.308Z</time>
      </trkpt>
      <trkpt lat="43.660058" lon="3.897998">
        <ele>65.185218</ele>
        <time>2026-07-23T15:36:30.786Z</time>
      </trkpt>
      <trkpt lat="43.660069" lon="3.897683">
        <ele>65.469811</ele>
        <time>2026-07-23T15:36:37.050Z</time>
      </trkpt>
      <trkpt lat="43.660178" lon="3.896671">
        <ele>65.275846</ele>
        <time>2026-07-23T15:36:51.333Z</time>
      </trkpt>
      <trkpt lat="43.660170" lon="3.896558">
        <ele>65.133172</ele>
        <time>2026-07-23T15:36:52.534Z</time>
      </trkpt>
      <trkpt lat="43.660142" lon="3.896564">
        <ele>65.029012</ele>
        <time>2026-07-23T15:36:53.082Z</time>
      </trkpt>
      <trkpt lat="43.660139" lon="3.896499">
        <ele>64.845942</ele>
        <time>2026-07-23T15:36:53.636Z</time>
      </trkpt>
      <trkpt lat="43.660186" lon="3.896445">
        <ele>64.608493</ele>
        <time>2026-07-23T15:36:54.371Z</time>
      </trkpt>
      <trkpt lat="43.660196" lon="3.896333">
        <ele>64.291301</ele>
        <time>2026-07-23T15:36:55.410Z</time>
      </trkpt>
      <trkpt lat="43.660182" lon="3.896294">
        <ele>64.167089</ele>
        <time>2026-07-23T15:36:55.823Z</time>
      </trkpt>
      <trkpt lat="43.660202" lon="3.896209">
        <ele>63.910479</ele>
        <time>2026-07-23T15:36:56.656Z</time>
      </trkpt>
      <trkpt lat="43.660232" lon="3.895822">
        <ele>62.810528</ele>
        <time>2026-07-23T15:36:59.953Z</time>
      </trkpt>
      <trkpt lat="43.660255" lon="3.895552">
        <ele>62.252504</ele>
        <time>2026-07-23T15:37:02.555Z</time>
      </trkpt>
      <trkpt lat="43.660284" lon="3.895536">
        <ele>62.186125</ele>
        <time>2026-07-23T15:37:03.005Z</time>
      </trkpt>
      <trkpt lat="43.660275" lon="3.895427">
        <ele>62.020107</ele>
        <time>2026-07-23T15:37:04.151Z</time>
      </trkpt>
      <trkpt lat="43.660273" lon="3.895397">
        <ele>62.025440</ele>
        <time>2026-07-23T15:37:04.475Z</time>
      </trkpt>
      <trkpt lat="43.660260" lon="3.895284">
        <ele>62.045694</ele>
        <time>2026-07-23T15:37:05.692Z</time>
      </trkpt>
      <trkpt lat="43.659958" lon="3.894262">
        <ele>62.323251</ele>
        <time>2026-07-23T15:37:20.860Z</time>
      </trkpt>
      <trkpt lat="43.659802" lon="3.893535">
        <ele>63.111736</ele>
        <time>2026-07-23T15:37:33.397Z</time>
      </trkpt>
      <trkpt lat="43.659492" lon="3.892273">
        <ele>65.452075</ele>
        <time>2026-07-23T15:38:00.685Z</time>
      </trkpt>
      <trkpt lat="43.659661" lon="3.891787">
        <ele>66.754611</ele>
        <time>2026-07-23T15:38:14.149Z</time>
      </trkpt>
      <trkpt lat="43.659672" lon="3.891749">
        <ele>66.848581</ele>
        <time>2026-07-23T15:38:15.155Z</time>
      </trkpt>
      <trkpt lat="43.659784" lon="3.891351">
        <ele>67.750052</ele>
        <time>2026-07-23T15:38:24.461Z</time>
      </trkpt>
      <trkpt lat="43.659748" lon="3.891166">
        <ele>68.634395</ele>
        <time>2026-07-23T15:38:29.676Z</time>
      </trkpt>
      <trkpt lat="43.659451" lon="3.890639">
        <ele>73.249774</ele>
        <time>2026-07-23T15:39:00.437Z</time>
      </trkpt>
      <trkpt lat="43.659397" lon="3.890542">
        <ele>74.190076</ele>
        <time>2026-07-23T15:39:06.320Z</time>
      </trkpt>
      <trkpt lat="43.659234" lon="3.890250">
        <ele>77.068273</ele>
        <time>2026-07-23T15:39:24.330Z</time>
      </trkpt>
      <trkpt lat="43.659169" lon="3.890080">
        <ele>78.522671</ele>
        <time>2026-07-23T15:39:33.579Z</time>
      </trkpt>
      <trkpt lat="43.659114" lon="3.889933">
        <ele>79.400367</ele>
        <time>2026-07-23T15:39:40.279Z</time>
      </trkpt>
      <trkpt lat="43.659089" lon="3.889918">
        <ele>79.592747</ele>
        <time>2026-07-23T15:39:41.605Z</time>
      </trkpt>
      <trkpt lat="43.659010" lon="3.889880">
        <ele>80.183199</ele>
        <time>2026-07-23T15:39:45.085Z</time>
      </trkpt>
      <trkpt lat="43.658937" lon="3.889842">
        <ele>80.209230</ele>
        <time>2026-07-23T15:39:47.493Z</time>
      </trkpt>
      <trkpt lat="43.658899" lon="3.889844">
        <ele>80.208884</ele>
        <time>2026-07-23T15:39:48.190Z</time>
      </trkpt>
      <trkpt lat="43.658606" lon="3.889498">
        <ele>79.525349</ele>
        <time>2026-07-23T15:39:53.275Z</time>
      </trkpt>
      <trkpt lat="43.658601" lon="3.889489">
        <ele>79.506843</ele>
        <time>2026-07-23T15:39:53.412Z</time>
      </trkpt>
      <trkpt lat="43.658459" lon="3.889230">
        <ele>78.843617</ele>
        <time>2026-07-23T15:39:57.169Z</time>
      </trkpt>
      <trkpt lat="43.658283" lon="3.888854">
        <ele>77.252937</ele>
        <time>2026-07-23T15:40:01.624Z</time>
      </trkpt>
      <trkpt lat="43.658112" lon="3.888327">
        <ele>74.602095</ele>
        <time>2026-07-23T15:40:06.588Z</time>
      </trkpt>
      <trkpt lat="43.657817" lon="3.887707">
        <ele>70.383016</ele>
        <time>2026-07-23T15:40:12.721Z</time>
      </trkpt>
      <trkpt lat="43.657771" lon="3.887597">
        <ele>69.780476</ele>
        <time>2026-07-23T15:40:13.715Z</time>
      </trkpt>
      <trkpt lat="43.657564" lon="3.886992">
        <ele>66.643483</ele>
        <time>2026-07-23T15:40:19.182Z</time>
      </trkpt>
      <trkpt lat="43.657541" lon="3.886977">
        <ele>66.479440</ele>
        <time>2026-07-23T15:40:19.471Z</time>
      </trkpt>
      <trkpt lat="43.657438" lon="3.886705">
        <ele>64.988975</ele>
        <time>2026-07-23T15:40:21.936Z</time>
      </trkpt>
      <trkpt lat="43.657360" lon="3.886563">
        <ele>64.098236</ele>
        <time>2026-07-23T15:40:23.372Z</time>
      </trkpt>
      <trkpt lat="43.657292" lon="3.886436">
        <ele>63.298283</ele>
        <time>2026-07-23T15:40:24.640Z</time>
      </trkpt>
      <trkpt lat="43.657214" lon="3.886292">
        <ele>62.313707</ele>
        <time>2026-07-23T15:40:26.057Z</time>
      </trkpt>
      <trkpt lat="43.657053" lon="3.886063">
        <ele>60.540943</ele>
        <time>2026-07-23T15:40:28.540Z</time>
      </trkpt>
      <trkpt lat="43.656996" lon="3.885969">
        <ele>59.931968</ele>
        <time>2026-07-23T15:40:29.522Z</time>
      </trkpt>
      <trkpt lat="43.656872" lon="3.885780">
        <ele>59.068440</ele>
        <time>2026-07-23T15:40:31.705Z</time>
      </trkpt>
      <trkpt lat="43.656803" lon="3.885438">
        <ele>58.354850</ele>
        <time>2026-07-23T15:40:35.145Z</time>
      </trkpt>
      <trkpt lat="43.656697" lon="3.884873">
        <ele>57.199281</ele>
        <time>2026-07-23T15:40:40.610Z</time>
      </trkpt>
      <trkpt lat="43.656625" lon="3.884549">
        <ele>56.556896</ele>
        <time>2026-07-23T15:40:43.752Z</time>
      </trkpt>
      <trkpt lat="43.656508" lon="3.883944">
        <ele>55.661502</ele>
        <time>2026-07-23T15:40:50.061Z</time>
      </trkpt>
      <trkpt lat="43.656394" lon="3.883654">
        <ele>55.158845</ele>
        <time>2026-07-23T15:40:53.193Z</time>
      </trkpt>
      <trkpt lat="43.655990" lon="3.882600">
        <ele>54.044572</ele>
        <time>2026-07-23T15:41:05.664Z</time>
      </trkpt>
      <trkpt lat="43.655894" lon="3.882336">
        <ele>53.901017</ele>
        <time>2026-07-23T15:41:09.026Z</time>
      </trkpt>
      <trkpt lat="43.655481" lon="3.881261">
        <ele>53.340701</ele>
        <time>2026-07-23T15:41:23.043Z</time>
      </trkpt>
      <trkpt lat="43.655439" lon="3.881204">
        <ele>53.220561</ele>
        <time>2026-07-23T15:41:23.968Z</time>
      </trkpt>
      <trkpt lat="43.655382" lon="3.881072">
        <ele>53.086166</ele>
        <time>2026-07-23T15:41:25.564Z</time>
      </trkpt>
      <trkpt lat="43.655373" lon="3.881017">
        <ele>53.086166</ele>
        <time>2026-07-23T15:41:26.130Z</time>
      </trkpt>
      <trkpt lat="43.655328" lon="3.880964">
        <ele>53.086166</ele>
        <time>2026-07-23T15:41:26.952Z</time>
      </trkpt>
      <trkpt lat="43.655263" lon="3.880976">
        <ele>53.086166</ele>
        <time>2026-07-23T15:41:27.860Z</time>
      </trkpt>
      <trkpt lat="43.655253" lon="3.880949">
        <ele>53.086166</ele>
        <time>2026-07-23T15:41:29.416Z</time>
      </trkpt>
      <trkpt lat="43.655233" lon="3.880895">
        <ele>53.086166</ele>
        <time>2026-07-23T15:41:32.448Z</time>
      </trkpt>
      <trkpt lat="43.655214" lon="3.880842">
        <ele>53.086166</ele>
        <time>2026-07-23T15:41:35.428Z</time>
      </trkpt>
    </trkseg>
  </trk>
</gpx>