<?xml version='1.0' encoding='UTF-8'?>
<gpx version="1.1" creator="https://www.komoot.de" xmlns="http://www.topografix.com/GPX/1/1" xmlns:xsi="http://www.w3.org/2001/XMLSchema-instance" xsi:schemaLocation="http://www.topografix.com/GPX/1/1 http://www.topografix.com/GPX/1/1/gpx.xsd">
  <metadata>
    <name>TMP - Clapiers - La Gardiole</name>
    <author>
      <link href="https://www.komoot.de">
        <text>komoot</text>
        <type>text/html</type>
      </link>
    </author>
  </metadata>
  <trk>
    <name>TMP - Clapiers - La Gardiole</name>
    <type>mtb_easy</type>
    <trkseg>
      <trkpt lat="43.655234" lon="3.881023">
        <ele>52.605182</ele>
        <time>2026-07-24T15:13:54.691Z</time>
      </trkpt>
      <trkpt lat="43.655243" lon="3.881130">
        <ele>52.605182</ele>
        <time>2026-07-24T15:13:57.255Z</time>
      </trkpt>
      <trkpt lat="43.655285" lon="3.881169">
        <ele>52.616507</ele>
        <time>2026-07-24T15:13:59.011Z</time>
      </trkpt>
      <trkpt lat="43.655335" lon="3.881164">
        <ele>52.651727</ele>
        <time>2026-07-24T15:14:00.526Z</time>
      </trkpt>
      <trkpt lat="43.655382" lon="3.881072">
        <ele>52.708974</ele>
        <time>2026-07-24T15:14:02.226Z</time>
      </trkpt>
      <trkpt lat="43.655373" lon="3.881017">
        <ele>52.737637</ele>
        <time>2026-07-24T15:14:02.933Z</time>
      </trkpt>
      <trkpt lat="43.655435" lon="3.880924">
        <ele>52.789459</ele>
        <time>2026-07-24T15:14:04.568Z</time>
      </trkpt>
      <trkpt lat="43.655581" lon="3.880824">
        <ele>52.867157</ele>
        <time>2026-07-24T15:14:08.543Z</time>
      </trkpt>
      <trkpt lat="43.655567" lon="3.880689">
        <ele>52.931057</ele>
        <time>2026-07-24T15:14:10.765Z</time>
      </trkpt>
      <trkpt lat="43.655459" lon="3.880684">
        <ele>53.002381</ele>
        <time>2026-07-24T15:14:13.276Z</time>
      </trkpt>
      <trkpt lat="43.655417" lon="3.880530">
        <ele>52.932890</ele>
        <time>2026-07-24T15:14:16.212Z</time>
      </trkpt>
      <trkpt lat="43.655389" lon="3.880427">
        <ele>52.860401</ele>
        <time>2026-07-24T15:14:17.385Z</time>
      </trkpt>
      <trkpt lat="43.655233" lon="3.879834">
        <ele>50.958184</ele>
        <time>2026-07-24T15:14:22.743Z</time>
      </trkpt>
      <trkpt lat="43.655147" lon="3.879498">
        <ele>50.055871</ele>
        <time>2026-07-24T15:14:25.992Z</time>
      </trkpt>
      <trkpt lat="43.655091" lon="3.879278">
        <ele>49.738147</ele>
        <time>2026-07-24T15:14:28.320Z</time>
      </trkpt>
      <trkpt lat="43.654938" lon="3.878768">
        <ele>49.254213</ele>
        <time>2026-07-24T15:14:34.032Z</time>
      </trkpt>
      <trkpt lat="43.654886" lon="3.878675">
        <ele>49.190610</ele>
        <time>2026-07-24T15:14:35.508Z</time>
      </trkpt>
      <trkpt lat="43.654919" lon="3.878294">
        <ele>49.004484</ele>
        <time>2026-07-24T15:14:39.745Z</time>
      </trkpt>
      <trkpt lat="43.654970" lon="3.876465">
        <ele>48.196587</ele>
        <time>2026-07-24T15:15:00.507Z</time>
      </trkpt>
      <trkpt lat="43.654990" lon="3.875312">
        <ele>47.642185</ele>
        <time>2026-07-24T15:15:13.428Z</time>
      </trkpt>
      <trkpt lat="43.654933" lon="3.875283">
        <ele>47.614964</ele>
        <time>2026-07-24T15:15:15.181Z</time>
      </trkpt>
      <trkpt lat="43.654864" lon="3.874746">
        <ele>47.615834</ele>
        <time>2026-07-24T15:15:28.362Z</time>
      </trkpt>
      <trkpt lat="43.654848" lon="3.874708">
        <ele>47.607310</ele>
        <time>2026-07-24T15:15:29.278Z</time>
      </trkpt>
      <trkpt lat="43.654792" lon="3.874693">
        <ele>47.534008</ele>
        <time>2026-07-24T15:15:30.879Z</time>
      </trkpt>
      <trkpt lat="43.654452" lon="3.874791">
        <ele>46.612767</ele>
        <time>2026-07-24T15:15:36.172Z</time>
      </trkpt>
      <trkpt lat="43.654410" lon="3.874783">
        <ele>46.494356</ele>
        <time>2026-07-24T15:15:37.353Z</time>
      </trkpt>
      <trkpt lat="43.654375" lon="3.874733">
        <ele>46.337557</ele>
        <time>2026-07-24T15:15:38.731Z</time>
      </trkpt>
      <trkpt lat="43.653912" lon="3.873801">
        <ele>43.393151</ele>
        <time>2026-07-24T15:15:59.188Z</time>
      </trkpt>
      <trkpt lat="43.653785" lon="3.873682">
        <ele>43.096341</ele>
        <time>2026-07-24T15:16:01.998Z</time>
      </trkpt>
      <trkpt lat="43.653647" lon="3.873509">
        <ele>42.820690</ele>
        <time>2026-07-24T15:16:04.871Z</time>
      </trkpt>
      <trkpt lat="43.653166" lon="3.872948">
        <ele>41.681338</ele>
        <time>2026-07-24T15:16:14.628Z</time>
      </trkpt>
      <trkpt lat="43.652355" lon="3.871924">
        <ele>39.185279</ele>
        <time>2026-07-24T15:16:30.834Z</time>
      </trkpt>
      <trkpt lat="43.652077" lon="3.871393">
        <ele>39.129062</ele>
        <time>2026-07-24T15:16:39.854Z</time>
      </trkpt>
      <trkpt lat="43.651799" lon="3.870812">
        <ele>39.772595</ele>
        <time>2026-07-24T15:16:51.607Z</time>
      </trkpt>
      <trkpt lat="43.651580" lon="3.870259">
        <ele>41.512478</ele>
        <time>2026-07-24T15:17:15.608Z</time>
      </trkpt>
      <trkpt lat="43.651291" lon="3.869496">
        <ele>42.566936</ele>
        <time>2026-07-24T15:17:31.217Z</time>
      </trkpt>
      <trkpt lat="43.651113" lon="3.868913">
        <ele>42.820394</ele>
        <time>2026-07-24T15:17:40.618Z</time>
      </trkpt>
      <trkpt lat="43.650915" lon="3.868111">
        <ele>43.431809</ele>
        <time>2026-07-24T15:17:54.954Z</time>
      </trkpt>
      <trkpt lat="43.650776" lon="3.867087">
        <ele>44.592858</ele>
        <time>2026-07-24T15:18:15.339Z</time>
      </trkpt>
      <trkpt lat="43.650705" lon="3.866796">
        <ele>44.308669</ele>
        <time>2026-07-24T15:18:19.076Z</time>
      </trkpt>
      <trkpt lat="43.650614" lon="3.866548">
        <ele>43.081218</ele>
        <time>2026-07-24T15:18:21.557Z</time>
      </trkpt>
      <trkpt lat="43.650507" lon="3.866364">
        <ele>41.775913</ele>
        <time>2026-07-24T15:18:23.391Z</time>
      </trkpt>
      <trkpt lat="43.650427" lon="3.866239">
        <ele>41.401060</ele>
        <time>2026-07-24T15:18:24.762Z</time>
      </trkpt>
      <trkpt lat="43.650393" lon="3.866200">
        <ele>41.368724</ele>
        <time>2026-07-24T15:18:25.420Z</time>
      </trkpt>
      <trkpt lat="43.650365" lon="3.866172">
        <ele>41.343431</ele>
        <time>2026-07-24T15:18:26.248Z</time>
      </trkpt>
      <trkpt lat="43.650270" lon="3.866023">
        <ele>41.527165</ele>
        <time>2026-07-24T15:18:32.219Z</time>
      </trkpt>
      <trkpt lat="43.650262" lon="3.865996">
        <ele>41.591021</ele>
        <time>2026-07-24T15:18:33.024Z</time>
      </trkpt>
      <trkpt lat="43.650270" lon="3.865953">
        <ele>41.688194</ele>
        <time>2026-07-24T15:18:34.062Z</time>
      </trkpt>
      <trkpt lat="43.650281" lon="3.865859">
        <ele>41.896600</ele>
        <time>2026-07-24T15:18:35.744Z</time>
      </trkpt>
      <trkpt lat="43.650372" lon="3.865704">
        <ele>42.014099</ele>
        <time>2026-07-24T15:18:38.382Z</time>
      </trkpt>
      <trkpt lat="43.650545" lon="3.865528">
        <ele>42.036886</ele>
        <time>2026-07-24T15:18:42.907Z</time>
      </trkpt>
      <trkpt lat="43.650619" lon="3.865121">
        <ele>41.936711</ele>
        <time>2026-07-24T15:18:48.503Z</time>
      </trkpt>
      <trkpt lat="43.650524" lon="3.863892">
        <ele>42.205570</ele>
        <time>2026-07-24T15:19:07.246Z</time>
      </trkpt>
      <trkpt lat="43.650505" lon="3.863634">
        <ele>42.428685</ele>
        <time>2026-07-24T15:19:13.328Z</time>
      </trkpt>
      <trkpt lat="43.650468" lon="3.863082">
        <ele>42.880385</ele>
        <time>2026-07-24T15:19:20.427Z</time>
      </trkpt>
      <trkpt lat="43.650120" lon="3.859624">
        <ele>55.809316</ele>
        <time>2026-07-24T15:21:12.896Z</time>
      </trkpt>
      <trkpt lat="43.649586" lon="3.857429">
        <ele>55.969584</ele>
        <time>2026-07-24T15:21:45.488Z</time>
      </trkpt>
      <trkpt lat="43.649456" lon="3.857068">
        <ele>56.444470</ele>
        <time>2026-07-24T15:21:53.818Z</time>
      </trkpt>
      <trkpt lat="43.649210" lon="3.856504">
        <ele>57.424272</ele>
        <time>2026-07-24T15:22:08.110Z</time>
      </trkpt>
      <trkpt lat="43.648950" lon="3.856051">
        <ele>57.816488</ele>
        <time>2026-07-24T15:22:18.093Z</time>
      </trkpt>
      <trkpt lat="43.648577" lon="3.855571">
        <ele>57.979564</ele>
        <time>2026-07-24T15:22:28.141Z</time>
      </trkpt>
      <trkpt lat="43.648379" lon="3.855368">
        <ele>58.719334</ele>
        <time>2026-07-24T15:22:36.384Z</time>
      </trkpt>
      <trkpt lat="43.647950" lon="3.855000">
        <ele>61.446765</ele>
        <time>2026-07-24T15:22:59.577Z</time>
      </trkpt>
      <trkpt lat="43.647576" lon="3.854761">
        <ele>63.030452</ele>
        <time>2026-07-24T15:23:14.817Z</time>
      </trkpt>
      <trkpt lat="43.646926" lon="3.854471">
        <ele>64.588834</ele>
        <time>2026-07-24T15:23:35.428Z</time>
      </trkpt>
      <trkpt lat="43.646335" lon="3.854169">
        <ele>65.992034</ele>
        <time>2026-07-24T15:23:53.050Z</time>
      </trkpt>
      <trkpt lat="43.646089" lon="3.854029">
        <ele>67.257625</ele>
        <time>2026-07-24T15:24:05.254Z</time>
      </trkpt>
      <trkpt lat="43.645664" lon="3.853641">
        <ele>69.579608</ele>
        <time>2026-07-24T15:24:25.750Z</time>
      </trkpt>
      <trkpt lat="43.645518" lon="3.853453">
        <ele>70.393034</ele>
        <time>2026-07-24T15:24:33.317Z</time>
      </trkpt>
      <trkpt lat="43.645224" lon="3.852981">
        <ele>72.094073</ele>
        <time>2026-07-24T15:24:50.008Z</time>
      </trkpt>
      <trkpt lat="43.645119" lon="3.852937">
        <ele>72.444103</ele>
        <time>2026-07-24T15:24:53.879Z</time>
      </trkpt>
      <trkpt lat="43.645042" lon="3.852940">
        <ele>72.689844</ele>
        <time>2026-07-24T15:24:56.610Z</time>
      </trkpt>
      <trkpt lat="43.644967" lon="3.853001">
        <ele>72.773169</ele>
        <time>2026-07-24T15:24:59.056Z</time>
      </trkpt>
      <trkpt lat="43.644941" lon="3.852976">
        <ele>72.759176</ele>
        <time>2026-07-24T15:24:59.772Z</time>
      </trkpt>
      <trkpt lat="43.644915" lon="3.852950">
        <ele>72.744999</ele>
        <time>2026-07-24T15:25:00.739Z</time>
      </trkpt>
      <trkpt lat="43.644851" lon="3.852886">
        <ele>72.710100</ele>
        <time>2026-07-24T15:25:02.590Z</time>
      </trkpt>
      <trkpt lat="43.644832" lon="3.852867">
        <ele>72.699740</ele>
        <time>2026-07-24T15:25:03.097Z</time>
      </trkpt>
      <trkpt lat="43.644809" lon="3.852378">
        <ele>71.122117</ele>
        <time>2026-07-24T15:25:07.954Z</time>
      </trkpt>
      <trkpt lat="43.644766" lon="3.852207">
        <ele>70.846267</ele>
        <time>2026-07-24T15:25:10.045Z</time>
      </trkpt>
      <trkpt lat="43.644548" lon="3.851776">
        <ele>72.007153</ele>
        <time>2026-07-24T15:25:24.583Z</time>
      </trkpt>
      <trkpt lat="43.643690" lon="3.850265">
        <ele>74.427855</ele>
        <time>2026-07-24T15:26:02.696Z</time>
      </trkpt>
      <trkpt lat="43.643473" lon="3.849805">
        <ele>74.125010</ele>
        <time>2026-07-24T15:26:09.901Z</time>
      </trkpt>
      <trkpt lat="43.643239" lon="3.849195">
        <ele>72.956763</ele>
        <time>2026-07-24T15:26:17.748Z</time>
      </trkpt>
      <trkpt lat="43.643065" lon="3.848849">
        <ele>71.817918</ele>
        <time>2026-07-24T15:26:22.129Z</time>
      </trkpt>
      <trkpt lat="43.642907" lon="3.848581">
        <ele>70.870348</ele>
        <time>2026-07-24T15:26:25.803Z</time>
      </trkpt>
      <trkpt lat="43.642746" lon="3.848377">
        <ele>69.887298</ele>
        <time>2026-07-24T15:26:28.952Z</time>
      </trkpt>
      <trkpt lat="43.642382" lon="3.848037">
        <ele>67.309090</ele>
        <time>2026-07-24T15:26:34.872Z</time>
      </trkpt>
      <trkpt lat="43.642005" lon="3.847787">
        <ele>64.790717</ele>
        <time>2026-07-24T15:26:40.506Z</time>
      </trkpt>
      <trkpt lat="43.641872" lon="3.847751">
        <ele>63.957355</ele>
        <time>2026-07-24T15:26:42.318Z</time>
      </trkpt>
      <trkpt lat="43.641629" lon="3.847742">
        <ele>62.355091</ele>
        <time>2026-07-24T15:26:45.514Z</time>
      </trkpt>
      <trkpt lat="43.641528" lon="3.847674">
        <ele>61.889793</ele>
        <time>2026-07-24T15:26:47.082Z</time>
      </trkpt>
      <trkpt lat="43.641135" lon="3.847660">
        <ele>60.789184</ele>
        <time>2026-07-24T15:26:53.264Z</time>
      </trkpt>
      <trkpt lat="43.640838" lon="3.847805">
        <ele>60.056813</ele>
        <time>2026-07-24T15:26:58.142Z</time>
      </trkpt>
      <trkpt lat="43.640816" lon="3.847859">
        <ele>59.962164</ele>
        <time>2026-07-24T15:26:58.874Z</time>
      </trkpt>
      <trkpt lat="43.640763" lon="3.847854">
        <ele>59.853084</ele>
        <time>2026-07-24T15:27:00.148Z</time>
      </trkpt>
      <trkpt lat="43.640710" lon="3.847847">
        <ele>59.770103</ele>
        <time>2026-07-24T15:27:01.436Z</time>
      </trkpt>
      <trkpt lat="43.640686" lon="3.847786">
        <ele>59.691789</ele>
        <time>2026-07-24T15:27:02.290Z</time>
      </trkpt>
      <trkpt lat="43.640435" lon="3.847612">
        <ele>59.013485</ele>
        <time>2026-07-24T15:27:06.404Z</time>
      </trkpt>
      <trkpt lat="43.640225" lon="3.847596">
        <ele>58.346443</ele>
        <time>2026-07-24T15:27:09.251Z</time>
      </trkpt>
      <trkpt lat="43.639001" lon="3.847587">
        <ele>56.530693</ele>
        <time>2026-07-24T15:27:28.731Z</time>
      </trkpt>
      <trkpt lat="43.638881" lon="3.847654">
        <ele>56.388297</ele>
        <time>2026-07-24T15:27:31.351Z</time>
      </trkpt>
      <trkpt lat="43.638850" lon="3.847596">
        <ele>56.330887</ele>
        <time>2026-07-24T15:27:32.154Z</time>
      </trkpt>
      <trkpt lat="43.638828" lon="3.847559">
        <ele>56.251944</ele>
        <time>2026-07-24T15:27:32.644Z</time>
      </trkpt>
      <trkpt lat="43.638681" lon="3.847563">
        <ele>55.735811</ele>
        <time>2026-07-24T15:27:34.669Z</time>
      </trkpt>
      <trkpt lat="43.638664" lon="3.847564">
        <ele>55.676080</ele>
        <time>2026-07-24T15:27:34.898Z</time>
      </trkpt>
      <trkpt lat="43.638567" lon="3.847567">
        <ele>55.258968</ele>
        <time>2026-07-24T15:27:36.201Z</time>
      </trkpt>
      <trkpt lat="43.638540" lon="3.847567">
        <ele>55.125333</ele>
        <time>2026-07-24T15:27:36.558Z</time>
      </trkpt>
      <trkpt lat="43.638375" lon="3.847567">
        <ele>54.309323</ele>
        <time>2026-07-24T15:27:38.721Z</time>
      </trkpt>
      <trkpt lat="43.638375" lon="3.847494">
        <ele>54.049525</ele>
        <time>2026-07-24T15:27:39.436Z</time>
      </trkpt>
      <trkpt lat="43.638377" lon="3.847269">
        <ele>53.274473</ele>
        <time>2026-07-24T15:27:41.697Z</time>
      </trkpt>
      <trkpt lat="43.638377" lon="3.847169">
        <ele>53.085187</ele>
        <time>2026-07-24T15:27:42.793Z</time>
      </trkpt>
      <trkpt lat="43.638360" lon="3.847127">
        <ele>52.994097</ele>
        <time>2026-07-24T15:27:43.279Z</time>
      </trkpt>
      <trkpt lat="43.638306" lon="3.847071">
        <ele>52.817507</ele>
        <time>2026-07-24T15:27:44.243Z</time>
      </trkpt>
      <trkpt lat="43.638220" lon="3.846902">
        <ele>52.491989</ele>
        <time>2026-07-24T15:27:46.365Z</time>
      </trkpt>
      <trkpt lat="43.638067" lon="3.846418">
        <ele>51.847429</ele>
        <time>2026-07-24T15:27:51.843Z</time>
      </trkpt>
      <trkpt lat="43.637909" lon="3.846195">
        <ele>51.963747</ele>
        <time>2026-07-24T15:27:57.177Z</time>
      </trkpt>
      <trkpt lat="43.636892" lon="3.845174">
        <ele>52.741233</ele>
        <time>2026-07-24T15:28:23.631Z</time>
      </trkpt>
      <trkpt lat="43.636924" lon="3.845127">
        <ele>52.755459</ele>
        <time>2026-07-24T15:28:26.850Z</time>
      </trkpt>
      <trkpt lat="43.636956" lon="3.845016">
        <ele>52.499108</ele>
        <time>2026-07-24T15:28:32.865Z</time>
      </trkpt>
      <trkpt lat="43.636794" lon="3.844843">
        <ele>51.801426</ele>
        <time>2026-07-24T15:28:35.309Z</time>
      </trkpt>
      <trkpt lat="43.636832" lon="3.844794">
        <ele>51.579464</ele>
        <time>2026-07-24T15:28:35.952Z</time>
      </trkpt>
      <trkpt lat="43.636850" lon="3.844771">
        <ele>51.474767</ele>
        <time>2026-07-24T15:28:36.268Z</time>
      </trkpt>
      <trkpt lat="43.636874" lon="3.844741">
        <ele>51.336561</ele>
        <time>2026-07-24T15:28:36.675Z</time>
      </trkpt>
      <trkpt lat="43.636630" lon="3.844539">
        <ele>50.338617</ele>
        <time>2026-07-24T15:28:40.662Z</time>
      </trkpt>
      <trkpt lat="43.636309" lon="3.844348">
        <ele>49.567342</ele>
        <time>2026-07-24T15:28:45.847Z</time>
      </trkpt>
      <trkpt lat="43.636045" lon="3.844207">
        <ele>49.314286</ele>
        <time>2026-07-24T15:28:50.455Z</time>
      </trkpt>
      <trkpt lat="43.635576" lon="3.843952">
        <ele>50.120092</ele>
        <time>2026-07-24T15:29:03.938Z</time>
      </trkpt>
      <trkpt lat="43.635390" lon="3.843791">
        <ele>50.640730</ele>
        <time>2026-07-24T15:29:10.369Z</time>
      </trkpt>
      <trkpt lat="43.635105" lon="3.843600">
        <ele>51.789930</ele>
        <time>2026-07-24T15:29:21.499Z</time>
      </trkpt>
      <trkpt lat="43.634982" lon="3.843538">
        <ele>52.336880</ele>
        <time>2026-07-24T15:29:27.231Z</time>
      </trkpt>
      <trkpt lat="43.634831" lon="3.843587">
        <ele>52.821259</ele>
        <time>2026-07-24T15:29:32.696Z</time>
      </trkpt>
      <trkpt lat="43.634049" lon="3.843205">
        <ele>53.232475</ele>
        <time>2026-07-24T15:29:49.575Z</time>
      </trkpt>
      <trkpt lat="43.633981" lon="3.843168">
        <ele>53.209706</ele>
        <time>2026-07-24T15:29:51.368Z</time>
      </trkpt>
      <trkpt lat="43.633942" lon="3.843148">
        <ele>53.196746</ele>
        <time>2026-07-24T15:29:52.356Z</time>
      </trkpt>
      <trkpt lat="43.633912" lon="3.843132">
        <ele>53.168725</ele>
        <time>2026-07-24T15:29:53.135Z</time>
      </trkpt>
      <trkpt lat="43.633814" lon="3.843080">
        <ele>53.047408</ele>
        <time>2026-07-24T15:29:55.730Z</time>
      </trkpt>
      <trkpt lat="43.633763" lon="3.843062">
        <ele>52.986578</ele>
        <time>2026-07-24T15:29:57.007Z</time>
      </trkpt>
      <trkpt lat="43.633435" lon="3.843030">
        <ele>52.562162</ele>
        <time>2026-07-24T15:30:02.395Z</time>
      </trkpt>
      <trkpt lat="43.632993" lon="3.842948">
        <ele>52.412198</ele>
        <time>2026-07-24T15:30:11.032Z</time>
      </trkpt>
      <trkpt lat="43.632416" lon="3.842718">
        <ele>52.410570</ele>
        <time>2026-07-24T15:30:22.889Z</time>
      </trkpt>
      <trkpt lat="43.631830" lon="3.842272">
        <ele>52.634560</ele>
        <time>2026-07-24T15:30:37.297Z</time>
      </trkpt>
      <trkpt lat="43.631772" lon="3.842189">
        <ele>52.719796</ele>
        <time>2026-07-24T15:30:39.321Z</time>
      </trkpt>
      <trkpt lat="43.631647" lon="3.841717">
        <ele>53.239221</ele>
        <time>2026-07-24T15:30:48.731Z</time>
      </trkpt>
      <trkpt lat="43.631661" lon="3.841548">
        <ele>53.441315</ele>
        <time>2026-07-24T15:30:52.550Z</time>
      </trkpt>
      <trkpt lat="43.631640" lon="3.841520">
        <ele>53.489790</ele>
        <time>2026-07-24T15:30:53.589Z</time>
      </trkpt>
      <trkpt lat="43.631608" lon="3.841476">
        <ele>53.564779</ele>
        <time>2026-07-24T15:30:55.071Z</time>
      </trkpt>
      <trkpt lat="43.631529" lon="3.841515">
        <ele>53.702647</ele>
        <time>2026-07-24T15:30:57.065Z</time>
      </trkpt>
      <trkpt lat="43.631431" lon="3.841500">
        <ele>53.861426</ele>
        <time>2026-07-24T15:30:59.457Z</time>
      </trkpt>
      <trkpt lat="43.631322" lon="3.841418">
        <ele>54.046358</ele>
        <time>2026-07-24T15:31:02.950Z</time>
      </trkpt>
      <trkpt lat="43.631278" lon="3.841336">
        <ele>54.124485</ele>
        <time>2026-07-24T15:31:04.832Z</time>
      </trkpt>
      <trkpt lat="43.631257" lon="3.841350">
        <ele>54.149142</ele>
        <time>2026-07-24T15:31:05.369Z</time>
      </trkpt>
      <trkpt lat="43.631237" lon="3.841362">
        <ele>54.172200</ele>
        <time>2026-07-24T15:31:05.855Z</time>
      </trkpt>
      <trkpt lat="43.631106" lon="3.841391">
        <ele>54.301557</ele>
        <time>2026-07-24T15:31:08.529Z</time>
      </trkpt>
      <trkpt lat="43.631076" lon="3.841372">
        <ele>54.329753</ele>
        <time>2026-07-24T15:31:09.241Z</time>
      </trkpt>
      <trkpt lat="43.631045" lon="3.841353">
        <ele>54.358727</ele>
        <time>2026-07-24T15:31:10.066Z</time>
      </trkpt>
      <trkpt lat="43.630755" lon="3.841075">
        <ele>54.657735</ele>
        <time>2026-07-24T15:31:19.442Z</time>
      </trkpt>
      <trkpt lat="43.630425" lon="3.841670">
        <ele>53.982309</ele>
        <time>2026-07-24T15:31:27.480Z</time>
      </trkpt>
      <trkpt lat="43.630145" lon="3.841616">
        <ele>54.799794</ele>
        <time>2026-07-24T15:31:38.226Z</time>
      </trkpt>
      <trkpt lat="43.630070" lon="3.841599">
        <ele>55.034109</ele>
        <time>2026-07-24T15:31:40.559Z</time>
      </trkpt>
      <trkpt lat="43.630038" lon="3.841626">
        <ele>55.081994</ele>
        <time>2026-07-24T15:31:41.487Z</time>
      </trkpt>
      <trkpt lat="43.629982" lon="3.841615">
        <ele>55.154231</ele>
        <time>2026-07-24T15:31:42.744Z</time>
      </trkpt>
      <trkpt lat="43.629745" lon="3.841580">
        <ele>55.368210</ele>
        <time>2026-07-24T15:31:47.519Z</time>
      </trkpt>
      <trkpt lat="43.629369" lon="3.841452">
        <ele>55.512286</ele>
        <time>2026-07-24T15:31:54.459Z</time>
      </trkpt>
      <trkpt lat="43.629166" lon="3.841345">
        <ele>55.657472</ele>
        <time>2026-07-24T15:31:58.582Z</time>
      </trkpt>
      <trkpt lat="43.628950" lon="3.841178">
        <ele>56.064031</ele>
        <time>2026-07-24T15:32:04.827Z</time>
      </trkpt>
      <trkpt lat="43.628295" lon="3.840606">
        <ele>57.935192</ele>
        <time>2026-07-24T15:32:26.663Z</time>
      </trkpt>
      <trkpt lat="43.627933" lon="3.840224">
        <ele>59.336828</ele>
        <time>2026-07-24T15:32:40.966Z</time>
      </trkpt>
      <trkpt lat="43.627669" lon="3.839904">
        <ele>60.028534</ele>
        <time>2026-07-24T15:32:49.892Z</time>
      </trkpt>
      <trkpt lat="43.627345" lon="3.839474">
        <ele>61.012545</ele>
        <time>2026-07-24T15:33:01.939Z</time>
      </trkpt>
      <trkpt lat="43.626958" lon="3.838793">
        <ele>62.599442</ele>
        <time>2026-07-24T15:33:19.580Z</time>
      </trkpt>
      <trkpt lat="43.626940" lon="3.838676">
        <ele>62.952822</ele>
        <time>2026-07-24T15:33:22.895Z</time>
      </trkpt>
      <trkpt lat="43.626877" lon="3.838523">
        <ele>63.484138</ele>
        <time>2026-07-24T15:33:28.392Z</time>
      </trkpt>
      <trkpt lat="43.626633" lon="3.837942">
        <ele>65.525298</ele>
        <time>2026-07-24T15:33:47.543Z</time>
      </trkpt>
      <trkpt lat="43.626608" lon="3.837906">
        <ele>65.646501</ele>
        <time>2026-07-24T15:33:48.700Z</time>
      </trkpt>
      <trkpt lat="43.625806" lon="3.836816">
        <ele>69.535599</ele>
        <time>2026-07-24T15:34:27.496Z</time>
      </trkpt>
      <trkpt lat="43.625775" lon="3.836731">
        <ele>69.848122</ele>
        <time>2026-07-24T15:34:30.540Z</time>
      </trkpt>
      <trkpt lat="43.625771" lon="3.836110">
        <ele>72.610587</ele>
        <time>2026-07-24T15:34:53.474Z</time>
      </trkpt>
      <trkpt lat="43.625698" lon="3.835938">
        <ele>72.777102</ele>
        <time>2026-07-24T15:34:56.434Z</time>
      </trkpt>
      <trkpt lat="43.625502" lon="3.835705">
        <ele>72.365935</ele>
        <time>2026-07-24T15:34:59.837Z</time>
      </trkpt>
      <trkpt lat="43.625336" lon="3.835555">
        <ele>72.041907</ele>
        <time>2026-07-24T15:35:02.568Z</time>
      </trkpt>
      <trkpt lat="43.625051" lon="3.834986">
        <ele>71.588838</ele>
        <time>2026-07-24T15:35:10.062Z</time>
      </trkpt>
      <trkpt lat="43.624978" lon="3.834816">
        <ele>71.676396</ele>
        <time>2026-07-24T15:35:12.806Z</time>
      </trkpt>
      <trkpt lat="43.624957" lon="3.834667">
        <ele>71.851126</ele>
        <time>2026-07-24T15:35:15.571Z</time>
      </trkpt>
      <trkpt lat="43.625072" lon="3.834275">
        <ele>72.432611</ele>
        <time>2026-07-24T15:35:24.463Z</time>
      </trkpt>
      <trkpt lat="43.624988" lon="3.834208">
        <ele>72.383575</ele>
        <time>2026-07-24T15:35:25.965Z</time>
      </trkpt>
      <trkpt lat="43.624946" lon="3.834180">
        <ele>72.360000</ele>
        <time>2026-07-24T15:35:26.639Z</time>
      </trkpt>
      <trkpt lat="43.624897" lon="3.834322">
        <ele>72.328049</ele>
        <time>2026-07-24T15:35:28.380Z</time>
      </trkpt>
      <trkpt lat="43.624502" lon="3.834068">
        <ele>72.436094</ele>
        <time>2026-07-24T15:35:38.269Z</time>
      </trkpt>
      <trkpt lat="43.624458" lon="3.834146">
        <ele>72.412932</ele>
        <time>2026-07-24T15:35:40.028Z</time>
      </trkpt>
      <trkpt lat="43.624197" lon="3.834573">
        <ele>72.122712</ele>
        <time>2026-07-24T15:35:49.687Z</time>
      </trkpt>
      <trkpt lat="43.623626" lon="3.834356">
        <ele>72.324785</ele>
        <time>2026-07-24T15:36:00.845Z</time>
      </trkpt>
      <trkpt lat="43.623475" lon="3.834356">
        <ele>72.553333</ele>
        <time>2026-07-24T15:36:04.544Z</time>
      </trkpt>
      <trkpt lat="43.623255" lon="3.834424">
        <ele>73.011758</ele>
        <time>2026-07-24T15:36:10.526Z</time>
      </trkpt>
      <trkpt lat="43.623113" lon="3.834540">
        <ele>73.419928</ele>
        <time>2026-07-24T15:36:15.100Z</time>
      </trkpt>
      <trkpt lat="43.623010" lon="3.834686">
        <ele>73.811625</ele>
        <time>2026-07-24T15:36:19.428Z</time>
      </trkpt>
      <trkpt lat="43.622914" lon="3.834861">
        <ele>74.268831</ele>
        <time>2026-07-24T15:36:24.291Z</time>
      </trkpt>
      <trkpt lat="43.622845" lon="3.835073">
        <ele>74.641385</ele>
        <time>2026-07-24T15:36:29.309Z</time>
      </trkpt>
      <trkpt lat="43.622681" lon="3.835267">
        <ele>74.959343</ele>
        <time>2026-07-24T15:36:34.114Z</time>
      </trkpt>
      <trkpt lat="43.622630" lon="3.835183">
        <ele>75.040622</ele>
        <time>2026-07-24T15:36:35.756Z</time>
      </trkpt>
      <trkpt lat="43.622593" lon="3.835161">
        <ele>75.083315</ele>
        <time>2026-07-24T15:36:36.606Z</time>
      </trkpt>
      <trkpt lat="43.622557" lon="3.835141">
        <ele>75.132747</ele>
        <time>2026-07-24T15:36:37.446Z</time>
      </trkpt>
      <trkpt lat="43.622513" lon="3.835107">
        <ele>75.196975</ele>
        <time>2026-07-24T15:36:39.050Z</time>
      </trkpt>
      <trkpt lat="43.622419" lon="3.835028">
        <ele>75.337149</ele>
        <time>2026-07-24T15:36:42.601Z</time>
      </trkpt>
      <trkpt lat="43.622359" lon="3.835112">
        <ele>75.461262</ele>
        <time>2026-07-24T15:36:45.932Z</time>
      </trkpt>
      <trkpt lat="43.622319" lon="3.835128">
        <ele>75.524016</ele>
        <time>2026-07-24T15:36:47.537Z</time>
      </trkpt>
      <trkpt lat="43.621892" lon="3.834605">
        <ele>76.353652</ele>
        <time>2026-07-24T15:37:02.791Z</time>
      </trkpt>
      <trkpt lat="43.621760" lon="3.834478">
        <ele>76.387325</ele>
        <time>2026-07-24T15:37:06.141Z</time>
      </trkpt>
      <trkpt lat="43.621411" lon="3.834266">
        <ele>76.349445</ele>
        <time>2026-07-24T15:37:13.710Z</time>
      </trkpt>
      <trkpt lat="43.621233" lon="3.834089">
        <ele>76.184636</ele>
        <time>2026-07-24T15:37:17.528Z</time>
      </trkpt>
      <trkpt lat="43.620632" lon="3.833331">
        <ele>75.272409</ele>
        <time>2026-07-24T15:37:31.627Z</time>
      </trkpt>
      <trkpt lat="43.620101" lon="3.832714">
        <ele>73.920399</ele>
        <time>2026-07-24T15:37:42.857Z</time>
      </trkpt>
      <trkpt lat="43.620086" lon="3.832737">
        <ele>73.878424</ele>
        <time>2026-07-24T15:37:44.449Z</time>
      </trkpt>
      <trkpt lat="43.620045" lon="3.832689">
        <ele>73.777759</ele>
        <time>2026-07-24T15:37:45.176Z</time>
      </trkpt>
      <trkpt lat="43.620012" lon="3.832569">
        <ele>73.603703</ele>
        <time>2026-07-24T15:37:46.425Z</time>
      </trkpt>
      <trkpt lat="43.619969" lon="3.832455">
        <ele>73.540097</ele>
        <time>2026-07-24T15:37:47.743Z</time>
      </trkpt>
      <trkpt lat="43.619885" lon="3.832397">
        <ele>73.533035</ele>
        <time>2026-07-24T15:37:49.322Z</time>
      </trkpt>
      <trkpt lat="43.619838" lon="3.832397">
        <ele>73.529501</ele>
        <time>2026-07-24T15:37:50.355Z</time>
      </trkpt>
      <trkpt lat="43.619770" lon="3.832438">
        <ele>73.621514</ele>
        <time>2026-07-24T15:37:52.229Z</time>
      </trkpt>
      <trkpt lat="43.619731" lon="3.832498">
        <ele>73.727007</ele>
        <time>2026-07-24T15:37:53.793Z</time>
      </trkpt>
      <trkpt lat="43.619717" lon="3.832543">
        <ele>73.791085</ele>
        <time>2026-07-24T15:37:54.754Z</time>
      </trkpt>
      <trkpt lat="43.619712" lon="3.832640">
        <ele>73.918308</ele>
        <time>2026-07-24T15:37:56.575Z</time>
      </trkpt>
      <trkpt lat="43.619631" lon="3.832653">
        <ele>73.976686</ele>
        <time>2026-07-24T15:37:58.487Z</time>
      </trkpt>
      <trkpt lat="43.619508" lon="3.832634">
        <ele>74.049052</ele>
        <time>2026-07-24T15:38:00.872Z</time>
      </trkpt>
      <trkpt lat="43.619149" lon="3.832447">
        <ele>73.732692</ele>
        <time>2026-07-24T15:38:06.639Z</time>
      </trkpt>
      <trkpt lat="43.618684" lon="3.832195">
        <ele>72.875710</ele>
        <time>2026-07-24T15:38:13.514Z</time>
      </trkpt>
      <trkpt lat="43.618360" lon="3.831975">
        <ele>72.690352</ele>
        <time>2026-07-24T15:38:19.370Z</time>
      </trkpt>
      <trkpt lat="43.618165" lon="3.831840">
        <ele>72.584369</ele>
        <time>2026-07-24T15:38:22.881Z</time>
      </trkpt>
      <trkpt lat="43.618150" lon="3.831778">
        <ele>72.553554</ele>
        <time>2026-07-24T15:38:23.711Z</time>
      </trkpt>
      <trkpt lat="43.617288" lon="3.831186">
        <ele>71.418583</ele>
        <time>2026-07-24T15:38:40.403Z</time>
      </trkpt>
      <trkpt lat="43.616381" lon="3.830378">
        <ele>67.962489</ele>
        <time>2026-07-24T15:38:56.538Z</time>
      </trkpt>
      <trkpt lat="43.615975" lon="3.830098">
        <ele>66.380498</ele>
        <time>2026-07-24T15:39:03.104Z</time>
      </trkpt>
      <trkpt lat="43.615939" lon="3.830067">
        <ele>66.261624</ele>
        <time>2026-07-24T15:39:03.701Z</time>
      </trkpt>
      <trkpt lat="43.615818" lon="3.829971">
        <ele>66.163688</ele>
        <time>2026-07-24T15:39:05.977Z</time>
      </trkpt>
      <trkpt lat="43.615359" lon="3.829630">
        <ele>66.015644</ele>
        <time>2026-07-24T15:39:14.716Z</time>
      </trkpt>
      <trkpt lat="43.615299" lon="3.829620">
        <ele>65.950626</ele>
        <time>2026-07-24T15:39:15.567Z</time>
      </trkpt>
      <trkpt lat="43.614781" lon="3.829207">
        <ele>64.540689</ele>
        <time>2026-07-24T15:39:23.467Z</time>
      </trkpt>
      <trkpt lat="43.614608" lon="3.829132">
        <ele>64.279909</ele>
        <time>2026-07-24T15:39:25.980Z</time>
      </trkpt>
      <trkpt lat="43.614600" lon="3.829020">
        <ele>64.193712</ele>
        <time>2026-07-24T15:39:27.343Z</time>
      </trkpt>
      <trkpt lat="43.614595" lon="3.828627">
        <ele>63.956984</ele>
        <time>2026-07-24T15:39:31.985Z</time>
      </trkpt>
      <trkpt lat="43.614525" lon="3.828690">
        <ele>63.821405</ele>
        <time>2026-07-24T15:39:33.137Z</time>
      </trkpt>
      <trkpt lat="43.614365" lon="3.828772">
        <ele>63.498130</ele>
        <time>2026-07-24T15:39:35.403Z</time>
      </trkpt>
      <trkpt lat="43.614316" lon="3.828801">
        <ele>63.376322</ele>
        <time>2026-07-24T15:39:36.126Z</time>
      </trkpt>
      <trkpt lat="43.614237" lon="3.828832">
        <ele>63.188666</ele>
        <time>2026-07-24T15:39:37.229Z</time>
      </trkpt>
      <trkpt lat="43.613741" lon="3.829101">
        <ele>62.090877</ele>
        <time>2026-07-24T15:39:44.441Z</time>
      </trkpt>
      <trkpt lat="43.613677" lon="3.829389">
        <ele>61.632170</ele>
        <time>2026-07-24T15:39:47.390Z</time>
      </trkpt>
      <trkpt lat="43.613592" lon="3.829387">
        <ele>61.473887</ele>
        <time>2026-07-24T15:39:48.534Z</time>
      </trkpt>
      <trkpt lat="43.613259" lon="3.829160">
        <ele>60.668472</ele>
        <time>2026-07-24T15:39:53.528Z</time>
      </trkpt>
      <trkpt lat="43.612938" lon="3.829119">
        <ele>59.890196</ele>
        <time>2026-07-24T15:39:57.752Z</time>
      </trkpt>
      <trkpt lat="43.612740" lon="3.829203">
        <ele>59.614491</ele>
        <time>2026-07-24T15:40:00.749Z</time>
      </trkpt>
      <trkpt lat="43.612544" lon="3.829446">
        <ele>59.401430</ele>
        <time>2026-07-24T15:40:04.763Z</time>
      </trkpt>
      <trkpt lat="43.612421" lon="3.829506">
        <ele>59.382388</ele>
        <time>2026-07-24T15:40:06.888Z</time>
      </trkpt>
      <trkpt lat="43.612028" lon="3.829606">
        <ele>59.548461</ele>
        <time>2026-07-24T15:40:14.801Z</time>
      </trkpt>
      <trkpt lat="43.611888" lon="3.829669">
        <ele>59.494205</ele>
        <time>2026-07-24T15:40:17.410Z</time>
      </trkpt>
      <trkpt lat="43.611863" lon="3.829316">
        <ele>59.000755</ele>
        <time>2026-07-24T15:40:20.822Z</time>
      </trkpt>
      <trkpt lat="43.611790" lon="3.828967">
        <ele>58.378026</ele>
        <time>2026-07-24T15:40:24.335Z</time>
      </trkpt>
      <trkpt lat="43.611497" lon="3.828801">
        <ele>58.022416</ele>
        <time>2026-07-24T15:40:28.430Z</time>
      </trkpt>
      <trkpt lat="43.611365" lon="3.828692">
        <ele>58.484219</ele>
        <time>2026-07-24T15:40:35.471Z</time>
      </trkpt>
      <trkpt lat="43.611227" lon="3.828558">
        <ele>59.522001</ele>
        <time>2026-07-24T15:40:43.297Z</time>
      </trkpt>
      <trkpt lat="43.611160" lon="3.828496">
        <ele>59.874105</ele>
        <time>2026-07-24T15:40:46.100Z</time>
      </trkpt>
      <trkpt lat="43.611157" lon="3.828448">
        <ele>60.022275</ele>
        <time>2026-07-24T15:40:47.294Z</time>
      </trkpt>
      <trkpt lat="43.610596" lon="3.828165">
        <ele>62.677807</ele>
        <time>2026-07-24T15:41:10.254Z</time>
      </trkpt>
      <trkpt lat="43.610256" lon="3.827973">
        <ele>65.584586</ele>
        <time>2026-07-24T15:41:31.332Z</time>
      </trkpt>
      <trkpt lat="43.610004" lon="3.827833">
        <ele>67.813528</ele>
        <time>2026-07-24T15:41:46.883Z</time>
      </trkpt>
      <trkpt lat="43.609916" lon="3.827794">
        <ele>68.440865</ele>
        <time>2026-07-24T15:41:52.313Z</time>
      </trkpt>
      <trkpt lat="43.609406" lon="3.827554">
        <ele>71.670165</ele>
        <time>2026-07-24T15:42:18.161Z</time>
      </trkpt>
      <trkpt lat="43.609240" lon="3.827478">
        <ele>71.565261</ele>
        <time>2026-07-24T15:42:21.183Z</time>
      </trkpt>
      <trkpt lat="43.609134" lon="3.827431">
        <ele>71.292319</ele>
        <time>2026-07-24T15:42:22.739Z</time>
      </trkpt>
      <trkpt lat="43.608132" lon="3.826971">
        <ele>68.345278</ele>
        <time>2026-07-24T15:42:38.923Z</time>
      </trkpt>
      <trkpt lat="43.607543" lon="3.826696">
        <ele>67.223688</ele>
        <time>2026-07-24T15:42:49.098Z</time>
      </trkpt>
      <trkpt lat="43.607427" lon="3.826594">
        <ele>67.031842</ele>
        <time>2026-07-24T15:42:51.436Z</time>
      </trkpt>
      <trkpt lat="43.607143" lon="3.826443">
        <ele>67.093168</ele>
        <time>2026-07-24T15:42:57.083Z</time>
      </trkpt>
      <trkpt lat="43.607127" lon="3.826497">
        <ele>67.176135</ele>
        <time>2026-07-24T15:42:58.096Z</time>
      </trkpt>
      <trkpt lat="43.607054" lon="3.826450">
        <ele>67.408277</ele>
        <time>2026-07-24T15:43:00.831Z</time>
      </trkpt>
      <trkpt lat="43.606501" lon="3.826202">
        <ele>72.994603</ele>
        <time>2026-07-24T15:43:36.963Z</time>
      </trkpt>
      <trkpt lat="43.606236" lon="3.826109">
        <ele>75.732862</ele>
        <time>2026-07-24T15:43:54.079Z</time>
      </trkpt>
      <trkpt lat="43.606110" lon="3.826061">
        <ele>76.907308</ele>
        <time>2026-07-24T15:44:02.780Z</time>
      </trkpt>
      <trkpt lat="43.605962" lon="3.826004">
        <ele>78.018081</ele>
        <time>2026-07-24T15:44:11.206Z</time>
      </trkpt>
      <trkpt lat="43.605691" lon="3.825901">
        <ele>77.835660</ele>
        <time>2026-07-24T15:44:15.042Z</time>
      </trkpt>
      <trkpt lat="43.605223" lon="3.825606">
        <ele>76.326520</ele>
        <time>2026-07-24T15:44:21.718Z</time>
      </trkpt>
      <trkpt lat="43.604828" lon="3.825361">
        <ele>73.999002</ele>
        <time>2026-07-24T15:44:26.620Z</time>
      </trkpt>
      <trkpt lat="43.604493" lon="3.825195">
        <ele>72.470428</ele>
        <time>2026-07-24T15:44:30.869Z</time>
      </trkpt>
      <trkpt lat="43.603938" lon="3.825031">
        <ele>70.935935</ele>
        <time>2026-07-24T15:44:38.308Z</time>
      </trkpt>
      <trkpt lat="43.603737" lon="3.824969">
        <ele>70.547760</ele>
        <time>2026-07-24T15:44:41.426Z</time>
      </trkpt>
      <trkpt lat="43.603052" lon="3.824600">
        <ele>69.885127</ele>
        <time>2026-07-24T15:44:53.539Z</time>
      </trkpt>
      <trkpt lat="43.602874" lon="3.824505">
        <ele>70.406896</ele>
        <time>2026-07-24T15:45:00.306Z</time>
      </trkpt>
      <trkpt lat="43.602774" lon="3.824452">
        <ele>70.683212</ele>
        <time>2026-07-24T15:45:03.741Z</time>
      </trkpt>
      <trkpt lat="43.601335" lon="3.823712">
        <ele>72.844088</ele>
        <time>2026-07-24T15:45:40.449Z</time>
      </trkpt>
      <trkpt lat="43.600432" lon="3.823323">
        <ele>66.586448</ele>
        <time>2026-07-24T15:45:50.919Z</time>
      </trkpt>
      <trkpt lat="43.600098" lon="3.823288">
        <ele>64.226836</ele>
        <time>2026-07-24T15:45:54.628Z</time>
      </trkpt>
      <trkpt lat="43.599706" lon="3.823322">
        <ele>61.642384</ele>
        <time>2026-07-24T15:45:58.994Z</time>
      </trkpt>
      <trkpt lat="43.599460" lon="3.823419">
        <ele>60.217774</ele>
        <time>2026-07-24T15:46:01.933Z</time>
      </trkpt>
      <trkpt lat="43.599289" lon="3.823530">
        <ele>59.462683</ele>
        <time>2026-07-24T15:46:04.223Z</time>
      </trkpt>
      <trkpt lat="43.598985" lon="3.823588">
        <ele>58.615914</ele>
        <time>2026-07-24T15:46:08.175Z</time>
      </trkpt>
      <trkpt lat="43.598762" lon="3.823572">
        <ele>58.238471</ele>
        <time>2026-07-24T15:46:11.175Z</time>
      </trkpt>
      <trkpt lat="43.598326" lon="3.823478">
        <ele>58.329459</ele>
        <time>2026-07-24T15:46:20.482Z</time>
      </trkpt>
      <trkpt lat="43.597938" lon="3.822958">
        <ele>56.993919</ele>
        <time>2026-07-24T15:46:28.808Z</time>
      </trkpt>
      <trkpt lat="43.597812" lon="3.822850">
        <ele>56.555580</ele>
        <time>2026-07-24T15:46:31.085Z</time>
      </trkpt>
      <trkpt lat="43.597219" lon="3.822658">
        <ele>54.046460</ele>
        <time>2026-07-24T15:46:39.947Z</time>
      </trkpt>
      <trkpt lat="43.597050" lon="3.822630">
        <ele>52.805073</ele>
        <time>2026-07-24T15:46:42.140Z</time>
      </trkpt>
      <trkpt lat="43.596763" lon="3.822636">
        <ele>50.017339</ele>
        <time>2026-07-24T15:46:45.719Z</time>
      </trkpt>
      <trkpt lat="43.596723" lon="3.822603">
        <ele>49.552823</ele>
        <time>2026-07-24T15:46:46.291Z</time>
      </trkpt>
      <trkpt lat="43.596632" lon="3.822345">
        <ele>47.379416</ele>
        <time>2026-07-24T15:46:48.854Z</time>
      </trkpt>
      <trkpt lat="43.596424" lon="3.822096">
        <ele>44.493178</ele>
        <time>2026-07-24T15:46:52.248Z</time>
      </trkpt>
      <trkpt lat="43.595693" lon="3.821805">
        <ele>38.436083</ele>
        <time>2026-07-24T15:47:02.023Z</time>
      </trkpt>
      <trkpt lat="43.594942" lon="3.821651">
        <ele>34.676637</ele>
        <time>2026-07-24T15:47:12.688Z</time>
      </trkpt>
      <trkpt lat="43.594771" lon="3.821585">
        <ele>33.748281</ele>
        <time>2026-07-24T15:47:15.159Z</time>
      </trkpt>
      <trkpt lat="43.594663" lon="3.821413">
        <ele>32.853139</ele>
        <time>2026-07-24T15:47:17.402Z</time>
      </trkpt>
      <trkpt lat="43.594279" lon="3.821037">
        <ele>30.461311</ele>
        <time>2026-07-24T15:47:23.960Z</time>
      </trkpt>
      <trkpt lat="43.594009" lon="3.820684">
        <ele>28.446278</ele>
        <time>2026-07-24T15:47:29.015Z</time>
      </trkpt>
      <trkpt lat="43.593649" lon="3.820948">
        <ele>26.849366</ele>
        <time>2026-07-24T15:47:33.925Z</time>
      </trkpt>
      <trkpt lat="43.593467" lon="3.821118">
        <ele>26.659678</ele>
        <time>2026-07-24T15:47:37.266Z</time>
      </trkpt>
      <trkpt lat="43.593238" lon="3.821389">
        <ele>27.070700</ele>
        <time>2026-07-24T15:47:45.287Z</time>
      </trkpt>
      <trkpt lat="43.593140" lon="3.821373">
        <ele>26.983512</ele>
        <time>2026-07-24T15:47:46.934Z</time>
      </trkpt>
      <trkpt lat="43.593334" lon="3.820968">
        <ele>26.425486</ele>
        <time>2026-07-24T15:47:52.551Z</time>
      </trkpt>
      <trkpt lat="43.593444" lon="3.820857">
        <ele>26.254219</ele>
        <time>2026-07-24T15:47:54.884Z</time>
      </trkpt>
      <trkpt lat="43.593627" lon="3.820763">
        <ele>25.963416</ele>
        <time>2026-07-24T15:47:58.379Z</time>
      </trkpt>
      <trkpt lat="43.593644" lon="3.820671">
        <ele>25.852680</ele>
        <time>2026-07-24T15:47:59.445Z</time>
      </trkpt>
      <trkpt lat="43.593637" lon="3.820542">
        <ele>25.661703</ele>
        <time>2026-07-24T15:48:00.864Z</time>
      </trkpt>
      <trkpt lat="43.593595" lon="3.820454">
        <ele>25.492417</ele>
        <time>2026-07-24T15:48:02.053Z</time>
      </trkpt>
      <trkpt lat="43.593259" lon="3.820305">
        <ele>24.988464</ele>
        <time>2026-07-24T15:48:08.084Z</time>
      </trkpt>
      <trkpt lat="43.593173" lon="3.820164">
        <ele>24.813961</ele>
        <time>2026-07-24T15:48:10.372Z</time>
      </trkpt>
      <trkpt lat="43.593088" lon="3.820124">
        <ele>24.723422</ele>
        <time>2026-07-24T15:48:11.903Z</time>
      </trkpt>
      <trkpt lat="43.592994" lon="3.820072">
        <ele>24.652745</ele>
        <time>2026-07-24T15:48:13.687Z</time>
      </trkpt>
      <trkpt lat="43.592603" lon="3.817932">
        <ele>24.507483</ele>
        <time>2026-07-24T15:48:45.061Z</time>
      </trkpt>
      <trkpt lat="43.592552" lon="3.817863">
        <ele>24.510498</ele>
        <time>2026-07-24T15:48:46.551Z</time>
      </trkpt>
      <trkpt lat="43.592213" lon="3.817823">
        <ele>24.629096</ele>
        <time>2026-07-24T15:48:53.950Z</time>
      </trkpt>
      <trkpt lat="43.592129" lon="3.817741">
        <ele>24.681462</ele>
        <time>2026-07-24T15:48:56.200Z</time>
      </trkpt>
      <trkpt lat="43.591939" lon="3.817048">
        <ele>24.879334</ele>
        <time>2026-07-24T15:49:08.026Z</time>
      </trkpt>
      <trkpt lat="43.591793" lon="3.816645">
        <ele>24.872772</ele>
        <time>2026-07-24T15:49:14.573Z</time>
      </trkpt>
      <trkpt lat="43.591599" lon="3.815927">
        <ele>24.500462</ele>
        <time>2026-07-24T15:49:24.522Z</time>
      </trkpt>
      <trkpt lat="43.591536" lon="3.815549">
        <ele>24.331388</ele>
        <time>2026-07-24T15:49:29.546Z</time>
      </trkpt>
      <trkpt lat="43.591282" lon="3.814604">
        <ele>24.241082</ele>
        <time>2026-07-24T15:49:43.904Z</time>
      </trkpt>
      <trkpt lat="43.591146" lon="3.814171">
        <ele>24.506998</ele>
        <time>2026-07-24T15:49:51.980Z</time>
      </trkpt>
      <trkpt lat="43.590837" lon="3.813440">
        <ele>25.088671</ele>
        <time>2026-07-24T15:50:06.845Z</time>
      </trkpt>
      <trkpt lat="43.590460" lon="3.812817">
        <ele>25.466140</ele>
        <time>2026-07-24T15:50:20.188Z</time>
      </trkpt>
      <trkpt lat="43.590041" lon="3.812308">
        <ele>25.499999</ele>
        <time>2026-07-24T15:50:31.277Z</time>
      </trkpt>
      <trkpt lat="43.588555" lon="3.810928">
        <ele>25.562064</ele>
        <time>2026-07-24T15:51:06.958Z</time>
      </trkpt>
      <trkpt lat="43.588360" lon="3.810676">
        <ele>25.979391</ele>
        <time>2026-07-24T15:51:14.145Z</time>
      </trkpt>
      <trkpt lat="43.588212" lon="3.810428">
        <ele>26.590539</ele>
        <time>2026-07-24T15:51:21.983Z</time>
      </trkpt>
      <trkpt lat="43.588144" lon="3.810100">
        <ele>27.230684</ele>
        <time>2026-07-24T15:51:29.833Z</time>
      </trkpt>
      <trkpt lat="43.588102" lon="3.809986">
        <ele>27.433727</ele>
        <time>2026-07-24T15:51:32.127Z</time>
      </trkpt>
      <trkpt lat="43.587992" lon="3.809802">
        <ele>27.650330</ele>
        <time>2026-07-24T15:51:35.901Z</time>
      </trkpt>
      <trkpt lat="43.587953" lon="3.809637">
        <ele>27.854279</ele>
        <time>2026-07-24T15:51:39.017Z</time>
      </trkpt>
      <trkpt lat="43.588017" lon="3.809296">
        <ele>28.451827</ele>
        <time>2026-07-24T15:51:46.303Z</time>
      </trkpt>
      <trkpt lat="43.588110" lon="3.809023">
        <ele>28.910335</ele>
        <time>2026-07-24T15:51:52.040Z</time>
      </trkpt>
      <trkpt lat="43.588303" lon="3.808714">
        <ele>29.486902</ele>
        <time>2026-07-24T15:51:59.788Z</time>
      </trkpt>
      <trkpt lat="43.589764" lon="3.806681">
        <ele>33.257341</ele>
        <time>2026-07-24T15:52:51.742Z</time>
      </trkpt>
      <trkpt lat="43.590382" lon="3.805795">
        <ele>36.137513</ele>
        <time>2026-07-24T15:53:20.074Z</time>
      </trkpt>
      <trkpt lat="43.590626" lon="3.805341">
        <ele>37.825883</ele>
        <time>2026-07-24T15:53:34.673Z</time>
      </trkpt>
      <trkpt lat="43.590741" lon="3.805055">
        <ele>38.887222</ele>
        <time>2026-07-24T15:53:43.538Z</time>
      </trkpt>
      <trkpt lat="43.590837" lon="3.804769">
        <ele>39.909204</ele>
        <time>2026-07-24T15:53:52.281Z</time>
      </trkpt>
      <trkpt lat="43.590913" lon="3.804454">
        <ele>41.028490</ele>
        <time>2026-07-24T15:54:01.403Z</time>
      </trkpt>
      <trkpt lat="43.590973" lon="3.803957">
        <ele>42.812143</ele>
        <time>2026-07-24T15:54:16.111Z</time>
      </trkpt>
      <trkpt lat="43.590975" lon="3.803814">
        <ele>43.254924</ele>
        <time>2026-07-24T15:54:19.690Z</time>
      </trkpt>
      <trkpt lat="43.590977" lon="3.803637">
        <ele>43.557425</ele>
        <time>2026-07-24T15:54:23.436Z</time>
      </trkpt>
      <trkpt lat="43.590960" lon="3.803230">
        <ele>43.868231</ele>
        <time>2026-07-24T15:54:29.638Z</time>
      </trkpt>
      <trkpt lat="43.590898" lon="3.802831">
        <ele>43.885369</ele>
        <time>2026-07-24T15:54:34.718Z</time>
      </trkpt>
      <trkpt lat="43.590818" lon="3.802487">
        <ele>43.671857</ele>
        <time>2026-07-24T15:54:38.918Z</time>
      </trkpt>
      <trkpt lat="43.590693" lon="3.802130">
        <ele>42.956614</ele>
        <time>2026-07-24T15:54:42.562Z</time>
      </trkpt>
      <trkpt lat="43.590220" lon="3.801083">
        <ele>41.044157</ele>
        <time>2026-07-24T15:54:54.520Z</time>
      </trkpt>
      <trkpt lat="43.590157" lon="3.800961">
        <ele>40.857006</ele>
        <time>2026-07-24T15:54:56.112Z</time>
      </trkpt>
      <trkpt lat="43.590100" lon="3.800829">
        <ele>40.817090</ele>
        <time>2026-07-24T15:54:57.930Z</time>
      </trkpt>
      <trkpt lat="43.590077" lon="3.800771">
        <ele>40.803833</ele>
        <time>2026-07-24T15:54:58.731Z</time>
      </trkpt>
      <trkpt lat="43.590061" lon="3.800727">
        <ele>40.793962</ele>
        <time>2026-07-24T15:54:59.353Z</time>
      </trkpt>
      <trkpt lat="43.589530" lon="3.799694">
        <ele>40.423968</ele>
        <time>2026-07-24T15:55:16.612Z</time>
      </trkpt>
      <trkpt lat="43.587551" lon="3.795631">
        <ele>31.778154</ele>
        <time>2026-07-24T15:56:11.882Z</time>
      </trkpt>
      <trkpt lat="43.586723" lon="3.793910">
        <ele>33.022571</ele>
        <time>2026-07-24T15:56:48.345Z</time>
      </trkpt>
      <trkpt lat="43.586428" lon="3.793116">
        <ele>32.973375</ele>
        <time>2026-07-24T15:57:00.953Z</time>
      </trkpt>
      <trkpt lat="43.586277" lon="3.792594">
        <ele>32.683732</ele>
        <time>2026-07-24T15:57:08.340Z</time>
      </trkpt>
      <trkpt lat="43.586117" lon="3.791854">
        <ele>31.993810</ele>
        <time>2026-07-24T15:57:17.906Z</time>
      </trkpt>
      <trkpt lat="43.586057" lon="3.791457">
        <ele>31.615133</ele>
        <time>2026-07-24T15:57:22.848Z</time>
      </trkpt>
      <trkpt lat="43.586045" lon="3.791356">
        <ele>31.555547</ele>
        <time>2026-07-24T15:57:24.184Z</time>
      </trkpt>
      <trkpt lat="43.585997" lon="3.790894">
        <ele>31.555452</ele>
        <time>2026-07-24T15:57:30.746Z</time>
      </trkpt>
      <trkpt lat="43.585974" lon="3.790375">
        <ele>31.978830</ele>
        <time>2026-07-24T15:57:40.186Z</time>
      </trkpt>
      <trkpt lat="43.585973" lon="3.789999">
        <ele>32.569761</ele>
        <time>2026-07-24T15:57:48.843Z</time>
      </trkpt>
      <trkpt lat="43.586011" lon="3.789732">
        <ele>32.979710</ele>
        <time>2026-07-24T15:57:54.500Z</time>
      </trkpt>
      <trkpt lat="43.585995" lon="3.789584">
        <ele>33.177031</ele>
        <time>2026-07-24T15:57:57.363Z</time>
      </trkpt>
      <trkpt lat="43.585976" lon="3.789471">
        <ele>33.314920</ele>
        <time>2026-07-24T15:57:59.553Z</time>
      </trkpt>
      <trkpt lat="43.585993" lon="3.788705">
        <ele>34.244045</ele>
        <time>2026-07-24T15:58:14.517Z</time>
      </trkpt>
      <trkpt lat="43.585975" lon="3.788002">
        <ele>35.513385</ele>
        <time>2026-07-24T15:58:30.654Z</time>
      </trkpt>
      <trkpt lat="43.585907" lon="3.787412">
        <ele>36.751001</ele>
        <time>2026-07-24T15:58:45.120Z</time>
      </trkpt>
      <trkpt lat="43.585035" lon="3.783500">
        <ele>41.216264</ele>
        <time>2026-07-24T16:00:04.119Z</time>
      </trkpt>
      <trkpt lat="43.584930" lon="3.782874">
        <ele>40.944966</ele>
        <time>2026-07-24T16:00:12.675Z</time>
      </trkpt>
      <trkpt lat="43.584911" lon="3.782219">
        <ele>40.096885</ele>
        <time>2026-07-24T16:00:20.413Z</time>
      </trkpt>
      <trkpt lat="43.584890" lon="3.780940">
        <ele>38.421193</ele>
        <time>2026-07-24T16:00:35.354Z</time>
      </trkpt>
      <trkpt lat="43.584890" lon="3.780175">
        <ele>38.093522</ele>
        <time>2026-07-24T16:00:45.804Z</time>
      </trkpt>
      <trkpt lat="43.584976" lon="3.779414">
        <ele>37.808525</ele>
        <time>2026-07-24T16:00:56.093Z</time>
      </trkpt>
      <trkpt lat="43.585050" lon="3.779065">
        <ele>37.764298</ele>
        <time>2026-07-24T16:01:01.120Z</time>
      </trkpt>
      <trkpt lat="43.585093" lon="3.778885">
        <ele>37.814610</ele>
        <time>2026-07-24T16:01:05.730Z</time>
      </trkpt>
      <trkpt lat="43.585193" lon="3.778526">
        <ele>38.096189</ele>
        <time>2026-07-24T16:01:16.062Z</time>
      </trkpt>
      <trkpt lat="43.585284" lon="3.778285">
        <ele>38.289477</ele>
        <time>2026-07-24T16:01:23.227Z</time>
      </trkpt>
      <trkpt lat="43.585467" lon="3.777834">
        <ele>38.613165</ele>
        <time>2026-07-24T16:01:36.382Z</time>
      </trkpt>
      <trkpt lat="43.586625" lon="3.775582">
        <ele>40.984724</ele>
        <time>2026-07-24T16:02:50.922Z</time>
      </trkpt>
      <trkpt lat="43.586924" lon="3.774859">
        <ele>41.604234</ele>
        <time>2026-07-24T16:03:12.421Z</time>
      </trkpt>
      <trkpt lat="43.586942" lon="3.774804">
        <ele>41.679377</ele>
        <time>2026-07-24T16:03:14.174Z</time>
      </trkpt>
      <trkpt lat="43.587091" lon="3.774324">
        <ele>42.647334</ele>
        <time>2026-07-24T16:03:28.949Z</time>
      </trkpt>
      <trkpt lat="43.587157" lon="3.774058">
        <ele>43.065643</ele>
        <time>2026-07-24T16:03:36.284Z</time>
      </trkpt>
      <trkpt lat="43.587206" lon="3.773856">
        <ele>43.297606</ele>
        <time>2026-07-24T16:03:41.115Z</time>
      </trkpt>
      <trkpt lat="43.587567" lon="3.772248">
        <ele>44.701389</ele>
        <time>2026-07-24T16:04:20.147Z</time>
      </trkpt>
      <trkpt lat="43.587915" lon="3.770684">
        <ele>44.921937</ele>
        <time>2026-07-24T16:04:51.933Z</time>
      </trkpt>
      <trkpt lat="43.587975" lon="3.770428">
        <ele>44.994425</ele>
        <time>2026-07-24T16:04:56.269Z</time>
      </trkpt>
      <trkpt lat="43.588124" lon="3.769769">
        <ele>45.238539</ele>
        <time>2026-07-24T16:05:10.804Z</time>
      </trkpt>
      <trkpt lat="43.588138" lon="3.769706">
        <ele>45.268180</ele>
        <time>2026-07-24T16:05:12.230Z</time>
      </trkpt>
      <trkpt lat="43.588151" lon="3.769648">
        <ele>45.309657</ele>
        <time>2026-07-24T16:05:13.571Z</time>
      </trkpt>
      <trkpt lat="43.588297" lon="3.769000">
        <ele>45.810827</ele>
        <time>2026-07-24T16:05:28.623Z</time>
      </trkpt>
      <trkpt lat="43.588429" lon="3.768318">
        <ele>46.509106</ele>
        <time>2026-07-24T16:05:45.188Z</time>
      </trkpt>
      <trkpt lat="43.588445" lon="3.768206">
        <ele>46.668595</ele>
        <time>2026-07-24T16:05:48.409Z</time>
      </trkpt>
      <trkpt lat="43.588460" lon="3.768035">
        <ele>46.915834</ele>
        <time>2026-07-24T16:05:53.291Z</time>
      </trkpt>
      <trkpt lat="43.588459" lon="3.767796">
        <ele>47.207212</ele>
        <time>2026-07-24T16:05:58.613Z</time>
      </trkpt>
      <trkpt lat="43.588483" lon="3.767803">
        <ele>47.239069</ele>
        <time>2026-07-24T16:05:59.121Z</time>
      </trkpt>
      <trkpt lat="43.588546" lon="3.767753">
        <ele>47.333442</ele>
        <time>2026-07-24T16:06:00.802Z</time>
      </trkpt>
      <trkpt lat="43.588554" lon="3.767690">
        <ele>47.393607</ele>
        <time>2026-07-24T16:06:01.959Z</time>
      </trkpt>
      <trkpt lat="43.588512" lon="3.767616">
        <ele>47.528459</ele>
        <time>2026-07-24T16:06:03.751Z</time>
      </trkpt>
      <trkpt lat="43.588483" lon="3.767494">
        <ele>47.718367</ele>
        <time>2026-07-24T16:06:06.323Z</time>
      </trkpt>
      <trkpt lat="43.588462" lon="3.767195">
        <ele>48.044447</ele>
        <time>2026-07-24T16:06:12.750Z</time>
      </trkpt>
      <trkpt lat="43.588366" lon="3.766388">
        <ele>47.919156</ele>
        <time>2026-07-24T16:06:23.582Z</time>
      </trkpt>
      <trkpt lat="43.588310" lon="3.766227">
        <ele>48.044335</ele>
        <time>2026-07-24T16:06:26.955Z</time>
      </trkpt>
      <trkpt lat="43.588212" lon="3.765937">
        <ele>48.427659</ele>
        <time>2026-07-24T16:06:33.905Z</time>
      </trkpt>
      <trkpt lat="43.587880" lon="3.765099">
        <ele>48.601903</ele>
        <time>2026-07-24T16:06:47.844Z</time>
      </trkpt>
      <trkpt lat="43.587386" lon="3.763960">
        <ele>48.761081</ele>
        <time>2026-07-24T16:07:08.116Z</time>
      </trkpt>
      <trkpt lat="43.587069" lon="3.763235">
        <ele>48.601645</ele>
        <time>2026-07-24T16:07:19.466Z</time>
      </trkpt>
      <trkpt lat="43.587035" lon="3.763152">
        <ele>48.762361</ele>
        <time>2026-07-24T16:07:21.611Z</time>
      </trkpt>
      <trkpt lat="43.587023" lon="3.762981">
        <ele>49.069532</ele>
        <time>2026-07-24T16:07:26.090Z</time>
      </trkpt>
      <trkpt lat="43.586957" lon="3.762800">
        <ele>49.319379</ele>
        <time>2026-07-24T16:07:30.280Z</time>
      </trkpt>
      <trkpt lat="43.586865" lon="3.762666">
        <ele>49.501357</ele>
        <time>2026-07-24T16:07:33.178Z</time>
      </trkpt>
      <trkpt lat="43.586716" lon="3.762362">
        <ele>49.811567</ele>
        <time>2026-07-24T16:07:39.303Z</time>
      </trkpt>
      <trkpt lat="43.586438" lon="3.761798">
        <ele>51.087397</ele>
        <time>2026-07-24T16:07:56.062Z</time>
      </trkpt>
      <trkpt lat="43.586473" lon="3.761769">
        <ele>51.167954</ele>
        <time>2026-07-24T16:07:57.390Z</time>
      </trkpt>
      <trkpt lat="43.586021" lon="3.760772">
        <ele>51.610711</ele>
        <time>2026-07-24T16:08:15.413Z</time>
      </trkpt>
      <trkpt lat="43.585986" lon="3.760692">
        <ele>51.641933</ele>
        <time>2026-07-24T16:08:17.042Z</time>
      </trkpt>
      <trkpt lat="43.585792" lon="3.760248">
        <ele>52.037979</ele>
        <time>2026-07-24T16:08:26.168Z</time>
      </trkpt>
      <trkpt lat="43.585799" lon="3.760148">
        <ele>52.144086</ele>
        <time>2026-07-24T16:08:28.359Z</time>
      </trkpt>
      <trkpt lat="43.585793" lon="3.760069">
        <ele>52.227979</ele>
        <time>2026-07-24T16:08:30.003Z</time>
      </trkpt>
      <trkpt lat="43.585604" lon="3.759641">
        <ele>52.087576</ele>
        <time>2026-07-24T16:08:36.770Z</time>
      </trkpt>
      <trkpt lat="43.585338" lon="3.759035">
        <ele>51.671747</ele>
        <time>2026-07-24T16:08:45.870Z</time>
      </trkpt>
      <trkpt lat="43.585222" lon="3.758819">
        <ele>51.518119</ele>
        <time>2026-07-24T16:08:49.139Z</time>
      </trkpt>
      <trkpt lat="43.584925" lon="3.758300">
        <ele>51.965659</ele>
        <time>2026-07-24T16:09:01.003Z</time>
      </trkpt>
      <trkpt lat="43.584757" lon="3.757922">
        <ele>52.677984</ele>
        <time>2026-07-24T16:09:11.470Z</time>
      </trkpt>
      <trkpt lat="43.584736" lon="3.757759">
        <ele>52.821270</ele>
        <time>2026-07-24T16:09:14.144Z</time>
      </trkpt>
      <trkpt lat="43.584770" lon="3.757696">
        <ele>52.815215</ele>
        <time>2026-07-24T16:09:15.041Z</time>
      </trkpt>
      <trkpt lat="43.584759" lon="3.757614">
        <ele>52.695741</ele>
        <time>2026-07-24T16:09:15.891Z</time>
      </trkpt>
      <trkpt lat="43.584748" lon="3.757595">
        <ele>52.660895</ele>
        <time>2026-07-24T16:09:16.126Z</time>
      </trkpt>
      <trkpt lat="43.584691" lon="3.757570">
        <ele>52.542607</ele>
        <time>2026-07-24T16:09:16.870Z</time>
      </trkpt>
      <trkpt lat="43.584670" lon="3.757577">
        <ele>52.499879</ele>
        <time>2026-07-24T16:09:17.134Z</time>
      </trkpt>
      <trkpt lat="43.584562" lon="3.757529">
        <ele>52.444154</ele>
        <time>2026-07-24T16:09:18.608Z</time>
      </trkpt>
      <trkpt lat="43.584101" lon="3.756483">
        <ele>52.819285</ele>
        <time>2026-07-24T16:09:36.969Z</time>
      </trkpt>
      <trkpt lat="43.584040" lon="3.756323">
        <ele>52.765333</ele>
        <time>2026-07-24T16:09:39.097Z</time>
      </trkpt>
      <trkpt lat="43.583793" lon="3.755741">
        <ele>52.225061</ele>
        <time>2026-07-24T16:09:46.171Z</time>
      </trkpt>
      <trkpt lat="43.583631" lon="3.755480">
        <ele>52.161831</ele>
        <time>2026-07-24T16:09:50.223Z</time>
      </trkpt>
      <trkpt lat="43.583651" lon="3.755402">
        <ele>52.201630</ele>
        <time>2026-07-24T16:09:51.573Z</time>
      </trkpt>
      <trkpt lat="43.583604" lon="3.755280">
        <ele>52.268094</ele>
        <time>2026-07-24T16:09:53.648Z</time>
      </trkpt>
      <trkpt lat="43.583518" lon="3.755259">
        <ele>52.322174</ele>
        <time>2026-07-24T16:09:55.098Z</time>
      </trkpt>
      <trkpt lat="43.583472" lon="3.755042">
        <ele>52.418303</ele>
        <time>2026-07-24T16:09:58.293Z</time>
      </trkpt>
      <trkpt lat="43.582884" lon="3.753709">
        <ele>53.628867</ele>
        <time>2026-07-24T16:10:23.610Z</time>
      </trkpt>
      <trkpt lat="43.582720" lon="3.753332">
        <ele>53.427454</ele>
        <time>2026-07-24T16:10:28.311Z</time>
      </trkpt>
      <trkpt lat="43.582288" lon="3.752352">
        <ele>53.668648</ele>
        <time>2026-07-24T16:10:43.448Z</time>
      </trkpt>
      <trkpt lat="43.581503" lon="3.750561">
        <ele>56.693317</ele>
        <time>2026-07-24T16:11:24.171Z</time>
      </trkpt>
      <trkpt lat="43.581471" lon="3.750489">
        <ele>56.719235</ele>
        <time>2026-07-24T16:11:25.177Z</time>
      </trkpt>
      <trkpt lat="43.581403" lon="3.750316">
        <ele>56.552071</ele>
        <time>2026-07-24T16:11:27.158Z</time>
      </trkpt>
      <trkpt lat="43.581319" lon="3.750139">
        <ele>56.342546</ele>
        <time>2026-07-24T16:11:29.266Z</time>
      </trkpt>
      <trkpt lat="43.581263" lon="3.750016">
        <ele>56.186582</ele>
        <time>2026-07-24T16:11:31.088Z</time>
      </trkpt>
      <trkpt lat="43.581197" lon="3.749868">
        <ele>55.963133</ele>
        <time>2026-07-24T16:11:33.235Z</time>
      </trkpt>
      <trkpt lat="43.581184" lon="3.749839">
        <ele>55.917644</ele>
        <time>2026-07-24T16:11:33.629Z</time>
      </trkpt>
      <trkpt lat="43.581129" lon="3.749724">
        <ele>55.733593</ele>
        <time>2026-07-24T16:11:35.207Z</time>
      </trkpt>
      <trkpt lat="43.580852" lon="3.749147">
        <ele>54.821113</ele>
        <time>2026-07-24T16:11:43.316Z</time>
      </trkpt>
      <trkpt lat="43.580794" lon="3.748994">
        <ele>54.642004</ele>
        <time>2026-07-24T16:11:45.482Z</time>
      </trkpt>
      <trkpt lat="43.580625" lon="3.748680">
        <ele>54.411714</ele>
        <time>2026-07-24T16:11:50.586Z</time>
      </trkpt>
      <trkpt lat="43.580474" lon="3.748372">
        <ele>54.385015</ele>
        <time>2026-07-24T16:11:55.671Z</time>
      </trkpt>
      <trkpt lat="43.580397" lon="3.748215">
        <ele>54.507922</ele>
        <time>2026-07-24T16:11:59.157Z</time>
      </trkpt>
      <trkpt lat="43.580144" lon="3.747657">
        <ele>55.024637</ele>
        <time>2026-07-24T16:12:11.339Z</time>
      </trkpt>
      <trkpt lat="43.580022" lon="3.747394">
        <ele>54.868191</ele>
        <time>2026-07-24T16:12:15.268Z</time>
      </trkpt>
      <trkpt lat="43.579455" lon="3.746211">
        <ele>56.056457</ele>
        <time>2026-07-24T16:12:40.673Z</time>
      </trkpt>
      <trkpt lat="43.579359" lon="3.745998">
        <ele>56.648933</ele>
        <time>2026-07-24T16:12:49.639Z</time>
      </trkpt>
      <trkpt lat="43.579299" lon="3.745852">
        <ele>57.181459</ele>
        <time>2026-07-24T16:12:56.340Z</time>
      </trkpt>
      <trkpt lat="43.578483" lon="3.744114">
        <ele>60.001372</ele>
        <time>2026-07-24T16:13:57.519Z</time>
      </trkpt>
      <trkpt lat="43.578244" lon="3.743761">
        <ele>58.977091</ele>
        <time>2026-07-24T16:14:06.449Z</time>
      </trkpt>
      <trkpt lat="43.578116" lon="3.743573">
        <ele>57.871727</ele>
        <time>2026-07-24T16:14:10.818Z</time>
      </trkpt>
      <trkpt lat="43.577955" lon="3.743337">
        <ele>56.438463</ele>
        <time>2026-07-24T16:14:16.114Z</time>
      </trkpt>
      <trkpt lat="43.576893" lon="3.742157">
        <ele>57.190069</ele>
        <time>2026-07-24T16:15:03.734Z</time>
      </trkpt>
      <trkpt lat="43.576161" lon="3.741343">
        <ele>59.823349</ele>
        <time>2026-07-24T16:15:46.586Z</time>
      </trkpt>
      <trkpt lat="43.575567" lon="3.740692">
        <ele>60.108449</ele>
        <time>2026-07-24T16:16:10.878Z</time>
      </trkpt>
      <trkpt lat="43.574781" lon="3.739766">
        <ele>60.338625</ele>
        <time>2026-07-24T16:16:45.086Z</time>
      </trkpt>
      <trkpt lat="43.574509" lon="3.739386">
        <ele>60.018065</ele>
        <time>2026-07-24T16:16:56.409Z</time>
      </trkpt>
      <trkpt lat="43.573467" lon="3.737511">
        <ele>59.233367</ele>
        <time>2026-07-24T16:17:48.718Z</time>
      </trkpt>
      <trkpt lat="43.573005" lon="3.736709">
        <ele>59.266204</ele>
        <time>2026-07-24T16:18:12.503Z</time>
      </trkpt>
      <trkpt lat="43.572366" lon="3.735501">
        <ele>58.551266</ele>
        <time>2026-07-24T16:18:44.968Z</time>
      </trkpt>
      <trkpt lat="43.571694" lon="3.734282">
        <ele>58.918815</ele>
        <time>2026-07-24T16:19:21.272Z</time>
      </trkpt>
      <trkpt lat="43.571084" lon="3.733176">
        <ele>61.247700</ele>
        <time>2026-07-24T16:20:04.757Z</time>
      </trkpt>
      <trkpt lat="43.570141" lon="3.731554">
        <ele>62.985573</ele>
        <time>2026-07-24T16:21:00.448Z</time>
      </trkpt>
      <trkpt lat="43.568541" lon="3.728893">
        <ele>59.456235</ele>
        <time>2026-07-24T16:22:11.556Z</time>
      </trkpt>
      <trkpt lat="43.568497" lon="3.728827">
        <ele>59.325391</ele>
        <time>2026-07-24T16:22:13.338Z</time>
      </trkpt>
      <trkpt lat="43.568355" lon="3.728713">
        <ele>58.982394</ele>
        <time>2026-07-24T16:22:17.812Z</time>
      </trkpt>
      <trkpt lat="43.568197" lon="3.728453">
        <ele>58.417654</ele>
        <time>2026-07-24T16:22:24.470Z</time>
      </trkpt>
      <trkpt lat="43.568014" lon="3.728195">
        <ele>57.891517</ele>
        <time>2026-07-24T16:22:31.630Z</time>
      </trkpt>
      <trkpt lat="43.567780" lon="3.727866">
        <ele>57.204800</ele>
        <time>2026-07-24T16:22:40.789Z</time>
      </trkpt>
      <trkpt lat="43.567430" lon="3.727475">
        <ele>56.372783</ele>
        <time>2026-07-24T16:22:53.151Z</time>
      </trkpt>
      <trkpt lat="43.567278" lon="3.727317">
        <ele>56.232604</ele>
        <time>2026-07-24T16:22:58.902Z</time>
      </trkpt>
      <trkpt lat="43.567017" lon="3.727132">
        <ele>56.103722</ele>
        <time>2026-07-24T16:23:07.995Z</time>
      </trkpt>
      <trkpt lat="43.567138" lon="3.727485">
        <ele>55.523474</ele>
        <time>2026-07-24T16:23:12.443Z</time>
      </trkpt>
      <trkpt lat="43.567089" lon="3.727512">
        <ele>55.419105</ele>
        <time>2026-07-24T16:23:13.633Z</time>
      </trkpt>
      <trkpt lat="43.566994" lon="3.727596">
        <ele>55.195921</ele>
        <time>2026-07-24T16:23:16.208Z</time>
      </trkpt>
      <trkpt lat="43.566528" lon="3.728493">
        <ele>53.612589</ele>
        <time>2026-07-24T16:23:34.135Z</time>
      </trkpt>
      <trkpt lat="43.566470" lon="3.728647">
        <ele>53.377345</ele>
        <time>2026-07-24T16:23:36.937Z</time>
      </trkpt>
      <trkpt lat="43.566302" lon="3.729304">
        <ele>52.206516</ele>
        <time>2026-07-24T16:23:47.974Z</time>
      </trkpt>
      <trkpt lat="43.566133" lon="3.729942">
        <ele>51.170574</ele>
        <time>2026-07-24T16:23:58.886Z</time>
      </trkpt>
      <trkpt lat="43.565900" lon="3.730424">
        <ele>50.697194</ele>
        <time>2026-07-24T16:24:08.855Z</time>
      </trkpt>
      <trkpt lat="43.565769" lon="3.730616">
        <ele>50.472096</ele>
        <time>2026-07-24T16:24:13.628Z</time>
      </trkpt>
      <trkpt lat="43.565748" lon="3.730655">
        <ele>50.394397</ele>
        <time>2026-07-24T16:24:14.440Z</time>
      </trkpt>
      <trkpt lat="43.565728" lon="3.730723">
        <ele>50.277043</ele>
        <time>2026-07-24T16:24:15.616Z</time>
      </trkpt>
      <trkpt lat="43.565636" lon="3.731114">
        <ele>49.401615</ele>
        <time>2026-07-24T16:24:21.868Z</time>
      </trkpt>
      <trkpt lat="43.565418" lon="3.731337">
        <ele>48.673646</ele>
        <time>2026-07-24T16:24:27.519Z</time>
      </trkpt>
      <trkpt lat="43.564900" lon="3.730652">
        <ele>49.652314</ele>
        <time>2026-07-24T16:24:47.588Z</time>
      </trkpt>
      <trkpt lat="43.564602" lon="3.730324">
        <ele>49.295044</ele>
        <time>2026-07-24T16:24:53.980Z</time>
      </trkpt>
      <trkpt lat="43.564015" lon="3.729840">
        <ele>48.275050</ele>
        <time>2026-07-24T16:25:05.562Z</time>
      </trkpt>
      <trkpt lat="43.563773" lon="3.729710">
        <ele>47.653701</ele>
        <time>2026-07-24T16:25:09.621Z</time>
      </trkpt>
      <trkpt lat="43.563597" lon="3.729755">
        <ele>47.062684</ele>
        <time>2026-07-24T16:25:12.257Z</time>
      </trkpt>
      <trkpt lat="43.562548" lon="3.729212">
        <ele>42.184980</ele>
        <time>2026-07-24T16:25:25.667Z</time>
      </trkpt>
      <trkpt lat="43.562263" lon="3.729128">
        <ele>40.861173</ele>
        <time>2026-07-24T16:25:29.095Z</time>
      </trkpt>
      <trkpt lat="43.561973" lon="3.729135">
        <ele>39.898061</ele>
        <time>2026-07-24T16:25:32.713Z</time>
      </trkpt>
      <trkpt lat="43.561962" lon="3.729055">
        <ele>39.745592</ele>
        <time>2026-07-24T16:25:33.533Z</time>
      </trkpt>
      <trkpt lat="43.561958" lon="3.728992">
        <ele>39.627175</ele>
        <time>2026-07-24T16:25:34.165Z</time>
      </trkpt>
      <trkpt lat="43.561624" lon="3.729030">
        <ele>38.686503</ele>
        <time>2026-07-24T16:25:38.369Z</time>
      </trkpt>
      <trkpt lat="43.561394" lon="3.729014">
        <ele>38.271604</ele>
        <time>2026-07-24T16:25:41.547Z</time>
      </trkpt>
      <trkpt lat="43.561197" lon="3.728922">
        <ele>38.237654</ele>
        <time>2026-07-24T16:25:44.870Z</time>
      </trkpt>
      <trkpt lat="43.561013" lon="3.728793">
        <ele>38.681267</ele>
        <time>2026-07-24T16:25:50.188Z</time>
      </trkpt>
      <trkpt lat="43.560864" lon="3.728644">
        <ele>39.498727</ele>
        <time>2026-07-24T16:25:58.571Z</time>
      </trkpt>
      <trkpt lat="43.560678" lon="3.728398">
        <ele>40.810661</ele>
        <time>2026-07-24T16:26:10.156Z</time>
      </trkpt>
      <trkpt lat="43.560533" lon="3.728124">
        <ele>41.716905</ele>
        <time>2026-07-24T16:26:19.011Z</time>
      </trkpt>
      <trkpt lat="43.560492" lon="3.728091">
        <ele>41.846539</ele>
        <time>2026-07-24T16:26:20.394Z</time>
      </trkpt>
      <trkpt lat="43.560407" lon="3.728089">
        <ele>42.078722</ele>
        <time>2026-07-24T16:26:22.891Z</time>
      </trkpt>
      <trkpt lat="43.560297" lon="3.728141">
        <ele>42.168538</ele>
        <time>2026-07-24T16:26:26.103Z</time>
      </trkpt>
      <trkpt lat="43.560265" lon="3.728203">
        <ele>42.205935</ele>
        <time>2026-07-24T16:26:27.238Z</time>
      </trkpt>
      <trkpt lat="43.560248" lon="3.728336">
        <ele>42.279662</ele>
        <time>2026-07-24T16:26:28.973Z</time>
      </trkpt>
      <trkpt lat="43.560258" lon="3.728428">
        <ele>42.338078</ele>
        <time>2026-07-24T16:26:30.320Z</time>
      </trkpt>
      <trkpt lat="43.560198" lon="3.728436">
        <ele>42.390313</ele>
        <time>2026-07-24T16:26:31.943Z</time>
      </trkpt>
      <trkpt lat="43.559521" lon="3.728552">
        <ele>43.909514</ele>
        <time>2026-07-24T16:26:52.653Z</time>
      </trkpt>
      <trkpt lat="43.559052" lon="3.728593">
        <ele>45.071780</ele>
        <time>2026-07-24T16:27:07.128Z</time>
      </trkpt>
      <trkpt lat="43.559002" lon="3.728568">
        <ele>45.185169</ele>
        <time>2026-07-24T16:27:08.733Z</time>
      </trkpt>
      <trkpt lat="43.557978" lon="3.728622">
        <ele>46.890660</ele>
        <time>2026-07-24T16:27:37.269Z</time>
      </trkpt>
      <trkpt lat="43.557679" lon="3.728592">
        <ele>46.909501</ele>
        <time>2026-07-24T16:27:43.048Z</time>
      </trkpt>
      <trkpt lat="43.557519" lon="3.728534">
        <ele>46.856083</ele>
        <time>2026-07-24T16:27:46.237Z</time>
      </trkpt>
      <trkpt lat="43.557518" lon="3.728590">
        <ele>46.842956</ele>
        <time>2026-07-24T16:27:46.863Z</time>
      </trkpt>
      <trkpt lat="43.557465" lon="3.728609">
        <ele>46.815423</ele>
        <time>2026-07-24T16:27:47.677Z</time>
      </trkpt>
      <trkpt lat="43.557424" lon="3.728704">
        <ele>46.766796</ele>
        <time>2026-07-24T16:27:48.864Z</time>
      </trkpt>
      <trkpt lat="43.557363" lon="3.728699">
        <ele>46.729712</ele>
        <time>2026-07-24T16:27:49.773Z</time>
      </trkpt>
      <trkpt lat="43.556921" lon="3.728596">
        <ele>46.669821</ele>
        <time>2026-07-24T16:27:57.415Z</time>
      </trkpt>
      <trkpt lat="43.556479" lon="3.728450">
        <ele>46.352330</ele>
        <time>2026-07-24T16:28:04.529Z</time>
      </trkpt>
      <trkpt lat="43.555925" lon="3.728235">
        <ele>45.257821</ele>
        <time>2026-07-24T16:28:12.535Z</time>
      </trkpt>
      <trkpt lat="43.555585" lon="3.728062">
        <ele>44.025707</ele>
        <time>2026-07-24T16:28:16.859Z</time>
      </trkpt>
      <trkpt lat="43.554857" lon="3.727661">
        <ele>46.077019</ele>
        <time>2026-07-24T16:28:40.474Z</time>
      </trkpt>
      <trkpt lat="43.554503" lon="3.727415">
        <ele>46.959587</ele>
        <time>2026-07-24T16:28:51.671Z</time>
      </trkpt>
      <trkpt lat="43.554356" lon="3.727255">
        <ele>46.989386</ele>
        <time>2026-07-24T16:28:54.644Z</time>
      </trkpt>
      <trkpt lat="43.554156" lon="3.727117">
        <ele>46.829489</ele>
        <time>2026-07-24T16:28:57.973Z</time>
      </trkpt>
      <trkpt lat="43.554116" lon="3.727113">
        <ele>46.827709</ele>
        <time>2026-07-24T16:28:58.652Z</time>
      </trkpt>
      <trkpt lat="43.553347" lon="3.726438">
        <ele>46.858421</ele>
        <time>2026-07-24T16:29:14.544Z</time>
      </trkpt>
      <trkpt lat="43.553237" lon="3.726272">
        <ele>46.992725</ele>
        <time>2026-07-24T16:29:18.016Z</time>
      </trkpt>
      <trkpt lat="43.553165" lon="3.726176">
        <ele>47.019288</ele>
        <time>2026-07-24T16:29:20.088Z</time>
      </trkpt>
      <trkpt lat="43.553161" lon="3.726078">
        <ele>47.038160</ele>
        <time>2026-07-24T16:29:21.378Z</time>
      </trkpt>
      <trkpt lat="43.553184" lon="3.725908">
        <ele>46.978125</ele>
        <time>2026-07-24T16:29:23.348Z</time>
      </trkpt>
      <trkpt lat="43.553189" lon="3.725886">
        <ele>46.961035</ele>
        <time>2026-07-24T16:29:23.596Z</time>
      </trkpt>
      <trkpt lat="43.553146" lon="3.725836">
        <ele>46.903525</ele>
        <time>2026-07-24T16:29:24.561Z</time>
      </trkpt>
      <trkpt lat="43.552963" lon="3.725726">
        <ele>46.764793</ele>
        <time>2026-07-24T16:29:28.064Z</time>
      </trkpt>
      <trkpt lat="43.552503" lon="3.724965">
        <ele>46.809757</ele>
        <time>2026-07-24T16:29:42.598Z</time>
      </trkpt>
      <trkpt lat="43.552010" lon="3.723953">
        <ele>47.092575</ele>
        <time>2026-07-24T16:30:01.587Z</time>
      </trkpt>
      <trkpt lat="43.551771" lon="3.723338">
        <ele>47.214683</ele>
        <time>2026-07-24T16:30:12.247Z</time>
      </trkpt>
      <trkpt lat="43.551702" lon="3.722895">
        <ele>47.481628</ele>
        <time>2026-07-24T16:30:19.657Z</time>
      </trkpt>
      <trkpt lat="43.551615" lon="3.722678">
        <ele>47.752148</ele>
        <time>2026-07-24T16:30:24.635Z</time>
      </trkpt>
      <trkpt lat="43.551562" lon="3.722580">
        <ele>47.869270</ele>
        <time>2026-07-24T16:30:27.102Z</time>
      </trkpt>
      <trkpt lat="43.551473" lon="3.722336">
        <ele>48.077009</ele>
        <time>2026-07-24T16:30:31.883Z</time>
      </trkpt>
      <trkpt lat="43.551207" lon="3.721106">
        <ele>48.788651</ele>
        <time>2026-07-24T16:30:53.548Z</time>
      </trkpt>
      <trkpt lat="43.550932" lon="3.719640">
        <ele>49.428590</ele>
        <time>2026-07-24T16:31:17.924Z</time>
      </trkpt>
      <trkpt lat="43.550687" lon="3.718397">
        <ele>50.224770</ele>
        <time>2026-07-24T16:31:37.635Z</time>
      </trkpt>
      <trkpt lat="43.550650" lon="3.718356">
        <ele>50.273930</ele>
        <time>2026-07-24T16:31:38.643Z</time>
      </trkpt>
      <trkpt lat="43.550614" lon="3.718176">
        <ele>50.398746</ele>
        <time>2026-07-24T16:31:41.537Z</time>
      </trkpt>
      <trkpt lat="43.550611" lon="3.718006">
        <ele>50.506739</ele>
        <time>2026-07-24T16:31:44.201Z</time>
      </trkpt>
      <trkpt lat="43.550489" lon="3.717229">
        <ele>51.116206</ele>
        <time>2026-07-24T16:31:56.829Z</time>
      </trkpt>
      <trkpt lat="43.550489" lon="3.716918">
        <ele>51.370297</ele>
        <time>2026-07-24T16:32:02.035Z</time>
      </trkpt>
      <trkpt lat="43.550456" lon="3.716849">
        <ele>51.435412</ele>
        <time>2026-07-24T16:32:03.330Z</time>
      </trkpt>
      <trkpt lat="43.550392" lon="3.716826">
        <ele>51.484040</ele>
        <time>2026-07-24T16:32:04.597Z</time>
      </trkpt>
      <trkpt lat="43.550336" lon="3.716824">
        <ele>51.488471</ele>
        <time>2026-07-24T16:32:05.555Z</time>
      </trkpt>
      <trkpt lat="43.550268" lon="3.716849">
        <ele>51.494038</ele>
        <time>2026-07-24T16:32:06.725Z</time>
      </trkpt>
      <trkpt lat="43.550195" lon="3.716847">
        <ele>51.499813</ele>
        <time>2026-07-24T16:32:07.928Z</time>
      </trkpt>
      <trkpt lat="43.549952" lon="3.716628">
        <ele>51.472418</ele>
        <time>2026-07-24T16:32:12.836Z</time>
      </trkpt>
      <trkpt lat="43.549868" lon="3.716483">
        <ele>51.422166</ele>
        <time>2026-07-24T16:32:15.008Z</time>
      </trkpt>
      <trkpt lat="43.549846" lon="3.716291">
        <ele>51.363193</ele>
        <time>2026-07-24T16:32:17.285Z</time>
      </trkpt>
      <trkpt lat="43.549736" lon="3.716269">
        <ele>51.315467</ele>
        <time>2026-07-24T16:32:19.342Z</time>
      </trkpt>
      <trkpt lat="43.549683" lon="3.716259">
        <ele>51.288263</ele>
        <time>2026-07-24T16:32:20.305Z</time>
      </trkpt>
      <trkpt lat="43.549605" lon="3.716274">
        <ele>51.248209</ele>
        <time>2026-07-24T16:32:21.773Z</time>
      </trkpt>
      <trkpt lat="43.549520" lon="3.716442">
        <ele>51.227343</ele>
        <time>2026-07-24T16:32:24.582Z</time>
      </trkpt>
      <trkpt lat="43.549469" lon="3.716543">
        <ele>51.269229</ele>
        <time>2026-07-24T16:32:26.434Z</time>
      </trkpt>
      <trkpt lat="43.548760" lon="3.718308">
        <ele>53.242204</ele>
        <time>2026-07-24T16:33:03.901Z</time>
      </trkpt>
      <trkpt lat="43.548731" lon="3.718376">
        <ele>53.501309</ele>
        <time>2026-07-24T16:33:06.076Z</time>
      </trkpt>
      <trkpt lat="43.548516" lon="3.718891">
        <ele>55.453705</ele>
        <time>2026-07-24T16:33:26.434Z</time>
      </trkpt>
      <trkpt lat="43.548314" lon="3.719394">
        <ele>54.815496</ele>
        <time>2026-07-24T16:33:32.830Z</time>
      </trkpt>
      <trkpt lat="43.548241" lon="3.719575">
        <ele>54.479637</ele>
        <time>2026-07-24T16:33:35.131Z</time>
      </trkpt>
      <trkpt lat="43.548183" lon="3.719749">
        <ele>54.403759</ele>
        <time>2026-07-24T16:33:37.767Z</time>
      </trkpt>
      <trkpt lat="43.548094" lon="3.720035">
        <ele>54.522473</ele>
        <time>2026-07-24T16:33:43.253Z</time>
      </trkpt>
      <trkpt lat="43.547506" lon="3.721105">
        <ele>55.553696</ele>
        <time>2026-07-24T16:34:07.484Z</time>
      </trkpt>
      <trkpt lat="43.546945" lon="3.722377">
        <ele>55.694916</ele>
        <time>2026-07-24T16:34:29.155Z</time>
      </trkpt>
      <trkpt lat="43.546824" lon="3.722694">
        <ele>55.707937</ele>
        <time>2026-07-24T16:34:34.376Z</time>
      </trkpt>
      <trkpt lat="43.546625" lon="3.723472">
        <ele>55.880001</ele>
        <time>2026-07-24T16:34:46.837Z</time>
      </trkpt>
      <trkpt lat="43.546550" lon="3.723493">
        <ele>55.958790</ele>
        <time>2026-07-24T16:34:48.825Z</time>
      </trkpt>
      <trkpt lat="43.546250" lon="3.723438">
        <ele>56.477818</ele>
        <time>2026-07-24T16:34:57.258Z</time>
      </trkpt>
      <trkpt lat="43.545752" lon="3.723268">
        <ele>57.163673</ele>
        <time>2026-07-24T16:35:10.555Z</time>
      </trkpt>
      <trkpt lat="43.545465" lon="3.723209">
        <ele>57.379175</ele>
        <time>2026-07-24T16:35:17.523Z</time>
      </trkpt>
      <trkpt lat="43.544798" lon="3.722960">
        <ele>57.580157</ele>
        <time>2026-07-24T16:35:31.880Z</time>
      </trkpt>
      <trkpt lat="43.544000" lon="3.722749">
        <ele>57.658603</ele>
        <time>2026-07-24T16:35:47.793Z</time>
      </trkpt>
      <trkpt lat="43.543523" lon="3.722577">
        <ele>58.643773</ele>
        <time>2026-07-24T16:36:02.693Z</time>
      </trkpt>
      <trkpt lat="43.543452" lon="3.722598">
        <ele>58.831677</ele>
        <time>2026-07-24T16:36:05.093Z</time>
      </trkpt>
      <trkpt lat="43.543117" lon="3.723008">
        <ele>60.324486</ele>
        <time>2026-07-24T16:36:20.401Z</time>
      </trkpt>
      <trkpt lat="43.542504" lon="3.723415">
        <ele>62.933244</ele>
        <time>2026-07-24T16:36:46.235Z</time>
      </trkpt>
      <trkpt lat="43.542202" lon="3.723800">
        <ele>63.815884</ele>
        <time>2026-07-24T16:36:58.289Z</time>
      </trkpt>
      <trkpt lat="43.541876" lon="3.724140">
        <ele>64.092026</ele>
        <time>2026-07-24T16:37:07.369Z</time>
      </trkpt>
      <trkpt lat="43.541627" lon="3.724340">
        <ele>64.225914</ele>
        <time>2026-07-24T16:37:13.803Z</time>
      </trkpt>
      <trkpt lat="43.541340" lon="3.724522">
        <ele>64.546185</ele>
        <time>2026-07-24T16:37:21.491Z</time>
      </trkpt>
      <trkpt lat="43.541332" lon="3.724527">
        <ele>64.558136</ele>
        <time>2026-07-24T16:37:21.706Z</time>
      </trkpt>
      <trkpt lat="43.540813" lon="3.724811">
        <ele>65.298948</ele>
        <time>2026-07-24T16:37:36.140Z</time>
      </trkpt>
      <trkpt lat="43.540577" lon="3.724894">
        <ele>65.586738</ele>
        <time>2026-07-24T16:37:42.285Z</time>
      </trkpt>
      <trkpt lat="43.540142" lon="3.724925">
        <ele>66.053937</ele>
        <time>2026-07-24T16:37:52.742Z</time>
      </trkpt>
      <trkpt lat="43.539438" lon="3.725150">
        <ele>67.577497</ele>
        <time>2026-07-24T16:38:13.891Z</time>
      </trkpt>
      <trkpt lat="43.539332" lon="3.725173">
        <ele>67.969003</ele>
        <time>2026-07-24T16:38:18.366Z</time>
      </trkpt>
      <trkpt lat="43.539210" lon="3.725153">
        <ele>68.424558</ele>
        <time>2026-07-24T16:38:23.079Z</time>
      </trkpt>
      <trkpt lat="43.538854" lon="3.725084">
        <ele>68.994681</ele>
        <time>2026-07-24T16:38:32.235Z</time>
      </trkpt>
      <trkpt lat="43.538778" lon="3.725094">
        <ele>69.097853</ele>
        <time>2026-07-24T16:38:34.184Z</time>
      </trkpt>
      <trkpt lat="43.538631" lon="3.725173">
        <ele>69.307496</ele>
        <time>2026-07-24T16:38:38.415Z</time>
      </trkpt>
      <trkpt lat="43.538515" lon="3.725281">
        <ele>69.491609</ele>
        <time>2026-07-24T16:38:42.130Z</time>
      </trkpt>
      <trkpt lat="43.538171" lon="3.725743">
        <ele>70.047283</ele>
        <time>2026-07-24T16:38:54.068Z</time>
      </trkpt>
      <trkpt lat="43.537899" lon="3.726051">
        <ele>70.154727</ele>
        <time>2026-07-24T16:39:01.613Z</time>
      </trkpt>
      <trkpt lat="43.537690" lon="3.726256">
        <ele>69.852796</ele>
        <time>2026-07-24T16:39:06.036Z</time>
      </trkpt>
      <trkpt lat="43.537332" lon="3.726716">
        <ele>68.671813</ele>
        <time>2026-07-24T16:39:13.671Z</time>
      </trkpt>
      <trkpt lat="43.536858" lon="3.727530">
        <ele>66.494514</ele>
        <time>2026-07-24T16:39:25.187Z</time>
      </trkpt>
      <trkpt lat="43.536615" lon="3.728077">
        <ele>65.106281</ele>
        <time>2026-07-24T16:39:32.265Z</time>
      </trkpt>
      <trkpt lat="43.536119" lon="3.729058">
        <ele>62.586648</ele>
        <time>2026-07-24T16:39:45.458Z</time>
      </trkpt>
      <trkpt lat="43.535924" lon="3.729565">
        <ele>61.370200</ele>
        <time>2026-07-24T16:39:51.726Z</time>
      </trkpt>
      <trkpt lat="43.535639" lon="3.730422">
        <ele>59.963150</ele>
        <time>2026-07-24T16:40:02.559Z</time>
      </trkpt>
      <trkpt lat="43.535193" lon="3.731567">
        <ele>59.360458</ele>
        <time>2026-07-24T16:40:20.316Z</time>
      </trkpt>
      <trkpt lat="43.534450" lon="3.730284">
        <ele>58.004721</ele>
        <time>2026-07-24T16:40:37.622Z</time>
      </trkpt>
      <trkpt lat="43.534284" lon="3.729954">
        <ele>57.686001</ele>
        <time>2026-07-24T16:40:42.052Z</time>
      </trkpt>
      <trkpt lat="43.533781" lon="3.729124">
        <ele>56.608948</ele>
        <time>2026-07-24T16:40:53.343Z</time>
      </trkpt>
      <trkpt lat="43.533449" lon="3.728717">
        <ele>55.410447</ele>
        <time>2026-07-24T16:40:58.965Z</time>
      </trkpt>
      <trkpt lat="43.532452" lon="3.727190">
        <ele>53.911371</ele>
        <time>2026-07-24T16:41:21.321Z</time>
      </trkpt>
      <trkpt lat="43.531849" lon="3.726265">
        <ele>53.284613</ele>
        <time>2026-07-24T16:41:35.010Z</time>
      </trkpt>
      <trkpt lat="43.531118" lon="3.725199">
        <ele>53.602897</ele>
        <time>2026-07-24T16:41:54.969Z</time>
      </trkpt>
      <trkpt lat="43.530691" lon="3.724510">
        <ele>53.839264</ele>
        <time>2026-07-24T16:42:07.835Z</time>
      </trkpt>
      <trkpt lat="43.530413" lon="3.724093">
        <ele>53.278179</ele>
        <time>2026-07-24T16:42:13.528Z</time>
      </trkpt>
      <trkpt lat="43.529955" lon="3.723439">
        <ele>53.393983</ele>
        <time>2026-07-24T16:42:25.517Z</time>
      </trkpt>
      <trkpt lat="43.529449" lon="3.722606">
        <ele>54.761454</ele>
        <time>2026-07-24T16:42:46.398Z</time>
      </trkpt>
      <trkpt lat="43.528726" lon="3.722943">
        <ele>53.654558</ele>
        <time>2026-07-24T16:42:58.872Z</time>
      </trkpt>
      <trkpt lat="43.527754" lon="3.723307">
        <ele>52.830165</ele>
        <time>2026-07-24T16:43:16.968Z</time>
      </trkpt>
      <trkpt lat="43.527536" lon="3.723310">
        <ele>52.782381</ele>
        <time>2026-07-24T16:43:21.159Z</time>
      </trkpt>
      <trkpt lat="43.527128" lon="3.723172">
        <ele>52.592351</ele>
        <time>2026-07-24T16:43:29.103Z</time>
      </trkpt>
      <trkpt lat="43.526991" lon="3.723176">
        <ele>52.537499</ele>
        <time>2026-07-24T16:43:31.537Z</time>
      </trkpt>
      <trkpt lat="43.526690" lon="3.723228">
        <ele>52.524580</ele>
        <time>2026-07-24T16:43:37.697Z</time>
      </trkpt>
      <trkpt lat="43.526143" lon="3.723191">
        <ele>52.843568</ele>
        <time>2026-07-24T16:43:50.075Z</time>
      </trkpt>
      <trkpt lat="43.525170" lon="3.723220">
        <ele>52.850713</ele>
        <time>2026-07-24T16:44:09.402Z</time>
      </trkpt>
      <trkpt lat="43.524967" lon="3.723255">
        <ele>52.692628</ele>
        <time>2026-07-24T16:44:13.066Z</time>
      </trkpt>
      <trkpt lat="43.524701" lon="3.723363">
        <ele>52.367864</ele>
        <time>2026-07-24T16:44:17.817Z</time>
      </trkpt>
      <trkpt lat="43.524219" lon="3.723338">
        <ele>51.554386</ele>
        <time>2026-07-24T16:44:25.719Z</time>
      </trkpt>
      <trkpt lat="43.524105" lon="3.723375">
        <ele>51.554543</ele>
        <time>2026-07-24T16:44:28.035Z</time>
      </trkpt>
      <trkpt lat="43.524003" lon="3.723170">
        <ele>51.530044</ele>
        <time>2026-07-24T16:44:32.192Z</time>
      </trkpt>
      <trkpt lat="43.523952" lon="3.723041">
        <ele>51.485745</ele>
        <time>2026-07-24T16:44:34.174Z</time>
      </trkpt>
      <trkpt lat="43.523904" lon="3.723019">
        <ele>51.460313</ele>
        <time>2026-07-24T16:44:34.995Z</time>
      </trkpt>
      <trkpt lat="43.523652" lon="3.723080">
        <ele>50.804657</ele>
        <time>2026-07-24T16:44:38.908Z</time>
      </trkpt>
      <trkpt lat="43.523387" lon="3.723120">
        <ele>50.126621</ele>
        <time>2026-07-24T16:44:43.108Z</time>
      </trkpt>
      <trkpt lat="43.523056" lon="3.723108">
        <ele>49.387750</ele>
        <time>2026-07-24T16:44:48.321Z</time>
      </trkpt>
      <trkpt lat="43.522223" lon="3.723024">
        <ele>47.408793</ele>
        <time>2026-07-24T16:45:01.420Z</time>
      </trkpt>
      <trkpt lat="43.522004" lon="3.722963">
        <ele>46.933629</ele>
        <time>2026-07-24T16:45:04.985Z</time>
      </trkpt>
      <trkpt lat="43.521422" lon="3.722711">
        <ele>45.929834</ele>
        <time>2026-07-24T16:45:15.138Z</time>
      </trkpt>
      <trkpt lat="43.520603" lon="3.722158">
        <ele>44.905205</ele>
        <time>2026-07-24T16:45:30.986Z</time>
      </trkpt>
      <trkpt lat="43.519653" lon="3.721440">
        <ele>43.797345</ele>
        <time>2026-07-24T16:45:50.021Z</time>
      </trkpt>
      <trkpt lat="43.519137" lon="3.721164">
        <ele>43.194453</ele>
        <time>2026-07-24T16:45:59.557Z</time>
      </trkpt>
      <trkpt lat="43.518808" lon="3.721058">
        <ele>42.811255</ele>
        <time>2026-07-24T16:46:05.458Z</time>
      </trkpt>
      <trkpt lat="43.518239" lon="3.720897">
        <ele>42.339650</ele>
        <time>2026-07-24T16:46:15.741Z</time>
      </trkpt>
      <trkpt lat="43.517408" lon="3.720388">
        <ele>42.211463</ele>
        <time>2026-07-24T16:46:33.395Z</time>
      </trkpt>
      <trkpt lat="43.516747" lon="3.719628">
        <ele>42.314849</ele>
        <time>2026-07-24T16:46:51.046Z</time>
      </trkpt>
      <trkpt lat="43.515685" lon="3.718563">
        <ele>42.844232</ele>
        <time>2026-07-24T16:47:19.460Z</time>
      </trkpt>
      <trkpt lat="43.515045" lon="3.717869">
        <ele>43.600007</ele>
        <time>2026-07-24T16:47:39.148Z</time>
      </trkpt>
      <trkpt lat="43.514892" lon="3.717684">
        <ele>43.827060</ele>
        <time>2026-07-24T16:47:44.385Z</time>
      </trkpt>
      <trkpt lat="43.514697" lon="3.717281">
        <ele>44.223232</ele>
        <time>2026-07-24T16:47:53.736Z</time>
      </trkpt>
      <trkpt lat="43.514393" lon="3.716899">
        <ele>43.775673</ele>
        <time>2026-07-24T16:48:00.753Z</time>
      </trkpt>
      <trkpt lat="43.514165" lon="3.716738">
        <ele>43.293677</ele>
        <time>2026-07-24T16:48:04.795Z</time>
      </trkpt>
      <trkpt lat="43.513926" lon="3.716686">
        <ele>42.777508</ele>
        <time>2026-07-24T16:48:08.743Z</time>
      </trkpt>
      <trkpt lat="43.512927" lon="3.716783">
        <ele>40.506428</ele>
        <time>2026-07-24T16:48:24.515Z</time>
      </trkpt>
      <trkpt lat="43.512171" lon="3.716642">
        <ele>38.691006</ele>
        <time>2026-07-24T16:48:36.776Z</time>
      </trkpt>
      <trkpt lat="43.511645" lon="3.716521">
        <ele>36.200564</ele>
        <time>2026-07-24T16:48:44.115Z</time>
      </trkpt>
      <trkpt lat="43.510901" lon="3.716453">
        <ele>33.789577</ele>
        <time>2026-07-24T16:48:55.292Z</time>
      </trkpt>
      <trkpt lat="43.510772" lon="3.716441">
        <ele>33.900410</ele>
        <time>2026-07-24T16:48:57.698Z</time>
      </trkpt>
      <trkpt lat="43.509803" lon="3.716800">
        <ele>37.787524</ele>
        <time>2026-07-24T16:49:36.238Z</time>
      </trkpt>
      <trkpt lat="43.509007" lon="3.717144">
        <ele>40.907823</ele>
        <time>2026-07-24T16:50:07.191Z</time>
      </trkpt>
      <trkpt lat="43.508682" lon="3.717237">
        <ele>41.497010</ele>
        <time>2026-07-24T16:50:16.757Z</time>
      </trkpt>
      <trkpt lat="43.508564" lon="3.717125">
        <ele>41.530084</ele>
        <time>2026-07-24T16:50:19.531Z</time>
      </trkpt>
      <trkpt lat="43.508445" lon="3.717057">
        <ele>41.277419</ele>
        <time>2026-07-24T16:50:21.657Z</time>
      </trkpt>
      <trkpt lat="43.508141" lon="3.716939">
        <ele>40.313999</ele>
        <time>2026-07-24T16:50:26.363Z</time>
      </trkpt>
      <trkpt lat="43.506968" lon="3.716124">
        <ele>36.354847</ele>
        <time>2026-07-24T16:50:46.100Z</time>
      </trkpt>
      <trkpt lat="43.506208" lon="3.715466">
        <ele>36.295326</ele>
        <time>2026-07-24T16:51:03.862Z</time>
      </trkpt>
      <trkpt lat="43.505623" lon="3.715142">
        <ele>37.510141</ele>
        <time>2026-07-24T16:51:22.034Z</time>
      </trkpt>
      <trkpt lat="43.505509" lon="3.715115">
        <ele>37.853207</ele>
        <time>2026-07-24T16:51:26.102Z</time>
      </trkpt>
      <trkpt lat="43.505282" lon="3.715168">
        <ele>39.014834</ele>
        <time>2026-07-24T16:51:35.712Z</time>
      </trkpt>
      <trkpt lat="43.505183" lon="3.715141">
        <ele>39.521764</ele>
        <time>2026-07-24T16:51:40.408Z</time>
      </trkpt>
      <trkpt lat="43.505139" lon="3.715095">
        <ele>39.799141</ele>
        <time>2026-07-24T16:51:42.912Z</time>
      </trkpt>
      <trkpt lat="43.504644" lon="3.714562">
        <ele>41.876477</ele>
        <time>2026-07-24T16:52:05.344Z</time>
      </trkpt>
      <trkpt lat="43.504477" lon="3.714396">
        <ele>41.929941</ele>
        <time>2026-07-24T16:52:09.353Z</time>
      </trkpt>
      <trkpt lat="43.504192" lon="3.714126">
        <ele>41.346828</ele>
        <time>2026-07-24T16:52:14.944Z</time>
      </trkpt>
      <trkpt lat="43.504144" lon="3.714031">
        <ele>41.062583</ele>
        <time>2026-07-24T16:52:16.212Z</time>
      </trkpt>
      <trkpt lat="43.503644" lon="3.713517">
        <ele>38.978674</ele>
        <time>2026-07-24T16:52:25.385Z</time>
      </trkpt>
      <trkpt lat="43.503048" lon="3.712970">
        <ele>37.693043</ele>
        <time>2026-07-24T16:52:37.278Z</time>
      </trkpt>
      <trkpt lat="43.502655" lon="3.712692">
        <ele>36.971057</ele>
        <time>2026-07-24T16:52:44.503Z</time>
      </trkpt>
      <trkpt lat="43.502415" lon="3.712576">
        <ele>36.980306</ele>
        <time>2026-07-24T16:52:49.214Z</time>
      </trkpt>
      <trkpt lat="43.502287" lon="3.712798">
        <ele>37.294355</ele>
        <time>2026-07-24T16:52:56.151Z</time>
      </trkpt>
      <trkpt lat="43.501960" lon="3.713395">
        <ele>38.132614</ele>
        <time>2026-07-24T16:53:10.101Z</time>
      </trkpt>
      <trkpt lat="43.501900" lon="3.713484">
        <ele>38.255242</ele>
        <time>2026-07-24T16:53:12.387Z</time>
      </trkpt>
      <trkpt lat="43.501617" lon="3.713635">
        <ele>38.742575</ele>
        <time>2026-07-24T16:53:19.858Z</time>
      </trkpt>
      <trkpt lat="43.501654" lon="3.713795">
        <ele>39.034320</ele>
        <time>2026-07-24T16:53:23.990Z</time>
      </trkpt>
      <trkpt lat="43.501652" lon="3.714233">
        <ele>40.335834</ele>
        <time>2026-07-24T16:53:35.527Z</time>
      </trkpt>
      <trkpt lat="43.501560" lon="3.714875">
        <ele>42.173710</ele>
        <time>2026-07-24T16:53:51.255Z</time>
      </trkpt>
      <trkpt lat="43.501487" lon="3.715197">
        <ele>43.180639</ele>
        <time>2026-07-24T16:54:00.825Z</time>
      </trkpt>
      <trkpt lat="43.501460" lon="3.715331">
        <ele>43.556163</ele>
        <time>2026-07-24T16:54:03.918Z</time>
      </trkpt>
      <trkpt lat="43.501414" lon="3.715495">
        <ele>43.854304</ele>
        <time>2026-07-24T16:54:07.508Z</time>
      </trkpt>
      <trkpt lat="43.500980" lon="3.716425">
        <ele>46.132172</ele>
        <time>2026-07-24T16:54:34.411Z</time>
      </trkpt>
      <trkpt lat="43.500862" lon="3.716648">
        <ele>46.506625</ele>
        <time>2026-07-24T16:54:39.716Z</time>
      </trkpt>
      <trkpt lat="43.500716" lon="3.717007">
        <ele>46.933618</ele>
        <time>2026-07-24T16:54:47.675Z</time>
      </trkpt>
      <trkpt lat="43.500602" lon="3.717658">
        <ele>47.061068</ele>
        <time>2026-07-24T16:54:59.170Z</time>
      </trkpt>
      <trkpt lat="43.500525" lon="3.717613">
        <ele>46.921511</ele>
        <time>2026-07-24T16:55:00.359Z</time>
      </trkpt>
      <trkpt lat="43.500073" lon="3.717118">
        <ele>43.553728</ele>
        <time>2026-07-24T16:55:07.998Z</time>
      </trkpt>
      <trkpt lat="43.499773" lon="3.717472">
        <ele>43.011362</ele>
        <time>2026-07-24T16:55:15.488Z</time>
      </trkpt>
      <trkpt lat="43.499693" lon="3.717508">
        <ele>42.884947</ele>
        <time>2026-07-24T16:55:16.960Z</time>
      </trkpt>
      <trkpt lat="43.499460" lon="3.717537">
        <ele>42.193099</ele>
        <time>2026-07-24T16:55:33.279Z</time>
      </trkpt>
      <trkpt lat="43.499348" lon="3.717284">
        <ele>41.257850</ele>
        <time>2026-07-24T16:55:36.257Z</time>
      </trkpt>
      <trkpt lat="43.499053" lon="3.716897">
        <ele>39.649829</ele>
        <time>2026-07-24T16:55:42.144Z</time>
      </trkpt>
      <trkpt lat="43.498666" lon="3.716647">
        <ele>38.772469</ele>
        <time>2026-07-24T16:55:48.628Z</time>
      </trkpt>
      <trkpt lat="43.498483" lon="3.717144">
        <ele>40.775328</ele>
        <time>2026-07-24T16:56:06.780Z</time>
      </trkpt>
      <trkpt lat="43.498183" lon="3.717940">
        <ele>46.688524</ele>
        <time>2026-07-24T16:56:47.272Z</time>
      </trkpt>
      <trkpt lat="43.498008" lon="3.718433">
        <ele>50.336866</ele>
        <time>2026-07-24T16:57:11.600Z</time>
      </trkpt>
      <trkpt lat="43.497982" lon="3.718610">
        <ele>51.738119</ele>
        <time>2026-07-24T16:57:19.947Z</time>
      </trkpt>
      <trkpt lat="43.497834" lon="3.718834">
        <ele>54.360389</ele>
        <time>2026-07-24T16:57:36.734Z</time>
      </trkpt>
      <trkpt lat="43.497496" lon="3.719098">
        <ele>59.273930</ele>
        <time>2026-07-24T16:58:07.960Z</time>
      </trkpt>
      <trkpt lat="43.497354" lon="3.719328">
        <ele>61.110440</ele>
        <time>2026-07-24T16:58:19.778Z</time>
      </trkpt>
      <trkpt lat="43.496822" lon="3.719976">
        <ele>64.954678</ele>
        <time>2026-07-24T16:58:51.819Z</time>
      </trkpt>
      <trkpt lat="43.496201" lon="3.720545">
        <ele>67.165025</ele>
        <time>2026-07-24T16:59:16.844Z</time>
      </trkpt>
      <trkpt lat="43.496099" lon="3.720650">
        <ele>67.187661</ele>
        <time>2026-07-24T16:59:19.170Z</time>
      </trkpt>
      <trkpt lat="43.495803" lon="3.720795">
        <ele>66.395529</ele>
        <time>2026-07-24T16:59:23.830Z</time>
      </trkpt>
      <trkpt lat="43.495533" lon="3.720911">
        <ele>66.226730</ele>
        <time>2026-07-24T16:59:29.363Z</time>
      </trkpt>
      <trkpt lat="43.495393" lon="3.721030">
        <ele>66.336054</ele>
        <time>2026-07-24T16:59:33.122Z</time>
      </trkpt>
      <trkpt lat="43.495149" lon="3.721496">
        <ele>66.902693</ele>
        <time>2026-07-24T16:59:43.293Z</time>
      </trkpt>
      <trkpt lat="43.495078" lon="3.721629">
        <ele>67.182320</ele>
        <time>2026-07-24T16:59:47.409Z</time>
      </trkpt>
      <trkpt lat="43.494988" lon="3.721748">
        <ele>67.474237</ele>
        <time>2026-07-24T16:59:50.877Z</time>
      </trkpt>
      <trkpt lat="43.494896" lon="3.721802">
        <ele>67.708402</ele>
        <time>2026-07-24T16:59:53.263Z</time>
      </trkpt>
      <trkpt lat="43.494671" lon="3.721646">
        <ele>68.303217</ele>
        <time>2026-07-24T17:00:00.645Z</time>
      </trkpt>
      <trkpt lat="43.494524" lon="3.721575">
        <ele>68.656415</ele>
        <time>2026-07-24T17:00:04.941Z</time>
      </trkpt>
      <trkpt lat="43.494219" lon="3.721533">
        <ele>69.192245</ele>
        <time>2026-07-24T17:00:12.437Z</time>
      </trkpt>
      <trkpt lat="43.493874" lon="3.721433">
        <ele>69.710865</ele>
        <time>2026-07-24T17:00:20.782Z</time>
      </trkpt>
      <trkpt lat="43.493260" lon="3.721468">
        <ele>70.800517</ele>
        <time>2026-07-24T17:00:35.879Z</time>
      </trkpt>
      <trkpt lat="43.492781" lon="3.721662">
        <ele>72.409088</ele>
        <time>2026-07-24T17:00:51.081Z</time>
      </trkpt>
      <trkpt lat="43.492646" lon="3.721744">
        <ele>73.284785</ele>
        <time>2026-07-24T17:00:58.209Z</time>
      </trkpt>
      <trkpt lat="43.492339" lon="3.722025">
        <ele>76.209771</ele>
        <time>2026-07-24T17:01:18.410Z</time>
      </trkpt>
      <trkpt lat="43.492102" lon="3.722429">
        <ele>78.491448</ele>
        <time>2026-07-24T17:01:34.908Z</time>
      </trkpt>
      <trkpt lat="43.491997" lon="3.722520">
        <ele>79.209488</ele>
        <time>2026-07-24T17:01:40.227Z</time>
      </trkpt>
      <trkpt lat="43.491605" lon="3.722675">
        <ele>81.638440</ele>
        <time>2026-07-24T17:01:57.640Z</time>
      </trkpt>
      <trkpt lat="43.491521" lon="3.722778">
        <ele>82.319046</ele>
        <time>2026-07-24T17:02:03.126Z</time>
      </trkpt>
      <trkpt lat="43.491487" lon="3.722808">
        <ele>82.563399</ele>
        <time>2026-07-24T17:02:05.108Z</time>
      </trkpt>
      <trkpt lat="43.490467" lon="3.723678">
        <ele>89.468100</ele>
        <time>2026-07-24T17:02:55.537Z</time>
      </trkpt>
      <trkpt lat="43.490069" lon="3.723991">
        <ele>94.316120</ele>
        <time>2026-07-24T17:03:26.407Z</time>
      </trkpt>
      <trkpt lat="43.489844" lon="3.724271">
        <ele>96.838988</ele>
        <time>2026-07-24T17:03:43.056Z</time>
      </trkpt>
      <trkpt lat="43.489754" lon="3.724384">
        <ele>97.751365</ele>
        <time>2026-07-24T17:03:49.796Z</time>
      </trkpt>
      <trkpt lat="43.489693" lon="3.724527">
        <ele>98.242698</ele>
        <time>2026-07-24T17:03:54.051Z</time>
      </trkpt>
      <trkpt lat="43.489725" lon="3.724597">
        <ele>98.441590</ele>
        <time>2026-07-24T17:03:55.465Z</time>
      </trkpt>
      <trkpt lat="43.489971" lon="3.724525">
        <ele>99.294404</ele>
        <time>2026-07-24T17:04:02.719Z</time>
      </trkpt>
      <trkpt lat="43.490180" lon="3.724599">
        <ele>100.603752</ele>
        <time>2026-07-24T17:04:12.856Z</time>
      </trkpt>
      <trkpt lat="43.490352" lon="3.724716">
        <ele>101.929805</ele>
        <time>2026-07-24T17:04:22.077Z</time>
      </trkpt>
      <trkpt lat="43.490476" lon="3.724865">
        <ele>103.224016</ele>
        <time>2026-07-24T17:04:30.479Z</time>
      </trkpt>
      <trkpt lat="43.490576" lon="3.725034">
        <ele>104.628749</ele>
        <time>2026-07-24T17:04:39.784Z</time>
      </trkpt>
      <trkpt lat="43.490751" lon="3.725642">
        <ele>109.451889</ele>
        <time>2026-07-24T17:05:10.071Z</time>
      </trkpt>
      <trkpt lat="43.490954" lon="3.726172">
        <ele>113.489639</ele>
        <time>2026-07-24T17:05:35.574Z</time>
      </trkpt>
      <trkpt lat="43.491000" lon="3.726631">
        <ele>116.522490</ele>
        <time>2026-07-24T17:05:55.172Z</time>
      </trkpt>
      <trkpt lat="43.490992" lon="3.726926">
        <ele>118.601221</ele>
        <time>2026-07-24T17:06:07.884Z</time>
      </trkpt>
      <trkpt lat="43.490939" lon="3.727057">
        <ele>119.718294</ele>
        <time>2026-07-24T17:06:15.030Z</time>
      </trkpt>
      <trkpt lat="43.490787" lon="3.727431">
        <ele>123.338712</ele>
        <time>2026-07-24T17:06:36.779Z</time>
      </trkpt>
      <trkpt lat="43.490737" lon="3.727630">
        <ele>125.092663</ele>
        <time>2026-07-24T17:06:48.053Z</time>
      </trkpt>
      <trkpt lat="43.490680" lon="3.727740">
        <ele>125.968738</ele>
        <time>2026-07-24T17:06:54.567Z</time>
      </trkpt>
      <trkpt lat="43.490603" lon="3.727768">
        <ele>126.680130</ele>
        <time>2026-07-24T17:06:58.423Z</time>
      </trkpt>
      <trkpt lat="43.490432" lon="3.727735">
        <ele>127.496893</ele>
        <time>2026-07-24T17:07:03.709Z</time>
      </trkpt>
      <trkpt lat="43.490280" lon="3.727751">
        <ele>128.305430</ele>
        <time>2026-07-24T17:07:09.789Z</time>
      </trkpt>
      <trkpt lat="43.489821" lon="3.728086">
        <ele>131.622716</ele>
        <time>2026-07-24T17:07:34.706Z</time>
      </trkpt>
      <trkpt lat="43.489101" lon="3.728324">
        <ele>135.676254</ele>
        <time>2026-07-24T17:08:04.981Z</time>
      </trkpt>
      <trkpt lat="43.488593" lon="3.728567">
        <ele>139.774422</ele>
        <time>2026-07-24T17:08:32.633Z</time>
      </trkpt>
      <trkpt lat="43.488542" lon="3.728547">
        <ele>140.226623</ele>
        <time>2026-07-24T17:08:35.587Z</time>
      </trkpt>
      <trkpt lat="43.488481" lon="3.728344">
        <ele>141.584620</ele>
        <time>2026-07-24T17:08:44.841Z</time>
      </trkpt>
      <trkpt lat="43.488424" lon="3.728237">
        <ele>142.403714</ele>
        <time>2026-07-24T17:08:50.363Z</time>
      </trkpt>
      <trkpt lat="43.488387" lon="3.728213">
        <ele>142.751499</ele>
        <time>2026-07-24T17:08:52.587Z</time>
      </trkpt>
      <trkpt lat="43.488352" lon="3.728191">
        <ele>143.047530</ele>
        <time>2026-07-24T17:08:54.598Z</time>
      </trkpt>
      <trkpt lat="43.488134" lon="3.728157">
        <ele>144.440270</ele>
        <time>2026-07-24T17:09:04.876Z</time>
      </trkpt>
      <trkpt lat="43.488090" lon="3.728096">
        <ele>144.698840</ele>
        <time>2026-07-24T17:09:07.285Z</time>
      </trkpt>
      <trkpt lat="43.488095" lon="3.727974">
        <ele>145.066160</ele>
        <time>2026-07-24T17:09:10.260Z</time>
      </trkpt>
      <trkpt lat="43.488201" lon="3.727703">
        <ele>145.615942</ele>
        <time>2026-07-24T17:09:16.488Z</time>
      </trkpt>
      <trkpt lat="43.488243" lon="3.727532">
        <ele>145.685387</ele>
        <time>2026-07-24T17:09:19.197Z</time>
      </trkpt>
      <trkpt lat="43.488248" lon="3.727313">
        <ele>145.570021</ele>
        <time>2026-07-24T17:09:21.566Z</time>
      </trkpt>
      <trkpt lat="43.488209" lon="3.726959">
        <ele>144.961583</ele>
        <time>2026-07-24T17:09:25.022Z</time>
      </trkpt>
      <trkpt lat="43.488269" lon="3.725913">
        <ele>142.456602</ele>
        <time>2026-07-24T17:09:34.592Z</time>
      </trkpt>
      <trkpt lat="43.488253" lon="3.725752">
        <ele>141.955831</ele>
        <time>2026-07-24T17:09:35.942Z</time>
      </trkpt>
      <trkpt lat="43.488167" lon="3.725630">
        <ele>141.509185</ele>
        <time>2026-07-24T17:09:37.372Z</time>
      </trkpt>
      <trkpt lat="43.488088" lon="3.725607">
        <ele>141.216964</ele>
        <time>2026-07-24T17:09:38.428Z</time>
      </trkpt>
      <trkpt lat="43.488023" lon="3.725596">
        <ele>141.368268</ele>
        <time>2026-07-24T17:09:39.725Z</time>
      </trkpt>
      <trkpt lat="43.487738" lon="3.725603">
        <ele>142.254226</ele>
        <time>2026-07-24T17:09:50.170Z</time>
      </trkpt>
      <trkpt lat="43.487236" lon="3.725729">
        <ele>143.082263</ele>
        <time>2026-07-24T17:10:03.356Z</time>
      </trkpt>
      <trkpt lat="43.486933" lon="3.725768">
        <ele>142.063021</ele>
        <time>2026-07-24T17:10:06.898Z</time>
      </trkpt>
      <trkpt lat="43.486801" lon="3.725835">
        <ele>142.065225</ele>
        <time>2026-07-24T17:10:09.932Z</time>
      </trkpt>
      <trkpt lat="43.486598" lon="3.726082">
        <ele>142.725471</ele>
        <time>2026-07-24T17:10:17.976Z</time>
      </trkpt>
      <trkpt lat="43.486602" lon="3.726201">
        <ele>143.396159</ele>
        <time>2026-07-24T17:10:21.037Z</time>
      </trkpt>
      <trkpt lat="43.486636" lon="3.726319">
        <ele>144.129831</ele>
        <time>2026-07-24T17:10:25.844Z</time>
      </trkpt>
      <trkpt lat="43.486827" lon="3.726596">
        <ele>147.494623</ele>
        <time>2026-07-24T17:10:47.900Z</time>
      </trkpt>
      <trkpt lat="43.486929" lon="3.726722">
        <ele>148.742771</ele>
        <time>2026-07-24T17:10:57.031Z</time>
      </trkpt>
      <trkpt lat="43.487260" lon="3.727116">
        <ele>151.576987</ele>
        <time>2026-07-24T17:11:17.871Z</time>
      </trkpt>
      <trkpt lat="43.487369" lon="3.727200">
        <ele>152.103219</ele>
        <time>2026-07-24T17:11:23.019Z</time>
      </trkpt>
      <trkpt lat="43.487591" lon="3.727442">
        <ele>152.392586</ele>
        <time>2026-07-24T17:11:28.395Z</time>
      </trkpt>
      <trkpt lat="43.487648" lon="3.727594">
        <ele>152.621829</ele>
        <time>2026-07-24T17:11:32.079Z</time>
      </trkpt>
      <trkpt lat="43.487662" lon="3.727767">
        <ele>153.302191</ele>
        <time>2026-07-24T17:11:37.897Z</time>
      </trkpt>
      <trkpt lat="43.487564" lon="3.728041">
        <ele>154.921728</ele>
        <time>2026-07-24T17:11:49.113Z</time>
      </trkpt>
      <trkpt lat="43.487344" lon="3.728488">
        <ele>158.593509</ele>
        <time>2026-07-24T17:12:16.027Z</time>
      </trkpt>
      <trkpt lat="43.487317" lon="3.728602">
        <ele>159.051412</ele>
        <time>2026-07-24T17:12:20.493Z</time>
      </trkpt>
      <trkpt lat="43.487360" lon="3.728679">
        <ele>159.422437</ele>
        <time>2026-07-24T17:12:22.579Z</time>
      </trkpt>
      <trkpt lat="43.487824" lon="3.728850">
        <ele>158.418817</ele>
        <time>2026-07-24T17:12:29.763Z</time>
      </trkpt>
      <trkpt lat="43.487905" lon="3.728924">
        <ele>159.063810</ele>
        <time>2026-07-24T17:12:33.673Z</time>
      </trkpt>
      <trkpt lat="43.487976" lon="3.729052">
        <ele>159.861125</ele>
        <time>2026-07-24T17:12:41.096Z</time>
      </trkpt>
      <trkpt lat="43.488134" lon="3.729855">
        <ele>169.116945</ele>
        <time>2026-07-24T17:13:34.207Z</time>
      </trkpt>
      <trkpt lat="43.488167" lon="3.730299">
        <ele>175.248047</ele>
        <time>2026-07-24T17:14:13.908Z</time>
      </trkpt>
      <trkpt lat="43.488218" lon="3.730392">
        <ele>175.488253</ele>
        <time>2026-07-24T17:14:16.119Z</time>
      </trkpt>
      <trkpt lat="43.488293" lon="3.730408">
        <ele>175.703791</ele>
        <time>2026-07-24T17:14:17.100Z</time>
      </trkpt>
      <trkpt lat="43.488784" lon="3.730196">
        <ele>174.934495</ele>
        <time>2026-07-24T17:14:25.420Z</time>
      </trkpt>
      <trkpt lat="43.488906" lon="3.730211">
        <ele>175.064360</ele>
        <time>2026-07-24T17:14:28.235Z</time>
      </trkpt>
      <trkpt lat="43.489077" lon="3.730308">
        <ele>175.753817</ele>
        <time>2026-07-24T17:14:34.978Z</time>
      </trkpt>
      <trkpt lat="43.489506" lon="3.730746">
        <ele>179.637948</ele>
        <time>2026-07-24T17:15:03.848Z</time>
      </trkpt>
      <trkpt lat="43.489704" lon="3.731012">
        <ele>182.034659</ele>
        <time>2026-07-24T17:15:20.248Z</time>
      </trkpt>
      <trkpt lat="43.489767" lon="3.731141">
        <ele>183.088357</ele>
        <time>2026-07-24T17:15:27.519Z</time>
      </trkpt>
      <trkpt lat="43.489803" lon="3.731319">
        <ele>184.199513</ele>
        <time>2026-07-24T17:15:36.053Z</time>
      </trkpt>
      <trkpt lat="43.489820" lon="3.732006">
        <ele>186.584669</ele>
        <time>2026-07-24T17:15:57.459Z</time>
      </trkpt>
      <trkpt lat="43.489804" lon="3.732130">
        <ele>186.670130</ele>
        <time>2026-07-24T17:15:59.017Z</time>
      </trkpt>
      <trkpt lat="43.489727" lon="3.732242">
        <ele>186.725491</ele>
        <time>2026-07-24T17:16:00.748Z</time>
      </trkpt>
      <trkpt lat="43.489622" lon="3.732276">
        <ele>186.754974</ele>
        <time>2026-07-24T17:16:03.064Z</time>
      </trkpt>
      <trkpt lat="43.489444" lon="3.732230">
        <ele>187.408340</ele>
        <time>2026-07-24T17:16:09.595Z</time>
      </trkpt>
      <trkpt lat="43.489269" lon="3.732141">
        <ele>188.677914</ele>
        <time>2026-07-24T17:16:18.988Z</time>
      </trkpt>
      <trkpt lat="43.489012" lon="3.731965">
        <ele>191.241035</ele>
        <time>2026-07-24T17:16:37.710Z</time>
      </trkpt>
      <trkpt lat="43.488531" lon="3.731803">
        <ele>194.881695</ele>
        <time>2026-07-24T17:17:03.181Z</time>
      </trkpt>
      <trkpt lat="43.488394" lon="3.731714">
        <ele>196.164766</ele>
        <time>2026-07-24T17:17:12.465Z</time>
      </trkpt>
      <trkpt lat="43.488270" lon="3.731620">
        <ele>197.280722</ele>
        <time>2026-07-24T17:17:20.832Z</time>
      </trkpt>
      <trkpt lat="43.487999" lon="3.731603">
        <ele>199.072648</ele>
        <time>2026-07-24T17:17:33.452Z</time>
      </trkpt>
      <trkpt lat="43.487797" lon="3.731541">
        <ele>200.256418</ele>
        <time>2026-07-24T17:17:43.987Z</time>
      </trkpt>
      <trkpt lat="43.487730" lon="3.731480">
        <ele>200.598938</ele>
        <time>2026-07-24T17:17:47.657Z</time>
      </trkpt>
      <trkpt lat="43.487356" lon="3.731009">
        <ele>200.920340</ele>
        <time>2026-07-24T17:17:57.554Z</time>
      </trkpt>
      <trkpt lat="43.487232" lon="3.730887">
        <ele>201.060484</ele>
        <time>2026-07-24T17:18:01.285Z</time>
      </trkpt>
      <trkpt lat="43.487056" lon="3.730852">
        <ele>201.317106</ele>
        <time>2026-07-24T17:18:06.102Z</time>
      </trkpt>
      <trkpt lat="43.486849" lon="3.730881">
        <ele>201.850654</ele>
        <time>2026-07-24T17:18:11.791Z</time>
      </trkpt>
      <trkpt lat="43.486622" lon="3.730952">
        <ele>202.986825</ele>
        <time>2026-07-24T17:18:21.673Z</time>
      </trkpt>
      <trkpt lat="43.486332" lon="3.731089">
        <ele>205.262594</ele>
        <time>2026-07-24T17:18:39.104Z</time>
      </trkpt>
      <trkpt lat="43.486022" lon="3.731229">
        <ele>207.635290</ele>
        <time>2026-07-24T17:18:56.184Z</time>
      </trkpt>
      <trkpt lat="43.485861" lon="3.731280">
        <ele>208.667078</ele>
        <time>2026-07-24T17:19:04.212Z</time>
      </trkpt>
      <trkpt lat="43.485685" lon="3.731390">
        <ele>209.226089</ele>
        <time>2026-07-24T17:19:12.133Z</time>
      </trkpt>
      <trkpt lat="43.485460" lon="3.731546">
        <ele>208.483083</ele>
        <time>2026-07-24T17:19:15.582Z</time>
      </trkpt>
      <trkpt lat="43.485397" lon="3.731747">
        <ele>208.680088</ele>
        <time>2026-07-24T17:19:19.054Z</time>
      </trkpt>
      <trkpt lat="43.485460" lon="3.732085">
        <ele>209.888757</ele>
        <time>2026-07-24T17:19:31.168Z</time>
      </trkpt>
      <trkpt lat="43.485490" lon="3.732403">
        <ele>211.318934</ele>
        <time>2026-07-24T17:19:42.140Z</time>
      </trkpt>
      <trkpt lat="43.485453" lon="3.732588">
        <ele>212.159215</ele>
        <time>2026-07-24T17:19:48.715Z</time>
      </trkpt>
      <trkpt lat="43.485399" lon="3.732713">
        <ele>212.790824</ele>
        <time>2026-07-24T17:19:53.700Z</time>
      </trkpt>
      <trkpt lat="43.485250" lon="3.732921">
        <ele>214.002283</ele>
        <time>2026-07-24T17:20:03.343Z</time>
      </trkpt>
      <trkpt lat="43.485107" lon="3.733012">
        <ele>214.870677</ele>
        <time>2026-07-24T17:20:10.576Z</time>
      </trkpt>
      <trkpt lat="43.484956" lon="3.733057">
        <ele>215.704360</ele>
        <time>2026-07-24T17:20:16.961Z</time>
      </trkpt>
      <trkpt lat="43.484428" lon="3.733145">
        <ele>218.557941</ele>
        <time>2026-07-24T17:20:40.552Z</time>
      </trkpt>
      <trkpt lat="43.484182" lon="3.733229">
        <ele>219.988534</ele>
        <time>2026-07-24T17:20:52.532Z</time>
      </trkpt>
      <trkpt lat="43.484141" lon="3.733270">
        <ele>220.272443</ele>
        <time>2026-07-24T17:20:54.823Z</time>
      </trkpt>
      <trkpt lat="43.484083" lon="3.733329">
        <ele>220.424344</ele>
        <time>2026-07-24T17:20:57.514Z</time>
      </trkpt>
      <trkpt lat="43.483943" lon="3.733484">
        <ele>220.585476</ele>
        <time>2026-07-24T17:21:01.460Z</time>
      </trkpt>
      <trkpt lat="43.483837" lon="3.733599">
        <ele>220.243575</ele>
        <time>2026-07-24T17:21:03.462Z</time>
      </trkpt>
      <trkpt lat="43.483780" lon="3.733662">
        <ele>220.058395</ele>
        <time>2026-07-24T17:21:04.500Z</time>
      </trkpt>
      <trkpt lat="43.483585" lon="3.733794">
        <ele>219.701771</ele>
        <time>2026-07-24T17:21:08.112Z</time>
      </trkpt>
      <trkpt lat="43.483415" lon="3.733860">
        <ele>219.832230</ele>
        <time>2026-07-24T17:21:12.544Z</time>
      </trkpt>
      <trkpt lat="43.482997" lon="3.733918">
        <ele>220.358716</ele>
        <time>2026-07-24T17:21:23.574Z</time>
      </trkpt>
      <trkpt lat="43.482707" lon="3.734002">
        <ele>220.519935</ele>
        <time>2026-07-24T17:21:30.509Z</time>
      </trkpt>
      <trkpt lat="43.482629" lon="3.734038">
        <ele>220.338338</ele>
        <time>2026-07-24T17:21:31.879Z</time>
      </trkpt>
      <trkpt lat="43.482477" lon="3.734182">
        <ele>219.737317</ele>
        <time>2026-07-24T17:21:34.537Z</time>
      </trkpt>
      <trkpt lat="43.482369" lon="3.734411">
        <ele>218.709006</ele>
        <time>2026-07-24T17:21:37.240Z</time>
      </trkpt>
      <trkpt lat="43.482346" lon="3.734483">
        <ele>218.420276</ele>
        <time>2026-07-24T17:21:38.024Z</time>
      </trkpt>
      <trkpt lat="43.482314" lon="3.734697">
        <ele>217.620124</ele>
        <time>2026-07-24T17:21:40.220Z</time>
      </trkpt>
      <trkpt lat="43.482312" lon="3.734974">
        <ele>216.747316</ele>
        <time>2026-07-24T17:21:43.084Z</time>
      </trkpt>
      <trkpt lat="43.482402" lon="3.735361">
        <ele>215.830658</ele>
        <time>2026-07-24T17:21:47.443Z</time>
      </trkpt>
      <trkpt lat="43.482707" lon="3.736507">
        <ele>215.322352</ele>
        <time>2026-07-24T17:22:03.975Z</time>
      </trkpt>
      <trkpt lat="43.482746" lon="3.736791">
        <ele>215.382310</ele>
        <time>2026-07-24T17:22:08.126Z</time>
      </trkpt>
      <trkpt lat="43.482717" lon="3.736925">
        <ele>215.513878</ele>
        <time>2026-07-24T17:22:11.513Z</time>
      </trkpt>
      <trkpt lat="43.481857" lon="3.739068">
        <ele>217.689062</ele>
        <time>2026-07-24T17:22:56.816Z</time>
      </trkpt>
      <trkpt lat="43.481784" lon="3.739385">
        <ele>217.582893</ele>
        <time>2026-07-24T17:23:01.239Z</time>
      </trkpt>
      <trkpt lat="43.481737" lon="3.739866">
        <ele>217.170546</ele>
        <time>2026-07-24T17:23:07.262Z</time>
      </trkpt>
      <trkpt lat="43.481710" lon="3.740248">
        <ele>216.677491</ele>
        <time>2026-07-24T17:23:11.765Z</time>
      </trkpt>
      <trkpt lat="43.481734" lon="3.740464">
        <ele>216.524460</ele>
        <time>2026-07-24T17:23:14.549Z</time>
      </trkpt>
      <trkpt lat="43.481855" lon="3.740471">
        <ele>216.490189</ele>
        <time>2026-07-24T17:23:16.871Z</time>
      </trkpt>
      <trkpt lat="43.482177" lon="3.740401">
        <ele>216.399779</ele>
        <time>2026-07-24T17:23:23.140Z</time>
      </trkpt>
      <trkpt lat="43.482496" lon="3.740403">
        <ele>216.311320</ele>
        <time>2026-07-24T17:23:29.358Z</time>
      </trkpt>
      <trkpt lat="43.483158" lon="3.740587">
        <ele>216.183227</ele>
        <time>2026-07-24T17:23:42.394Z</time>
      </trkpt>
      <trkpt lat="43.483365" lon="3.740666">
        <ele>216.109593</ele>
        <time>2026-07-24T17:23:46.477Z</time>
      </trkpt>
      <trkpt lat="43.483945" lon="3.741023">
        <ele>215.901766</ele>
        <time>2026-07-24T17:23:58.526Z</time>
      </trkpt>
      <trkpt lat="43.484629" lon="3.741371">
        <ele>215.741316</ele>
        <time>2026-07-24T17:24:12.469Z</time>
      </trkpt>
      <trkpt lat="43.485221" lon="3.741777">
        <ele>215.912577</ele>
        <time>2026-07-24T17:24:26.105Z</time>
      </trkpt>
      <trkpt lat="43.486104" lon="3.742543">
        <ele>216.385371</ele>
        <time>2026-07-24T17:24:49.394Z</time>
      </trkpt>
      <trkpt lat="43.486302" lon="3.742631">
        <ele>216.378677</ele>
        <time>2026-07-24T17:24:53.500Z</time>
      </trkpt>
      <trkpt lat="43.486583" lon="3.742953">
        <ele>216.128511</ele>
        <time>2026-07-24T17:25:00.153Z</time>
      </trkpt>
      <trkpt lat="43.486734" lon="3.743060">
        <ele>215.848866</ele>
        <time>2026-07-24T17:25:02.927Z</time>
      </trkpt>
      <trkpt lat="43.487050" lon="3.743134">
        <ele>215.016597</ele>
        <time>2026-07-24T17:25:07.894Z</time>
      </trkpt>
      <trkpt lat="43.487384" lon="3.743331">
        <ele>214.188458</ele>
        <time>2026-07-24T17:25:13.569Z</time>
      </trkpt>
      <trkpt lat="43.488277" lon="3.744173">
        <ele>212.754703</ele>
        <time>2026-07-24T17:25:32.164Z</time>
      </trkpt>
      <trkpt lat="43.488423" lon="3.744405">
        <ele>212.220347</ele>
        <time>2026-07-24T17:25:35.654Z</time>
      </trkpt>
      <trkpt lat="43.488564" lon="3.744680">
        <ele>211.452494</ele>
        <time>2026-07-24T17:25:39.135Z</time>
      </trkpt>
      <trkpt lat="43.488637" lon="3.745022">
        <ele>211.430897</ele>
        <time>2026-07-24T17:25:45.573Z</time>
      </trkpt>
      <trkpt lat="43.488665" lon="3.745974">
        <ele>211.497741</ele>
        <time>2026-07-24T17:25:59.477Z</time>
      </trkpt>
      <trkpt lat="43.488709" lon="3.746539">
        <ele>210.851896</ele>
        <time>2026-07-24T17:26:06.255Z</time>
      </trkpt>
      <trkpt lat="43.488744" lon="3.746746">
        <ele>210.480629</ele>
        <time>2026-07-24T17:26:08.652Z</time>
      </trkpt>
      <trkpt lat="43.488895" lon="3.747137">
        <ele>209.587250</ele>
        <time>2026-07-24T17:26:13.522Z</time>
      </trkpt>
      <trkpt lat="43.489091" lon="3.747387">
        <ele>209.143463</ele>
        <time>2026-07-24T17:26:17.972Z</time>
      </trkpt>
      <trkpt lat="43.489168" lon="3.747488">
        <ele>209.030140</ele>
        <time>2026-07-24T17:26:19.914Z</time>
      </trkpt>
      <trkpt lat="43.489452" lon="3.747748">
        <ele>209.088662</ele>
        <time>2026-07-24T17:26:26.808Z</time>
      </trkpt>
      <trkpt lat="43.490016" lon="3.747788">
        <ele>209.920107</ele>
        <time>2026-07-24T17:26:42.050Z</time>
      </trkpt>
      <trkpt lat="43.490756" lon="3.747772">
        <ele>211.485667</ele>
        <time>2026-07-24T17:27:03.658Z</time>
      </trkpt>
      <trkpt lat="43.491342" lon="3.748027">
        <ele>212.637936</ele>
        <time>2026-07-24T17:27:21.320Z</time>
      </trkpt>
      <trkpt lat="43.491931" lon="3.748302">
        <ele>212.867284</ele>
        <time>2026-07-24T17:27:34.551Z</time>
      </trkpt>
      <trkpt lat="43.492291" lon="3.748521">
        <ele>212.775898</ele>
        <time>2026-07-24T17:27:41.910Z</time>
      </trkpt>
      <trkpt lat="43.492881" lon="3.748968">
        <ele>213.305846</ele>
        <time>2026-07-24T17:27:57.759Z</time>
      </trkpt>
      <trkpt lat="43.493065" lon="3.749077">
        <ele>213.522648</ele>
        <time>2026-07-24T17:28:02.768Z</time>
      </trkpt>
      <trkpt lat="43.493240" lon="3.749247">
        <ele>213.779552</ele>
        <time>2026-07-24T17:28:08.207Z</time>
      </trkpt>
      <trkpt lat="43.493462" lon="3.749504">
        <ele>214.082707</ele>
        <time>2026-07-24T17:28:15.275Z</time>
      </trkpt>
      <trkpt lat="43.494047" lon="3.750426">
        <ele>214.692371</ele>
        <time>2026-07-24T17:28:35.718Z</time>
      </trkpt>
      <trkpt lat="43.494403" lon="3.751042">
        <ele>215.010289</ele>
        <time>2026-07-24T17:28:48.537Z</time>
      </trkpt>
      <trkpt lat="43.494589" lon="3.751307">
        <ele>215.192835</ele>
        <time>2026-07-24T17:28:54.526Z</time>
      </trkpt>
      <trkpt lat="43.494879" lon="3.751505">
        <ele>215.305228</ele>
        <time>2026-07-24T17:29:02.128Z</time>
      </trkpt>
      <trkpt lat="43.494980" lon="3.751582">
        <ele>215.105292</ele>
        <time>2026-07-24T17:29:04.044Z</time>
      </trkpt>
      <trkpt lat="43.495176" lon="3.751737">
        <ele>214.450634</ele>
        <time>2026-07-24T17:29:07.441Z</time>
      </trkpt>
      <trkpt lat="43.495214" lon="3.751756">
        <ele>214.301607</ele>
        <time>2026-07-24T17:29:08.037Z</time>
      </trkpt>
      <trkpt lat="43.495396" lon="3.751845">
        <ele>213.407928</ele>
        <time>2026-07-24T17:29:10.757Z</time>
      </trkpt>
      <trkpt lat="43.495812" lon="3.751979">
        <ele>210.728006</ele>
        <time>2026-07-24T17:29:16.488Z</time>
      </trkpt>
      <trkpt lat="43.496051" lon="3.752060">
        <ele>208.880251</ele>
        <time>2026-07-24T17:29:19.648Z</time>
      </trkpt>
      <trkpt lat="43.496307" lon="3.752188">
        <ele>206.749400</ele>
        <time>2026-07-24T17:29:23.163Z</time>
      </trkpt>
      <trkpt lat="43.496608" lon="3.752273">
        <ele>204.484707</ele>
        <time>2026-07-24T17:29:27.179Z</time>
      </trkpt>
      <trkpt lat="43.496997" lon="3.752312">
        <ele>201.425943</ele>
        <time>2026-07-24T17:29:32.238Z</time>
      </trkpt>
      <trkpt lat="43.498132" lon="3.752994">
        <ele>189.846746</ele>
        <time>2026-07-24T17:29:47.824Z</time>
      </trkpt>
      <trkpt lat="43.498332" lon="3.753420">
        <ele>184.499194</ele>
        <time>2026-07-24T17:29:52.189Z</time>
      </trkpt>
      <trkpt lat="43.498485" lon="3.753881">
        <ele>178.104366</ele>
        <time>2026-07-24T17:29:56.425Z</time>
      </trkpt>
      <trkpt lat="43.498577" lon="3.753970">
        <ele>176.587607</ele>
        <time>2026-07-24T17:29:57.832Z</time>
      </trkpt>
      <trkpt lat="43.499488" lon="3.754247">
        <ele>176.161742</ele>
        <time>2026-07-24T17:30:16.971Z</time>
      </trkpt>
      <trkpt lat="43.499860" lon="3.754435">
        <ele>173.116687</ele>
        <time>2026-07-24T17:30:22.077Z</time>
      </trkpt>
      <trkpt lat="43.500093" lon="3.754662">
        <ele>169.459427</ele>
        <time>2026-07-24T17:30:25.494Z</time>
      </trkpt>
      <trkpt lat="43.500568" lon="3.755369">
        <ele>159.974693</ele>
        <time>2026-07-24T17:30:33.815Z</time>
      </trkpt>
      <trkpt lat="43.500804" lon="3.755622">
        <ele>157.836903</ele>
        <time>2026-07-24T17:30:37.763Z</time>
      </trkpt>
      <trkpt lat="43.500966" lon="3.755698">
        <ele>157.378258</ele>
        <time>2026-07-24T17:30:40.463Z</time>
      </trkpt>
      <trkpt lat="43.501200" lon="3.755675">
        <ele>157.555803</ele>
        <time>2026-07-24T17:30:45.963Z</time>
      </trkpt>
      <trkpt lat="43.501597" lon="3.755537">
        <ele>158.962519</ele>
        <time>2026-07-24T17:31:01.024Z</time>
      </trkpt>
      <trkpt lat="43.502352" lon="3.754389">
        <ele>163.791357</ele>
        <time>2026-07-24T17:31:47.022Z</time>
      </trkpt>
      <trkpt lat="43.502456" lon="3.754185">
        <ele>163.439437</ele>
        <time>2026-07-24T17:31:49.714Z</time>
      </trkpt>
      <trkpt lat="43.502569" lon="3.753796">
        <ele>161.062616</ele>
        <time>2026-07-24T17:31:53.628Z</time>
      </trkpt>
      <trkpt lat="43.502617" lon="3.753726">
        <ele>160.458571</ele>
        <time>2026-07-24T17:31:54.521Z</time>
      </trkpt>
      <trkpt lat="43.502684" lon="3.753721">
        <ele>159.857536</ele>
        <time>2026-07-24T17:31:55.369Z</time>
      </trkpt>
      <trkpt lat="43.502849" lon="3.753796">
        <ele>157.353531</ele>
        <time>2026-07-24T17:31:57.462Z</time>
      </trkpt>
      <trkpt lat="43.503056" lon="3.753735">
        <ele>154.597509</ele>
        <time>2026-07-24T17:31:59.900Z</time>
      </trkpt>
      <trkpt lat="43.503220" lon="3.753546">
        <ele>153.784686</ele>
        <time>2026-07-24T17:32:08.634Z</time>
      </trkpt>
      <trkpt lat="43.503283" lon="3.753483">
        <ele>153.680543</ele>
        <time>2026-07-24T17:32:09.708Z</time>
      </trkpt>
      <trkpt lat="43.503385" lon="3.753368">
        <ele>151.926559</ele>
        <time>2026-07-24T17:32:11.272Z</time>
      </trkpt>
      <trkpt lat="43.503612" lon="3.753282">
        <ele>148.713088</ele>
        <time>2026-07-24T17:32:14.053Z</time>
      </trkpt>
      <trkpt lat="43.503745" lon="3.753370">
        <ele>147.155010</ele>
        <time>2026-07-24T17:32:15.865Z</time>
      </trkpt>
      <trkpt lat="43.503909" lon="3.753528">
        <ele>146.017800</ele>
        <time>2026-07-24T17:32:18.634Z</time>
      </trkpt>
      <trkpt lat="43.504280" lon="3.754174">
        <ele>145.556666</ele>
        <time>2026-07-24T17:32:29.418Z</time>
      </trkpt>
      <trkpt lat="43.504810" lon="3.754850">
        <ele>147.867867</ele>
        <time>2026-07-24T17:32:54.458Z</time>
      </trkpt>
      <trkpt lat="43.504856" lon="3.755035">
        <ele>148.632301</ele>
        <time>2026-07-24T17:33:00.826Z</time>
      </trkpt>
      <trkpt lat="43.504798" lon="3.755505">
        <ele>150.904066</ele>
        <time>2026-07-24T17:33:18.933Z</time>
      </trkpt>
      <trkpt lat="43.504842" lon="3.755713">
        <ele>151.797897</ele>
        <time>2026-07-24T17:33:25.852Z</time>
      </trkpt>
      <trkpt lat="43.504913" lon="3.755886">
        <ele>151.972262</ele>
        <time>2026-07-24T17:33:30.578Z</time>
      </trkpt>
      <trkpt lat="43.505017" lon="3.755976">
        <ele>151.843402</ele>
        <time>2026-07-24T17:33:32.630Z</time>
      </trkpt>
      <trkpt lat="43.505298" lon="3.756219">
        <ele>149.214300</ele>
        <time>2026-07-24T17:33:36.874Z</time>
      </trkpt>
      <trkpt lat="43.505570" lon="3.756403">
        <ele>145.947659</ele>
        <time>2026-07-24T17:33:40.580Z</time>
      </trkpt>
      <trkpt lat="43.505656" lon="3.756554">
        <ele>144.596717</ele>
        <time>2026-07-24T17:33:42.320Z</time>
      </trkpt>
      <trkpt lat="43.505717" lon="3.756814">
        <ele>142.885586</ele>
        <time>2026-07-24T17:33:44.834Z</time>
      </trkpt>
      <trkpt lat="43.505803" lon="3.756967">
        <ele>141.829574</ele>
        <time>2026-07-24T17:33:46.666Z</time>
      </trkpt>
      <trkpt lat="43.505900" lon="3.757063">
        <ele>141.120207</ele>
        <time>2026-07-24T17:33:48.271Z</time>
      </trkpt>
      <trkpt lat="43.506043" lon="3.757137">
        <ele>140.283754</ele>
        <time>2026-07-24T17:33:50.386Z</time>
      </trkpt>
      <trkpt lat="43.506678" lon="3.756825">
        <ele>136.824518</ele>
        <time>2026-07-24T17:33:59.803Z</time>
      </trkpt>
      <trkpt lat="43.506893" lon="3.756780">
        <ele>135.019625</ele>
        <time>2026-07-24T17:34:02.602Z</time>
      </trkpt>
      <trkpt lat="43.507200" lon="3.756781">
        <ele>131.821413</ele>
        <time>2026-07-24T17:34:06.320Z</time>
      </trkpt>
      <trkpt lat="43.507320" lon="3.756789">
        <ele>130.877352</ele>
        <time>2026-07-24T17:34:07.914Z</time>
      </trkpt>
      <trkpt lat="43.508094" lon="3.756804">
        <ele>128.460299</ele>
        <time>2026-07-24T17:34:19.634Z</time>
      </trkpt>
      <trkpt lat="43.508383" lon="3.756997">
        <ele>127.886123</ele>
        <time>2026-07-24T17:34:24.871Z</time>
      </trkpt>
      <trkpt lat="43.508498" lon="3.757093">
        <ele>127.671172</ele>
        <time>2026-07-24T17:34:28.478Z</time>
      </trkpt>
      <trkpt lat="43.508722" lon="3.757279">
        <ele>126.608202</ele>
        <time>2026-07-24T17:34:32.046Z</time>
      </trkpt>
      <trkpt lat="43.508980" lon="3.757405">
        <ele>125.253121</ele>
        <time>2026-07-24T17:34:35.819Z</time>
      </trkpt>
      <trkpt lat="43.509194" lon="3.757572">
        <ele>124.402016</ele>
        <time>2026-07-24T17:34:39.513Z</time>
      </trkpt>
      <trkpt lat="43.509290" lon="3.757793">
        <ele>123.804754</ele>
        <time>2026-07-24T17:34:42.328Z</time>
      </trkpt>
      <trkpt lat="43.509350" lon="3.758049">
        <ele>123.197797</ele>
        <time>2026-07-24T17:34:45.319Z</time>
      </trkpt>
      <trkpt lat="43.509409" lon="3.758570">
        <ele>121.875206</ele>
        <time>2026-07-24T17:34:51.035Z</time>
      </trkpt>
      <trkpt lat="43.509387" lon="3.759058">
        <ele>120.049389</ele>
        <time>2026-07-24T17:34:55.921Z</time>
      </trkpt>
      <trkpt lat="43.509438" lon="3.759558">
        <ele>117.561685</ele>
        <time>2026-07-24T17:35:00.735Z</time>
      </trkpt>
      <trkpt lat="43.509657" lon="3.760337">
        <ele>113.141566</ele>
        <time>2026-07-24T17:35:08.596Z</time>
      </trkpt>
      <trkpt lat="43.509743" lon="3.760819">
        <ele>111.179963</ele>
        <time>2026-07-24T17:35:13.628Z</time>
      </trkpt>
      <trkpt lat="43.509810" lon="3.762289">
        <ele>105.083960</ele>
        <time>2026-07-24T17:35:28.128Z</time>
      </trkpt>
      <trkpt lat="43.509853" lon="3.762556">
        <ele>104.108392</ele>
        <time>2026-07-24T17:35:30.809Z</time>
      </trkpt>
      <trkpt lat="43.509911" lon="3.762802">
        <ele>103.480427</ele>
        <time>2026-07-24T17:35:33.747Z</time>
      </trkpt>
      <trkpt lat="43.509998" lon="3.762979">
        <ele>103.109242</ele>
        <time>2026-07-24T17:35:36.213Z</time>
      </trkpt>
      <trkpt lat="43.510411" lon="3.763475">
        <ele>101.797903</ele>
        <time>2026-07-24T17:35:44.822Z</time>
      </trkpt>
      <trkpt lat="43.510596" lon="3.763604">
        <ele>101.247374</ele>
        <time>2026-07-24T17:35:48.000Z</time>
      </trkpt>
      <trkpt lat="43.510796" lon="3.763688">
        <ele>100.591644</ele>
        <time>2026-07-24T17:35:51.169Z</time>
      </trkpt>
      <trkpt lat="43.511248" lon="3.763785">
        <ele>98.902639</ele>
        <time>2026-07-24T17:35:57.868Z</time>
      </trkpt>
      <trkpt lat="43.511453" lon="3.763851">
        <ele>97.846334</ele>
        <time>2026-07-24T17:36:00.797Z</time>
      </trkpt>
      <trkpt lat="43.511696" lon="3.763971">
        <ele>96.381804</ele>
        <time>2026-07-24T17:36:04.241Z</time>
      </trkpt>
      <trkpt lat="43.512311" lon="3.764362">
        <ele>93.132559</ele>
        <time>2026-07-24T17:36:13.741Z</time>
      </trkpt>
      <trkpt lat="43.512767" lon="3.764670">
        <ele>90.990486</ele>
        <time>2026-07-24T17:36:21.067Z</time>
      </trkpt>
      <trkpt lat="43.512982" lon="3.764779">
        <ele>90.136265</ele>
        <time>2026-07-24T17:36:24.328Z</time>
      </trkpt>
      <trkpt lat="43.513270" lon="3.764962">
        <ele>89.652977</ele>
        <time>2026-07-24T17:36:29.797Z</time>
      </trkpt>
      <trkpt lat="43.513529" lon="3.765204">
        <ele>89.057239</ele>
        <time>2026-07-24T17:36:34.881Z</time>
      </trkpt>
      <trkpt lat="43.514415" lon="3.766181">
        <ele>86.061376</ele>
        <time>2026-07-24T17:36:52.294Z</time>
      </trkpt>
      <trkpt lat="43.514586" lon="3.766460">
        <ele>85.611245</ele>
        <time>2026-07-24T17:36:56.820Z</time>
      </trkpt>
      <trkpt lat="43.514818" lon="3.767051">
        <ele>84.980862</ele>
        <time>2026-07-24T17:37:05.129Z</time>
      </trkpt>
      <trkpt lat="43.514984" lon="3.767771">
        <ele>84.126791</ele>
        <time>2026-07-24T17:37:14.097Z</time>
      </trkpt>
      <trkpt lat="43.515033" lon="3.768083">
        <ele>84.168539</ele>
        <time>2026-07-24T17:37:19.420Z</time>
      </trkpt>
      <trkpt lat="43.515059" lon="3.768248">
        <ele>84.261910</ele>
        <time>2026-07-24T17:37:23.009Z</time>
      </trkpt>
      <trkpt lat="43.515416" lon="3.769198">
        <ele>83.176888</ele>
        <time>2026-07-24T17:37:46.327Z</time>
      </trkpt>
      <trkpt lat="43.515617" lon="3.769517">
        <ele>82.627290</ele>
        <time>2026-07-24T17:37:55.302Z</time>
      </trkpt>
      <trkpt lat="43.515746" lon="3.769648">
        <ele>82.364025</ele>
        <time>2026-07-24T17:38:00.297Z</time>
      </trkpt>
      <trkpt lat="43.515816" lon="3.769844">
        <ele>82.010501</ele>
        <time>2026-07-24T17:38:04.908Z</time>
      </trkpt>
      <trkpt lat="43.515862" lon="3.769884">
        <ele>81.840986</ele>
        <time>2026-07-24T17:38:06.287Z</time>
      </trkpt>
      <trkpt lat="43.515947" lon="3.769990">
        <ele>81.492194</ele>
        <time>2026-07-24T17:38:09.159Z</time>
      </trkpt>
      <trkpt lat="43.515970" lon="3.770018">
        <ele>81.423151</ele>
        <time>2026-07-24T17:38:09.948Z</time>
      </trkpt>
      <trkpt lat="43.516007" lon="3.770140">
        <ele>81.207344</ele>
        <time>2026-07-24T17:38:12.529Z</time>
      </trkpt>
      <trkpt lat="43.516012" lon="3.770272">
        <ele>81.000045</ele>
        <time>2026-07-24T17:38:15.343Z</time>
      </trkpt>
      <trkpt lat="43.515921" lon="3.770635">
        <ele>80.651574</ele>
        <time>2026-07-24T17:38:23.465Z</time>
      </trkpt>
      <trkpt lat="43.515794" lon="3.770918">
        <ele>80.204019</ele>
        <time>2026-07-24T17:38:29.995Z</time>
      </trkpt>
      <trkpt lat="43.515543" lon="3.771256">
        <ele>79.521769</ele>
        <time>2026-07-24T17:38:39.680Z</time>
      </trkpt>
      <trkpt lat="43.515457" lon="3.771415">
        <ele>79.293883</ele>
        <time>2026-07-24T17:38:43.708Z</time>
      </trkpt>
      <trkpt lat="43.515353" lon="3.771824">
        <ele>78.836523</ele>
        <time>2026-07-24T17:38:52.559Z</time>
      </trkpt>
      <trkpt lat="43.515363" lon="3.772111">
        <ele>78.782012</ele>
        <time>2026-07-24T17:38:58.976Z</time>
      </trkpt>
      <trkpt lat="43.515463" lon="3.772439">
        <ele>79.188590</ele>
        <time>2026-07-24T17:39:08.942Z</time>
      </trkpt>
      <trkpt lat="43.515509" lon="3.772499">
        <ele>79.427469</ele>
        <time>2026-07-24T17:39:12.025Z</time>
      </trkpt>
      <trkpt lat="43.515846" lon="3.772973">
        <ele>81.209676</ele>
        <time>2026-07-24T17:39:35.937Z</time>
      </trkpt>
      <trkpt lat="43.516136" lon="3.773229">
        <ele>82.099867</ele>
        <time>2026-07-24T17:39:50.330Z</time>
      </trkpt>
      <trkpt lat="43.516504" lon="3.773399">
        <ele>83.025607</ele>
        <time>2026-07-24T17:40:06.861Z</time>
      </trkpt>
      <trkpt lat="43.516678" lon="3.773443">
        <ele>83.488975</ele>
        <time>2026-07-24T17:40:14.831Z</time>
      </trkpt>
      <trkpt lat="43.516832" lon="3.773451">
        <ele>83.905597</ele>
        <time>2026-07-24T17:40:21.700Z</time>
      </trkpt>
      <trkpt lat="43.517306" lon="3.773386">
        <ele>85.123377</ele>
        <time>2026-07-24T17:40:42.295Z</time>
      </trkpt>
      <trkpt lat="43.517426" lon="3.773458">
        <ele>85.338267</ele>
        <time>2026-07-24T17:40:47.382Z</time>
      </trkpt>
      <trkpt lat="43.517785" lon="3.773867">
        <ele>85.499781</ele>
        <time>2026-07-24T17:41:02.726Z</time>
      </trkpt>
      <trkpt lat="43.518174" lon="3.774256">
        <ele>85.677308</ele>
        <time>2026-07-24T17:41:18.722Z</time>
      </trkpt>
      <trkpt lat="43.518390" lon="3.774670">
        <ele>86.380787</ele>
        <time>2026-07-24T17:41:34.470Z</time>
      </trkpt>
      <trkpt lat="43.518742" lon="3.775035">
        <ele>86.409542</ele>
        <time>2026-07-24T17:41:48.285Z</time>
      </trkpt>
      <trkpt lat="43.518764" lon="3.775120">
        <ele>86.371002</ele>
        <time>2026-07-24T17:41:50.179Z</time>
      </trkpt>
      <trkpt lat="43.518744" lon="3.775193">
        <ele>86.234476</ele>
        <time>2026-07-24T17:41:51.751Z</time>
      </trkpt>
      <trkpt lat="43.518507" lon="3.775517">
        <ele>85.096552</ele>
        <time>2026-07-24T17:42:00.425Z</time>
      </trkpt>
      <trkpt lat="43.518274" lon="3.776118">
        <ele>81.839244</ele>
        <time>2026-07-24T17:42:11.651Z</time>
      </trkpt>
      <trkpt lat="43.518222" lon="3.776337">
        <ele>80.880865</ele>
        <time>2026-07-24T17:42:15.604Z</time>
      </trkpt>
      <trkpt lat="43.518164" lon="3.776933">
        <ele>79.274212</ele>
        <time>2026-07-24T17:42:26.185Z</time>
      </trkpt>
      <trkpt lat="43.518183" lon="3.777176">
        <ele>79.821439</ele>
        <time>2026-07-24T17:42:35.401Z</time>
      </trkpt>
      <trkpt lat="43.518336" lon="3.777712">
        <ele>83.478439</ele>
        <time>2026-07-24T17:43:07.268Z</time>
      </trkpt>
      <trkpt lat="43.518501" lon="3.778197">
        <ele>86.317276</ele>
        <time>2026-07-24T17:43:32.180Z</time>
      </trkpt>
      <trkpt lat="43.518745" lon="3.778809">
        <ele>88.610588</ele>
        <time>2026-07-24T17:43:58.480Z</time>
      </trkpt>
      <trkpt lat="43.518854" lon="3.779027">
        <ele>89.187637</ele>
        <time>2026-07-24T17:44:06.819Z</time>
      </trkpt>
      <trkpt lat="43.519196" lon="3.779422">
        <ele>90.190761</ele>
        <time>2026-07-24T17:44:25.629Z</time>
      </trkpt>
      <trkpt lat="43.519366" lon="3.779579">
        <ele>90.602518</ele>
        <time>2026-07-24T17:44:33.898Z</time>
      </trkpt>
      <trkpt lat="43.520065" lon="3.780061">
        <ele>92.241182</ele>
        <time>2026-07-24T17:45:05.880Z</time>
      </trkpt>
      <trkpt lat="43.520337" lon="3.780301">
        <ele>93.110562</ele>
        <time>2026-07-24T17:45:20.286Z</time>
      </trkpt>
      <trkpt lat="43.520542" lon="3.780524">
        <ele>93.892228</ele>
        <time>2026-07-24T17:45:32.032Z</time>
      </trkpt>
      <trkpt lat="43.520705" lon="3.780778">
        <ele>94.539832</ele>
        <time>2026-07-24T17:45:43.013Z</time>
      </trkpt>
      <trkpt lat="43.520861" lon="3.781141">
        <ele>94.708231</ele>
        <time>2026-07-24T17:45:54.726Z</time>
      </trkpt>
      <trkpt lat="43.521108" lon="3.781890">
        <ele>93.674124</ele>
        <time>2026-07-24T17:46:10.865Z</time>
      </trkpt>
      <trkpt lat="43.521387" lon="3.782754">
        <ele>91.906841</ele>
        <time>2026-07-24T17:46:28.928Z</time>
      </trkpt>
      <trkpt lat="43.521929" lon="3.784088">
        <ele>91.071465</ele>
        <time>2026-07-24T17:47:01.964Z</time>
      </trkpt>
      <trkpt lat="43.522080" lon="3.784384">
        <ele>91.214776</ele>
        <time>2026-07-24T17:47:11.857Z</time>
      </trkpt>
      <trkpt lat="43.522249" lon="3.784561">
        <ele>91.113407</ele>
        <time>2026-07-24T17:47:18.247Z</time>
      </trkpt>
      <trkpt lat="43.522480" lon="3.784722">
        <ele>90.618085</ele>
        <time>2026-07-24T17:47:25.286Z</time>
      </trkpt>
      <trkpt lat="43.522531" lon="3.784816">
        <ele>90.438223</ele>
        <time>2026-07-24T17:47:27.593Z</time>
      </trkpt>
      <trkpt lat="43.522541" lon="3.784918">
        <ele>90.286182</ele>
        <time>2026-07-24T17:47:29.638Z</time>
      </trkpt>
      <trkpt lat="43.522419" lon="3.785240">
        <ele>89.723030</ele>
        <time>2026-07-24T17:47:36.877Z</time>
      </trkpt>
      <trkpt lat="43.522393" lon="3.785487">
        <ele>89.157025</ele>
        <time>2026-07-24T17:47:41.592Z</time>
      </trkpt>
      <trkpt lat="43.522417" lon="3.785837">
        <ele>88.333111</ele>
        <time>2026-07-24T17:47:47.770Z</time>
      </trkpt>
      <trkpt lat="43.522516" lon="3.786384">
        <ele>89.207878</ele>
        <time>2026-07-24T17:48:05.838Z</time>
      </trkpt>
      <trkpt lat="43.522726" lon="3.787235">
        <ele>93.042823</ele>
        <time>2026-07-24T17:48:44.571Z</time>
      </trkpt>
      <trkpt lat="43.522909" lon="3.787662">
        <ele>94.657560</ele>
        <time>2026-07-24T17:49:02.932Z</time>
      </trkpt>
      <trkpt lat="43.522990" lon="3.787764">
        <ele>95.108459</ele>
        <time>2026-07-24T17:49:08.292Z</time>
      </trkpt>
      <trkpt lat="43.523049" lon="3.787839">
        <ele>95.473982</ele>
        <time>2026-07-24T17:49:12.284Z</time>
      </trkpt>
      <trkpt lat="43.523258" lon="3.787991">
        <ele>96.646536</ele>
        <time>2026-07-24T17:49:25.278Z</time>
      </trkpt>
      <trkpt lat="43.523670" lon="3.788119">
        <ele>99.061062</ele>
        <time>2026-07-24T17:49:49.804Z</time>
      </trkpt>
      <trkpt lat="43.524122" lon="3.788363">
        <ele>101.529236</ele>
        <time>2026-07-24T17:50:16.600Z</time>
      </trkpt>
      <trkpt lat="43.524660" lon="3.788757">
        <ele>104.077834</ele>
        <time>2026-07-24T17:50:47.466Z</time>
      </trkpt>
      <trkpt lat="43.524807" lon="3.788859">
        <ele>104.387998</ele>
        <time>2026-07-24T17:50:51.954Z</time>
      </trkpt>
      <trkpt lat="43.525006" lon="3.788945">
        <ele>104.267935</ele>
        <time>2026-07-24T17:50:55.656Z</time>
      </trkpt>
      <trkpt lat="43.525203" lon="3.788953">
        <ele>104.024621</ele>
        <time>2026-07-24T17:51:01.139Z</time>
      </trkpt>
      <trkpt lat="43.525236" lon="3.788992">
        <ele>103.967088</ele>
        <time>2026-07-24T17:51:02.337Z</time>
      </trkpt>
      <trkpt lat="43.525623" lon="3.789081">
        <ele>104.017978</ele>
        <time>2026-07-24T17:51:14.722Z</time>
      </trkpt>
      <trkpt lat="43.525798" lon="3.789039">
        <ele>104.080124</ele>
        <time>2026-07-24T17:51:22.147Z</time>
      </trkpt>
      <trkpt lat="43.526115" lon="3.788866">
        <ele>103.722359</ele>
        <time>2026-07-24T17:51:31.720Z</time>
      </trkpt>
      <trkpt lat="43.526198" lon="3.788916">
        <ele>103.655381</ele>
        <time>2026-07-24T17:51:34.239Z</time>
      </trkpt>
      <trkpt lat="43.526222" lon="3.789793">
        <ele>103.597844</ele>
        <time>2026-07-24T17:51:53.651Z</time>
      </trkpt>
      <trkpt lat="43.526634" lon="3.790602">
        <ele>107.549671</ele>
        <time>2026-07-24T17:52:34.849Z</time>
      </trkpt>
      <trkpt lat="43.526710" lon="3.790581">
        <ele>108.127257</ele>
        <time>2026-07-24T17:52:40.212Z</time>
      </trkpt>
      <trkpt lat="43.526750" lon="3.790517">
        <ele>108.583780</ele>
        <time>2026-07-24T17:52:44.715Z</time>
      </trkpt>
      <trkpt lat="43.526671" lon="3.790153">
        <ele>110.990148</ele>
        <time>2026-07-24T17:53:04.411Z</time>
      </trkpt>
      <trkpt lat="43.526675" lon="3.790003">
        <ele>111.925165</ele>
        <time>2026-07-24T17:53:12.217Z</time>
      </trkpt>
      <trkpt lat="43.526704" lon="3.789887">
        <ele>112.666502</ele>
        <time>2026-07-24T17:53:18.632Z</time>
      </trkpt>
      <trkpt lat="43.526772" lon="3.789883">
        <ele>113.179926</ele>
        <time>2026-07-24T17:53:23.429Z</time>
      </trkpt>
      <trkpt lat="43.527037" lon="3.790444">
        <ele>116.774571</ele>
        <time>2026-07-24T17:53:54.582Z</time>
      </trkpt>
      <trkpt lat="43.527091" lon="3.790434">
        <ele>117.156372</ele>
        <time>2026-07-24T17:53:58.094Z</time>
      </trkpt>
      <trkpt lat="43.527132" lon="3.790373">
        <ele>117.561034</ele>
        <time>2026-07-24T17:54:01.841Z</time>
      </trkpt>
      <trkpt lat="43.527042" lon="3.789631">
        <ele>120.713899</ele>
        <time>2026-07-24T17:54:33.001Z</time>
      </trkpt>
      <trkpt lat="43.527075" lon="3.789554">
        <ele>121.090553</ele>
        <time>2026-07-24T17:54:36.771Z</time>
      </trkpt>
      <trkpt lat="43.527134" lon="3.789510">
        <ele>121.519368</ele>
        <time>2026-07-24T17:54:40.896Z</time>
      </trkpt>
      <trkpt lat="43.527185" lon="3.789559">
        <ele>122.011067</ele>
        <time>2026-07-24T17:54:44.891Z</time>
      </trkpt>
      <trkpt lat="43.527316" lon="3.789948">
        <ele>124.620873</ele>
        <time>2026-07-24T17:55:06.770Z</time>
      </trkpt>
      <trkpt lat="43.527550" lon="3.790267">
        <ele>127.613029</ele>
        <time>2026-07-24T17:55:31.046Z</time>
      </trkpt>
      <trkpt lat="43.527712" lon="3.790430">
        <ele>129.468746</ele>
        <time>2026-07-24T17:55:45.779Z</time>
      </trkpt>
      <trkpt lat="43.527845" lon="3.790726">
        <ele>131.506756</ele>
        <time>2026-07-24T17:56:03.797Z</time>
      </trkpt>
      <trkpt lat="43.527892" lon="3.791122">
        <ele>132.842950</ele>
        <time>2026-07-24T17:56:19.140Z</time>
      </trkpt>
      <trkpt lat="43.527896" lon="3.791362">
        <ele>133.239847</ele>
        <time>2026-07-24T17:56:25.820Z</time>
      </trkpt>
      <trkpt lat="43.527883" lon="3.791589">
        <ele>133.381788</ele>
        <time>2026-07-24T17:56:31.291Z</time>
      </trkpt>
      <trkpt lat="43.527817" lon="3.792018">
        <ele>133.463061</ele>
        <time>2026-07-24T17:56:41.723Z</time>
      </trkpt>
      <trkpt lat="43.527818" lon="3.792168">
        <ele>133.532309</ele>
        <time>2026-07-24T17:56:45.604Z</time>
      </trkpt>
      <trkpt lat="43.527856" lon="3.792268">
        <ele>133.704779</ele>
        <time>2026-07-24T17:56:48.760Z</time>
      </trkpt>
      <trkpt lat="43.527864" lon="3.792290">
        <ele>133.749591</ele>
        <time>2026-07-24T17:56:49.475Z</time>
      </trkpt>
      <trkpt lat="43.527972" lon="3.792386">
        <ele>134.072249</ele>
        <time>2026-07-24T17:56:55.038Z</time>
      </trkpt>
      <trkpt lat="43.528038" lon="3.792408">
        <ele>134.341954</ele>
        <time>2026-07-24T17:56:58.301Z</time>
      </trkpt>
      <trkpt lat="43.528742" lon="3.792226">
        <ele>137.283372</ele>
        <time>2026-07-24T17:57:35.511Z</time>
      </trkpt>
      <trkpt lat="43.528903" lon="3.792255">
        <ele>137.569471</ele>
        <time>2026-07-24T17:57:41.519Z</time>
      </trkpt>
      <trkpt lat="43.529020" lon="3.792342">
        <ele>137.562998</ele>
        <time>2026-07-24T17:57:45.728Z</time>
      </trkpt>
      <trkpt lat="43.529135" lon="3.792504">
        <ele>137.436562</ele>
        <time>2026-07-24T17:57:50.595Z</time>
      </trkpt>
      <trkpt lat="43.529273" lon="3.792766">
        <ele>137.215126</ele>
        <time>2026-07-24T17:57:57.145Z</time>
      </trkpt>
      <trkpt lat="43.529675" lon="3.793827">
        <ele>137.584148</ele>
        <time>2026-07-24T17:58:26.134Z</time>
      </trkpt>
      <trkpt lat="43.529750" lon="3.794139">
        <ele>138.235971</ele>
        <time>2026-07-24T17:58:37.776Z</time>
      </trkpt>
      <trkpt lat="43.529814" lon="3.794604">
        <ele>139.164336</ele>
        <time>2026-07-24T17:58:52.665Z</time>
      </trkpt>
      <trkpt lat="43.529836" lon="3.794880">
        <ele>139.404420</ele>
        <time>2026-07-24T17:59:00.560Z</time>
      </trkpt>
      <trkpt lat="43.529762" lon="3.795385">
        <ele>139.004136</ele>
        <time>2026-07-24T17:59:11.635Z</time>
      </trkpt>
      <trkpt lat="43.529432" lon="3.796086">
        <ele>136.920465</ele>
        <time>2026-07-24T17:59:26.596Z</time>
      </trkpt>
      <trkpt lat="43.529443" lon="3.796222">
        <ele>137.039786</ele>
        <time>2026-07-24T17:59:30.549Z</time>
      </trkpt>
      <trkpt lat="43.529474" lon="3.796280">
        <ele>137.102616</ele>
        <time>2026-07-24T17:59:33.167Z</time>
      </trkpt>
      <trkpt lat="43.529606" lon="3.796441">
        <ele>137.892254</ele>
        <time>2026-07-24T17:59:42.296Z</time>
      </trkpt>
      <trkpt lat="43.529808" lon="3.796579">
        <ele>139.152118</ele>
        <time>2026-07-24T17:59:55.686Z</time>
      </trkpt>
      <trkpt lat="43.530335" lon="3.796690">
        <ele>141.867434</ele>
        <time>2026-07-24T18:00:25.197Z</time>
      </trkpt>
      <trkpt lat="43.530385" lon="3.796768">
        <ele>141.954518</ele>
        <time>2026-07-24T18:00:28.396Z</time>
      </trkpt>
      <trkpt lat="43.530407" lon="3.796923">
        <ele>142.086622</ele>
        <time>2026-07-24T18:00:32.176Z</time>
      </trkpt>
      <trkpt lat="43.530396" lon="3.797173">
        <ele>141.846269</ele>
        <time>2026-07-24T18:00:37.366Z</time>
      </trkpt>
      <trkpt lat="43.530430" lon="3.797305">
        <ele>141.596924</ele>
        <time>2026-07-24T18:00:40.040Z</time>
      </trkpt>
      <trkpt lat="43.530521" lon="3.797439">
        <ele>141.068750</ele>
        <time>2026-07-24T18:00:43.379Z</time>
      </trkpt>
      <trkpt lat="43.530836" lon="3.797666">
        <ele>139.542686</ele>
        <time>2026-07-24T18:00:52.021Z</time>
      </trkpt>
      <trkpt lat="43.531172" lon="3.797820">
        <ele>138.066949</ele>
        <time>2026-07-24T18:01:00.981Z</time>
      </trkpt>
      <trkpt lat="43.531404" lon="3.798056">
        <ele>136.097358</ele>
        <time>2026-07-24T18:01:07.540Z</time>
      </trkpt>
      <trkpt lat="43.531440" lon="3.798158">
        <ele>135.492995</ele>
        <time>2026-07-24T18:01:09.398Z</time>
      </trkpt>
      <trkpt lat="43.531426" lon="3.798246">
        <ele>135.013030</ele>
        <time>2026-07-24T18:01:10.864Z</time>
      </trkpt>
      <trkpt lat="43.531202" lon="3.798442">
        <ele>133.054760</ele>
        <time>2026-07-24T18:01:16.872Z</time>
      </trkpt>
      <trkpt lat="43.531162" lon="3.798505">
        <ele>132.491545</ele>
        <time>2026-07-24T18:01:18.199Z</time>
      </trkpt>
      <trkpt lat="43.531146" lon="3.798611">
        <ele>131.763358</ele>
        <time>2026-07-24T18:01:19.895Z</time>
      </trkpt>
      <trkpt lat="43.531248" lon="3.798789">
        <ele>130.206296</ele>
        <time>2026-07-24T18:01:23.428Z</time>
      </trkpt>
      <trkpt lat="43.531227" lon="3.798911">
        <ele>129.328410</ele>
        <time>2026-07-24T18:01:25.385Z</time>
      </trkpt>
      <trkpt lat="43.531155" lon="3.799001">
        <ele>128.457798</ele>
        <time>2026-07-24T18:01:27.493Z</time>
      </trkpt>
      <trkpt lat="43.531093" lon="3.799035">
        <ele>127.913593</ele>
        <time>2026-07-24T18:01:28.957Z</time>
      </trkpt>
      <trkpt lat="43.530945" lon="3.799076">
        <ele>126.756909</ele>
        <time>2026-07-24T18:01:32.403Z</time>
      </trkpt>
      <trkpt lat="43.530763" lon="3.799084">
        <ele>125.629259</ele>
        <time>2026-07-24T18:01:36.598Z</time>
      </trkpt>
      <trkpt lat="43.530417" lon="3.798991">
        <ele>123.620359</ele>
        <time>2026-07-24T18:01:45.066Z</time>
      </trkpt>
      <trkpt lat="43.530358" lon="3.799014">
        <ele>123.217686</ele>
        <time>2026-07-24T18:01:46.444Z</time>
      </trkpt>
      <trkpt lat="43.530335" lon="3.799094">
        <ele>122.806383</ele>
        <time>2026-07-24T18:01:47.814Z</time>
      </trkpt>
      <trkpt lat="43.530446" lon="3.799174">
        <ele>121.975145</ele>
        <time>2026-07-24T18:01:50.701Z</time>
      </trkpt>
      <trkpt lat="43.530645" lon="3.799412">
        <ele>120.291551</ele>
        <time>2026-07-24T18:01:56.861Z</time>
      </trkpt>
      <trkpt lat="43.530875" lon="3.799777">
        <ele>117.585374</ele>
        <time>2026-07-24T18:02:04.651Z</time>
      </trkpt>
      <trkpt lat="43.531477" lon="3.800466">
        <ele>111.942166</ele>
        <time>2026-07-24T18:02:22.394Z</time>
      </trkpt>
      <trkpt lat="43.531658" lon="3.800574">
        <ele>110.710082</ele>
        <time>2026-07-24T18:02:27.010Z</time>
      </trkpt>
      <trkpt lat="43.531781" lon="3.800603">
        <ele>109.724798</ele>
        <time>2026-07-24T18:02:29.941Z</time>
      </trkpt>
      <trkpt lat="43.531806" lon="3.800757">
        <ele>108.644204</ele>
        <time>2026-07-24T18:02:32.357Z</time>
      </trkpt>
      <trkpt lat="43.531894" lon="3.800954">
        <ele>106.993497</ele>
        <time>2026-07-24T18:02:35.828Z</time>
      </trkpt>
      <trkpt lat="43.532160" lon="3.801001">
        <ele>104.606655</ele>
        <time>2026-07-24T18:02:41.948Z</time>
      </trkpt>
      <trkpt lat="43.532203" lon="3.801059">
        <ele>104.103543</ele>
        <time>2026-07-24T18:02:43.238Z</time>
      </trkpt>
      <trkpt lat="43.532202" lon="3.801144">
        <ele>103.433491</ele>
        <time>2026-07-24T18:02:44.536Z</time>
      </trkpt>
      <trkpt lat="43.532185" lon="3.801222">
        <ele>102.791521</ele>
        <time>2026-07-24T18:02:45.761Z</time>
      </trkpt>
      <trkpt lat="43.532132" lon="3.801304">
        <ele>101.925645</ele>
        <time>2026-07-24T18:02:47.451Z</time>
      </trkpt>
      <trkpt lat="43.532022" lon="3.801404">
        <ele>100.743182</ele>
        <time>2026-07-24T18:02:50.287Z</time>
      </trkpt>
      <trkpt lat="43.532022" lon="3.801430">
        <ele>100.581106</ele>
        <time>2026-07-24T18:02:50.698Z</time>
      </trkpt>
      <trkpt lat="43.532023" lon="3.801481">
        <ele>100.263073</ele>
        <time>2026-07-24T18:02:51.508Z</time>
      </trkpt>
      <trkpt lat="43.532107" lon="3.801502">
        <ele>99.621149</ele>
        <time>2026-07-24T18:02:53.471Z</time>
      </trkpt>
      <trkpt lat="43.532246" lon="3.801415">
        <ele>98.844115</ele>
        <time>2026-07-24T18:02:57.341Z</time>
      </trkpt>
      <trkpt lat="43.532278" lon="3.801428">
        <ele>98.674297</ele>
        <time>2026-07-24T18:02:58.141Z</time>
      </trkpt>
      <trkpt lat="43.532290" lon="3.801500">
        <ele>98.223181</ele>
        <time>2026-07-24T18:02:59.326Z</time>
      </trkpt>
      <trkpt lat="43.532196" lon="3.801693">
        <ele>96.631130</ele>
        <time>2026-07-24T18:03:02.928Z</time>
      </trkpt>
      <trkpt lat="43.532136" lon="3.801774">
        <ele>95.942137</ele>
        <time>2026-07-24T18:03:04.743Z</time>
      </trkpt>
      <trkpt lat="43.532027" lon="3.801839">
        <ele>95.000299</ele>
        <time>2026-07-24T18:03:07.400Z</time>
      </trkpt>
      <trkpt lat="43.532004" lon="3.801899">
        <ele>94.654465</ele>
        <time>2026-07-24T18:03:08.548Z</time>
      </trkpt>
      <trkpt lat="43.532090" lon="3.801991">
        <ele>94.200939</ele>
        <time>2026-07-24T18:03:11.171Z</time>
      </trkpt>
      <trkpt lat="43.532205" lon="3.801974">
        <ele>93.770450</ele>
        <time>2026-07-24T18:03:14.155Z</time>
      </trkpt>
      <trkpt lat="43.532213" lon="3.801973">
        <ele>93.773043</ele>
        <time>2026-07-24T18:03:14.386Z</time>
      </trkpt>
      <trkpt lat="43.532464" lon="3.801816">
        <ele>94.150973</ele>
        <time>2026-07-24T18:03:24.228Z</time>
      </trkpt>
      <trkpt lat="43.532830" lon="3.801215">
        <ele>96.682098</ele>
        <time>2026-07-24T18:03:55.683Z</time>
      </trkpt>
      <trkpt lat="43.533090" lon="3.800558">
        <ele>97.820178</ele>
        <time>2026-07-24T18:04:18.195Z</time>
      </trkpt>
      <trkpt lat="43.533141" lon="3.800319">
        <ele>97.645376</ele>
        <time>2026-07-24T18:04:23.490Z</time>
      </trkpt>
      <trkpt lat="43.533222" lon="3.800293">
        <ele>97.105992</ele>
        <time>2026-07-24T18:04:25.519Z</time>
      </trkpt>
      <trkpt lat="43.533266" lon="3.800291">
        <ele>96.820463</ele>
        <time>2026-07-24T18:04:26.500Z</time>
      </trkpt>
      <trkpt lat="43.533335" lon="3.800364">
        <ele>96.244144</ele>
        <time>2026-07-24T18:04:28.421Z</time>
      </trkpt>
      <trkpt lat="43.533439" lon="3.800833">
        <ele>92.560052</ele>
        <time>2026-07-24T18:04:35.939Z</time>
      </trkpt>
      <trkpt lat="43.533516" lon="3.801942">
        <ele>86.232051</ele>
        <time>2026-07-24T18:04:53.911Z</time>
      </trkpt>
      <trkpt lat="43.533563" lon="3.802334">
        <ele>85.814555</ele>
        <time>2026-07-24T18:05:02.678Z</time>
      </trkpt>
      <trkpt lat="43.533576" lon="3.803161">
        <ele>85.805422</ele>
        <time>2026-07-24T18:05:14.431Z</time>
      </trkpt>
      <trkpt lat="43.533650" lon="3.803424">
        <ele>86.339803</ele>
        <time>2026-07-24T18:05:20.274Z</time>
      </trkpt>
      <trkpt lat="43.533726" lon="3.803536">
        <ele>87.393862</ele>
        <time>2026-07-24T18:05:26.830Z</time>
      </trkpt>
      <trkpt lat="43.533780" lon="3.803573">
        <ele>87.965318</ele>
        <time>2026-07-24T18:05:31.660Z</time>
      </trkpt>
      <trkpt lat="43.533835" lon="3.803561">
        <ele>88.474586</ele>
        <time>2026-07-24T18:05:35.983Z</time>
      </trkpt>
      <trkpt lat="43.533848" lon="3.803504">
        <ele>88.820960</ele>
        <time>2026-07-24T18:05:39.013Z</time>
      </trkpt>
      <trkpt lat="43.533752" lon="3.803267">
        <ele>90.400809</ele>
        <time>2026-07-24T18:05:48.356Z</time>
      </trkpt>
      <trkpt lat="43.533761" lon="3.802635">
        <ele>94.343411</ele>
        <time>2026-07-24T18:06:15.749Z</time>
      </trkpt>
      <trkpt lat="43.533806" lon="3.802465">
        <ele>95.555135</ele>
        <time>2026-07-24T18:06:24.315Z</time>
      </trkpt>
      <trkpt lat="43.533825" lon="3.802456">
        <ele>95.740668</ele>
        <time>2026-07-24T18:06:25.627Z</time>
      </trkpt>
      <trkpt lat="43.533884" lon="3.802529">
        <ele>96.226000</ele>
        <time>2026-07-24T18:06:30.250Z</time>
      </trkpt>
      <trkpt lat="43.533947" lon="3.802961">
        <ele>97.162563</ele>
        <time>2026-07-24T18:06:39.035Z</time>
      </trkpt>
      <trkpt lat="43.534002" lon="3.803075">
        <ele>97.443203</ele>
        <time>2026-07-24T18:06:41.963Z</time>
      </trkpt>
      <trkpt lat="43.534131" lon="3.803221">
        <ele>98.560796</ele>
        <time>2026-07-24T18:06:49.837Z</time>
      </trkpt>
      <trkpt lat="43.534308" lon="3.803306">
        <ele>100.453906</ele>
        <time>2026-07-24T18:07:03.146Z</time>
      </trkpt>
      <trkpt lat="43.534761" lon="3.803443">
        <ele>105.783928</ele>
        <time>2026-07-24T18:07:37.181Z</time>
      </trkpt>
      <trkpt lat="43.535020" lon="3.803596">
        <ele>108.522093</ele>
        <time>2026-07-24T18:07:54.813Z</time>
      </trkpt>
      <trkpt lat="43.535167" lon="3.803649">
        <ele>109.599882</ele>
        <time>2026-07-24T18:08:03.143Z</time>
      </trkpt>
      <trkpt lat="43.535443" lon="3.803697">
        <ele>111.278171</ele>
        <time>2026-07-24T18:08:15.889Z</time>
      </trkpt>
      <trkpt lat="43.535587" lon="3.803624">
        <ele>112.060297</ele>
        <time>2026-07-24T18:08:22.372Z</time>
      </trkpt>
      <trkpt lat="43.535730" lon="3.803494">
        <ele>112.769105</ele>
        <time>2026-07-24T18:08:29.289Z</time>
      </trkpt>
      <trkpt lat="43.535884" lon="3.803285">
        <ele>113.095290</ele>
        <time>2026-07-24T18:08:35.738Z</time>
      </trkpt>
      <trkpt lat="43.536168" lon="3.802855">
        <ele>111.665352</ele>
        <time>2026-07-24T18:08:41.869Z</time>
      </trkpt>
      <trkpt lat="43.536211" lon="3.802859">
        <ele>111.462594</ele>
        <time>2026-07-24T18:08:42.448Z</time>
      </trkpt>
      <trkpt lat="43.536223" lon="3.802970">
        <ele>111.079836</ele>
        <time>2026-07-24T18:08:43.539Z</time>
      </trkpt>
      <trkpt lat="43.536101" lon="3.803424">
        <ele>109.755594</ele>
        <time>2026-07-24T18:08:48.659Z</time>
      </trkpt>
      <trkpt lat="43.536022" lon="3.803732">
        <ele>109.105666</ele>
        <time>2026-07-24T18:08:52.384Z</time>
      </trkpt>
      <trkpt lat="43.536014" lon="3.804523">
        <ele>107.797791</ele>
        <time>2026-07-24T18:09:01.371Z</time>
      </trkpt>
      <trkpt lat="43.536045" lon="3.804976">
        <ele>107.868524</ele>
        <time>2026-07-24T18:09:08.065Z</time>
      </trkpt>
      <trkpt lat="43.536125" lon="3.805426">
        <ele>108.874833</ele>
        <time>2026-07-24T18:09:19.306Z</time>
      </trkpt>
      <trkpt lat="43.536194" lon="3.805684">
        <ele>109.653266</ele>
        <time>2026-07-24T18:09:27.833Z</time>
      </trkpt>
      <trkpt lat="43.536256" lon="3.805858">
        <ele>109.822014</ele>
        <time>2026-07-24T18:09:32.120Z</time>
      </trkpt>
      <trkpt lat="43.536331" lon="3.805924">
        <ele>109.704779</ele>
        <time>2026-07-24T18:09:33.675Z</time>
      </trkpt>
      <trkpt lat="43.536665" lon="3.805979">
        <ele>107.681069</ele>
        <time>2026-07-24T18:09:38.241Z</time>
      </trkpt>
      <trkpt lat="43.537043" lon="3.805814">
        <ele>102.333293</ele>
        <time>2026-07-24T18:09:42.934Z</time>
      </trkpt>
      <trkpt lat="43.537409" lon="3.805799">
        <ele>98.446790</ele>
        <time>2026-07-24T18:09:47.464Z</time>
      </trkpt>
      <trkpt lat="43.537595" lon="3.805846">
        <ele>96.661152</ele>
        <time>2026-07-24T18:09:49.846Z</time>
      </trkpt>
      <trkpt lat="43.537721" lon="3.805934">
        <ele>95.412150</ele>
        <time>2026-07-24T18:09:51.647Z</time>
      </trkpt>
      <trkpt lat="43.537801" lon="3.806040">
        <ele>94.497672</ele>
        <time>2026-07-24T18:09:53.065Z</time>
      </trkpt>
      <trkpt lat="43.537904" lon="3.806226">
        <ele>93.077290</ele>
        <time>2026-07-24T18:09:55.228Z</time>
      </trkpt>
      <trkpt lat="43.537996" lon="3.806463">
        <ele>91.422784</ele>
        <time>2026-07-24T18:09:57.724Z</time>
      </trkpt>
      <trkpt lat="43.538186" lon="3.806770">
        <ele>88.955219</ele>
        <time>2026-07-24T18:10:01.460Z</time>
      </trkpt>
      <trkpt lat="43.538889" lon="3.807209">
        <ele>82.315276</ele>
        <time>2026-07-24T18:10:11.276Z</time>
      </trkpt>
      <trkpt lat="43.539095" lon="3.807228">
        <ele>80.578876</ele>
        <time>2026-07-24T18:10:13.912Z</time>
      </trkpt>
      <trkpt lat="43.539186" lon="3.807205">
        <ele>79.751673</ele>
        <time>2026-07-24T18:10:15.077Z</time>
      </trkpt>
      <trkpt lat="43.539310" lon="3.807077">
        <ele>78.316718</ele>
        <time>2026-07-24T18:10:17.029Z</time>
      </trkpt>
      <trkpt lat="43.539426" lon="3.806698">
        <ele>75.552644</ele>
        <time>2026-07-24T18:10:20.784Z</time>
      </trkpt>
      <trkpt lat="43.539656" lon="3.806354">
        <ele>72.162976</ele>
        <time>2026-07-24T18:10:25.006Z</time>
      </trkpt>
      <trkpt lat="43.540016" lon="3.806194">
        <ele>68.260028</ele>
        <time>2026-07-24T18:10:29.670Z</time>
      </trkpt>
      <trkpt lat="43.540228" lon="3.806176">
        <ele>66.588941</ele>
        <time>2026-07-24T18:10:32.393Z</time>
      </trkpt>
      <trkpt lat="43.540247" lon="3.806175">
        <ele>66.475247</ele>
        <time>2026-07-24T18:10:32.660Z</time>
      </trkpt>
      <trkpt lat="43.540313" lon="3.806169">
        <ele>66.079739</ele>
        <time>2026-07-24T18:10:33.599Z</time>
      </trkpt>
      <trkpt lat="43.540552" lon="3.806053">
        <ele>64.821491</ele>
        <time>2026-07-24T18:10:37.228Z</time>
      </trkpt>
      <trkpt lat="43.541137" lon="3.805700">
        <ele>60.691479</ele>
        <time>2026-07-24T18:10:45.676Z</time>
      </trkpt>
      <trkpt lat="43.541224" lon="3.805536">
        <ele>59.893111</ele>
        <time>2026-07-24T18:10:47.655Z</time>
      </trkpt>
      <trkpt lat="43.541230" lon="3.805420">
        <ele>59.496982</ele>
        <time>2026-07-24T18:10:48.841Z</time>
      </trkpt>
      <trkpt lat="43.541171" lon="3.805220">
        <ele>59.580268</ele>
        <time>2026-07-24T18:10:51.425Z</time>
      </trkpt>
      <trkpt lat="43.540620" lon="3.804257">
        <ele>62.488757</ele>
        <time>2026-07-24T18:11:23.855Z</time>
      </trkpt>
      <trkpt lat="43.540421" lon="3.803726">
        <ele>64.814353</ele>
        <time>2026-07-24T18:11:42.901Z</time>
      </trkpt>
      <trkpt lat="43.540137" lon="3.801957">
        <ele>73.568189</ele>
        <time>2026-07-24T18:12:49.353Z</time>
      </trkpt>
      <trkpt lat="43.540095" lon="3.801688">
        <ele>74.785683</ele>
        <time>2026-07-24T18:12:58.840Z</time>
      </trkpt>
      <trkpt lat="43.540107" lon="3.801499">
        <ele>75.454978</ele>
        <time>2026-07-24T18:13:05.421Z</time>
      </trkpt>
      <trkpt lat="43.540126" lon="3.801377">
        <ele>75.692205</ele>
        <time>2026-07-24T18:13:08.416Z</time>
      </trkpt>
      <trkpt lat="43.540697" lon="3.800659">
        <ele>72.984580</ele>
        <time>2026-07-24T18:13:19.619Z</time>
      </trkpt>
      <trkpt lat="43.541775" lon="3.799259">
        <ele>69.375770</ele>
        <time>2026-07-24T18:13:42.619Z</time>
      </trkpt>
      <trkpt lat="43.541922" lon="3.798974">
        <ele>69.869641</ele>
        <time>2026-07-24T18:13:50.184Z</time>
      </trkpt>
      <trkpt lat="43.542132" lon="3.798287">
        <ele>72.437168</ele>
        <time>2026-07-24T18:14:13.170Z</time>
      </trkpt>
      <trkpt lat="43.542294" lon="3.797648">
        <ele>75.056037</ele>
        <time>2026-07-24T18:14:35.283Z</time>
      </trkpt>
      <trkpt lat="43.542459" lon="3.796860">
        <ele>75.775798</ele>
        <time>2026-07-24T18:14:52.856Z</time>
      </trkpt>
      <trkpt lat="43.542496" lon="3.796840">
        <ele>75.600174</ele>
        <time>2026-07-24T18:14:53.365Z</time>
      </trkpt>
      <trkpt lat="43.542894" lon="3.796710">
        <ele>71.771495</ele>
        <time>2026-07-24T18:14:58.394Z</time>
      </trkpt>
      <trkpt lat="43.543213" lon="3.796549">
        <ele>68.929963</ele>
        <time>2026-07-24T18:15:02.774Z</time>
      </trkpt>
      <trkpt lat="43.543563" lon="3.796420">
        <ele>66.427340</ele>
        <time>2026-07-24T18:15:07.540Z</time>
      </trkpt>
      <trkpt lat="43.543874" lon="3.796377">
        <ele>64.406719</ele>
        <time>2026-07-24T18:15:11.704Z</time>
      </trkpt>
      <trkpt lat="43.544068" lon="3.796400">
        <ele>63.202354</ele>
        <time>2026-07-24T18:15:14.304Z</time>
      </trkpt>
      <trkpt lat="43.544146" lon="3.796409">
        <ele>62.763722</ele>
        <time>2026-07-24T18:15:15.365Z</time>
      </trkpt>
      <trkpt lat="43.545085" lon="3.796664">
        <ele>58.515615</ele>
        <time>2026-07-24T18:15:28.581Z</time>
      </trkpt>
      <trkpt lat="43.544939" lon="3.796387">
        <ele>59.712201</ele>
        <time>2026-07-24T18:15:42.371Z</time>
      </trkpt>
      <trkpt lat="43.544756" lon="3.796170">
        <ele>61.489611</ele>
        <time>2026-07-24T18:15:55.631Z</time>
      </trkpt>
      <trkpt lat="43.544316" lon="3.795793">
        <ele>64.765882</ele>
        <time>2026-07-24T18:16:19.391Z</time>
      </trkpt>
      <trkpt lat="43.544212" lon="3.795650">
        <ele>66.114876</ele>
        <time>2026-07-24T18:16:29.640Z</time>
      </trkpt>
      <trkpt lat="43.544106" lon="3.795254">
        <ele>68.720949</ele>
        <time>2026-07-24T18:16:47.292Z</time>
      </trkpt>
      <trkpt lat="43.543849" lon="3.794477">
        <ele>72.160375</ele>
        <time>2026-07-24T18:17:16.401Z</time>
      </trkpt>
      <trkpt lat="43.543378" lon="3.793408">
        <ele>71.296140</ele>
        <time>2026-07-24T18:17:32.553Z</time>
      </trkpt>
      <trkpt lat="43.542677" lon="3.791967">
        <ele>60.380235</ele>
        <time>2026-07-24T18:17:48.353Z</time>
      </trkpt>
      <trkpt lat="43.542338" lon="3.791611">
        <ele>59.487385</ele>
        <time>2026-07-24T18:17:56.384Z</time>
      </trkpt>
      <trkpt lat="43.542243" lon="3.791555">
        <ele>58.943342</ele>
        <time>2026-07-24T18:17:58.836Z</time>
      </trkpt>
      <trkpt lat="43.542115" lon="3.791298">
        <ele>57.310419</ele>
        <time>2026-07-24T18:18:03.813Z</time>
      </trkpt>
      <trkpt lat="43.542020" lon="3.791108">
        <ele>56.177617</ele>
        <time>2026-07-24T18:18:07.614Z</time>
      </trkpt>
      <trkpt lat="43.541907" lon="3.790749">
        <ele>54.664669</ele>
        <time>2026-07-24T18:18:14.400Z</time>
      </trkpt>
      <trkpt lat="43.541837" lon="3.790417">
        <ele>53.553878</ele>
        <time>2026-07-24T18:18:20.712Z</time>
      </trkpt>
      <trkpt lat="43.541830" lon="3.790147">
        <ele>52.655666</ele>
        <time>2026-07-24T18:18:25.386Z</time>
      </trkpt>
      <trkpt lat="43.541897" lon="3.789309">
        <ele>50.247632</ele>
        <time>2026-07-24T18:18:40.626Z</time>
      </trkpt>
      <trkpt lat="43.541862" lon="3.789096">
        <ele>49.711345</ele>
        <time>2026-07-24T18:18:44.742Z</time>
      </trkpt>
      <trkpt lat="43.541823" lon="3.788993">
        <ele>49.440345</ele>
        <time>2026-07-24T18:18:47.101Z</time>
      </trkpt>
      <trkpt lat="43.541793" lon="3.788918">
        <ele>49.240576</ele>
        <time>2026-07-24T18:18:48.759Z</time>
      </trkpt>
      <trkpt lat="43.541860" lon="3.788692">
        <ele>48.227057</ele>
        <time>2026-07-24T18:18:52.958Z</time>
      </trkpt>
      <trkpt lat="43.542033" lon="3.788194">
        <ele>45.051337</ele>
        <time>2026-07-24T18:19:01.746Z</time>
      </trkpt>
      <trkpt lat="43.542137" lon="3.787876">
        <ele>43.472335</ele>
        <time>2026-07-24T18:19:07.455Z</time>
      </trkpt>
      <trkpt lat="43.542105" lon="3.787785">
        <ele>43.184600</ele>
        <time>2026-07-24T18:19:09.293Z</time>
      </trkpt>
      <trkpt lat="43.542063" lon="3.787711">
        <ele>43.086796</ele>
        <time>2026-07-24T18:19:10.811Z</time>
      </trkpt>
      <trkpt lat="43.541895" lon="3.787512">
        <ele>44.087599</ele>
        <time>2026-07-24T18:19:21.006Z</time>
      </trkpt>
      <trkpt lat="43.541572" lon="3.787306">
        <ele>45.760265</ele>
        <time>2026-07-24T18:19:35.852Z</time>
      </trkpt>
      <trkpt lat="43.541047" lon="3.786647">
        <ele>47.525578</ele>
        <time>2026-07-24T18:19:57.793Z</time>
      </trkpt>
      <trkpt lat="43.540750" lon="3.786179">
        <ele>47.804456</ele>
        <time>2026-07-24T18:20:08.012Z</time>
      </trkpt>
      <trkpt lat="43.540718" lon="3.786003">
        <ele>47.520724</ele>
        <time>2026-07-24T18:20:10.191Z</time>
      </trkpt>
      <trkpt lat="43.540755" lon="3.785820">
        <ele>47.073366</ele>
        <time>2026-07-24T18:20:12.171Z</time>
      </trkpt>
      <trkpt lat="43.540815" lon="3.785716">
        <ele>46.541888</ele>
        <time>2026-07-24T18:20:14.492Z</time>
      </trkpt>
      <trkpt lat="43.540972" lon="3.785589">
        <ele>45.547935</ele>
        <time>2026-07-24T18:20:18.752Z</time>
      </trkpt>
      <trkpt lat="43.541056" lon="3.785430">
        <ele>44.786009</ele>
        <time>2026-07-24T18:20:22.122Z</time>
      </trkpt>
      <trkpt lat="43.541163" lon="3.785403">
        <ele>44.224544</ele>
        <time>2026-07-24T18:20:24.740Z</time>
      </trkpt>
      <trkpt lat="43.541277" lon="3.785439">
        <ele>43.627119</ele>
        <time>2026-07-24T18:20:27.548Z</time>
      </trkpt>
      <trkpt lat="43.541362" lon="3.785419">
        <ele>43.264600</ele>
        <time>2026-07-24T18:20:29.677Z</time>
      </trkpt>
      <trkpt lat="43.541554" lon="3.785299">
        <ele>42.358693</ele>
        <time>2026-07-24T18:20:35.026Z</time>
      </trkpt>
      <trkpt lat="43.541646" lon="3.785234">
        <ele>41.761699</ele>
        <time>2026-07-24T18:20:37.432Z</time>
      </trkpt>
      <trkpt lat="43.541786" lon="3.785134">
        <ele>40.765263</ele>
        <time>2026-07-24T18:20:41.000Z</time>
      </trkpt>
      <trkpt lat="43.541910" lon="3.784909">
        <ele>39.424217</ele>
        <time>2026-07-24T18:20:45.709Z</time>
      </trkpt>
      <trkpt lat="43.541991" lon="3.784701">
        <ele>38.396451</ele>
        <time>2026-07-24T18:20:49.732Z</time>
      </trkpt>
      <trkpt lat="43.542192" lon="3.784359">
        <ele>36.588152</ele>
        <time>2026-07-24T18:20:57.221Z</time>
      </trkpt>
      <trkpt lat="43.542462" lon="3.784189">
        <ele>35.226224</ele>
        <time>2026-07-24T18:21:04.542Z</time>
      </trkpt>
      <trkpt lat="43.542863" lon="3.784464">
        <ele>33.495471</ele>
        <time>2026-07-24T18:21:15.804Z</time>
      </trkpt>
      <trkpt lat="43.543019" lon="3.784587">
        <ele>32.822044</ele>
        <time>2026-07-24T18:21:20.255Z</time>
      </trkpt>
      <trkpt lat="43.543277" lon="3.784415">
        <ele>31.836817</ele>
        <time>2026-07-24T18:21:24.542Z</time>
      </trkpt>
      <trkpt lat="43.543434" lon="3.784257">
        <ele>31.103753</ele>
        <time>2026-07-24T18:21:27.485Z</time>
      </trkpt>
      <trkpt lat="43.543775" lon="3.783912">
        <ele>28.609664</ele>
        <time>2026-07-24T18:21:33.099Z</time>
      </trkpt>
      <trkpt lat="43.544196" lon="3.783491">
        <ele>26.123822</ele>
        <time>2026-07-24T18:21:40.413Z</time>
      </trkpt>
      <trkpt lat="43.544278" lon="3.783410">
        <ele>25.767357</ele>
        <time>2026-07-24T18:21:41.864Z</time>
      </trkpt>
      <trkpt lat="43.544407" lon="3.783337">
        <ele>25.307687</ele>
        <time>2026-07-24T18:21:43.960Z</time>
      </trkpt>
      <trkpt lat="43.544534" lon="3.783351">
        <ele>25.377559</ele>
        <time>2026-07-24T18:21:46.366Z</time>
      </trkpt>
      <trkpt lat="43.544688" lon="3.783445">
        <ele>25.654906</ele>
        <time>2026-07-24T18:21:51.470Z</time>
      </trkpt>
      <trkpt lat="43.544992" lon="3.783749">
        <ele>26.873141</ele>
        <time>2026-07-24T18:22:05.180Z</time>
      </trkpt>
      <trkpt lat="43.545151" lon="3.783899">
        <ele>27.330995</ele>
        <time>2026-07-24T18:22:11.046Z</time>
      </trkpt>
      <trkpt lat="43.545336" lon="3.783952">
        <ele>27.752683</ele>
        <time>2026-07-24T18:22:15.690Z</time>
      </trkpt>
      <trkpt lat="43.545466" lon="3.783967">
        <ele>28.209955</ele>
        <time>2026-07-24T18:22:20.609Z</time>
      </trkpt>
      <trkpt lat="43.545582" lon="3.783835">
        <ele>29.008544</ele>
        <time>2026-07-24T18:22:27.875Z</time>
      </trkpt>
      <trkpt lat="43.546312" lon="3.782792">
        <ele>32.792875</ele>
        <time>2026-07-24T18:23:06.145Z</time>
      </trkpt>
      <trkpt lat="43.547027" lon="3.782041">
        <ele>34.373416</ele>
        <time>2026-07-24T18:23:30.453Z</time>
      </trkpt>
      <trkpt lat="43.547826" lon="3.781393">
        <ele>35.574501</ele>
        <time>2026-07-24T18:23:54.156Z</time>
      </trkpt>
      <trkpt lat="43.548594" lon="3.780658">
        <ele>37.997357</ele>
        <time>2026-07-24T18:24:23.769Z</time>
      </trkpt>
      <trkpt lat="43.549011" lon="3.780037">
        <ele>39.499486</ele>
        <time>2026-07-24T18:24:43.424Z</time>
      </trkpt>
      <trkpt lat="43.548946" lon="3.779962">
        <ele>39.656413</ele>
        <time>2026-07-24T18:24:45.122Z</time>
      </trkpt>
      <trkpt lat="43.549147" lon="3.779597">
        <ele>39.648595</ele>
        <time>2026-07-24T18:24:50.712Z</time>
      </trkpt>
      <trkpt lat="43.549406" lon="3.779117">
        <ele>39.388188</ele>
        <time>2026-07-24T18:24:57.247Z</time>
      </trkpt>
      <trkpt lat="43.549647" lon="3.779311">
        <ele>39.323083</ele>
        <time>2026-07-24T18:25:03.786Z</time>
      </trkpt>
      <trkpt lat="43.549985" lon="3.779584">
        <ele>38.410050</ele>
        <time>2026-07-24T18:25:09.861Z</time>
      </trkpt>
      <trkpt lat="43.550231" lon="3.779776">
        <ele>37.529839</ele>
        <time>2026-07-24T18:25:13.912Z</time>
      </trkpt>
      <trkpt lat="43.550261" lon="3.779718">
        <ele>37.396352</ele>
        <time>2026-07-24T18:25:14.662Z</time>
      </trkpt>
      <trkpt lat="43.550362" lon="3.779524">
        <ele>37.266195</ele>
        <time>2026-07-24T18:25:17.824Z</time>
      </trkpt>
      <trkpt lat="43.550537" lon="3.779190">
        <ele>37.121924</ele>
        <time>2026-07-24T18:25:22.507Z</time>
      </trkpt>
      <trkpt lat="43.550798" lon="3.778676">
        <ele>37.029620</ele>
        <time>2026-07-24T18:25:30.244Z</time>
      </trkpt>
      <trkpt lat="43.550926" lon="3.778430">
        <ele>36.644360</ele>
        <time>2026-07-24T18:25:33.135Z</time>
      </trkpt>
      <trkpt lat="43.550971" lon="3.778347">
        <ele>36.700281</ele>
        <time>2026-07-24T18:25:34.252Z</time>
      </trkpt>
      <trkpt lat="43.551332" lon="3.777658">
        <ele>37.547193</ele>
        <time>2026-07-24T18:25:49.836Z</time>
      </trkpt>
      <trkpt lat="43.551386" lon="3.777593">
        <ele>37.565261</ele>
        <time>2026-07-24T18:25:51.074Z</time>
      </trkpt>
      <trkpt lat="43.551572" lon="3.777389">
        <ele>37.720867</ele>
        <time>2026-07-24T18:25:54.996Z</time>
      </trkpt>
      <trkpt lat="43.551757" lon="3.777218">
        <ele>37.935845</ele>
        <time>2026-07-24T18:26:00.959Z</time>
      </trkpt>
      <trkpt lat="43.551775" lon="3.777197">
        <ele>37.944869</ele>
        <time>2026-07-24T18:26:01.417Z</time>
      </trkpt>
      <trkpt lat="43.551857" lon="3.777106">
        <ele>37.985152</ele>
        <time>2026-07-24T18:26:03.298Z</time>
      </trkpt>
      <trkpt lat="43.551912" lon="3.776994">
        <ele>37.917398</ele>
        <time>2026-07-24T18:26:04.970Z</time>
      </trkpt>
      <trkpt lat="43.551982" lon="3.776601">
        <ele>37.439036</ele>
        <time>2026-07-24T18:26:10.446Z</time>
      </trkpt>
      <trkpt lat="43.552087" lon="3.776499">
        <ele>36.829219</ele>
        <time>2026-07-24T18:26:12.176Z</time>
      </trkpt>
      <trkpt lat="43.552155" lon="3.776489">
        <ele>36.319298</ele>
        <time>2026-07-24T18:26:12.906Z</time>
      </trkpt>
      <trkpt lat="43.552201" lon="3.776420">
        <ele>35.812646</ele>
        <time>2026-07-24T18:26:13.758Z</time>
      </trkpt>
      <trkpt lat="43.552223" lon="3.776381">
        <ele>35.580003</ele>
        <time>2026-07-24T18:26:14.227Z</time>
      </trkpt>
      <trkpt lat="43.552251" lon="3.776330">
        <ele>35.441845</ele>
        <time>2026-07-24T18:26:14.872Z</time>
      </trkpt>
      <trkpt lat="43.552295" lon="3.776242">
        <ele>35.210988</ele>
        <time>2026-07-24T18:26:16.034Z</time>
      </trkpt>
      <trkpt lat="43.552423" lon="3.775910">
        <ele>34.764278</ele>
        <time>2026-07-24T18:26:20.891Z</time>
      </trkpt>
      <trkpt lat="43.552443" lon="3.775846">
        <ele>34.715514</ele>
        <time>2026-07-24T18:26:21.805Z</time>
      </trkpt>
      <trkpt lat="43.552504" lon="3.775744">
        <ele>34.601859</ele>
        <time>2026-07-24T18:26:23.502Z</time>
      </trkpt>
      <trkpt lat="43.552601" lon="3.775581">
        <ele>34.408003</ele>
        <time>2026-07-24T18:26:26.127Z</time>
      </trkpt>
      <trkpt lat="43.552588" lon="3.775503">
        <ele>34.313860</ele>
        <time>2026-07-24T18:26:27.095Z</time>
      </trkpt>
      <trkpt lat="43.552432" lon="3.775204">
        <ele>33.755583</ele>
        <time>2026-07-24T18:26:31.382Z</time>
      </trkpt>
      <trkpt lat="43.552404" lon="3.775158">
        <ele>33.642760</ele>
        <time>2026-07-24T18:26:32.051Z</time>
      </trkpt>
      <trkpt lat="43.552100" lon="3.774687">
        <ele>32.128900</ele>
        <time>2026-07-24T18:26:38.814Z</time>
      </trkpt>
      <trkpt lat="43.552012" lon="3.774477">
        <ele>31.450702</ele>
        <time>2026-07-24T18:26:41.050Z</time>
      </trkpt>
      <trkpt lat="43.551905" lon="3.774221">
        <ele>30.471776</ele>
        <time>2026-07-24T18:26:43.522Z</time>
      </trkpt>
      <trkpt lat="43.551956" lon="3.774070">
        <ele>29.881910</ele>
        <time>2026-07-24T18:26:44.949Z</time>
      </trkpt>
      <trkpt lat="43.551962" lon="3.774050">
        <ele>29.815703</ele>
        <time>2026-07-24T18:26:45.133Z</time>
      </trkpt>
      <trkpt lat="43.551989" lon="3.773963">
        <ele>29.526228</ele>
        <time>2026-07-24T18:26:45.956Z</time>
      </trkpt>
      <trkpt lat="43.552042" lon="3.773452">
        <ele>27.903091</ele>
        <time>2026-07-24T18:26:50.470Z</time>
      </trkpt>
      <trkpt lat="43.552075" lon="3.773407">
        <ele>27.616903</ele>
        <time>2026-07-24T18:26:50.996Z</time>
      </trkpt>
      <trkpt lat="43.552179" lon="3.773116">
        <ele>26.625068</ele>
        <time>2026-07-24T18:26:53.605Z</time>
      </trkpt>
      <trkpt lat="43.552636" lon="3.771736">
        <ele>26.300216</ele>
        <time>2026-07-24T18:27:12.796Z</time>
      </trkpt>
      <trkpt lat="43.553048" lon="3.770535">
        <ele>27.803400</ele>
        <time>2026-07-24T18:27:36.844Z</time>
      </trkpt>
      <trkpt lat="43.553136" lon="3.770348">
        <ele>27.936064</ele>
        <time>2026-07-24T18:27:39.874Z</time>
      </trkpt>
      <trkpt lat="43.553579" lon="3.769414">
        <ele>28.398124</ele>
        <time>2026-07-24T18:27:55.744Z</time>
      </trkpt>
      <trkpt lat="43.553752" lon="3.768994">
        <ele>28.635820</ele>
        <time>2026-07-24T18:28:02.845Z</time>
      </trkpt>
      <trkpt lat="43.553822" lon="3.768799">
        <ele>28.787556</ele>
        <time>2026-07-24T18:28:06.178Z</time>
      </trkpt>
      <trkpt lat="43.553899" lon="3.768515">
        <ele>29.009305</ele>
        <time>2026-07-24T18:28:10.862Z</time>
      </trkpt>
      <trkpt lat="43.553929" lon="3.768317">
        <ele>29.148019</ele>
        <time>2026-07-24T18:28:14.214Z</time>
      </trkpt>
      <trkpt lat="43.554196" lon="3.766860">
        <ele>29.387603</ele>
        <time>2026-07-24T18:28:34.107Z</time>
      </trkpt>
      <trkpt lat="43.554226" lon="3.766675">
        <ele>29.383121</ele>
        <time>2026-07-24T18:28:36.405Z</time>
      </trkpt>
      <trkpt lat="43.554241" lon="3.766313">
        <ele>29.293694</ele>
        <time>2026-07-24T18:28:40.558Z</time>
      </trkpt>
      <trkpt lat="43.554260" lon="3.765760">
        <ele>29.088598</ele>
        <time>2026-07-24T18:28:46.824Z</time>
      </trkpt>
      <trkpt lat="43.554332" lon="3.765038">
        <ele>28.718962</ele>
        <time>2026-07-24T18:28:55.062Z</time>
      </trkpt>
      <trkpt lat="43.554367" lon="3.764713">
        <ele>28.594870</ele>
        <time>2026-07-24T18:28:58.734Z</time>
      </trkpt>
      <trkpt lat="43.554432" lon="3.764459">
        <ele>28.500883</ele>
        <time>2026-07-24T18:29:01.880Z</time>
      </trkpt>
      <trkpt lat="43.554612" lon="3.763961">
        <ele>28.287751</ele>
        <time>2026-07-24T18:29:08.204Z</time>
      </trkpt>
      <trkpt lat="43.554703" lon="3.763626">
        <ele>28.141485</ele>
        <time>2026-07-24T18:29:12.280Z</time>
      </trkpt>
      <trkpt lat="43.554738" lon="3.763350">
        <ele>28.102162</ele>
        <time>2026-07-24T18:29:15.578Z</time>
      </trkpt>
      <trkpt lat="43.554736" lon="3.763082">
        <ele>28.124274</ele>
        <time>2026-07-24T18:29:19.039Z</time>
      </trkpt>
      <trkpt lat="43.554613" lon="3.761300">
        <ele>28.826260</ele>
        <time>2026-07-24T18:29:44.369Z</time>
      </trkpt>
      <trkpt lat="43.554581" lon="3.761089">
        <ele>29.007682</ele>
        <time>2026-07-24T18:29:48.009Z</time>
      </trkpt>
      <trkpt lat="43.554512" lon="3.760906">
        <ele>29.183689</ele>
        <time>2026-07-24T18:29:51.417Z</time>
      </trkpt>
      <trkpt lat="43.554154" lon="3.760296">
        <ele>29.822912</ele>
        <time>2026-07-24T18:30:03.776Z</time>
      </trkpt>
      <trkpt lat="43.553977" lon="3.759831">
        <ele>30.411869</ele>
        <time>2026-07-24T18:30:12.982Z</time>
      </trkpt>
      <trkpt lat="43.553924" lon="3.759531">
        <ele>30.799522</ele>
        <time>2026-07-24T18:30:18.589Z</time>
      </trkpt>
      <trkpt lat="43.553915" lon="3.759221">
        <ele>31.163644</ele>
        <time>2026-07-24T18:30:24.246Z</time>
      </trkpt>
      <trkpt lat="43.553962" lon="3.758615">
        <ele>31.585579</ele>
        <time>2026-07-24T18:30:34.356Z</time>
      </trkpt>
      <trkpt lat="43.554646" lon="3.756115">
        <ele>31.599876</ele>
        <time>2026-07-24T18:31:07.113Z</time>
      </trkpt>
      <trkpt lat="43.554703" lon="3.755914">
        <ele>31.579576</ele>
        <time>2026-07-24T18:31:09.786Z</time>
      </trkpt>
      <trkpt lat="43.555134" lon="3.756071">
        <ele>31.445938</ele>
        <time>2026-07-24T18:31:23.509Z</time>
      </trkpt>
      <trkpt lat="43.556054" lon="3.756490">
        <ele>31.861868</ele>
        <time>2026-07-24T18:31:56.329Z</time>
      </trkpt>
      <trkpt lat="43.556200" lon="3.756579">
        <ele>31.781937</ele>
        <time>2026-07-24T18:32:01.165Z</time>
      </trkpt>
      <trkpt lat="43.557097" lon="3.757127">
        <ele>30.919626</ele>
        <time>2026-07-24T18:32:30.143Z</time>
      </trkpt>
      <trkpt lat="43.557258" lon="3.757322">
        <ele>30.363718</ele>
        <time>2026-07-24T18:32:35.794Z</time>
      </trkpt>
      <trkpt lat="43.557353" lon="3.757514">
        <ele>29.803323</ele>
        <time>2026-07-24T18:32:39.994Z</time>
      </trkpt>
      <trkpt lat="43.557406" lon="3.757522">
        <ele>29.671290</ele>
        <time>2026-07-24T18:32:41.418Z</time>
      </trkpt>
      <trkpt lat="43.557472" lon="3.757401">
        <ele>29.629177</ele>
        <time>2026-07-24T18:32:44.692Z</time>
      </trkpt>
      <trkpt lat="43.557663" lon="3.757248">
        <ele>29.661464</ele>
        <time>2026-07-24T18:32:52.600Z</time>
      </trkpt>
      <trkpt lat="43.558044" lon="3.756862">
        <ele>29.778092</ele>
        <time>2026-07-24T18:33:08.275Z</time>
      </trkpt>
      <trkpt lat="43.558482" lon="3.756533">
        <ele>29.723428</ele>
        <time>2026-07-24T18:33:23.790Z</time>
      </trkpt>
      <trkpt lat="43.558709" lon="3.756369">
        <ele>29.803810</ele>
        <time>2026-07-24T18:33:32.358Z</time>
      </trkpt>
      <trkpt lat="43.559670" lon="3.755516">
        <ele>30.399055</ele>
        <time>2026-07-24T18:34:11.303Z</time>
      </trkpt>
      <trkpt lat="43.559991" lon="3.755183">
        <ele>30.615855</ele>
        <time>2026-07-24T18:34:24.731Z</time>
      </trkpt>
      <trkpt lat="43.560277" lon="3.754951">
        <ele>30.864408</ele>
        <time>2026-07-24T18:34:36.963Z</time>
      </trkpt>
      <trkpt lat="43.561378" lon="3.754388">
        <ele>31.519906</ele>
        <time>2026-07-24T18:35:16.228Z</time>
      </trkpt>
      <trkpt lat="43.561892" lon="3.754153">
        <ele>32.776317</ele>
        <time>2026-07-24T18:35:39.752Z</time>
      </trkpt>
      <trkpt lat="43.562656" lon="3.753701">
        <ele>34.261363</ele>
        <time>2026-07-24T18:36:12.825Z</time>
      </trkpt>
      <trkpt lat="43.562746" lon="3.753645">
        <ele>34.405490</ele>
        <time>2026-07-24T18:36:16.678Z</time>
      </trkpt>
      <trkpt lat="43.563129" lon="3.753447">
        <ele>34.890064</ele>
        <time>2026-07-24T18:36:31.900Z</time>
      </trkpt>
      <trkpt lat="43.563751" lon="3.753213">
        <ele>35.470396</ele>
        <time>2026-07-24T18:36:54.942Z</time>
      </trkpt>
      <trkpt lat="43.564494" lon="3.752981">
        <ele>35.667552</ele>
        <time>2026-07-24T18:37:20.278Z</time>
      </trkpt>
      <trkpt lat="43.565538" lon="3.752914">
        <ele>35.315934</ele>
        <time>2026-07-24T18:37:52.382Z</time>
      </trkpt>
      <trkpt lat="43.565875" lon="3.752982">
        <ele>35.340525</ele>
        <time>2026-07-24T18:38:03.168Z</time>
      </trkpt>
      <trkpt lat="43.566257" lon="3.753092">
        <ele>35.532196</ele>
        <time>2026-07-24T18:38:16.567Z</time>
      </trkpt>
      <trkpt lat="43.566827" lon="3.754324">
        <ele>34.548524</ele>
        <time>2026-07-24T18:38:35.156Z</time>
      </trkpt>
      <trkpt lat="43.567725" lon="3.756600">
        <ele>34.579489</ele>
        <time>2026-07-24T18:39:12.818Z</time>
      </trkpt>
      <trkpt lat="43.567908" lon="3.757147">
        <ele>34.401035</ele>
        <time>2026-07-24T18:39:20.984Z</time>
      </trkpt>
      <trkpt lat="43.568466" lon="3.758907">
        <ele>33.825319</ele>
        <time>2026-07-24T18:39:47.076Z</time>
      </trkpt>
      <trkpt lat="43.568686" lon="3.759722">
        <ele>33.799999</ele>
        <time>2026-07-24T18:39:59.487Z</time>
      </trkpt>
      <trkpt lat="43.568830" lon="3.760474">
        <ele>33.808251</ele>
        <time>2026-07-24T18:40:10.709Z</time>
      </trkpt>
      <trkpt lat="43.568938" lon="3.761381">
        <ele>33.902119</ele>
        <time>2026-07-24T18:40:24.337Z</time>
      </trkpt>
      <trkpt lat="43.568959" lon="3.761557">
        <ele>33.946522</ele>
        <time>2026-07-24T18:40:27.094Z</time>
      </trkpt>
      <trkpt lat="43.568992" lon="3.762011">
        <ele>34.396145</ele>
        <time>2026-07-24T18:40:35.303Z</time>
      </trkpt>
      <trkpt lat="43.568826" lon="3.763905">
        <ele>38.426912</ele>
        <time>2026-07-24T18:41:21.195Z</time>
      </trkpt>
      <trkpt lat="43.568845" lon="3.764491">
        <ele>39.755301</ele>
        <time>2026-07-24T18:41:36.771Z</time>
      </trkpt>
      <trkpt lat="43.568879" lon="3.764824">
        <ele>39.919676</ele>
        <time>2026-07-24T18:41:42.204Z</time>
      </trkpt>
      <trkpt lat="43.569005" lon="3.765337">
        <ele>39.018416</ele>
        <time>2026-07-24T18:41:48.223Z</time>
      </trkpt>
      <trkpt lat="43.569130" lon="3.766333">
        <ele>37.172332</ele>
        <time>2026-07-24T18:41:59.591Z</time>
      </trkpt>
      <trkpt lat="43.569330" lon="3.767277">
        <ele>36.332226</ele>
        <time>2026-07-24T18:42:11.957Z</time>
      </trkpt>
      <trkpt lat="43.569403" lon="3.767809">
        <ele>36.213604</ele>
        <time>2026-07-24T18:42:19.293Z</time>
      </trkpt>
      <trkpt lat="43.569524" lon="3.768249">
        <ele>36.229717</ele>
        <time>2026-07-24T18:42:26.420Z</time>
      </trkpt>
      <trkpt lat="43.569770" lon="3.768701">
        <ele>36.477838</ele>
        <time>2026-07-24T18:42:35.877Z</time>
      </trkpt>
      <trkpt lat="43.569922" lon="3.768894">
        <ele>36.498018</ele>
        <time>2026-07-24T18:42:39.962Z</time>
      </trkpt>
      <trkpt lat="43.570166" lon="3.769128">
        <ele>36.481057</ele>
        <time>2026-07-24T18:42:45.691Z</time>
      </trkpt>
      <trkpt lat="43.570245" lon="3.769210">
        <ele>36.461227</ele>
        <time>2026-07-24T18:42:47.540Z</time>
      </trkpt>
      <trkpt lat="43.570559" lon="3.769492">
        <ele>36.572545</ele>
        <time>2026-07-24T18:42:55.647Z</time>
      </trkpt>
      <trkpt lat="43.570905" lon="3.769847">
        <ele>36.641683</ele>
        <time>2026-07-24T18:43:04.313Z</time>
      </trkpt>
      <trkpt lat="43.571416" lon="3.770395">
        <ele>37.125739</ele>
        <time>2026-07-24T18:43:19.376Z</time>
      </trkpt>
      <trkpt lat="43.571945" lon="3.770885">
        <ele>37.988027</ele>
        <time>2026-07-24T18:43:36.312Z</time>
      </trkpt>
      <trkpt lat="43.572593" lon="3.771453">
        <ele>38.702771</ele>
        <time>2026-07-24T18:43:55.008Z</time>
      </trkpt>
      <trkpt lat="43.572652" lon="3.771513">
        <ele>38.694055</ele>
        <time>2026-07-24T18:43:56.435Z</time>
      </trkpt>
      <trkpt lat="43.572846" lon="3.771869">
        <ele>38.385507</ele>
        <time>2026-07-24T18:44:01.900Z</time>
      </trkpt>
      <trkpt lat="43.572843" lon="3.772147">
        <ele>38.460603</ele>
        <time>2026-07-24T18:44:06.316Z</time>
      </trkpt>
      <trkpt lat="43.572879" lon="3.772237">
        <ele>38.595852</ele>
        <time>2026-07-24T18:44:08.444Z</time>
      </trkpt>
      <trkpt lat="43.572718" lon="3.772444">
        <ele>38.928121</ele>
        <time>2026-07-24T18:44:13.898Z</time>
      </trkpt>
      <trkpt lat="43.572587" lon="3.772715">
        <ele>39.192305</ele>
        <time>2026-07-24T18:44:18.434Z</time>
      </trkpt>
      <trkpt lat="43.572549" lon="3.772791">
        <ele>39.291366</ele>
        <time>2026-07-24T18:44:19.991Z</time>
      </trkpt>
      <trkpt lat="43.572320" lon="3.773196">
        <ele>40.134089</ele>
        <time>2026-07-24T18:44:31.077Z</time>
      </trkpt>
      <trkpt lat="43.572221" lon="3.773302">
        <ele>40.366463</ele>
        <time>2026-07-24T18:44:33.950Z</time>
      </trkpt>
      <trkpt lat="43.572130" lon="3.773355">
        <ele>40.577092</ele>
        <time>2026-07-24T18:44:36.085Z</time>
      </trkpt>
      <trkpt lat="43.572143" lon="3.773395">
        <ele>40.647717</ele>
        <time>2026-07-24T18:44:36.868Z</time>
      </trkpt>
      <trkpt lat="43.572443" lon="3.773537">
        <ele>41.578069</ele>
        <time>2026-07-24T18:44:47.288Z</time>
      </trkpt>
      <trkpt lat="43.572467" lon="3.773526">
        <ele>41.662986</ele>
        <time>2026-07-24T18:44:48.054Z</time>
      </trkpt>
      <trkpt lat="43.572626" lon="3.773607">
        <ele>42.136414</ele>
        <time>2026-07-24T18:44:52.838Z</time>
      </trkpt>
      <trkpt lat="43.572795" lon="3.773696">
        <ele>42.668192</ele>
        <time>2026-07-24T18:44:58.563Z</time>
      </trkpt>
      <trkpt lat="43.573075" lon="3.773833">
        <ele>43.396500</ele>
        <time>2026-07-24T18:45:07.354Z</time>
      </trkpt>
      <trkpt lat="43.573258" lon="3.773928">
        <ele>43.186509</ele>
        <time>2026-07-24T18:45:10.545Z</time>
      </trkpt>
      <trkpt lat="43.573313" lon="3.774004">
        <ele>42.923692</ele>
        <time>2026-07-24T18:45:11.455Z</time>
      </trkpt>
      <trkpt lat="43.573428" lon="3.774376">
        <ele>40.619221</ele>
        <time>2026-07-24T18:45:14.573Z</time>
      </trkpt>
      <trkpt lat="43.573422" lon="3.774646">
        <ele>39.316044</ele>
        <time>2026-07-24T18:45:16.836Z</time>
      </trkpt>
      <trkpt lat="43.573384" lon="3.775208">
        <ele>36.602678</ele>
        <time>2026-07-24T18:45:21.371Z</time>
      </trkpt>
      <trkpt lat="43.573371" lon="3.775423">
        <ele>35.585753</ele>
        <time>2026-07-24T18:45:23.102Z</time>
      </trkpt>
      <trkpt lat="43.573354" lon="3.776663">
        <ele>30.960172</ele>
        <time>2026-07-24T18:45:33.554Z</time>
      </trkpt>
      <trkpt lat="43.573343" lon="3.777098">
        <ele>29.696142</ele>
        <time>2026-07-24T18:45:37.390Z</time>
      </trkpt>
      <trkpt lat="43.573378" lon="3.777556">
        <ele>28.429470</ele>
        <time>2026-07-24T18:45:41.484Z</time>
      </trkpt>
      <trkpt lat="43.573450" lon="3.778043">
        <ele>27.196083</ele>
        <time>2026-07-24T18:45:45.932Z</time>
      </trkpt>
      <trkpt lat="43.573527" lon="3.778347">
        <ele>26.431659</ele>
        <time>2026-07-24T18:45:48.871Z</time>
      </trkpt>
      <trkpt lat="43.573653" lon="3.778755">
        <ele>25.544128</ele>
        <time>2026-07-24T18:45:52.964Z</time>
      </trkpt>
      <trkpt lat="43.573757" lon="3.779090">
        <ele>25.062310</ele>
        <time>2026-07-24T18:45:56.669Z</time>
      </trkpt>
      <trkpt lat="43.574180" lon="3.780518">
        <ele>24.840423</ele>
        <time>2026-07-24T18:46:15.246Z</time>
      </trkpt>
      <trkpt lat="43.574221" lon="3.780666">
        <ele>24.917198</ele>
        <time>2026-07-24T18:46:17.570Z</time>
      </trkpt>
      <trkpt lat="43.574358" lon="3.781185">
        <ele>25.297619</ele>
        <time>2026-07-24T18:46:26.049Z</time>
      </trkpt>
      <trkpt lat="43.574416" lon="3.781325">
        <ele>25.412582</ele>
        <time>2026-07-24T18:46:28.502Z</time>
      </trkpt>
      <trkpt lat="43.574522" lon="3.781516">
        <ele>25.560266</ele>
        <time>2026-07-24T18:46:32.218Z</time>
      </trkpt>
      <trkpt lat="43.574850" lon="3.781979">
        <ele>25.886550</ele>
        <time>2026-07-24T18:46:41.773Z</time>
      </trkpt>
      <trkpt lat="43.575179" lon="3.782502">
        <ele>26.065280</ele>
        <time>2026-07-24T18:46:51.326Z</time>
      </trkpt>
      <trkpt lat="43.575215" lon="3.782546">
        <ele>26.074926</ele>
        <time>2026-07-24T18:46:52.112Z</time>
      </trkpt>
      <trkpt lat="43.575185" lon="3.782728">
        <ele>25.965695</ele>
        <time>2026-07-24T18:46:54.501Z</time>
      </trkpt>
      <trkpt lat="43.575247" lon="3.783184">
        <ele>25.604979</ele>
        <time>2026-07-24T18:47:00.254Z</time>
      </trkpt>
      <trkpt lat="43.575255" lon="3.783841">
        <ele>25.152521</ele>
        <time>2026-07-24T18:47:08.676Z</time>
      </trkpt>
      <trkpt lat="43.574954" lon="3.785578">
        <ele>25.016850</ele>
        <time>2026-07-24T18:47:33.922Z</time>
      </trkpt>
      <trkpt lat="43.575474" lon="3.786114">
        <ele>25.311098</ele>
        <time>2026-07-24T18:47:56.114Z</time>
      </trkpt>
      <trkpt lat="43.575845" lon="3.786661">
        <ele>25.713271</ele>
        <time>2026-07-24T18:48:15.204Z</time>
      </trkpt>
      <trkpt lat="43.576194" lon="3.787366">
        <ele>26.293860</ele>
        <time>2026-07-24T18:48:37.515Z</time>
      </trkpt>
      <trkpt lat="43.576445" lon="3.788202">
        <ele>26.789767</ele>
        <time>2026-07-24T18:49:00.735Z</time>
      </trkpt>
      <trkpt lat="43.576813" lon="3.788944">
        <ele>27.100947</ele>
        <time>2026-07-24T18:49:22.703Z</time>
      </trkpt>
      <trkpt lat="43.577714" lon="3.790124">
        <ele>27.771592</ele>
        <time>2026-07-24T18:50:04.700Z</time>
      </trkpt>
      <trkpt lat="43.578320" lon="3.791007">
        <ele>28.889743</ele>
        <time>2026-07-24T18:50:38.707Z</time>
      </trkpt>
      <trkpt lat="43.578327" lon="3.791017">
        <ele>28.888025</ele>
        <time>2026-07-24T18:50:39.054Z</time>
      </trkpt>
      <trkpt lat="43.579436" lon="3.792511">
        <ele>28.591506</ele>
        <time>2026-07-24T18:51:27.167Z</time>
      </trkpt>
      <trkpt lat="43.579637" lon="3.792307">
        <ele>28.359507</ele>
        <time>2026-07-24T18:51:34.826Z</time>
      </trkpt>
      <trkpt lat="43.579980" lon="3.792701">
        <ele>27.159502</ele>
        <time>2026-07-24T18:51:46.310Z</time>
      </trkpt>
      <trkpt lat="43.580805" lon="3.793534">
        <ele>24.842118</ele>
        <time>2026-07-24T18:52:13.973Z</time>
      </trkpt>
      <trkpt lat="43.580969" lon="3.793566">
        <ele>24.594542</ele>
        <time>2026-07-24T18:52:18.637Z</time>
      </trkpt>
      <trkpt lat="43.581079" lon="3.793644">
        <ele>24.450093</ele>
        <time>2026-07-24T18:52:22.232Z</time>
      </trkpt>
      <trkpt lat="43.581277" lon="3.793950">
        <ele>24.360610</ele>
        <time>2026-07-24T18:52:31.248Z</time>
      </trkpt>
      <trkpt lat="43.581428" lon="3.794255">
        <ele>24.535790</ele>
        <time>2026-07-24T18:52:40.928Z</time>
      </trkpt>
      <trkpt lat="43.581546" lon="3.794297">
        <ele>24.630566</ele>
        <time>2026-07-24T18:52:45.554Z</time>
      </trkpt>
      <trkpt lat="43.581583" lon="3.794286">
        <ele>24.645008</ele>
        <time>2026-07-24T18:52:46.887Z</time>
      </trkpt>
      <trkpt lat="43.581629" lon="3.794242">
        <ele>24.666363</ele>
        <time>2026-07-24T18:52:48.690Z</time>
      </trkpt>
      <trkpt lat="43.581788" lon="3.793910">
        <ele>24.781887</ele>
        <time>2026-07-24T18:52:57.682Z</time>
      </trkpt>
      <trkpt lat="43.582006" lon="3.794136">
        <ele>25.268996</ele>
        <time>2026-07-24T18:53:05.844Z</time>
      </trkpt>
      <trkpt lat="43.582056" lon="3.794322">
        <ele>25.481763</ele>
        <time>2026-07-24T18:53:09.710Z</time>
      </trkpt>
      <trkpt lat="43.582057" lon="3.795483">
        <ele>26.629927</ele>
        <time>2026-07-24T18:53:30.734Z</time>
      </trkpt>
      <trkpt lat="43.582016" lon="3.796781">
        <ele>28.869416</ele>
        <time>2026-07-24T18:54:00.222Z</time>
      </trkpt>
      <trkpt lat="43.581874" lon="3.797457">
        <ele>29.897998</ele>
        <time>2026-07-24T18:54:15.158Z</time>
      </trkpt>
      <trkpt lat="43.581820" lon="3.798033">
        <ele>30.712688</ele>
        <time>2026-07-24T18:54:26.772Z</time>
      </trkpt>
      <trkpt lat="43.581775" lon="3.798277">
        <ele>31.284096</ele>
        <time>2026-07-24T18:54:32.545Z</time>
      </trkpt>
      <trkpt lat="43.581699" lon="3.798501">
        <ele>32.096958</ele>
        <time>2026-07-24T18:54:40.584Z</time>
      </trkpt>
      <trkpt lat="43.581876" lon="3.798720">
        <ele>33.285733</ele>
        <time>2026-07-24T18:54:51.000Z</time>
      </trkpt>
      <trkpt lat="43.581964" lon="3.798774">
        <ele>33.709110</ele>
        <time>2026-07-24T18:54:54.703Z</time>
      </trkpt>
      <trkpt lat="43.582207" lon="3.798830">
        <ele>34.214167</ele>
        <time>2026-07-24T18:55:02.027Z</time>
      </trkpt>
      <trkpt lat="43.582253" lon="3.798843">
        <ele>34.095183</ele>
        <time>2026-07-24T18:55:02.852Z</time>
      </trkpt>
      <trkpt lat="43.583025" lon="3.799065">
        <ele>32.004186</ele>
        <time>2026-07-24T18:55:14.841Z</time>
      </trkpt>
      <trkpt lat="43.583087" lon="3.799078">
        <ele>31.822915</ele>
        <time>2026-07-24T18:55:15.798Z</time>
      </trkpt>
      <trkpt lat="43.583045" lon="3.799548">
        <ele>31.103061</ele>
        <time>2026-07-24T18:55:21.231Z</time>
      </trkpt>
      <trkpt lat="43.583111" lon="3.799561">
        <ele>31.006551</ele>
        <time>2026-07-24T18:55:22.354Z</time>
      </trkpt>
      <trkpt lat="43.583402" lon="3.799621">
        <ele>30.715425</ele>
        <time>2026-07-24T18:55:27.535Z</time>
      </trkpt>
      <trkpt lat="43.583462" lon="3.799633">
        <ele>30.704605</ele>
        <time>2026-07-24T18:55:28.639Z</time>
      </trkpt>
      <trkpt lat="43.583929" lon="3.800639">
        <ele>30.622906</ele>
        <time>2026-07-24T18:55:45.712Z</time>
      </trkpt>
      <trkpt lat="43.583921" lon="3.800717">
        <ele>30.646856</ele>
        <time>2026-07-24T18:55:46.906Z</time>
      </trkpt>
      <trkpt lat="43.583632" lon="3.801013">
        <ele>30.998150</ele>
        <time>2026-07-24T18:55:55.412Z</time>
      </trkpt>
      <trkpt lat="43.583769" lon="3.801312">
        <ele>31.892767</ele>
        <time>2026-07-24T18:56:04.664Z</time>
      </trkpt>
      <trkpt lat="43.583793" lon="3.801356">
        <ele>32.092808</ele>
        <time>2026-07-24T18:56:07.443Z</time>
      </trkpt>
      <trkpt lat="43.583821" lon="3.801409">
        <ele>32.331051</ele>
        <time>2026-07-24T18:56:09.552Z</time>
      </trkpt>
      <trkpt lat="43.583852" lon="3.801460">
        <ele>32.572849</ele>
        <time>2026-07-24T18:56:11.850Z</time>
      </trkpt>
      <trkpt lat="43.583950" lon="3.801563">
        <ele>33.023178</ele>
        <time>2026-07-24T18:56:17.052Z</time>
      </trkpt>
      <trkpt lat="43.584185" lon="3.801885">
        <ele>33.887711</ele>
        <time>2026-07-24T18:56:28.545Z</time>
      </trkpt>
      <trkpt lat="43.584086" lon="3.801985">
        <ele>34.170440</ele>
        <time>2026-07-24T18:56:34.019Z</time>
      </trkpt>
      <trkpt lat="43.584292" lon="3.802857">
        <ele>35.531650</ele>
        <time>2026-07-24T18:56:51.093Z</time>
      </trkpt>
      <trkpt lat="43.584305" lon="3.802931">
        <ele>35.596049</ele>
        <time>2026-07-24T18:56:52.282Z</time>
      </trkpt>
      <trkpt lat="43.584324" lon="3.803038">
        <ele>35.689222</ele>
        <time>2026-07-24T18:56:53.843Z</time>
      </trkpt>
      <trkpt lat="43.584434" lon="3.803325">
        <ele>35.963544</ele>
        <time>2026-07-24T18:56:58.670Z</time>
      </trkpt>
      <trkpt lat="43.584568" lon="3.803632">
        <ele>36.437329</ele>
        <time>2026-07-24T18:57:06.761Z</time>
      </trkpt>
      <trkpt lat="43.584636" lon="3.803876">
        <ele>36.072191</ele>
        <time>2026-07-24T18:57:09.141Z</time>
      </trkpt>
      <trkpt lat="43.584760" lon="3.804520">
        <ele>34.328603</ele>
        <time>2026-07-24T18:57:14.984Z</time>
      </trkpt>
      <trkpt lat="43.584853" lon="3.804715">
        <ele>34.361028</ele>
        <time>2026-07-24T18:57:18.926Z</time>
      </trkpt>
      <trkpt lat="43.584892" lon="3.804805">
        <ele>34.351675</ele>
        <time>2026-07-24T18:57:20.515Z</time>
      </trkpt>
      <trkpt lat="43.584863" lon="3.806161">
        <ele>33.913672</ele>
        <time>2026-07-24T18:57:36.394Z</time>
      </trkpt>
      <trkpt lat="43.584883" lon="3.806529">
        <ele>33.152112</ele>
        <time>2026-07-24T18:57:39.700Z</time>
      </trkpt>
      <trkpt lat="43.584901" lon="3.806855">
        <ele>32.465155</ele>
        <time>2026-07-24T18:57:42.789Z</time>
      </trkpt>
      <trkpt lat="43.584907" lon="3.806943">
        <ele>32.258183</ele>
        <time>2026-07-24T18:57:43.610Z</time>
      </trkpt>
      <trkpt lat="43.584933" lon="3.807239">
        <ele>31.510445</ele>
        <time>2026-07-24T18:57:46.216Z</time>
      </trkpt>
      <trkpt lat="43.584984" lon="3.807407">
        <ele>31.328470</ele>
        <time>2026-07-24T18:57:48.076Z</time>
      </trkpt>
      <trkpt lat="43.584935" lon="3.807463">
        <ele>31.240739</ele>
        <time>2026-07-24T18:57:49.136Z</time>
      </trkpt>
      <trkpt lat="43.585013" lon="3.807596">
        <ele>31.320595</ele>
        <time>2026-07-24T18:57:51.903Z</time>
      </trkpt>
      <trkpt lat="43.585382" lon="3.808112">
        <ele>31.692108</ele>
        <time>2026-07-24T18:58:04.757Z</time>
      </trkpt>
      <trkpt lat="43.585826" lon="3.808720">
        <ele>30.605929</ele>
        <time>2026-07-24T18:58:15.052Z</time>
      </trkpt>
      <trkpt lat="43.586382" lon="3.809503">
        <ele>27.943735</ele>
        <time>2026-07-24T18:58:26.727Z</time>
      </trkpt>
      <trkpt lat="43.586395" lon="3.809528">
        <ele>27.889591</ele>
        <time>2026-07-24T18:58:27.064Z</time>
      </trkpt>
      <trkpt lat="43.586506" lon="3.809627">
        <ele>27.568612</ele>
        <time>2026-07-24T18:58:29.099Z</time>
      </trkpt>
      <trkpt lat="43.586746" lon="3.809949">
        <ele>27.245563</ele>
        <time>2026-07-24T18:58:35.031Z</time>
      </trkpt>
      <trkpt lat="43.586926" lon="3.810138">
        <ele>27.069072</ele>
        <time>2026-07-24T18:58:39.622Z</time>
      </trkpt>
      <trkpt lat="43.587347" lon="3.810761">
        <ele>26.002252</ele>
        <time>2026-07-24T18:58:49.613Z</time>
      </trkpt>
      <trkpt lat="43.587554" lon="3.810983">
        <ele>25.572367</ele>
        <time>2026-07-24T18:58:53.916Z</time>
      </trkpt>
      <trkpt lat="43.587716" lon="3.811229">
        <ele>25.412389</ele>
        <time>2026-07-24T18:58:58.267Z</time>
      </trkpt>
      <trkpt lat="43.587752" lon="3.811235">
        <ele>25.402687</ele>
        <time>2026-07-24T18:58:58.982Z</time>
      </trkpt>
      <trkpt lat="43.589052" lon="3.813110">
        <ele>24.890388</ele>
        <time>2026-07-24T18:59:35.082Z</time>
      </trkpt>
      <trkpt lat="43.590984" lon="3.815827">
        <ele>23.580014</ele>
        <time>2026-07-24T19:00:26.168Z</time>
      </trkpt>
      <trkpt lat="43.591171" lon="3.816064">
        <ele>23.908792</ele>
        <time>2026-07-24T19:00:33.191Z</time>
      </trkpt>
      <trkpt lat="43.591454" lon="3.816097">
        <ele>24.328729</ele>
        <time>2026-07-24T19:00:40.798Z</time>
      </trkpt>
      <trkpt lat="43.591641" lon="3.815992">
        <ele>24.472718</ele>
        <time>2026-07-24T19:00:45.264Z</time>
      </trkpt>
      <trkpt lat="43.591767" lon="3.815905">
        <ele>24.499999</ele>
        <time>2026-07-24T19:00:48.027Z</time>
      </trkpt>
      <trkpt lat="43.591777" lon="3.815804">
        <ele>24.499999</ele>
        <time>2026-07-24T19:00:49.464Z</time>
      </trkpt>
      <trkpt lat="43.591526" lon="3.815026">
        <ele>24.479953</ele>
        <time>2026-07-24T19:01:02.071Z</time>
      </trkpt>
      <trkpt lat="43.591524" lon="3.815021">
        <ele>24.478087</ele>
        <time>2026-07-24T19:01:02.159Z</time>
      </trkpt>
      <trkpt lat="43.591380" lon="3.814573">
        <ele>24.289135</ele>
        <time>2026-07-24T19:01:08.629Z</time>
      </trkpt>
      <trkpt lat="43.591282" lon="3.814604">
        <ele>24.248643</ele>
        <time>2026-07-24T19:01:10.426Z</time>
      </trkpt>
      <trkpt lat="43.591536" lon="3.815549">
        <ele>24.331483</ele>
        <time>2026-07-24T19:01:25.073Z</time>
      </trkpt>
      <trkpt lat="43.591599" lon="3.815927">
        <ele>24.500460</ele>
        <time>2026-07-24T19:01:31.663Z</time>
      </trkpt>
      <trkpt lat="43.591793" lon="3.816645">
        <ele>24.872456</ele>
        <time>2026-07-24T19:01:44.723Z</time>
      </trkpt>
      <trkpt lat="43.591939" lon="3.817048">
        <ele>24.879380</ele>
        <time>2026-07-24T19:01:51.138Z</time>
      </trkpt>
      <trkpt lat="43.592129" lon="3.817741">
        <ele>24.681674</ele>
        <time>2026-07-24T19:02:01.117Z</time>
      </trkpt>
      <trkpt lat="43.592213" lon="3.817823">
        <ele>24.629073</ele>
        <time>2026-07-24T19:02:03.025Z</time>
      </trkpt>
      <trkpt lat="43.592552" lon="3.817863">
        <ele>24.510348</ele>
        <time>2026-07-24T19:02:09.417Z</time>
      </trkpt>
      <trkpt lat="43.592603" lon="3.817932">
        <ele>24.509692</ele>
        <time>2026-07-24T19:02:10.786Z</time>
      </trkpt>
      <trkpt lat="43.592994" lon="3.820072">
        <ele>24.652926</ele>
        <time>2026-07-24T19:02:43.089Z</time>
      </trkpt>
      <trkpt lat="43.593088" lon="3.820124">
        <ele>24.723048</ele>
        <time>2026-07-24T19:02:45.529Z</time>
      </trkpt>
      <trkpt lat="43.593173" lon="3.820164">
        <ele>24.814094</ele>
        <time>2026-07-24T19:02:47.821Z</time>
      </trkpt>
      <trkpt lat="43.593259" lon="3.820305">
        <ele>24.988557</ele>
        <time>2026-07-24T19:02:51.229Z</time>
      </trkpt>
      <trkpt lat="43.593595" lon="3.820454">
        <ele>25.492838</ele>
        <time>2026-07-24T19:03:00.292Z</time>
      </trkpt>
      <trkpt lat="43.593637" lon="3.820542">
        <ele>25.661501</ele>
        <time>2026-07-24T19:03:02.634Z</time>
      </trkpt>
      <trkpt lat="43.593644" lon="3.820671">
        <ele>25.851530</ele>
        <time>2026-07-24T19:03:05.792Z</time>
      </trkpt>
      <trkpt lat="43.593627" lon="3.820763">
        <ele>25.963065</ele>
        <time>2026-07-24T19:03:07.907Z</time>
      </trkpt>
      <trkpt lat="43.593444" lon="3.820857">
        <ele>26.254502</ele>
        <time>2026-07-24T19:03:12.499Z</time>
      </trkpt>
      <trkpt lat="43.593334" lon="3.820968">
        <ele>26.424961</ele>
        <time>2026-07-24T19:03:16.009Z</time>
      </trkpt>
      <trkpt lat="43.593140" lon="3.821373">
        <ele>26.983888</ele>
        <time>2026-07-24T19:03:26.357Z</time>
      </trkpt>
      <trkpt lat="43.593238" lon="3.821389">
        <ele>27.072667</ele>
        <time>2026-07-24T19:03:28.116Z</time>
      </trkpt>
      <trkpt lat="43.593467" lon="3.821118">
        <ele>26.659665</ele>
        <time>2026-07-24T19:03:32.185Z</time>
      </trkpt>
      <trkpt lat="43.593649" lon="3.820948">
        <ele>26.827909</ele>
        <time>2026-07-24T19:03:36.727Z</time>
      </trkpt>
      <trkpt lat="43.594009" lon="3.820684">
        <ele>28.084295</ele>
        <time>2026-07-24T19:03:50.448Z</time>
      </trkpt>
      <trkpt lat="43.594175" lon="3.820569">
        <ele>28.209588</ele>
        <time>2026-07-24T19:03:53.820Z</time>
      </trkpt>
      <trkpt lat="43.594324" lon="3.820526">
        <ele>28.241843</ele>
        <time>2026-07-24T19:03:56.460Z</time>
      </trkpt>
      <trkpt lat="43.594175" lon="3.820569">
        <ele>28.322833</ele>
        <time>2026-07-24T19:03:59.040Z</time>
      </trkpt>
      <trkpt lat="43.594009" lon="3.820684">
        <ele>28.621595</ele>
        <time>2026-07-24T19:04:03.369Z</time>
      </trkpt>
      <trkpt lat="43.594279" lon="3.821037">
        <ele>30.475276</ele>
        <time>2026-07-24T19:04:19.852Z</time>
      </trkpt>
      <trkpt lat="43.594663" lon="3.821413">
        <ele>32.879001</ele>
        <time>2026-07-24T19:04:39.676Z</time>
      </trkpt>
      <trkpt lat="43.594771" lon="3.821585">
        <ele>33.949820</ele>
        <time>2026-07-24T19:04:47.697Z</time>
      </trkpt>
      <trkpt lat="43.594769" lon="3.821790">
        <ele>35.001629</ele>
        <time>2026-07-24T19:04:55.687Z</time>
      </trkpt>
      <trkpt lat="43.594899" lon="3.822177">
        <ele>37.382571</ele>
        <time>2026-07-24T19:05:11.945Z</time>
      </trkpt>
      <trkpt lat="43.595052" lon="3.822482">
        <ele>39.697739</ele>
        <time>2026-07-24T19:05:28.274Z</time>
      </trkpt>
      <trkpt lat="43.595455" lon="3.823025">
        <ele>44.760552</ele>
        <time>2026-07-24T19:06:02.357Z</time>
      </trkpt>
      <trkpt lat="43.596308" lon="3.824284">
        <ele>56.999439</ele>
        <time>2026-07-24T19:07:22.450Z</time>
      </trkpt>
      <trkpt lat="43.596580" lon="3.824622">
        <ele>59.806427</ele>
        <time>2026-07-24T19:07:46.064Z</time>
      </trkpt>
      <trkpt lat="43.597070" lon="3.825202">
        <ele>60.444932</ele>
        <time>2026-07-24T19:07:58.319Z</time>
      </trkpt>
      <trkpt lat="43.597110" lon="3.825249">
        <ele>60.460921</ele>
        <time>2026-07-24T19:07:59.362Z</time>
      </trkpt>
      <trkpt lat="43.597583" lon="3.824607">
        <ele>60.827048</ele>
        <time>2026-07-24T19:08:15.389Z</time>
      </trkpt>
      <trkpt lat="43.598326" lon="3.823478">
        <ele>58.657203</ele>
        <time>2026-07-24T19:08:33.001Z</time>
      </trkpt>
      <trkpt lat="43.598762" lon="3.823572">
        <ele>58.281915</ele>
        <time>2026-07-24T19:08:39.406Z</time>
      </trkpt>
      <trkpt lat="43.598985" lon="3.823588">
        <ele>58.619712</ele>
        <time>2026-07-24T19:08:45.412Z</time>
      </trkpt>
      <trkpt lat="43.599289" lon="3.823530">
        <ele>59.453069</ele>
        <time>2026-07-24T19:08:54.470Z</time>
      </trkpt>
      <trkpt lat="43.599460" lon="3.823419">
        <ele>60.222246</ele>
        <time>2026-07-24T19:09:01.050Z</time>
      </trkpt>
      <trkpt lat="43.599706" lon="3.823322">
        <ele>61.637924</ele>
        <time>2026-07-24T19:09:11.920Z</time>
      </trkpt>
      <trkpt lat="43.600098" lon="3.823288">
        <ele>64.230516</ele>
        <time>2026-07-24T19:09:30.427Z</time>
      </trkpt>
      <trkpt lat="43.600432" lon="3.823323">
        <ele>66.590529</ele>
        <time>2026-07-24T19:09:46.841Z</time>
      </trkpt>
      <trkpt lat="43.601335" lon="3.823712">
        <ele>72.703818</ele>
        <time>2026-07-24T19:10:32.506Z</time>
      </trkpt>
      <trkpt lat="43.602774" lon="3.824452">
        <ele>70.734771</ele>
        <time>2026-07-24T19:10:54.218Z</time>
      </trkpt>
      <trkpt lat="43.602874" lon="3.824505">
        <ele>70.380398</ele>
        <time>2026-07-24T19:10:55.570Z</time>
      </trkpt>
      <trkpt lat="43.603052" lon="3.824600">
        <ele>70.016235</ele>
        <time>2026-07-24T19:10:58.184Z</time>
      </trkpt>
      <trkpt lat="43.603737" lon="3.824969">
        <ele>70.547074</ele>
        <time>2026-07-24T19:11:15.532Z</time>
      </trkpt>
      <trkpt lat="43.603938" lon="3.825031">
        <ele>70.959486</ele>
        <time>2026-07-24T19:11:21.350Z</time>
      </trkpt>
      <trkpt lat="43.604493" lon="3.825195">
        <ele>72.447258</ele>
        <time>2026-07-24T19:11:37.512Z</time>
      </trkpt>
      <trkpt lat="43.604828" lon="3.825361">
        <ele>73.997436</ele>
        <time>2026-07-24T19:11:50.570Z</time>
      </trkpt>
      <trkpt lat="43.605223" lon="3.825606">
        <ele>76.316030</ele>
        <time>2026-07-24T19:12:09.676Z</time>
      </trkpt>
      <trkpt lat="43.605691" lon="3.825901">
        <ele>77.859857</ele>
        <time>2026-07-24T19:12:24.615Z</time>
      </trkpt>
      <trkpt lat="43.605962" lon="3.826004">
        <ele>78.016390</ele>
        <time>2026-07-24T19:12:31.950Z</time>
      </trkpt>
      <trkpt lat="43.606236" lon="3.826109">
        <ele>75.680208</ele>
        <time>2026-07-24T19:12:34.948Z</time>
      </trkpt>
      <trkpt lat="43.606501" lon="3.826202">
        <ele>72.984793</ele>
        <time>2026-07-24T19:12:37.814Z</time>
      </trkpt>
      <trkpt lat="43.607054" lon="3.826450">
        <ele>67.310090</ele>
        <time>2026-07-24T19:12:43.906Z</time>
      </trkpt>
      <trkpt lat="43.607037" lon="3.826576">
        <ele>66.835610</ele>
        <time>2026-07-24T19:12:44.953Z</time>
      </trkpt>
      <trkpt lat="43.607056" lon="3.826619">
        <ele>66.649126</ele>
        <time>2026-07-24T19:12:45.404Z</time>
      </trkpt>
      <trkpt lat="43.607095" lon="3.826648">
        <ele>66.422669</ele>
        <time>2026-07-24T19:12:45.995Z</time>
      </trkpt>
      <trkpt lat="43.607154" lon="3.826640">
        <ele>66.347646</ele>
        <time>2026-07-24T19:12:46.861Z</time>
      </trkpt>
      <trkpt lat="43.607395" lon="3.826773">
        <ele>66.608752</ele>
        <time>2026-07-24T19:12:53.557Z</time>
      </trkpt>
      <trkpt lat="43.607473" lon="3.826768">
        <ele>66.739301</ele>
        <time>2026-07-24T19:12:55.801Z</time>
      </trkpt>
      <trkpt lat="43.608874" lon="3.827410">
        <ele>69.950494</ele>
        <time>2026-07-24T19:13:39.238Z</time>
      </trkpt>
      <trkpt lat="43.608972" lon="3.827453">
        <ele>70.272720</ele>
        <time>2026-07-24T19:13:42.357Z</time>
      </trkpt>
      <trkpt lat="43.609028" lon="3.827475">
        <ele>70.455167</ele>
        <time>2026-07-24T19:13:44.582Z</time>
      </trkpt>
      <trkpt lat="43.609083" lon="3.827461">
        <ele>70.710869</ele>
        <time>2026-07-24T19:13:47.125Z</time>
      </trkpt>
      <trkpt lat="43.609124" lon="3.827477">
        <ele>70.918608</ele>
        <time>2026-07-24T19:13:49.177Z</time>
      </trkpt>
      <trkpt lat="43.609229" lon="3.827524">
        <ele>71.456794</ele>
        <time>2026-07-24T19:13:54.088Z</time>
      </trkpt>
      <trkpt lat="43.609395" lon="3.827598">
        <ele>71.459006</ele>
        <time>2026-07-24T19:13:58.052Z</time>
      </trkpt>
      <trkpt lat="43.609995" lon="3.827879">
        <ele>67.819966</ele>
        <time>2026-07-24T19:14:05.181Z</time>
      </trkpt>
      <trkpt lat="43.610258" lon="3.828028">
        <ele>65.651371</ele>
        <time>2026-07-24T19:14:08.265Z</time>
      </trkpt>
      <trkpt lat="43.610608" lon="3.828221">
        <ele>62.750866</ele>
        <time>2026-07-24T19:14:12.306Z</time>
      </trkpt>
      <trkpt lat="43.611160" lon="3.828496">
        <ele>59.964770</ele>
        <time>2026-07-24T19:14:19.382Z</time>
      </trkpt>
      <trkpt lat="43.611227" lon="3.828558">
        <ele>59.498576</ele>
        <time>2026-07-24T19:14:20.334Z</time>
      </trkpt>
      <trkpt lat="43.611365" lon="3.828692">
        <ele>58.567704</ele>
        <time>2026-07-24T19:14:22.209Z</time>
      </trkpt>
      <trkpt lat="43.611497" lon="3.828801">
        <ele>57.896196</ele>
        <time>2026-07-24T19:14:23.940Z</time>
      </trkpt>
      <trkpt lat="43.611790" lon="3.828967">
        <ele>58.374180</ele>
        <time>2026-07-24T19:14:33.280Z</time>
      </trkpt>
      <trkpt lat="43.611863" lon="3.829316">
        <ele>59.024314</ele>
        <time>2026-07-24T19:14:40.390Z</time>
      </trkpt>
      <trkpt lat="43.611888" lon="3.829669">
        <ele>59.680915</ele>
        <time>2026-07-24T19:14:48.028Z</time>
      </trkpt>
      <trkpt lat="43.611915" lon="3.829819">
        <ele>59.955769</ele>
        <time>2026-07-24T19:14:51.233Z</time>
      </trkpt>
      <trkpt lat="43.612003" lon="3.829976">
        <ele>60.129805</ele>
        <time>2026-07-24T19:14:54.622Z</time>
      </trkpt>
      <trkpt lat="43.612348" lon="3.829929">
        <ele>60.284939</ele>
        <time>2026-07-24T19:15:01.015Z</time>
      </trkpt>
      <trkpt lat="43.613000" lon="3.829785">
        <ele>60.355432</ele>
        <time>2026-07-24T19:15:12.437Z</time>
      </trkpt>
      <trkpt lat="43.613568" lon="3.829749">
        <ele>61.048977</ele>
        <time>2026-07-24T19:15:25.130Z</time>
      </trkpt>
      <trkpt lat="43.613611" lon="3.829783">
        <ele>61.125646</ele>
        <time>2026-07-24T19:15:26.279Z</time>
      </trkpt>
      <trkpt lat="43.614165" lon="3.829792">
        <ele>62.529724</ele>
        <time>2026-07-24T19:15:41.679Z</time>
      </trkpt>
      <trkpt lat="43.614688" lon="3.829798">
        <ele>64.346864</ele>
        <time>2026-07-24T19:16:00.529Z</time>
      </trkpt>
      <trkpt lat="43.614608" lon="3.829132">
        <ele>64.295276</ele>
        <time>2026-07-24T19:16:08.413Z</time>
      </trkpt>
      <trkpt lat="43.614781" lon="3.829207">
        <ele>64.556273</ele>
        <time>2026-07-24T19:16:12.976Z</time>
      </trkpt>
      <trkpt lat="43.615299" lon="3.829620">
        <ele>65.905071</ele>
        <time>2026-07-24T19:16:29.645Z</time>
      </trkpt>
      <trkpt lat="43.615359" lon="3.829630">
        <ele>65.983605</ele>
        <time>2026-07-24T19:16:31.117Z</time>
      </trkpt>
      <trkpt lat="43.615818" lon="3.829971">
        <ele>66.124501</ele>
        <time>2026-07-24T19:16:40.296Z</time>
      </trkpt>
      <trkpt lat="43.615939" lon="3.830067">
        <ele>66.309014</ele>
        <time>2026-07-24T19:16:42.867Z</time>
      </trkpt>
      <trkpt lat="43.615975" lon="3.830098">
        <ele>66.371889</ele>
        <time>2026-07-24T19:16:43.929Z</time>
      </trkpt>
      <trkpt lat="43.616381" lon="3.830378">
        <ele>67.965912</ele>
        <time>2026-07-24T19:17:00.888Z</time>
      </trkpt>
      <trkpt lat="43.617288" lon="3.831186">
        <ele>71.382997</ele>
        <time>2026-07-24T19:17:38.095Z</time>
      </trkpt>
      <trkpt lat="43.618150" lon="3.831778">
        <ele>72.561582</ele>
        <time>2026-07-24T19:18:02.085Z</time>
      </trkpt>
      <trkpt lat="43.618165" lon="3.831840">
        <ele>72.600587</ele>
        <time>2026-07-24T19:18:03.280Z</time>
      </trkpt>
      <trkpt lat="43.618360" lon="3.831975">
        <ele>72.694626</ele>
        <time>2026-07-24T19:18:07.351Z</time>
      </trkpt>
      <trkpt lat="43.618684" lon="3.832195">
        <ele>72.892878</ele>
        <time>2026-07-24T19:18:14.094Z</time>
      </trkpt>
      <trkpt lat="43.619149" lon="3.832447">
        <ele>73.750307</ele>
        <time>2026-07-24T19:18:26.748Z</time>
      </trkpt>
      <trkpt lat="43.619508" lon="3.832634">
        <ele>74.044454</ele>
        <time>2026-07-24T19:18:34.880Z</time>
      </trkpt>
      <trkpt lat="43.619631" lon="3.832653">
        <ele>74.074997</ele>
        <time>2026-07-24T19:18:36.857Z</time>
      </trkpt>
      <trkpt lat="43.619712" lon="3.832640">
        <ele>74.063889</ele>
        <time>2026-07-24T19:18:38.179Z</time>
      </trkpt>
      <trkpt lat="43.619749" lon="3.832744">
        <ele>74.052462</ele>
        <time>2026-07-24T19:18:39.616Z</time>
      </trkpt>
      <trkpt lat="43.619820" lon="3.832806">
        <ele>74.083438</ele>
        <time>2026-07-24T19:18:41.216Z</time>
      </trkpt>
      <trkpt lat="43.619859" lon="3.832814">
        <ele>74.113198</ele>
        <time>2026-07-24T19:18:41.993Z</time>
      </trkpt>
      <trkpt lat="43.619898" lon="3.832858">
        <ele>74.151206</ele>
        <time>2026-07-24T19:18:43.019Z</time>
      </trkpt>
      <trkpt lat="43.619988" lon="3.832892">
        <ele>74.228229</ele>
        <time>2026-07-24T19:18:45.175Z</time>
      </trkpt>
      <trkpt lat="43.620432" lon="3.833377">
        <ele>75.239030</ele>
        <time>2026-07-24T19:18:59.784Z</time>
      </trkpt>
      <trkpt lat="43.621138" lon="3.834231">
        <ele>76.225263</ele>
        <time>2026-07-24T19:19:19.378Z</time>
      </trkpt>
      <trkpt lat="43.621686" lon="3.834913">
        <ele>78.396108</ele>
        <time>2026-07-24T19:19:43.005Z</time>
      </trkpt>
      <trkpt lat="43.622116" lon="3.835439">
        <ele>76.478061</ele>
        <time>2026-07-24T19:19:50.060Z</time>
      </trkpt>
      <trkpt lat="43.622133" lon="3.835412">
        <ele>76.395103</ele>
        <time>2026-07-24T19:19:50.619Z</time>
      </trkpt>
      <trkpt lat="43.622168" lon="3.835360">
        <ele>76.230493</ele>
        <time>2026-07-24T19:19:51.723Z</time>
      </trkpt>
      <trkpt lat="43.622227" lon="3.835270">
        <ele>75.977781</ele>
        <time>2026-07-24T19:19:53.609Z</time>
      </trkpt>
      <trkpt lat="43.622261" lon="3.835218">
        <ele>75.837894</ele>
        <time>2026-07-24T19:19:54.657Z</time>
      </trkpt>
      <trkpt lat="43.622304" lon="3.835151">
        <ele>75.659140</ele>
        <time>2026-07-24T19:19:56.038Z</time>
      </trkpt>
      <trkpt lat="43.622319" lon="3.835128">
        <ele>75.597338</ele>
        <time>2026-07-24T19:19:56.518Z</time>
      </trkpt>
      <trkpt lat="43.622359" lon="3.835112">
        <ele>75.504651</ele>
        <time>2026-07-24T19:19:57.619Z</time>
      </trkpt>
      <trkpt lat="43.622419" lon="3.835028">
        <ele>75.366273</ele>
        <time>2026-07-24T19:20:00.006Z</time>
      </trkpt>
      <trkpt lat="43.622513" lon="3.835107">
        <ele>75.188040</ele>
        <time>2026-07-24T19:20:02.588Z</time>
      </trkpt>
      <trkpt lat="43.622557" lon="3.835141">
        <ele>75.130408</ele>
        <time>2026-07-24T19:20:03.776Z</time>
      </trkpt>
      <trkpt lat="43.622593" lon="3.835161">
        <ele>75.090576</ele>
        <time>2026-07-24T19:20:04.353Z</time>
      </trkpt>
      <trkpt lat="43.622630" lon="3.835183">
        <ele>75.049224</ele>
        <time>2026-07-24T19:20:04.960Z</time>
      </trkpt>
      <trkpt lat="43.622681" lon="3.835267">
        <ele>74.967752</ele>
        <time>2026-07-24T19:20:06.171Z</time>
      </trkpt>
      <trkpt lat="43.622845" lon="3.835073">
        <ele>74.656227</ele>
        <time>2026-07-24T19:20:09.339Z</time>
      </trkpt>
      <trkpt lat="43.622914" lon="3.834861">
        <ele>74.253647</ele>
        <time>2026-07-24T19:20:11.509Z</time>
      </trkpt>
      <trkpt lat="43.623010" lon="3.834686">
        <ele>73.824252</ele>
        <time>2026-07-24T19:20:13.526Z</time>
      </trkpt>
      <trkpt lat="43.623113" lon="3.834540">
        <ele>73.410378</ele>
        <time>2026-07-24T19:20:15.440Z</time>
      </trkpt>
      <trkpt lat="43.623255" lon="3.834424">
        <ele>73.012589</ele>
        <time>2026-07-24T19:20:17.610Z</time>
      </trkpt>
      <trkpt lat="43.623475" lon="3.834356">
        <ele>72.546721</ele>
        <time>2026-07-24T19:20:20.653Z</time>
      </trkpt>
      <trkpt lat="43.623626" lon="3.834356">
        <ele>72.359325</ele>
        <time>2026-07-24T19:20:22.775Z</time>
      </trkpt>
      <trkpt lat="43.624197" lon="3.834573">
        <ele>72.049095</ele>
        <time>2026-07-24T19:20:32.286Z</time>
      </trkpt>
      <trkpt lat="43.624458" lon="3.834146">
        <ele>72.436334</ele>
        <time>2026-07-24T19:20:44.950Z</time>
      </trkpt>
      <trkpt lat="43.624502" lon="3.834068">
        <ele>72.463052</ele>
        <time>2026-07-24T19:20:47.092Z</time>
      </trkpt>
      <trkpt lat="43.624897" lon="3.834322">
        <ele>72.276379</ele>
        <time>2026-07-24T19:20:54.403Z</time>
      </trkpt>
      <trkpt lat="43.624946" lon="3.834180">
        <ele>72.400438</ele>
        <time>2026-07-24T19:20:57.514Z</time>
      </trkpt>
      <trkpt lat="43.624988" lon="3.834208">
        <ele>72.451245</ele>
        <time>2026-07-24T19:20:58.927Z</time>
      </trkpt>
      <trkpt lat="43.625072" lon="3.834275">
        <ele>72.432304</ele>
        <time>2026-07-24T19:21:00.917Z</time>
      </trkpt>
      <trkpt lat="43.624957" lon="3.834667">
        <ele>71.858368</ele>
        <time>2026-07-24T19:21:04.900Z</time>
      </trkpt>
      <trkpt lat="43.624978" lon="3.834816">
        <ele>71.642991</ele>
        <time>2026-07-24T19:21:06.418Z</time>
      </trkpt>
      <trkpt lat="43.625051" lon="3.834986">
        <ele>71.598697</ele>
        <time>2026-07-24T19:21:08.693Z</time>
      </trkpt>
      <trkpt lat="43.625336" lon="3.835555">
        <ele>72.018106</ele>
        <time>2026-07-24T19:21:19.445Z</time>
      </trkpt>
      <trkpt lat="43.625502" lon="3.835705">
        <ele>72.354912</ele>
        <time>2026-07-24T19:21:24.456Z</time>
      </trkpt>
      <trkpt lat="43.625698" lon="3.835938">
        <ele>72.889982</ele>
        <time>2026-07-24T19:21:31.687Z</time>
      </trkpt>
      <trkpt lat="43.625771" lon="3.836110">
        <ele>72.515520</ele>
        <time>2026-07-24T19:21:33.902Z</time>
      </trkpt>
      <trkpt lat="43.625775" lon="3.836731">
        <ele>69.877731</ele>
        <time>2026-07-24T19:21:39.816Z</time>
      </trkpt>
      <trkpt lat="43.625806" lon="3.836816">
        <ele>69.479835</ele>
        <time>2026-07-24T19:21:40.771Z</time>
      </trkpt>
      <trkpt lat="43.626608" lon="3.837906">
        <ele>65.688585</ele>
        <time>2026-07-24T19:21:57.570Z</time>
      </trkpt>
      <trkpt lat="43.626633" lon="3.837942">
        <ele>65.557436</ele>
        <time>2026-07-24T19:21:58.134Z</time>
      </trkpt>
      <trkpt lat="43.626877" lon="3.838523">
        <ele>63.491659</ele>
        <time>2026-07-24T19:22:05.051Z</time>
      </trkpt>
      <trkpt lat="43.626868" lon="3.838606">
        <ele>63.225662</ele>
        <time>2026-07-24T19:22:05.885Z</time>
      </trkpt>
      <trkpt lat="43.626958" lon="3.838793">
        <ele>62.598191</ele>
        <time>2026-07-24T19:22:07.839Z</time>
      </trkpt>
      <trkpt lat="43.627345" lon="3.839474">
        <ele>61.004752</ele>
        <time>2026-07-24T19:22:16.082Z</time>
      </trkpt>
      <trkpt lat="43.627669" lon="3.839904">
        <ele>60.014588</ele>
        <time>2026-07-24T19:22:22.129Z</time>
      </trkpt>
      <trkpt lat="43.627933" lon="3.840224">
        <ele>59.311958</ele>
        <time>2026-07-24T19:22:26.962Z</time>
      </trkpt>
      <trkpt lat="43.628295" lon="3.840606">
        <ele>57.946205</ele>
        <time>2026-07-24T19:22:32.693Z</time>
      </trkpt>
      <trkpt lat="43.628950" lon="3.841178">
        <ele>56.026626</ele>
        <time>2026-07-24T19:22:42.885Z</time>
      </trkpt>
      <trkpt lat="43.629166" lon="3.841345">
        <ele>55.645961</ele>
        <time>2026-07-24T19:22:46.305Z</time>
      </trkpt>
      <trkpt lat="43.629369" lon="3.841452">
        <ele>55.507408</ele>
        <time>2026-07-24T19:22:49.776Z</time>
      </trkpt>
      <trkpt lat="43.629745" lon="3.841580">
        <ele>55.375476</ele>
        <time>2026-07-24T19:22:56.201Z</time>
      </trkpt>
      <trkpt lat="43.629982" lon="3.841615">
        <ele>55.201789</ele>
        <time>2026-07-24T19:22:59.922Z</time>
      </trkpt>
      <trkpt lat="43.630038" lon="3.841626">
        <ele>55.089375</ele>
        <time>2026-07-24T19:23:00.753Z</time>
      </trkpt>
      <trkpt lat="43.630087" lon="3.841638">
        <ele>54.941036</ele>
        <time>2026-07-24T19:23:01.420Z</time>
      </trkpt>
      <trkpt lat="43.630145" lon="3.841616">
        <ele>54.761750</ele>
        <time>2026-07-24T19:23:02.180Z</time>
      </trkpt>
      <trkpt lat="43.630425" lon="3.841670">
        <ele>53.789943</ele>
        <time>2026-07-24T19:23:05.525Z</time>
      </trkpt>
      <trkpt lat="43.630414" lon="3.841699">
        <ele>53.703905</ele>
        <time>2026-07-24T19:23:05.927Z</time>
      </trkpt>
      <trkpt lat="43.630387" lon="3.841773">
        <ele>53.772267</ele>
        <time>2026-07-24T19:23:07.214Z</time>
      </trkpt>
      <trkpt lat="43.630345" lon="3.842012">
        <ele>53.981816</ele>
        <time>2026-07-24T19:23:12.671Z</time>
      </trkpt>
      <trkpt lat="43.630338" lon="3.842104">
        <ele>53.883508</ele>
        <time>2026-07-24T19:23:14.061Z</time>
      </trkpt>
      <trkpt lat="43.630359" lon="3.842434">
        <ele>53.227648</ele>
        <time>2026-07-24T19:23:17.492Z</time>
      </trkpt>
      <trkpt lat="43.630419" lon="3.842687">
        <ele>52.395616</ele>
        <time>2026-07-24T19:23:19.923Z</time>
      </trkpt>
      <trkpt lat="43.630502" lon="3.842888">
        <ele>51.838761</ele>
        <time>2026-07-24T19:23:22.322Z</time>
      </trkpt>
      <trkpt lat="43.630555" lon="3.842980">
        <ele>51.772015</ele>
        <time>2026-07-24T19:23:23.775Z</time>
      </trkpt>
      <trkpt lat="43.630574" lon="3.843018">
        <ele>51.745798</ele>
        <time>2026-07-24T19:23:24.391Z</time>
      </trkpt>
      <trkpt lat="43.630584" lon="3.843034">
        <ele>51.733798</ele>
        <time>2026-07-24T19:23:24.679Z</time>
      </trkpt>
      <trkpt lat="43.630799" lon="3.843221">
        <ele>51.598336</ele>
        <time>2026-07-24T19:23:29.219Z</time>
      </trkpt>
      <trkpt lat="43.631034" lon="3.843231">
        <ele>51.477821</ele>
        <time>2026-07-24T19:23:33.304Z</time>
      </trkpt>
      <trkpt lat="43.631360" lon="3.843187">
        <ele>51.228407</ele>
        <time>2026-07-24T19:23:38.876Z</time>
      </trkpt>
      <trkpt lat="43.631866" lon="3.843120">
        <ele>51.022114</ele>
        <time>2026-07-24T19:23:47.959Z</time>
      </trkpt>
      <trkpt lat="43.632179" lon="3.843079">
        <ele>51.005266</ele>
        <time>2026-07-24T19:23:53.843Z</time>
      </trkpt>
      <trkpt lat="43.632272" lon="3.843083">
        <ele>51.104390</ele>
        <time>2026-07-24T19:23:55.764Z</time>
      </trkpt>
      <trkpt lat="43.633359" lon="3.843456">
        <ele>52.737263</ele>
        <time>2026-07-24T19:24:25.331Z</time>
      </trkpt>
      <trkpt lat="43.633453" lon="3.843472">
        <ele>52.930026</ele>
        <time>2026-07-24T19:24:28.378Z</time>
      </trkpt>
      <trkpt lat="43.633562" lon="3.843495">
        <ele>53.124605</ele>
        <time>2026-07-24T19:24:31.562Z</time>
      </trkpt>
      <trkpt lat="43.633867" lon="3.843553">
        <ele>53.418989</ele>
        <time>2026-07-24T19:24:39.040Z</time>
      </trkpt>
      <trkpt lat="43.633882" lon="3.843353">
        <ele>53.499581</ele>
        <time>2026-07-24T19:24:41.519Z</time>
      </trkpt>
      <trkpt lat="43.634205" lon="3.843458">
        <ele>53.803270</ele>
        <time>2026-07-24T19:24:49.412Z</time>
      </trkpt>
      <trkpt lat="43.634884" lon="3.843798">
        <ele>53.451301</ele>
        <time>2026-07-24T19:25:00.972Z</time>
      </trkpt>
      <trkpt lat="43.635058" lon="3.843919">
        <ele>52.702206</ele>
        <time>2026-07-24T19:25:03.263Z</time>
      </trkpt>
      <trkpt lat="43.635107" lon="3.843955">
        <ele>52.479202</ele>
        <time>2026-07-24T19:25:03.912Z</time>
      </trkpt>
      <trkpt lat="43.635603" lon="3.844265">
        <ele>51.029400</ele>
        <time>2026-07-24T19:25:10.963Z</time>
      </trkpt>
      <trkpt lat="43.635735" lon="3.844333">
        <ele>50.717840</ele>
        <time>2026-07-24T19:25:12.904Z</time>
      </trkpt>
      <trkpt lat="43.636084" lon="3.844514">
        <ele>50.142347</ele>
        <time>2026-07-24T19:25:18.115Z</time>
      </trkpt>
      <trkpt lat="43.636175" lon="3.844566">
        <ele>50.079686</ele>
        <time>2026-07-24T19:25:19.583Z</time>
      </trkpt>
      <trkpt lat="43.636364" lon="3.844665">
        <ele>50.228200</ele>
        <time>2026-07-24T19:25:23.281Z</time>
      </trkpt>
      <trkpt lat="43.636637" lon="3.844850">
        <ele>51.438752</ele>
        <time>2026-07-24T19:25:34.447Z</time>
      </trkpt>
      <trkpt lat="43.636833" lon="3.845044">
        <ele>52.429522</ele>
        <time>2026-07-24T19:25:44.265Z</time>
      </trkpt>
      <trkpt lat="43.636924" lon="3.845127">
        <ele>52.804864</ele>
        <time>2026-07-24T19:25:47.070Z</time>
      </trkpt>
      <trkpt lat="43.636892" lon="3.845174">
        <ele>52.795162</ele>
        <time>2026-07-24T19:25:50.289Z</time>
      </trkpt>
      <trkpt lat="43.637909" lon="3.846195">
        <ele>51.972081</ele>
        <time>2026-07-24T19:26:10.694Z</time>
      </trkpt>
      <trkpt lat="43.638067" lon="3.846418">
        <ele>51.853763</ele>
        <time>2026-07-24T19:26:14.142Z</time>
      </trkpt>
      <trkpt lat="43.638220" lon="3.846902">
        <ele>52.491808</ele>
        <time>2026-07-24T19:26:24.476Z</time>
      </trkpt>
      <trkpt lat="43.638306" lon="3.847071">
        <ele>52.815088</ele>
        <time>2026-07-24T19:26:28.618Z</time>
      </trkpt>
      <trkpt lat="43.638360" lon="3.847127">
        <ele>52.995294</ele>
        <time>2026-07-24T19:26:30.438Z</time>
      </trkpt>
      <trkpt lat="43.638377" lon="3.847169">
        <ele>53.088249</ele>
        <time>2026-07-24T19:26:31.440Z</time>
      </trkpt>
      <trkpt lat="43.638377" lon="3.847269">
        <ele>53.281411</ele>
        <time>2026-07-24T19:26:33.905Z</time>
      </trkpt>
      <trkpt lat="43.638375" lon="3.847494">
        <ele>54.049516</ele>
        <time>2026-07-24T19:26:40.821Z</time>
      </trkpt>
      <trkpt lat="43.638375" lon="3.847567">
        <ele>54.311245</ele>
        <time>2026-07-24T19:26:43.170Z</time>
      </trkpt>
      <trkpt lat="43.638540" lon="3.847567">
        <ele>55.123725</ele>
        <time>2026-07-24T19:26:50.040Z</time>
      </trkpt>
      <trkpt lat="43.638567" lon="3.847567">
        <ele>55.256524</ele>
        <time>2026-07-24T19:26:51.133Z</time>
      </trkpt>
      <trkpt lat="43.638664" lon="3.847564">
        <ele>55.678196</ele>
        <time>2026-07-24T19:26:54.828Z</time>
      </trkpt>
      <trkpt lat="43.638681" lon="3.847563">
        <ele>55.737098</ele>
        <time>2026-07-24T19:26:55.413Z</time>
      </trkpt>
      <trkpt lat="43.638828" lon="3.847559">
        <ele>56.246061</ele>
        <time>2026-07-24T19:27:00.610Z</time>
      </trkpt>
      <trkpt lat="43.638850" lon="3.847596">
        <ele>56.337271</ele>
        <time>2026-07-24T19:27:01.729Z</time>
      </trkpt>
      <trkpt lat="43.638881" lon="3.847654">
        <ele>56.392792</ele>
        <time>2026-07-24T19:27:03.142Z</time>
      </trkpt>
      <trkpt lat="43.639001" lon="3.847587">
        <ele>56.530502</ele>
        <time>2026-07-24T19:27:05.477Z</time>
      </trkpt>
      <trkpt lat="43.640225" lon="3.847596">
        <ele>58.342257</ele>
        <time>2026-07-24T19:27:36.350Z</time>
      </trkpt>
      <trkpt lat="43.640435" lon="3.847612">
        <ele>59.016328</ele>
        <time>2026-07-24T19:27:44.119Z</time>
      </trkpt>
      <trkpt lat="43.640686" lon="3.847786">
        <ele>59.693382</ele>
        <time>2026-07-24T19:27:52.568Z</time>
      </trkpt>
      <trkpt lat="43.640710" lon="3.847847">
        <ele>59.769995</ele>
        <time>2026-07-24T19:27:53.701Z</time>
      </trkpt>
      <trkpt lat="43.640763" lon="3.847854">
        <ele>59.851173</ele>
        <time>2026-07-24T19:27:55.282Z</time>
      </trkpt>
      <trkpt lat="43.640816" lon="3.847859">
        <ele>59.958185</ele>
        <time>2026-07-24T19:27:56.972Z</time>
      </trkpt>
      <trkpt lat="43.640838" lon="3.847805">
        <ele>60.054412</ele>
        <time>2026-07-24T19:27:58.273Z</time>
      </trkpt>
      <trkpt lat="43.641135" lon="3.847660">
        <ele>60.788733</ele>
        <time>2026-07-24T19:28:08.176Z</time>
      </trkpt>
      <trkpt lat="43.641528" lon="3.847674">
        <ele>61.892370</ele>
        <time>2026-07-24T19:28:20.144Z</time>
      </trkpt>
      <trkpt lat="43.641629" lon="3.847742">
        <ele>62.351115</ele>
        <time>2026-07-24T19:28:24.797Z</time>
      </trkpt>
      <trkpt lat="43.641872" lon="3.847751">
        <ele>63.959456</ele>
        <time>2026-07-24T19:28:37.431Z</time>
      </trkpt>
      <trkpt lat="43.642005" lon="3.847787">
        <ele>64.790650</ele>
        <time>2026-07-24T19:28:43.965Z</time>
      </trkpt>
      <trkpt lat="43.642382" lon="3.848037">
        <ele>67.309209</ele>
        <time>2026-07-24T19:29:03.467Z</time>
      </trkpt>
      <trkpt lat="43.642746" lon="3.848377">
        <ele>69.886537</ele>
        <time>2026-07-24T19:29:24.155Z</time>
      </trkpt>
      <trkpt lat="43.642907" lon="3.848581">
        <ele>70.870515</ele>
        <time>2026-07-24T19:29:32.456Z</time>
      </trkpt>
      <trkpt lat="43.643065" lon="3.848849">
        <ele>71.818265</ele>
        <time>2026-07-24T19:29:41.522Z</time>
      </trkpt>
      <trkpt lat="43.643239" lon="3.849195">
        <ele>72.953485</ele>
        <time>2026-07-24T19:29:53.188Z</time>
      </trkpt>
      <trkpt lat="43.643473" lon="3.849805">
        <ele>74.127933</ele>
        <time>2026-07-24T19:30:08.473Z</time>
      </trkpt>
      <trkpt lat="43.643690" lon="3.850265">
        <ele>74.422538</ele>
        <time>2026-07-24T19:30:17.622Z</time>
      </trkpt>
      <trkpt lat="43.644548" lon="3.851776">
        <ele>72.011437</ele>
        <time>2026-07-24T19:30:40.560Z</time>
      </trkpt>
      <trkpt lat="43.644766" lon="3.852207">
        <ele>70.859412</ele>
        <time>2026-07-24T19:30:46.050Z</time>
      </trkpt>
      <trkpt lat="43.644809" lon="3.852378">
        <ele>71.115568</ele>
        <time>2026-07-24T19:30:49.898Z</time>
      </trkpt>
      <trkpt lat="43.644832" lon="3.852867">
        <ele>72.714554</ele>
        <time>2026-07-24T19:31:05.617Z</time>
      </trkpt>
      <trkpt lat="43.644851" lon="3.852886">
        <ele>72.724384</ele>
        <time>2026-07-24T19:31:06.536Z</time>
      </trkpt>
      <trkpt lat="43.644915" lon="3.852950">
        <ele>72.747793</ele>
        <time>2026-07-24T19:31:09.053Z</time>
      </trkpt>
      <trkpt lat="43.644941" lon="3.852976">
        <ele>72.757302</ele>
        <time>2026-07-24T19:31:09.837Z</time>
      </trkpt>
      <trkpt lat="43.644967" lon="3.853001">
        <ele>72.766688</ele>
        <time>2026-07-24T19:31:10.429Z</time>
      </trkpt>
      <trkpt lat="43.645042" lon="3.852940">
        <ele>72.694476</ele>
        <time>2026-07-24T19:31:11.846Z</time>
      </trkpt>
      <trkpt lat="43.645119" lon="3.852937">
        <ele>72.445753</ele>
        <time>2026-07-24T19:31:12.991Z</time>
      </trkpt>
      <trkpt lat="43.645224" lon="3.852981">
        <ele>72.091476</ele>
        <time>2026-07-24T19:31:14.608Z</time>
      </trkpt>
      <trkpt lat="43.645518" lon="3.853453">
        <ele>70.392528</ele>
        <time>2026-07-24T19:31:21.179Z</time>
      </trkpt>
      <trkpt lat="43.645664" lon="3.853641">
        <ele>69.578546</ele>
        <time>2026-07-24T19:31:24.040Z</time>
      </trkpt>
      <trkpt lat="43.646089" lon="3.854029">
        <ele>67.260002</ele>
        <time>2026-07-24T19:31:31.248Z</time>
      </trkpt>
      <trkpt lat="43.646335" lon="3.854169">
        <ele>66.026225</ele>
        <time>2026-07-24T19:31:34.864Z</time>
      </trkpt>
      <trkpt lat="43.646926" lon="3.854471">
        <ele>64.588857</ele>
        <time>2026-07-24T19:31:45.170Z</time>
      </trkpt>
      <trkpt lat="43.647576" lon="3.854761">
        <ele>63.033755</ele>
        <time>2026-07-24T19:31:55.949Z</time>
      </trkpt>
      <trkpt lat="43.647950" lon="3.855000">
        <ele>61.442775</ele>
        <time>2026-07-24T19:32:01.957Z</time>
      </trkpt>
      <trkpt lat="43.648379" lon="3.855368">
        <ele>58.715555</ele>
        <time>2026-07-24T19:32:08.804Z</time>
      </trkpt>
      <trkpt lat="43.648577" lon="3.855571">
        <ele>58.014790</ele>
        <time>2026-07-24T19:32:12.532Z</time>
      </trkpt>
      <trkpt lat="43.648950" lon="3.856051">
        <ele>57.836345</ele>
        <time>2026-07-24T19:32:22.749Z</time>
      </trkpt>
      <trkpt lat="43.649210" lon="3.856504">
        <ele>57.395442</ele>
        <time>2026-07-24T19:32:30.183Z</time>
      </trkpt>
      <trkpt lat="43.649456" lon="3.857068">
        <ele>56.433107</ele>
        <time>2026-07-24T19:32:37.736Z</time>
      </trkpt>
      <trkpt lat="43.649586" lon="3.857429">
        <ele>55.973225</ele>
        <time>2026-07-24T19:32:42.468Z</time>
      </trkpt>
      <trkpt lat="43.650120" lon="3.859624">
        <ele>55.701324</ele>
        <time>2026-07-24T19:33:16.793Z</time>
      </trkpt>
      <trkpt lat="43.650468" lon="3.863082">
        <ele>42.647084</ele>
        <time>2026-07-24T19:33:51.361Z</time>
      </trkpt>
      <trkpt lat="43.650505" lon="3.863634">
        <ele>42.433410</ele>
        <time>2026-07-24T19:34:00.975Z</time>
      </trkpt>
      <trkpt lat="43.650524" lon="3.863892">
        <ele>42.214095</ele>
        <time>2026-07-24T19:34:03.858Z</time>
      </trkpt>
      <trkpt lat="43.650619" lon="3.865121">
        <ele>41.934994</ele>
        <time>2026-07-24T19:34:21.012Z</time>
      </trkpt>
      <trkpt lat="43.650545" lon="3.865528">
        <ele>42.036899</ele>
        <time>2026-07-24T19:34:27.776Z</time>
      </trkpt>
      <trkpt lat="43.650372" lon="3.865704">
        <ele>42.012741</ele>
        <time>2026-07-24T19:34:31.563Z</time>
      </trkpt>
      <trkpt lat="43.650281" lon="3.865859">
        <ele>41.907991</ele>
        <time>2026-07-24T19:34:34.378Z</time>
      </trkpt>
      <trkpt lat="43.650270" lon="3.865953">
        <ele>41.693559</ele>
        <time>2026-07-24T19:34:35.344Z</time>
      </trkpt>
      <trkpt lat="43.650262" lon="3.865996">
        <ele>41.593576</ele>
        <time>2026-07-24T19:34:35.743Z</time>
      </trkpt>
      <trkpt lat="43.650270" lon="3.866023">
        <ele>41.527873</ele>
        <time>2026-07-24T19:34:36.025Z</time>
      </trkpt>
      <trkpt lat="43.650365" lon="3.866172">
        <ele>41.331594</ele>
        <time>2026-07-24T19:34:37.901Z</time>
      </trkpt>
      <trkpt lat="43.650393" lon="3.866200">
        <ele>41.366055</ele>
        <time>2026-07-24T19:34:38.384Z</time>
      </trkpt>
      <trkpt lat="43.650427" lon="3.866239">
        <ele>41.410112</ele>
        <time>2026-07-24T19:34:39.348Z</time>
      </trkpt>
      <trkpt lat="43.650507" lon="3.866364">
        <ele>41.769325</ele>
        <time>2026-07-24T19:34:44.706Z</time>
      </trkpt>
      <trkpt lat="43.650614" lon="3.866548">
        <ele>43.081269</ele>
        <time>2026-07-24T19:34:54.204Z</time>
      </trkpt>
      <trkpt lat="43.650705" lon="3.866796">
        <ele>44.295364</ele>
        <time>2026-07-24T19:35:04.461Z</time>
      </trkpt>
      <trkpt lat="43.650776" lon="3.867087">
        <ele>44.589120</ele>
        <time>2026-07-24T19:35:09.517Z</time>
      </trkpt>
      <trkpt lat="43.650915" lon="3.868111">
        <ele>43.433170</ele>
        <time>2026-07-24T19:35:21.122Z</time>
      </trkpt>
      <trkpt lat="43.651113" lon="3.868913">
        <ele>42.820516</ele>
        <time>2026-07-24T19:35:31.274Z</time>
      </trkpt>
      <trkpt lat="43.651291" lon="3.869496">
        <ele>42.564813</ele>
        <time>2026-07-24T19:35:39.441Z</time>
      </trkpt>
      <trkpt lat="43.651580" lon="3.870259">
        <ele>41.539197</ele>
        <time>2026-07-24T19:35:49.397Z</time>
      </trkpt>
      <trkpt lat="43.651799" lon="3.870812">
        <ele>39.778115</ele>
        <time>2026-07-24T19:36:00.513Z</time>
      </trkpt>
      <trkpt lat="43.652077" lon="3.871393">
        <ele>39.131186</ele>
        <time>2026-07-24T19:36:08.863Z</time>
      </trkpt>
      <trkpt lat="43.652355" lon="3.871924">
        <ele>39.184846</ele>
        <time>2026-07-24T19:36:17.757Z</time>
      </trkpt>
      <trkpt lat="43.653166" lon="3.872948">
        <ele>41.680282</ele>
        <time>2026-07-24T19:36:50.377Z</time>
      </trkpt>
      <trkpt lat="43.653647" lon="3.873509">
        <ele>42.818808</ele>
        <time>2026-07-24T19:37:07.177Z</time>
      </trkpt>
      <trkpt lat="43.653785" lon="3.873682">
        <ele>43.096979</ele>
        <time>2026-07-24T19:37:12.165Z</time>
      </trkpt>
      <trkpt lat="43.653912" lon="3.873801">
        <ele>43.433602</ele>
        <time>2026-07-24T19:37:15.218Z</time>
      </trkpt>
      <trkpt lat="43.654375" lon="3.874733">
        <ele>46.337524</ele>
        <time>2026-07-24T19:37:55.700Z</time>
      </trkpt>
      <trkpt lat="43.654410" lon="3.874783">
        <ele>46.495512</ele>
        <time>2026-07-24T19:37:57.734Z</time>
      </trkpt>
      <trkpt lat="43.654452" lon="3.874791">
        <ele>46.613780</ele>
        <time>2026-07-24T19:37:59.420Z</time>
      </trkpt>
      <trkpt lat="43.654792" lon="3.874693">
        <ele>47.528918</ele>
        <time>2026-07-24T19:38:10.764Z</time>
      </trkpt>
      <trkpt lat="43.654848" lon="3.874708">
        <ele>47.613026</ele>
        <time>2026-07-24T19:38:13.098Z</time>
      </trkpt>
      <trkpt lat="43.654864" lon="3.874746">
        <ele>47.620159</ele>
        <time>2026-07-24T19:38:14.254Z</time>
      </trkpt>
      <trkpt lat="43.654933" lon="3.875283">
        <ele>47.612972</ele>
        <time>2026-07-24T19:38:26.398Z</time>
      </trkpt>
      <trkpt lat="43.654990" lon="3.875312">
        <ele>47.651524</ele>
        <time>2026-07-24T19:38:28.577Z</time>
      </trkpt>
      <trkpt lat="43.654970" lon="3.876465">
        <ele>48.196704</ele>
        <time>2026-07-24T19:38:45.350Z</time>
      </trkpt>
      <trkpt lat="43.654919" lon="3.878294">
        <ele>49.004390</ele>
        <time>2026-07-24T19:39:11.420Z</time>
      </trkpt>
      <trkpt lat="43.654886" lon="3.878675">
        <ele>49.189463</ele>
        <time>2026-07-24T19:39:17.147Z</time>
      </trkpt>
      <trkpt lat="43.654938" lon="3.878768">
        <ele>49.254766</ele>
        <time>2026-07-24T19:39:18.589Z</time>
      </trkpt>
      <trkpt lat="43.655091" lon="3.879278">
        <ele>49.737632</ele>
        <time>2026-07-24T19:39:27.926Z</time>
      </trkpt>
      <trkpt lat="43.655147" lon="3.879498">
        <ele>50.051919</ele>
        <time>2026-07-24T19:39:32.184Z</time>
      </trkpt>
      <trkpt lat="43.655233" lon="3.879834">
        <ele>50.955714</ele>
        <time>2026-07-24T19:39:40.292Z</time>
      </trkpt>
      <trkpt lat="43.655389" lon="3.880427">
        <ele>52.847462</ele>
        <time>2026-07-24T19:39:58.014Z</time>
      </trkpt>
      <trkpt lat="43.655417" lon="3.880530">
        <ele>52.871656</ele>
        <time>2026-07-24T19:39:59.805Z</time>
      </trkpt>
      <trkpt lat="43.655459" lon="3.880684">
        <ele>52.851295</ele>
        <time>2026-07-24T19:40:01.693Z</time>
      </trkpt>
      <trkpt lat="43.655383" lon="3.880873">
        <ele>52.434716</ele>
        <time>2026-07-24T19:40:04.065Z</time>
      </trkpt>
      <trkpt lat="43.655328" lon="3.880964">
        <ele>52.303369</ele>
        <time>2026-07-24T19:40:05.445Z</time>
      </trkpt>
      <trkpt lat="43.655263" lon="3.880976">
        <ele>52.303369</ele>
        <time>2026-07-24T19:40:06.550Z</time>
      </trkpt>
      <trkpt lat="43.655253" lon="3.880949">
        <ele>52.303369</ele>
        <time>2026-07-24T19:40:08.105Z</time>
      </trkpt>
    </trkseg>
  </trk>
</gpx>