<?xml version='1.0' encoding='UTF-8'?>
<gpx version="1.1" creator="https://www.komoot.de" xmlns="http://www.topografix.com/GPX/1/1" xmlns:xsi="http://www.w3.org/2001/XMLSchema-instance" xsi:schemaLocation="http://www.topografix.com/GPX/1/1 http://www.topografix.com/GPX/1/1/gpx.xsd">
  <metadata>
    <name>montpellier - cres -clapiers</name>
    <author>
      <link href="https://www.komoot.de">
        <text>komoot</text>
        <type>text/html</type>
      </link>
    </author>
  </metadata>
  <trk>
    <name>montpellier - cres -clapiers</name>
    <type>mtb_easy</type>
    <trkseg>
      <trkpt lat="43.599459" lon="3.895890">
        <ele>13.561889</ele>
        <time>2026-07-27T13:43:12.419Z</time>
      </trkpt>
      <trkpt lat="43.599735" lon="3.895477">
        <ele>13.206905</ele>
        <time>2026-07-27T13:43:40.710Z</time>
      </trkpt>
      <trkpt lat="43.599649" lon="3.895362">
        <ele>13.080569</ele>
        <time>2026-07-27T13:43:49.017Z</time>
      </trkpt>
      <trkpt lat="43.599660" lon="3.895352">
        <ele>13.066671</ele>
        <time>2026-07-27T13:43:49.938Z</time>
      </trkpt>
      <trkpt lat="43.599836" lon="3.895609">
        <ele>13.552455</ele>
        <time>2026-07-27T13:43:58.895Z</time>
      </trkpt>
      <trkpt lat="43.599861" lon="3.895699">
        <ele>13.576829</ele>
        <time>2026-07-27T13:44:01.000Z</time>
      </trkpt>
      <trkpt lat="43.599883" lon="3.895675">
        <ele>13.586619</ele>
        <time>2026-07-27T13:44:02.993Z</time>
      </trkpt>
      <trkpt lat="43.599921" lon="3.895790">
        <ele>13.618581</ele>
        <time>2026-07-27T13:44:04.451Z</time>
      </trkpt>
      <trkpt lat="43.599938" lon="3.895831">
        <ele>13.602118</ele>
        <time>2026-07-27T13:44:04.929Z</time>
      </trkpt>
      <trkpt lat="43.600164" lon="3.896248">
        <ele>12.237605</ele>
        <time>2026-07-27T13:44:09.589Z</time>
      </trkpt>
      <trkpt lat="43.600205" lon="3.896320">
        <ele>11.966680</ele>
        <time>2026-07-27T13:44:10.344Z</time>
      </trkpt>
      <trkpt lat="43.600629" lon="3.897131">
        <ele>9.862887</ele>
        <time>2026-07-27T13:44:19.417Z</time>
      </trkpt>
      <trkpt lat="43.600728" lon="3.897371">
        <ele>10.384968</ele>
        <time>2026-07-27T13:44:26.845Z</time>
      </trkpt>
      <trkpt lat="43.600747" lon="3.897411">
        <ele>10.505745</ele>
        <time>2026-07-27T13:44:28.357Z</time>
      </trkpt>
      <trkpt lat="43.600884" lon="3.897287">
        <ele>11.073418</ele>
        <time>2026-07-27T13:44:34.685Z</time>
      </trkpt>
      <trkpt lat="43.600894" lon="3.897249">
        <ele>10.922026</ele>
        <time>2026-07-27T13:44:35.191Z</time>
      </trkpt>
      <trkpt lat="43.600912" lon="3.897242">
        <ele>10.825332</ele>
        <time>2026-07-27T13:44:35.465Z</time>
      </trkpt>
      <trkpt lat="43.600768" lon="3.897015">
        <ele>9.874284</ele>
        <time>2026-07-27T13:44:37.979Z</time>
      </trkpt>
      <trkpt lat="43.601329" lon="3.896351">
        <ele>9.568553</ele>
        <time>2026-07-27T13:44:55.402Z</time>
      </trkpt>
      <trkpt lat="43.601487" lon="3.896284">
        <ele>9.706141</ele>
        <time>2026-07-27T13:44:59.199Z</time>
      </trkpt>
      <trkpt lat="43.601707" lon="3.896305">
        <ele>10.006607</ele>
        <time>2026-07-27T13:45:04.681Z</time>
      </trkpt>
      <trkpt lat="43.601796" lon="3.896327">
        <ele>10.149479</ele>
        <time>2026-07-27T13:45:07.055Z</time>
      </trkpt>
      <trkpt lat="43.602355" lon="3.896474">
        <ele>11.210216</ele>
        <time>2026-07-27T13:45:23.511Z</time>
      </trkpt>
      <trkpt lat="43.602433" lon="3.896498">
        <ele>11.216394</ele>
        <time>2026-07-27T13:45:25.098Z</time>
      </trkpt>
      <trkpt lat="43.603005" lon="3.896742">
        <ele>11.181038</ele>
        <time>2026-07-27T13:45:36.107Z</time>
      </trkpt>
      <trkpt lat="43.603093" lon="3.896788">
        <ele>11.193372</ele>
        <time>2026-07-27T13:45:37.607Z</time>
      </trkpt>
      <trkpt lat="43.603172" lon="3.896825">
        <ele>11.204307</ele>
        <time>2026-07-27T13:45:39.296Z</time>
      </trkpt>
      <trkpt lat="43.603732" lon="3.897344">
        <ele>14.523228</ele>
        <time>2026-07-27T13:46:09.208Z</time>
      </trkpt>
      <trkpt lat="43.603813" lon="3.897398">
        <ele>14.320298</ele>
        <time>2026-07-27T13:46:10.564Z</time>
      </trkpt>
      <trkpt lat="43.604072" lon="3.897515">
        <ele>13.105510</ele>
        <time>2026-07-27T13:46:14.135Z</time>
      </trkpt>
      <trkpt lat="43.604140" lon="3.897529">
        <ele>12.730176</ele>
        <time>2026-07-27T13:46:15.026Z</time>
      </trkpt>
      <trkpt lat="43.604139" lon="3.897491">
        <ele>12.579856</ele>
        <time>2026-07-27T13:46:15.388Z</time>
      </trkpt>
      <trkpt lat="43.604061" lon="3.896272">
        <ele>9.485643</ele>
        <time>2026-07-27T13:46:27.550Z</time>
      </trkpt>
      <trkpt lat="43.604304" lon="3.896374">
        <ele>10.248702</ele>
        <time>2026-07-27T13:46:37.849Z</time>
      </trkpt>
      <trkpt lat="43.604335" lon="3.896363">
        <ele>10.230255</ele>
        <time>2026-07-27T13:46:38.991Z</time>
      </trkpt>
      <trkpt lat="43.604385" lon="3.896351">
        <ele>10.201005</ele>
        <time>2026-07-27T13:46:40.460Z</time>
      </trkpt>
      <trkpt lat="43.605280" lon="3.896720">
        <ele>9.543435</ele>
        <time>2026-07-27T13:46:55.863Z</time>
      </trkpt>
      <trkpt lat="43.605703" lon="3.896833">
        <ele>8.705580</ele>
        <time>2026-07-27T13:47:02.375Z</time>
      </trkpt>
      <trkpt lat="43.606296" lon="3.896875">
        <ele>7.771381</ele>
        <time>2026-07-27T13:47:11.376Z</time>
      </trkpt>
      <trkpt lat="43.606389" lon="3.896853">
        <ele>8.170598</ele>
        <time>2026-07-27T13:47:14.746Z</time>
      </trkpt>
      <trkpt lat="43.606650" lon="3.896723">
        <ele>9.610942</ele>
        <time>2026-07-27T13:47:28.765Z</time>
      </trkpt>
      <trkpt lat="43.606789" lon="3.896690">
        <ele>9.651435</ele>
        <time>2026-07-27T13:47:32.996Z</time>
      </trkpt>
      <trkpt lat="43.607487" lon="3.896766">
        <ele>7.707686</ele>
        <time>2026-07-27T13:47:42.693Z</time>
      </trkpt>
      <trkpt lat="43.607648" lon="3.896782">
        <ele>7.345971</ele>
        <time>2026-07-27T13:47:45.102Z</time>
      </trkpt>
      <trkpt lat="43.608344" lon="3.896879">
        <ele>6.740478</ele>
        <time>2026-07-27T13:47:56.697Z</time>
      </trkpt>
      <trkpt lat="43.608763" lon="3.896901">
        <ele>7.669361</ele>
        <time>2026-07-27T13:48:06.843Z</time>
      </trkpt>
      <trkpt lat="43.609207" lon="3.896904">
        <ele>11.453148</ele>
        <time>2026-07-27T13:48:34.548Z</time>
      </trkpt>
      <trkpt lat="43.609332" lon="3.896885">
        <ele>12.074365</ele>
        <time>2026-07-27T13:48:40.393Z</time>
      </trkpt>
      <trkpt lat="43.609888" lon="3.896658">
        <ele>11.361823</ele>
        <time>2026-07-27T13:48:48.503Z</time>
      </trkpt>
      <trkpt lat="43.609891" lon="3.896791">
        <ele>10.937803</ele>
        <time>2026-07-27T13:48:49.626Z</time>
      </trkpt>
      <trkpt lat="43.609910" lon="3.897733">
        <ele>10.837684</ele>
        <time>2026-07-27T13:49:16.025Z</time>
      </trkpt>
      <trkpt lat="43.609645" lon="3.897748">
        <ele>11.347384</ele>
        <time>2026-07-27T13:49:21.972Z</time>
      </trkpt>
      <trkpt lat="43.609699" lon="3.898257">
        <ele>14.297943</ele>
        <time>2026-07-27T13:49:43.448Z</time>
      </trkpt>
      <trkpt lat="43.609762" lon="3.898606">
        <ele>15.641611</ele>
        <time>2026-07-27T13:49:54.260Z</time>
      </trkpt>
      <trkpt lat="43.609873" lon="3.898678">
        <ele>15.618556</ele>
        <time>2026-07-27T13:49:56.343Z</time>
      </trkpt>
      <trkpt lat="43.610050" lon="3.898658">
        <ele>15.130255</ele>
        <time>2026-07-27T13:49:58.410Z</time>
      </trkpt>
      <trkpt lat="43.610073" lon="3.898756">
        <ele>15.007544</ele>
        <time>2026-07-27T13:49:59.385Z</time>
      </trkpt>
      <trkpt lat="43.610095" lon="3.898881">
        <ele>14.854315</ele>
        <time>2026-07-27T13:50:00.965Z</time>
      </trkpt>
      <trkpt lat="43.610118" lon="3.898982">
        <ele>14.816830</ele>
        <time>2026-07-27T13:50:02.394Z</time>
      </trkpt>
      <trkpt lat="43.610369" lon="3.898864">
        <ele>14.927730</ele>
        <time>2026-07-27T13:50:08.013Z</time>
      </trkpt>
      <trkpt lat="43.610486" lon="3.898749">
        <ele>15.031864</ele>
        <time>2026-07-27T13:50:11.399Z</time>
      </trkpt>
      <trkpt lat="43.610823" lon="3.898677">
        <ele>15.501541</ele>
        <time>2026-07-27T13:50:20.694Z</time>
      </trkpt>
      <trkpt lat="43.610918" lon="3.898656">
        <ele>15.592639</ele>
        <time>2026-07-27T13:50:23.006Z</time>
      </trkpt>
      <trkpt lat="43.611109" lon="3.898602">
        <ele>15.605816</ele>
        <time>2026-07-27T13:50:26.618Z</time>
      </trkpt>
      <trkpt lat="43.611801" lon="3.898389">
        <ele>15.736145</ele>
        <time>2026-07-27T13:50:41.379Z</time>
      </trkpt>
      <trkpt lat="43.612090" lon="3.898359">
        <ele>16.083259</ele>
        <time>2026-07-27T13:50:48.751Z</time>
      </trkpt>
      <trkpt lat="43.612472" lon="3.898292">
        <ele>16.498510</ele>
        <time>2026-07-27T13:50:58.497Z</time>
      </trkpt>
      <trkpt lat="43.613079" lon="3.898254">
        <ele>17.108324</ele>
        <time>2026-07-27T13:51:13.116Z</time>
      </trkpt>
      <trkpt lat="43.614034" lon="3.898214">
        <ele>18.131194</ele>
        <time>2026-07-27T13:51:36.943Z</time>
      </trkpt>
      <trkpt lat="43.614140" lon="3.898211">
        <ele>18.098950</ele>
        <time>2026-07-27T13:51:38.984Z</time>
      </trkpt>
      <trkpt lat="43.614557" lon="3.898113">
        <ele>17.967700</ele>
        <time>2026-07-27T13:51:46.728Z</time>
      </trkpt>
      <trkpt lat="43.614893" lon="3.898033">
        <ele>18.225151</ele>
        <time>2026-07-27T13:51:54.668Z</time>
      </trkpt>
      <trkpt lat="43.615096" lon="3.897990">
        <ele>18.473629</ele>
        <time>2026-07-27T13:52:00.306Z</time>
      </trkpt>
      <trkpt lat="43.615212" lon="3.897934">
        <ele>18.613501</ele>
        <time>2026-07-27T13:52:03.316Z</time>
      </trkpt>
      <trkpt lat="43.615269" lon="3.897906">
        <ele>18.674857</ele>
        <time>2026-07-27T13:52:04.688Z</time>
      </trkpt>
      <trkpt lat="43.615649" lon="3.897796">
        <ele>18.964965</ele>
        <time>2026-07-27T13:52:13.722Z</time>
      </trkpt>
      <trkpt lat="43.615736" lon="3.897757">
        <ele>18.989411</ele>
        <time>2026-07-27T13:52:15.767Z</time>
      </trkpt>
      <trkpt lat="43.615815" lon="3.897720">
        <ele>19.012333</ele>
        <time>2026-07-27T13:52:17.585Z</time>
      </trkpt>
      <trkpt lat="43.616323" lon="3.897591">
        <ele>19.223136</ele>
        <time>2026-07-27T13:52:28.637Z</time>
      </trkpt>
      <trkpt lat="43.616471" lon="3.897553">
        <ele>19.327430</ele>
        <time>2026-07-27T13:52:32.172Z</time>
      </trkpt>
      <trkpt lat="43.617092" lon="3.897468">
        <ele>20.189874</ele>
        <time>2026-07-27T13:52:48.936Z</time>
      </trkpt>
      <trkpt lat="43.617564" lon="3.897435">
        <ele>19.846653</ele>
        <time>2026-07-27T13:52:57.266Z</time>
      </trkpt>
      <trkpt lat="43.618091" lon="3.897421">
        <ele>18.670866</ele>
        <time>2026-07-27T13:53:05.646Z</time>
      </trkpt>
      <trkpt lat="43.618158" lon="3.897431">
        <ele>18.487134</ele>
        <time>2026-07-27T13:53:06.655Z</time>
      </trkpt>
      <trkpt lat="43.618265" lon="3.897445">
        <ele>18.196459</ele>
        <time>2026-07-27T13:53:08.282Z</time>
      </trkpt>
      <trkpt lat="43.618288" lon="3.897446">
        <ele>18.155003</ele>
        <time>2026-07-27T13:53:08.637Z</time>
      </trkpt>
      <trkpt lat="43.618378" lon="3.897442">
        <ele>17.992783</ele>
        <time>2026-07-27T13:53:10.088Z</time>
      </trkpt>
      <trkpt lat="43.618586" lon="3.897409">
        <ele>17.753246</ele>
        <time>2026-07-27T13:53:13.804Z</time>
      </trkpt>
      <trkpt lat="43.618791" lon="3.897430">
        <ele>17.679217</ele>
        <time>2026-07-27T13:53:17.711Z</time>
      </trkpt>
      <trkpt lat="43.618832" lon="3.897391">
        <ele>17.666425</ele>
        <time>2026-07-27T13:53:18.643Z</time>
      </trkpt>
      <trkpt lat="43.619487" lon="3.897464">
        <ele>17.394358</ele>
        <time>2026-07-27T13:53:30.793Z</time>
      </trkpt>
      <trkpt lat="43.620046" lon="3.897524">
        <ele>17.967802</ele>
        <time>2026-07-27T13:53:44.522Z</time>
      </trkpt>
      <trkpt lat="43.620679" lon="3.897588">
        <ele>19.989194</ele>
        <time>2026-07-27T13:54:07.041Z</time>
      </trkpt>
      <trkpt lat="43.622065" lon="3.897728">
        <ele>21.295463</ele>
        <time>2026-07-27T13:54:40.001Z</time>
      </trkpt>
      <trkpt lat="43.622193" lon="3.897804">
        <ele>21.254408</ele>
        <time>2026-07-27T13:54:43.348Z</time>
      </trkpt>
      <trkpt lat="43.622308" lon="3.897785">
        <ele>21.144546</ele>
        <time>2026-07-27T13:54:45.240Z</time>
      </trkpt>
      <trkpt lat="43.622601" lon="3.897832">
        <ele>20.496597</ele>
        <time>2026-07-27T13:54:49.726Z</time>
      </trkpt>
      <trkpt lat="43.622800" lon="3.897943">
        <ele>20.468821</ele>
        <time>2026-07-27T13:54:54.185Z</time>
      </trkpt>
      <trkpt lat="43.622924" lon="3.898053">
        <ele>20.674971</ele>
        <time>2026-07-27T13:54:58.010Z</time>
      </trkpt>
      <trkpt lat="43.623158" lon="3.898376">
        <ele>21.558543</ele>
        <time>2026-07-27T13:55:10.119Z</time>
      </trkpt>
      <trkpt lat="43.623189" lon="3.898400">
        <ele>21.615434</ele>
        <time>2026-07-27T13:55:10.982Z</time>
      </trkpt>
      <trkpt lat="43.623301" lon="3.898434">
        <ele>21.665886</ele>
        <time>2026-07-27T13:55:13.021Z</time>
      </trkpt>
      <trkpt lat="43.623634" lon="3.898687">
        <ele>21.210409</ele>
        <time>2026-07-27T13:55:19.360Z</time>
      </trkpt>
      <trkpt lat="43.623762" lon="3.898782">
        <ele>21.465331</ele>
        <time>2026-07-27T13:55:22.942Z</time>
      </trkpt>
      <trkpt lat="43.623841" lon="3.898844">
        <ele>21.677492</ele>
        <time>2026-07-27T13:55:26.197Z</time>
      </trkpt>
      <trkpt lat="43.623939" lon="3.898852">
        <ele>22.139435</ele>
        <time>2026-07-27T13:55:30.431Z</time>
      </trkpt>
      <trkpt lat="43.624000" lon="3.898911">
        <ele>22.518632</ele>
        <time>2026-07-27T13:55:33.754Z</time>
      </trkpt>
      <trkpt lat="43.624812" lon="3.899813">
        <ele>27.832772</ele>
        <time>2026-07-27T13:56:19.557Z</time>
      </trkpt>
      <trkpt lat="43.625120" lon="3.900082">
        <ele>28.122094</ele>
        <time>2026-07-27T13:56:27.129Z</time>
      </trkpt>
      <trkpt lat="43.625371" lon="3.900348">
        <ele>27.466429</ele>
        <time>2026-07-27T13:56:32.216Z</time>
      </trkpt>
      <trkpt lat="43.625468" lon="3.900472">
        <ele>27.122999</ele>
        <time>2026-07-27T13:56:34.208Z</time>
      </trkpt>
      <trkpt lat="43.625570" lon="3.900596">
        <ele>27.009668</ele>
        <time>2026-07-27T13:56:36.386Z</time>
      </trkpt>
      <trkpt lat="43.625801" lon="3.900823">
        <ele>27.112467</ele>
        <time>2026-07-27T13:56:43.646Z</time>
      </trkpt>
      <trkpt lat="43.626072" lon="3.901017">
        <ele>26.886704</ele>
        <time>2026-07-27T13:56:49.298Z</time>
      </trkpt>
      <trkpt lat="43.626142" lon="3.901063">
        <ele>26.660892</ele>
        <time>2026-07-27T13:56:50.437Z</time>
      </trkpt>
      <trkpt lat="43.626281" lon="3.901186">
        <ele>26.114757</ele>
        <time>2026-07-27T13:56:52.797Z</time>
      </trkpt>
      <trkpt lat="43.626316" lon="3.901324">
        <ele>25.687472</ele>
        <time>2026-07-27T13:56:54.355Z</time>
      </trkpt>
      <trkpt lat="43.626344" lon="3.901336">
        <ele>25.569127</ele>
        <time>2026-07-27T13:56:54.956Z</time>
      </trkpt>
      <trkpt lat="43.626408" lon="3.901361">
        <ele>25.307468</ele>
        <time>2026-07-27T13:56:56.306Z</time>
      </trkpt>
      <trkpt lat="43.626446" lon="3.901377">
        <ele>25.154870</ele>
        <time>2026-07-27T13:56:57.098Z</time>
      </trkpt>
      <trkpt lat="43.626480" lon="3.901268">
        <ele>24.824848</ele>
        <time>2026-07-27T13:56:58.337Z</time>
      </trkpt>
      <trkpt lat="43.626581" lon="3.901197">
        <ele>24.491847</ele>
        <time>2026-07-27T13:56:59.993Z</time>
      </trkpt>
      <trkpt lat="43.626640" lon="3.901152">
        <ele>24.373519</ele>
        <time>2026-07-27T13:57:01.027Z</time>
      </trkpt>
      <trkpt lat="43.626665" lon="3.901133">
        <ele>24.323422</ele>
        <time>2026-07-27T13:57:01.504Z</time>
      </trkpt>
      <trkpt lat="43.626673" lon="3.901153">
        <ele>24.294381</ele>
        <time>2026-07-27T13:57:02.005Z</time>
      </trkpt>
      <trkpt lat="43.626696" lon="3.901205">
        <ele>24.216933</ele>
        <time>2026-07-27T13:57:03.390Z</time>
      </trkpt>
      <trkpt lat="43.626682" lon="3.901450">
        <ele>24.385485</ele>
        <time>2026-07-27T13:57:10.355Z</time>
      </trkpt>
      <trkpt lat="43.626702" lon="3.901560">
        <ele>24.484362</ele>
        <time>2026-07-27T13:57:13.419Z</time>
      </trkpt>
      <trkpt lat="43.626849" lon="3.901837">
        <ele>24.726997</ele>
        <time>2026-07-27T13:57:22.239Z</time>
      </trkpt>
      <trkpt lat="43.626932" lon="3.901993">
        <ele>24.909130</ele>
        <time>2026-07-27T13:57:27.401Z</time>
      </trkpt>
      <trkpt lat="43.626989" lon="3.902155">
        <ele>25.021792</ele>
        <time>2026-07-27T13:57:32.372Z</time>
      </trkpt>
      <trkpt lat="43.627073" lon="3.902360">
        <ele>25.127715</ele>
        <time>2026-07-27T13:57:38.054Z</time>
      </trkpt>
      <trkpt lat="43.627213" lon="3.902703">
        <ele>25.305070</ele>
        <time>2026-07-27T13:57:47.607Z</time>
      </trkpt>
      <trkpt lat="43.627426" lon="3.903134">
        <ele>25.603687</ele>
        <time>2026-07-27T13:58:01.307Z</time>
      </trkpt>
      <trkpt lat="43.627574" lon="3.903714">
        <ele>25.983096</ele>
        <time>2026-07-27T13:58:17.112Z</time>
      </trkpt>
      <trkpt lat="43.627601" lon="3.903750">
        <ele>26.012664</ele>
        <time>2026-07-27T13:58:18.434Z</time>
      </trkpt>
      <trkpt lat="43.627616" lon="3.903769">
        <ele>26.028700</ele>
        <time>2026-07-27T13:58:19.139Z</time>
      </trkpt>
      <trkpt lat="43.627800" lon="3.903812">
        <ele>26.160600</ele>
        <time>2026-07-27T13:58:25.589Z</time>
      </trkpt>
      <trkpt lat="43.627874" lon="3.903868">
        <ele>26.190122</ele>
        <time>2026-07-27T13:58:28.435Z</time>
      </trkpt>
      <trkpt lat="43.628214" lon="3.904838">
        <ele>26.407377</ele>
        <time>2026-07-27T13:58:53.939Z</time>
      </trkpt>
      <trkpt lat="43.628777" lon="3.906825">
        <ele>27.186112</ele>
        <time>2026-07-27T13:59:46.658Z</time>
      </trkpt>
      <trkpt lat="43.628777" lon="3.906940">
        <ele>27.235963</ele>
        <time>2026-07-27T13:59:49.580Z</time>
      </trkpt>
      <trkpt lat="43.628716" lon="3.907060">
        <ele>27.308415</ele>
        <time>2026-07-27T13:59:53.343Z</time>
      </trkpt>
      <trkpt lat="43.628704" lon="3.907192">
        <ele>27.359360</ele>
        <time>2026-07-27T13:59:56.713Z</time>
      </trkpt>
      <trkpt lat="43.628721" lon="3.907261">
        <ele>27.370438</ele>
        <time>2026-07-27T13:59:58.494Z</time>
      </trkpt>
      <trkpt lat="43.628881" lon="3.907548">
        <ele>27.378361</ele>
        <time>2026-07-27T14:00:06.712Z</time>
      </trkpt>
      <trkpt lat="43.628951" lon="3.907714">
        <ele>27.407663</ele>
        <time>2026-07-27T14:00:08.884Z</time>
      </trkpt>
      <trkpt lat="43.629063" lon="3.908120">
        <ele>28.020075</ele>
        <time>2026-07-27T14:00:16.965Z</time>
      </trkpt>
      <trkpt lat="43.629280" lon="3.908842">
        <ele>30.035832</ele>
        <time>2026-07-27T14:00:37.114Z</time>
      </trkpt>
      <trkpt lat="43.629329" lon="3.908956">
        <ele>29.958084</ele>
        <time>2026-07-27T14:00:38.868Z</time>
      </trkpt>
      <trkpt lat="43.629475" lon="3.909146">
        <ele>29.717922</ele>
        <time>2026-07-27T14:00:41.389Z</time>
      </trkpt>
      <trkpt lat="43.629755" lon="3.909467">
        <ele>29.346546</ele>
        <time>2026-07-27T14:00:46.984Z</time>
      </trkpt>
      <trkpt lat="43.629986" lon="3.910103">
        <ele>29.705634</ele>
        <time>2026-07-27T14:00:57.591Z</time>
      </trkpt>
      <trkpt lat="43.630010" lon="3.910168">
        <ele>29.747217</ele>
        <time>2026-07-27T14:00:58.675Z</time>
      </trkpt>
      <trkpt lat="43.630034" lon="3.910197">
        <ele>29.772321</ele>
        <time>2026-07-27T14:00:59.339Z</time>
      </trkpt>
      <trkpt lat="43.629869" lon="3.910470">
        <ele>29.846535</ele>
        <time>2026-07-27T14:01:04.278Z</time>
      </trkpt>
      <trkpt lat="43.629901" lon="3.910498">
        <ele>29.850092</ele>
        <time>2026-07-27T14:01:04.844Z</time>
      </trkpt>
      <trkpt lat="43.630029" lon="3.910508">
        <ele>29.684589</ele>
        <time>2026-07-27T14:01:06.624Z</time>
      </trkpt>
      <trkpt lat="43.630105" lon="3.910637">
        <ele>29.543360</ele>
        <time>2026-07-27T14:01:08.362Z</time>
      </trkpt>
      <trkpt lat="43.630210" lon="3.910815">
        <ele>29.449222</ele>
        <time>2026-07-27T14:01:10.969Z</time>
      </trkpt>
      <trkpt lat="43.630220" lon="3.910843">
        <ele>29.436422</ele>
        <time>2026-07-27T14:01:11.366Z</time>
      </trkpt>
      <trkpt lat="43.630220" lon="3.910843">
        <ele>29.436422</ele>
        <time>2026-07-27T14:01:11.369Z</time>
      </trkpt>
      <trkpt lat="43.630567" lon="3.911919">
        <ele>29.922819</ele>
        <time>2026-07-27T14:01:29.601Z</time>
      </trkpt>
      <trkpt lat="43.630914" lon="3.912995">
        <ele>30.767067</ele>
        <time>2026-07-27T14:01:47.834Z</time>
      </trkpt>
      <trkpt lat="43.631261" lon="3.914072">
        <ele>31.207907</ele>
        <time>2026-07-27T14:02:06.080Z</time>
      </trkpt>
      <trkpt lat="43.631608" lon="3.915148">
        <ele>31.761392</ele>
        <time>2026-07-27T14:02:24.313Z</time>
      </trkpt>
      <trkpt lat="43.631956" lon="3.916224">
        <ele>33.491568</ele>
        <time>2026-07-27T14:02:42.556Z</time>
      </trkpt>
      <trkpt lat="43.632303" lon="3.917300">
        <ele>35.022884</ele>
        <time>2026-07-27T14:03:00.790Z</time>
      </trkpt>
      <trkpt lat="43.632650" lon="3.918377">
        <ele>35.465032</ele>
        <time>2026-07-27T14:03:19.036Z</time>
      </trkpt>
      <trkpt lat="43.632997" lon="3.919453">
        <ele>36.329313</ele>
        <time>2026-07-27T14:03:37.269Z</time>
      </trkpt>
      <trkpt lat="43.633344" lon="3.920529">
        <ele>37.557419</ele>
        <time>2026-07-27T14:03:55.502Z</time>
      </trkpt>
      <trkpt lat="43.633691" lon="3.921605">
        <ele>37.846647</ele>
        <time>2026-07-27T14:04:13.732Z</time>
      </trkpt>
      <trkpt lat="43.633765" lon="3.921567">
        <ele>37.815401</ele>
        <time>2026-07-27T14:04:16.125Z</time>
      </trkpt>
      <trkpt lat="43.633779" lon="3.921624">
        <ele>37.785669</ele>
        <time>2026-07-27T14:04:16.874Z</time>
      </trkpt>
      <trkpt lat="43.633812" lon="3.921658">
        <ele>37.757575</ele>
        <time>2026-07-27T14:04:17.568Z</time>
      </trkpt>
      <trkpt lat="43.633869" lon="3.921720">
        <ele>37.708066</ele>
        <time>2026-07-27T14:04:18.820Z</time>
      </trkpt>
      <trkpt lat="43.633974" lon="3.921624">
        <ele>37.663195</ele>
        <time>2026-07-27T14:04:20.759Z</time>
      </trkpt>
      <trkpt lat="43.634029" lon="3.921619">
        <ele>37.646620</ele>
        <time>2026-07-27T14:04:21.673Z</time>
      </trkpt>
      <trkpt lat="43.634095" lon="3.921570">
        <ele>37.635977</ele>
        <time>2026-07-27T14:04:23.115Z</time>
      </trkpt>
      <trkpt lat="43.634138" lon="3.921475">
        <ele>37.687126</ele>
        <time>2026-07-27T14:04:24.898Z</time>
      </trkpt>
      <trkpt lat="43.634144" lon="3.921411">
        <ele>37.716586</ele>
        <time>2026-07-27T14:04:25.871Z</time>
      </trkpt>
      <trkpt lat="43.634114" lon="3.921291">
        <ele>37.765107</ele>
        <time>2026-07-27T14:04:27.475Z</time>
      </trkpt>
      <trkpt lat="43.634040" lon="3.921216">
        <ele>37.709454</ele>
        <time>2026-07-27T14:04:28.876Z</time>
      </trkpt>
      <trkpt lat="43.633970" lon="3.921069">
        <ele>37.635665</ele>
        <time>2026-07-27T14:04:30.866Z</time>
      </trkpt>
      <trkpt lat="43.634024" lon="3.921109">
        <ele>37.708102</ele>
        <time>2026-07-27T14:04:35.103Z</time>
      </trkpt>
      <trkpt lat="43.634124" lon="3.921081">
        <ele>37.828731</ele>
        <time>2026-07-27T14:04:37.682Z</time>
      </trkpt>
      <trkpt lat="43.634290" lon="3.921167">
        <ele>38.188685</ele>
        <time>2026-07-27T14:04:42.837Z</time>
      </trkpt>
      <trkpt lat="43.634437" lon="3.921228">
        <ele>38.595503</ele>
        <time>2026-07-27T14:04:48.227Z</time>
      </trkpt>
      <trkpt lat="43.634537" lon="3.921159">
        <ele>38.941031</ele>
        <time>2026-07-27T14:04:51.728Z</time>
      </trkpt>
      <trkpt lat="43.634597" lon="3.921118">
        <ele>39.147599</ele>
        <time>2026-07-27T14:04:53.609Z</time>
      </trkpt>
      <trkpt lat="43.634710" lon="3.921418">
        <ele>39.534336</ele>
        <time>2026-07-27T14:04:59.676Z</time>
      </trkpt>
      <trkpt lat="43.634849" lon="3.921520">
        <ele>39.894724</ele>
        <time>2026-07-27T14:05:03.741Z</time>
      </trkpt>
      <trkpt lat="43.635160" lon="3.921687">
        <ele>40.940918</ele>
        <time>2026-07-27T14:05:15.642Z</time>
      </trkpt>
      <trkpt lat="43.635806" lon="3.922026">
        <ele>41.878373</ele>
        <time>2026-07-27T14:05:31.675Z</time>
      </trkpt>
      <trkpt lat="43.635961" lon="3.922108">
        <ele>42.039894</ele>
        <time>2026-07-27T14:05:34.961Z</time>
      </trkpt>
      <trkpt lat="43.636223" lon="3.922272">
        <ele>42.458919</ele>
        <time>2026-07-27T14:05:42.331Z</time>
      </trkpt>
      <trkpt lat="43.636609" lon="3.922474">
        <ele>42.894732</ele>
        <time>2026-07-27T14:05:51.759Z</time>
      </trkpt>
      <trkpt lat="43.636609" lon="3.922541">
        <ele>42.925975</ele>
        <time>2026-07-27T14:05:52.687Z</time>
      </trkpt>
      <trkpt lat="43.636665" lon="3.922579">
        <ele>42.966173</ele>
        <time>2026-07-27T14:05:53.879Z</time>
      </trkpt>
      <trkpt lat="43.636706" lon="3.922529">
        <ele>43.001407</ele>
        <time>2026-07-27T14:05:54.938Z</time>
      </trkpt>
      <trkpt lat="43.637338" lon="3.922865">
        <ele>43.164109</ele>
        <time>2026-07-27T14:06:07.212Z</time>
      </trkpt>
      <trkpt lat="43.637790" lon="3.923134">
        <ele>42.741836</ele>
        <time>2026-07-27T14:06:14.692Z</time>
      </trkpt>
      <trkpt lat="43.638615" lon="3.923579">
        <ele>40.906170</ele>
        <time>2026-07-27T14:06:26.606Z</time>
      </trkpt>
      <trkpt lat="43.638877" lon="3.923794">
        <ele>40.397891</ele>
        <time>2026-07-27T14:06:30.792Z</time>
      </trkpt>
      <trkpt lat="43.638931" lon="3.923850">
        <ele>40.332234</ele>
        <time>2026-07-27T14:06:31.800Z</time>
      </trkpt>
      <trkpt lat="43.639146" lon="3.924033">
        <ele>40.172252</ele>
        <time>2026-07-27T14:06:35.918Z</time>
      </trkpt>
      <trkpt lat="43.639130" lon="3.924089">
        <ele>40.140932</ele>
        <time>2026-07-27T14:06:36.622Z</time>
      </trkpt>
      <trkpt lat="43.639185" lon="3.924187">
        <ele>40.026583</ele>
        <time>2026-07-27T14:06:38.014Z</time>
      </trkpt>
      <trkpt lat="43.639179" lon="3.924431">
        <ele>39.892840</ele>
        <time>2026-07-27T14:06:40.719Z</time>
      </trkpt>
      <trkpt lat="43.639200" lon="3.924505">
        <ele>39.919164</ele>
        <time>2026-07-27T14:06:42.276Z</time>
      </trkpt>
      <trkpt lat="43.639191" lon="3.924614">
        <ele>39.955496</ele>
        <time>2026-07-27T14:06:44.789Z</time>
      </trkpt>
      <trkpt lat="43.639278" lon="3.924672">
        <ele>39.991525</ele>
        <time>2026-07-27T14:06:47.927Z</time>
      </trkpt>
      <trkpt lat="43.639339" lon="3.924814">
        <ele>40.030315</ele>
        <time>2026-07-27T14:06:51.342Z</time>
      </trkpt>
      <trkpt lat="43.639381" lon="3.925216">
        <ele>39.782122</ele>
        <time>2026-07-27T14:06:58.362Z</time>
      </trkpt>
      <trkpt lat="43.639489" lon="3.926144">
        <ele>38.799955</ele>
        <time>2026-07-27T14:07:14.161Z</time>
      </trkpt>
      <trkpt lat="43.639565" lon="3.926793">
        <ele>38.244846</ele>
        <time>2026-07-27T14:07:25.182Z</time>
      </trkpt>
      <trkpt lat="43.639586" lon="3.926949">
        <ele>38.335179</ele>
        <time>2026-07-27T14:07:28.658Z</time>
      </trkpt>
      <trkpt lat="43.639596" lon="3.927017">
        <ele>38.374683</ele>
        <time>2026-07-27T14:07:30.657Z</time>
      </trkpt>
      <trkpt lat="43.639601" lon="3.927064">
        <ele>38.431567</ele>
        <time>2026-07-27T14:07:32.115Z</time>
      </trkpt>
      <trkpt lat="43.639604" lon="3.927085">
        <ele>38.458340</ele>
        <time>2026-07-27T14:07:32.788Z</time>
      </trkpt>
      <trkpt lat="43.639695" lon="3.927840">
        <ele>39.249082</ele>
        <time>2026-07-27T14:07:51.227Z</time>
      </trkpt>
      <trkpt lat="43.639865" lon="3.928550">
        <ele>38.689376</ele>
        <time>2026-07-27T14:08:03.991Z</time>
      </trkpt>
      <trkpt lat="43.639889" lon="3.928710">
        <ele>38.518444</ele>
        <time>2026-07-27T14:08:06.581Z</time>
      </trkpt>
      <trkpt lat="43.640063" lon="3.929795">
        <ele>37.700062</ele>
        <time>2026-07-27T14:08:20.483Z</time>
      </trkpt>
      <trkpt lat="43.640161" lon="3.929959">
        <ele>38.092842</ele>
        <time>2026-07-27T14:08:25.195Z</time>
      </trkpt>
      <trkpt lat="43.640319" lon="3.930062">
        <ele>38.975241</ele>
        <time>2026-07-27T14:08:33.997Z</time>
      </trkpt>
      <trkpt lat="43.641207" lon="3.930452">
        <ele>42.841879</ele>
        <time>2026-07-27T14:09:09.690Z</time>
      </trkpt>
      <trkpt lat="43.642418" lon="3.930927">
        <ele>46.163359</ele>
        <time>2026-07-27T14:09:50.342Z</time>
      </trkpt>
      <trkpt lat="43.642979" lon="3.931061">
        <ele>46.073962</ele>
        <time>2026-07-27T14:10:01.000Z</time>
      </trkpt>
      <trkpt lat="43.643527" lon="3.931069">
        <ele>45.454647</ele>
        <time>2026-07-27T14:10:10.274Z</time>
      </trkpt>
      <trkpt lat="43.643925" lon="3.930999">
        <ele>45.360928</ele>
        <time>2026-07-27T14:10:18.093Z</time>
      </trkpt>
      <trkpt lat="43.644161" lon="3.930927">
        <ele>45.664788</ele>
        <time>2026-07-27T14:10:24.143Z</time>
      </trkpt>
      <trkpt lat="43.645021" lon="3.930564">
        <ele>47.825783</ele>
        <time>2026-07-27T14:10:51.852Z</time>
      </trkpt>
      <trkpt lat="43.645852" lon="3.930130">
        <ele>50.391866</ele>
        <time>2026-07-27T14:11:21.484Z</time>
      </trkpt>
      <trkpt lat="43.646515" lon="3.929717">
        <ele>52.448243</ele>
        <time>2026-07-27T14:11:44.945Z</time>
      </trkpt>
      <trkpt lat="43.646929" lon="3.929415">
        <ele>53.734706</ele>
        <time>2026-07-27T14:12:00.308Z</time>
      </trkpt>
      <trkpt lat="43.646912" lon="3.929474">
        <ele>53.747923</ele>
        <time>2026-07-27T14:12:00.963Z</time>
      </trkpt>
      <trkpt lat="43.646613" lon="3.929688">
        <ele>53.235834</ele>
        <time>2026-07-27T14:12:05.151Z</time>
      </trkpt>
      <trkpt lat="43.646747" lon="3.930041">
        <ele>54.404121</ele>
        <time>2026-07-27T14:12:19.045Z</time>
      </trkpt>
      <trkpt lat="43.646802" lon="3.930191">
        <ele>55.177834</ele>
        <time>2026-07-27T14:12:26.258Z</time>
      </trkpt>
      <trkpt lat="43.646817" lon="3.930182">
        <ele>55.229017</ele>
        <time>2026-07-27T14:12:27.170Z</time>
      </trkpt>
      <trkpt lat="43.646839" lon="3.930256">
        <ele>55.410209</ele>
        <time>2026-07-27T14:12:30.071Z</time>
      </trkpt>
      <trkpt lat="43.646946" lon="3.930178">
        <ele>55.788848</ele>
        <time>2026-07-27T14:12:33.200Z</time>
      </trkpt>
      <trkpt lat="43.647079" lon="3.930082">
        <ele>55.928642</ele>
        <time>2026-07-27T14:12:36.190Z</time>
      </trkpt>
      <trkpt lat="43.647227" lon="3.929975">
        <ele>56.141422</ele>
        <time>2026-07-27T14:12:40.080Z</time>
      </trkpt>
      <trkpt lat="43.647370" lon="3.929911">
        <ele>56.525540</ele>
        <time>2026-07-27T14:12:45.242Z</time>
      </trkpt>
      <trkpt lat="43.647541" lon="3.929833">
        <ele>57.110399</ele>
        <time>2026-07-27T14:12:51.773Z</time>
      </trkpt>
      <trkpt lat="43.648140" lon="3.929562">
        <ele>58.411686</ele>
        <time>2026-07-27T14:13:10.027Z</time>
      </trkpt>
      <trkpt lat="43.648231" lon="3.929526">
        <ele>58.600634</ele>
        <time>2026-07-27T14:13:12.573Z</time>
      </trkpt>
      <trkpt lat="43.648360" lon="3.929607">
        <ele>59.049921</ele>
        <time>2026-07-27T14:13:16.768Z</time>
      </trkpt>
      <trkpt lat="43.648403" lon="3.929774">
        <ele>59.584209</ele>
        <time>2026-07-27T14:13:21.872Z</time>
      </trkpt>
      <trkpt lat="43.648450" lon="3.929913">
        <ele>60.269723</ele>
        <time>2026-07-27T14:13:27.557Z</time>
      </trkpt>
      <trkpt lat="43.648494" lon="3.930042">
        <ele>60.872398</ele>
        <time>2026-07-27T14:13:32.853Z</time>
      </trkpt>
      <trkpt lat="43.648550" lon="3.930570">
        <ele>62.655027</ele>
        <time>2026-07-27T14:13:47.208Z</time>
      </trkpt>
      <trkpt lat="43.648575" lon="3.930778">
        <ele>63.229558</ele>
        <time>2026-07-27T14:13:52.305Z</time>
      </trkpt>
      <trkpt lat="43.648598" lon="3.930941">
        <ele>63.651855</ele>
        <time>2026-07-27T14:13:56.410Z</time>
      </trkpt>
      <trkpt lat="43.648629" lon="3.931164">
        <ele>64.069954</ele>
        <time>2026-07-27T14:14:01.609Z</time>
      </trkpt>
      <trkpt lat="43.648852" lon="3.932102">
        <ele>64.405123</ele>
        <time>2026-07-27T14:14:14.896Z</time>
      </trkpt>
      <trkpt lat="43.649059" lon="3.932977">
        <ele>64.810645</ele>
        <time>2026-07-27T14:14:27.520Z</time>
      </trkpt>
      <trkpt lat="43.649113" lon="3.932956">
        <ele>64.989683</ele>
        <time>2026-07-27T14:14:31.405Z</time>
      </trkpt>
      <trkpt lat="43.649158" lon="3.932937">
        <ele>65.173236</ele>
        <time>2026-07-27T14:14:34.721Z</time>
      </trkpt>
      <trkpt lat="43.649202" lon="3.933077">
        <ele>65.604075</ele>
        <time>2026-07-27T14:14:38.983Z</time>
      </trkpt>
      <trkpt lat="43.649229" lon="3.933164">
        <ele>65.873847</ele>
        <time>2026-07-27T14:14:41.558Z</time>
      </trkpt>
      <trkpt lat="43.649370" lon="3.933320">
        <ele>66.589046</ele>
        <time>2026-07-27T14:14:48.502Z</time>
      </trkpt>
      <trkpt lat="43.650002" lon="3.933577">
        <ele>68.841870</ele>
        <time>2026-07-27T14:15:11.198Z</time>
      </trkpt>
      <trkpt lat="43.650323" lon="3.933711">
        <ele>69.295799</ele>
        <time>2026-07-27T14:15:19.985Z</time>
      </trkpt>
      <trkpt lat="43.650623" lon="3.933838">
        <ele>68.820310</ele>
        <time>2026-07-27T14:15:24.789Z</time>
      </trkpt>
      <trkpt lat="43.650715" lon="3.933775">
        <ele>68.605193</ele>
        <time>2026-07-27T14:15:26.230Z</time>
      </trkpt>
      <trkpt lat="43.650750" lon="3.933783">
        <ele>68.536975</ele>
        <time>2026-07-27T14:15:26.970Z</time>
      </trkpt>
      <trkpt lat="43.650804" lon="3.933801">
        <ele>68.430158</ele>
        <time>2026-07-27T14:15:28.245Z</time>
      </trkpt>
      <trkpt lat="43.650822" lon="3.933806">
        <ele>68.394853</ele>
        <time>2026-07-27T14:15:28.561Z</time>
      </trkpt>
      <trkpt lat="43.650839" lon="3.933852">
        <ele>68.322985</ele>
        <time>2026-07-27T14:15:29.255Z</time>
      </trkpt>
      <trkpt lat="43.650852" lon="3.933889">
        <ele>68.216351</ele>
        <time>2026-07-27T14:15:30.015Z</time>
      </trkpt>
      <trkpt lat="43.650871" lon="3.933934">
        <ele>67.997242</ele>
        <time>2026-07-27T14:15:30.948Z</time>
      </trkpt>
      <trkpt lat="43.650898" lon="3.934000">
        <ele>67.678392</ele>
        <time>2026-07-27T14:15:31.705Z</time>
      </trkpt>
      <trkpt lat="43.652035" lon="3.934466">
        <ele>60.624166</ele>
        <time>2026-07-27T14:15:45.028Z</time>
      </trkpt>
      <trkpt lat="43.653265" lon="3.934941">
        <ele>50.290992</ele>
        <time>2026-07-27T14:15:58.883Z</time>
      </trkpt>
      <trkpt lat="43.653476" lon="3.935027">
        <ele>48.523212</ele>
        <time>2026-07-27T14:16:01.109Z</time>
      </trkpt>
      <trkpt lat="43.653583" lon="3.934845">
        <ele>48.196138</ele>
        <time>2026-07-27T14:16:08.790Z</time>
      </trkpt>
      <trkpt lat="43.653688" lon="3.934666">
        <ele>48.951270</ele>
        <time>2026-07-27T14:16:18.676Z</time>
      </trkpt>
      <trkpt lat="43.653819" lon="3.934462">
        <ele>49.333842</ele>
        <time>2026-07-27T14:16:25.946Z</time>
      </trkpt>
      <trkpt lat="43.653860" lon="3.934170">
        <ele>49.358912</ele>
        <time>2026-07-27T14:16:33.278Z</time>
      </trkpt>
      <trkpt lat="43.653771" lon="3.934047">
        <ele>49.179888</ele>
        <time>2026-07-27T14:16:36.776Z</time>
      </trkpt>
      <trkpt lat="43.653695" lon="3.933740">
        <ele>48.657129</ele>
        <time>2026-07-27T14:16:42.972Z</time>
      </trkpt>
      <trkpt lat="43.653694" lon="3.933490">
        <ele>48.447527</ele>
        <time>2026-07-27T14:16:48.030Z</time>
      </trkpt>
      <trkpt lat="43.653652" lon="3.933510">
        <ele>48.537219</ele>
        <time>2026-07-27T14:16:49.601Z</time>
      </trkpt>
      <trkpt lat="43.653694" lon="3.933490">
        <ele>48.626910</ele>
        <time>2026-07-27T14:16:51.463Z</time>
      </trkpt>
      <trkpt lat="43.653571" lon="3.933431">
        <ele>48.984212</ele>
        <time>2026-07-27T14:16:58.310Z</time>
      </trkpt>
      <trkpt lat="43.653366" lon="3.933240">
        <ele>50.378364</ele>
        <time>2026-07-27T14:17:13.199Z</time>
      </trkpt>
      <trkpt lat="43.653304" lon="3.933056">
        <ele>51.202096</ele>
        <time>2026-07-27T14:17:22.115Z</time>
      </trkpt>
      <trkpt lat="43.653264" lon="3.932754">
        <ele>52.236907</ele>
        <time>2026-07-27T14:17:33.386Z</time>
      </trkpt>
      <trkpt lat="43.653195" lon="3.932145">
        <ele>55.256362</ele>
        <time>2026-07-27T14:18:02.589Z</time>
      </trkpt>
      <trkpt lat="43.653216" lon="3.931993">
        <ele>55.737485</ele>
        <time>2026-07-27T14:18:09.652Z</time>
      </trkpt>
      <trkpt lat="43.653225" lon="3.931924">
        <ele>55.892115</ele>
        <time>2026-07-27T14:18:12.310Z</time>
      </trkpt>
      <trkpt lat="43.653338" lon="3.931716">
        <ele>55.718254</ele>
        <time>2026-07-27T14:18:18.516Z</time>
      </trkpt>
      <trkpt lat="43.653729" lon="3.931218">
        <ele>52.726619</ele>
        <time>2026-07-27T14:18:31.652Z</time>
      </trkpt>
      <trkpt lat="43.653818" lon="3.931055">
        <ele>52.217878</ele>
        <time>2026-07-27T14:18:35.355Z</time>
      </trkpt>
      <trkpt lat="43.653998" lon="3.930531">
        <ele>52.375308</ele>
        <time>2026-07-27T14:18:51.838Z</time>
      </trkpt>
      <trkpt lat="43.654035" lon="3.930230">
        <ele>52.651100</ele>
        <time>2026-07-27T14:19:00.436Z</time>
      </trkpt>
      <trkpt lat="43.653856" lon="3.929067">
        <ele>53.657706</ele>
        <time>2026-07-27T14:19:35.966Z</time>
      </trkpt>
      <trkpt lat="43.653848" lon="3.928804">
        <ele>51.932672</ele>
        <time>2026-07-27T14:19:40.411Z</time>
      </trkpt>
      <trkpt lat="43.653874" lon="3.928671">
        <ele>51.450876</ele>
        <time>2026-07-27T14:19:42.486Z</time>
      </trkpt>
      <trkpt lat="43.653881" lon="3.928632">
        <ele>51.327470</ele>
        <time>2026-07-27T14:19:43.122Z</time>
      </trkpt>
      <trkpt lat="43.654001" lon="3.928096">
        <ele>53.224199</ele>
        <time>2026-07-27T14:20:14.902Z</time>
      </trkpt>
      <trkpt lat="43.654050" lon="3.927984">
        <ele>53.429486</ele>
        <time>2026-07-27T14:20:19.995Z</time>
      </trkpt>
      <trkpt lat="43.654120" lon="3.927969">
        <ele>53.308260</ele>
        <time>2026-07-27T14:20:21.762Z</time>
      </trkpt>
      <trkpt lat="43.654313" lon="3.928104">
        <ele>49.333848</ele>
        <time>2026-07-27T14:20:26.296Z</time>
      </trkpt>
      <trkpt lat="43.654539" lon="3.928393">
        <ele>41.138784</ele>
        <time>2026-07-27T14:20:32.770Z</time>
      </trkpt>
      <trkpt lat="43.654606" lon="3.928479">
        <ele>39.344388</ele>
        <time>2026-07-27T14:20:34.747Z</time>
      </trkpt>
      <trkpt lat="43.654888" lon="3.928877">
        <ele>35.825012</ele>
        <time>2026-07-27T14:20:44.534Z</time>
      </trkpt>
      <trkpt lat="43.655241" lon="3.929346">
        <ele>32.551593</ele>
        <time>2026-07-27T14:20:56.533Z</time>
      </trkpt>
      <trkpt lat="43.655408" lon="3.929567">
        <ele>31.593020</ele>
        <time>2026-07-27T14:21:02.414Z</time>
      </trkpt>
      <trkpt lat="43.655794" lon="3.929845">
        <ele>32.625403</ele>
        <time>2026-07-27T14:21:23.152Z</time>
      </trkpt>
      <trkpt lat="43.656084" lon="3.930172">
        <ele>34.096157</ele>
        <time>2026-07-27T14:21:42.015Z</time>
      </trkpt>
      <trkpt lat="43.656201" lon="3.930456">
        <ele>35.264316</ele>
        <time>2026-07-27T14:21:56.209Z</time>
      </trkpt>
      <trkpt lat="43.656237" lon="3.930475">
        <ele>35.462331</ele>
        <time>2026-07-27T14:21:58.508Z</time>
      </trkpt>
      <trkpt lat="43.656412" lon="3.930997">
        <ele>37.111165</ele>
        <time>2026-07-27T14:22:18.771Z</time>
      </trkpt>
      <trkpt lat="43.656396" lon="3.931289">
        <ele>38.148661</ele>
        <time>2026-07-27T14:22:28.818Z</time>
      </trkpt>
      <trkpt lat="43.656459" lon="3.931426">
        <ele>38.901372</ele>
        <time>2026-07-27T14:22:36.602Z</time>
      </trkpt>
      <trkpt lat="43.656531" lon="3.931428">
        <ele>39.486203</ele>
        <time>2026-07-27T14:22:42.357Z</time>
      </trkpt>
      <trkpt lat="43.656566" lon="3.931440">
        <ele>39.794155</ele>
        <time>2026-07-27T14:22:45.370Z</time>
      </trkpt>
      <trkpt lat="43.656589" lon="3.931447">
        <ele>39.995275</ele>
        <time>2026-07-27T14:22:47.421Z</time>
      </trkpt>
      <trkpt lat="43.656693" lon="3.931527">
        <ele>40.924940</ele>
        <time>2026-07-27T14:22:55.488Z</time>
      </trkpt>
      <trkpt lat="43.656706" lon="3.931226">
        <ele>41.153348</ele>
        <time>2026-07-27T14:22:59.851Z</time>
      </trkpt>
      <trkpt lat="43.656689" lon="3.930874">
        <ele>40.845216</ele>
        <time>2026-07-27T14:23:04.135Z</time>
      </trkpt>
      <trkpt lat="43.656501" lon="3.930336">
        <ele>40.634596</ele>
        <time>2026-07-27T14:23:12.345Z</time>
      </trkpt>
      <trkpt lat="43.656337" lon="3.929868">
        <ele>41.144507</ele>
        <time>2026-07-27T14:23:20.565Z</time>
      </trkpt>
      <trkpt lat="43.655897" lon="3.928672">
        <ele>48.283603</ele>
        <time>2026-07-27T14:24:14.197Z</time>
      </trkpt>
      <trkpt lat="43.655768" lon="3.928104">
        <ele>50.241772</ele>
        <time>2026-07-27T14:24:31.391Z</time>
      </trkpt>
      <trkpt lat="43.655651" lon="3.927262">
        <ele>51.909938</ele>
        <time>2026-07-27T14:24:50.453Z</time>
      </trkpt>
      <trkpt lat="43.655620" lon="3.926943">
        <ele>52.767467</ele>
        <time>2026-07-27T14:25:00.059Z</time>
      </trkpt>
      <trkpt lat="43.655479" lon="3.925272">
        <ele>55.015522</ele>
        <time>2026-07-27T14:25:33.690Z</time>
      </trkpt>
      <trkpt lat="43.655381" lon="3.924758">
        <ele>55.802313</ele>
        <time>2026-07-27T14:25:44.806Z</time>
      </trkpt>
      <trkpt lat="43.655035" lon="3.923287">
        <ele>58.192413</ele>
        <time>2026-07-27T14:26:17.797Z</time>
      </trkpt>
      <trkpt lat="43.654724" lon="3.922389">
        <ele>59.553196</ele>
        <time>2026-07-27T14:26:38.345Z</time>
      </trkpt>
      <trkpt lat="43.654521" lon="3.921783">
        <ele>59.889319</ele>
        <time>2026-07-27T14:26:49.332Z</time>
      </trkpt>
      <trkpt lat="43.654222" lon="3.920892">
        <ele>60.010901</ele>
        <time>2026-07-27T14:27:04.804Z</time>
      </trkpt>
      <trkpt lat="43.654224" lon="3.920763">
        <ele>59.855711</ele>
        <time>2026-07-27T14:27:06.252Z</time>
      </trkpt>
      <trkpt lat="43.654291" lon="3.920604">
        <ele>59.455915</ele>
        <time>2026-07-27T14:27:08.171Z</time>
      </trkpt>
      <trkpt lat="43.654289" lon="3.920506">
        <ele>59.198716</ele>
        <time>2026-07-27T14:27:09.625Z</time>
      </trkpt>
      <trkpt lat="43.654563" lon="3.920314">
        <ele>58.203090</ele>
        <time>2026-07-27T14:27:14.149Z</time>
      </trkpt>
      <trkpt lat="43.654839" lon="3.920145">
        <ele>58.000940</ele>
        <time>2026-07-27T14:27:19.582Z</time>
      </trkpt>
      <trkpt lat="43.654909" lon="3.920061">
        <ele>58.035619</ele>
        <time>2026-07-27T14:27:21.946Z</time>
      </trkpt>
      <trkpt lat="43.654950" lon="3.919985">
        <ele>58.079705</ele>
        <time>2026-07-27T14:27:23.810Z</time>
      </trkpt>
      <trkpt lat="43.655162" lon="3.919262">
        <ele>58.619524</ele>
        <time>2026-07-27T14:27:37.239Z</time>
      </trkpt>
      <trkpt lat="43.655383" lon="3.918556">
        <ele>59.346316</ele>
        <time>2026-07-27T14:27:51.543Z</time>
      </trkpt>
      <trkpt lat="43.655465" lon="3.918292">
        <ele>59.817706</ele>
        <time>2026-07-27T14:27:58.081Z</time>
      </trkpt>
      <trkpt lat="43.655577" lon="3.917899">
        <ele>60.670274</ele>
        <time>2026-07-27T14:28:07.932Z</time>
      </trkpt>
      <trkpt lat="43.655618" lon="3.917676">
        <ele>61.103646</ele>
        <time>2026-07-27T14:28:13.154Z</time>
      </trkpt>
      <trkpt lat="43.655679" lon="3.917345">
        <ele>61.891559</ele>
        <time>2026-07-27T14:28:20.843Z</time>
      </trkpt>
      <trkpt lat="43.655738" lon="3.917366">
        <ele>62.224862</ele>
        <time>2026-07-27T14:28:23.675Z</time>
      </trkpt>
      <trkpt lat="43.655780" lon="3.917189">
        <ele>63.042106</ele>
        <time>2026-07-27T14:28:30.952Z</time>
      </trkpt>
      <trkpt lat="43.655998" lon="3.916669">
        <ele>66.607346</ele>
        <time>2026-07-27T14:28:56.157Z</time>
      </trkpt>
      <trkpt lat="43.656117" lon="3.916494">
        <ele>67.664111</ele>
        <time>2026-07-27T14:29:04.336Z</time>
      </trkpt>
      <trkpt lat="43.656083" lon="3.916366">
        <ele>68.384480</ele>
        <time>2026-07-27T14:29:08.333Z</time>
      </trkpt>
      <trkpt lat="43.656068" lon="3.916309">
        <ele>68.737913</ele>
        <time>2026-07-27T14:29:10.419Z</time>
      </trkpt>
      <trkpt lat="43.655988" lon="3.915911">
        <ele>71.230047</ele>
        <time>2026-07-27T14:29:28.746Z</time>
      </trkpt>
      <trkpt lat="43.655935" lon="3.915569">
        <ele>72.456821</ele>
        <time>2026-07-27T14:29:37.904Z</time>
      </trkpt>
      <trkpt lat="43.655938" lon="3.915425">
        <ele>72.741271</ele>
        <time>2026-07-27T14:29:41.079Z</time>
      </trkpt>
      <trkpt lat="43.655989" lon="3.915226">
        <ele>73.114737</ele>
        <time>2026-07-27T14:29:45.055Z</time>
      </trkpt>
      <trkpt lat="43.656023" lon="3.915254">
        <ele>73.204660</ele>
        <time>2026-07-27T14:29:46.088Z</time>
      </trkpt>
      <trkpt lat="43.656206" lon="3.914845">
        <ele>73.989854</ele>
        <time>2026-07-27T14:29:55.832Z</time>
      </trkpt>
      <trkpt lat="43.656330" lon="3.914340">
        <ele>74.775221</ele>
        <time>2026-07-27T14:30:06.007Z</time>
      </trkpt>
      <trkpt lat="43.656368" lon="3.914184">
        <ele>74.986022</ele>
        <time>2026-07-27T14:30:08.959Z</time>
      </trkpt>
      <trkpt lat="43.656321" lon="3.914167">
        <ele>75.011510</ele>
        <time>2026-07-27T14:30:09.984Z</time>
      </trkpt>
      <trkpt lat="43.656427" lon="3.913678">
        <ele>75.178799</ele>
        <time>2026-07-27T14:30:16.441Z</time>
      </trkpt>
      <trkpt lat="43.656469" lon="3.913492">
        <ele>75.462978</ele>
        <time>2026-07-27T14:30:20.319Z</time>
      </trkpt>
      <trkpt lat="43.656483" lon="3.913347">
        <ele>75.711879</ele>
        <time>2026-07-27T14:30:23.420Z</time>
      </trkpt>
      <trkpt lat="43.656472" lon="3.913272">
        <ele>75.845290</ele>
        <time>2026-07-27T14:30:24.938Z</time>
      </trkpt>
      <trkpt lat="43.656428" lon="3.912946">
        <ele>76.420059</ele>
        <time>2026-07-27T14:30:31.356Z</time>
      </trkpt>
      <trkpt lat="43.656456" lon="3.912905">
        <ele>76.516093</ele>
        <time>2026-07-27T14:30:32.575Z</time>
      </trkpt>
      <trkpt lat="43.656506" lon="3.912838">
        <ele>76.680046</ele>
        <time>2026-07-27T14:30:34.622Z</time>
      </trkpt>
      <trkpt lat="43.656543" lon="3.912845">
        <ele>76.767968</ele>
        <time>2026-07-27T14:30:35.727Z</time>
      </trkpt>
      <trkpt lat="43.656648" lon="3.912765">
        <ele>77.028247</ele>
        <time>2026-07-27T14:30:38.904Z</time>
      </trkpt>
      <trkpt lat="43.656693" lon="3.912705">
        <ele>77.163075</ele>
        <time>2026-07-27T14:30:40.581Z</time>
      </trkpt>
      <trkpt lat="43.656725" lon="3.912571">
        <ele>77.287447</ele>
        <time>2026-07-27T14:30:43.146Z</time>
      </trkpt>
      <trkpt lat="43.656740" lon="3.912436">
        <ele>77.314584</ele>
        <time>2026-07-27T14:30:44.951Z</time>
      </trkpt>
      <trkpt lat="43.656763" lon="3.912342">
        <ele>77.334299</ele>
        <time>2026-07-27T14:30:46.096Z</time>
      </trkpt>
      <trkpt lat="43.656841" lon="3.912339">
        <ele>77.363295</ele>
        <time>2026-07-27T14:30:47.395Z</time>
      </trkpt>
      <trkpt lat="43.657079" lon="3.912332">
        <ele>77.206543</ele>
        <time>2026-07-27T14:30:52.032Z</time>
      </trkpt>
      <trkpt lat="43.657129" lon="3.912322">
        <ele>77.084056</ele>
        <time>2026-07-27T14:30:52.700Z</time>
      </trkpt>
      <trkpt lat="43.657722" lon="3.912117">
        <ele>74.249758</ele>
        <time>2026-07-27T14:30:59.864Z</time>
      </trkpt>
      <trkpt lat="43.657716" lon="3.912043">
        <ele>73.946747</ele>
        <time>2026-07-27T14:31:00.517Z</time>
      </trkpt>
      <trkpt lat="43.658497" lon="3.911772">
        <ele>68.311757</ele>
        <time>2026-07-27T14:31:09.369Z</time>
      </trkpt>
      <trkpt lat="43.658907" lon="3.911650">
        <ele>65.527278</ele>
        <time>2026-07-27T14:31:14.001Z</time>
      </trkpt>
      <trkpt lat="43.658962" lon="3.911596">
        <ele>65.396307</ele>
        <time>2026-07-27T14:31:15.423Z</time>
      </trkpt>
      <trkpt lat="43.658976" lon="3.911543">
        <ele>65.317062</ele>
        <time>2026-07-27T14:31:16.384Z</time>
      </trkpt>
      <trkpt lat="43.658979" lon="3.911366">
        <ele>65.100002</ele>
        <time>2026-07-27T14:31:19.725Z</time>
      </trkpt>
      <trkpt lat="43.658984" lon="3.910915">
        <ele>65.016428</ele>
        <time>2026-07-27T14:31:28.538Z</time>
      </trkpt>
      <trkpt lat="43.659047" lon="3.909991">
        <ele>64.078365</ele>
        <time>2026-07-27T14:31:44.001Z</time>
      </trkpt>
      <trkpt lat="43.659051" lon="3.909926">
        <ele>63.999176</ele>
        <time>2026-07-27T14:31:45.080Z</time>
      </trkpt>
      <trkpt lat="43.659148" lon="3.909136">
        <ele>63.032309</ele>
        <time>2026-07-27T14:31:58.341Z</time>
      </trkpt>
      <trkpt lat="43.659300" lon="3.908235">
        <ele>62.185933</ele>
        <time>2026-07-27T14:32:14.013Z</time>
      </trkpt>
      <trkpt lat="43.659346" lon="3.908241">
        <ele>62.124282</ele>
        <time>2026-07-27T14:32:14.662Z</time>
      </trkpt>
      <trkpt lat="43.659462" lon="3.907492">
        <ele>61.389130</ele>
        <time>2026-07-27T14:32:22.725Z</time>
      </trkpt>
      <trkpt lat="43.659486" lon="3.907322">
        <ele>61.136768</ele>
        <time>2026-07-27T14:32:24.484Z</time>
      </trkpt>
      <trkpt lat="43.659532" lon="3.907068">
        <ele>60.779265</ele>
        <time>2026-07-27T14:32:26.958Z</time>
      </trkpt>
      <trkpt lat="43.659556" lon="3.907043">
        <ele>60.731272</ele>
        <time>2026-07-27T14:32:27.348Z</time>
      </trkpt>
      <trkpt lat="43.659578" lon="3.906969">
        <ele>60.638838</ele>
        <time>2026-07-27T14:32:28.145Z</time>
      </trkpt>
      <trkpt lat="43.659540" lon="3.906866">
        <ele>60.582400</ele>
        <time>2026-07-27T14:32:29.488Z</time>
      </trkpt>
      <trkpt lat="43.659506" lon="3.906658">
        <ele>60.822342</ele>
        <time>2026-07-27T14:32:33.261Z</time>
      </trkpt>
      <trkpt lat="43.659513" lon="3.906590">
        <ele>60.901347</ele>
        <time>2026-07-27T14:32:34.646Z</time>
      </trkpt>
      <trkpt lat="43.659633" lon="3.905723">
        <ele>62.137860</ele>
        <time>2026-07-27T14:32:51.637Z</time>
      </trkpt>
      <trkpt lat="43.659661" lon="3.905436">
        <ele>62.201157</ele>
        <time>2026-07-27T14:32:55.351Z</time>
      </trkpt>
      <trkpt lat="43.659667" lon="3.905367">
        <ele>62.200496</ele>
        <time>2026-07-27T14:32:56.131Z</time>
      </trkpt>
      <trkpt lat="43.659679" lon="3.905023">
        <ele>61.982225</ele>
        <time>2026-07-27T14:32:59.797Z</time>
      </trkpt>
      <trkpt lat="43.659681" lon="3.904590">
        <ele>62.140875</ele>
        <time>2026-07-27T14:33:06.323Z</time>
      </trkpt>
      <trkpt lat="43.659708" lon="3.904383">
        <ele>62.173038</ele>
        <time>2026-07-27T14:33:08.938Z</time>
      </trkpt>
      <trkpt lat="43.659724" lon="3.904241">
        <ele>62.132766</ele>
        <time>2026-07-27T14:33:10.550Z</time>
      </trkpt>
      <trkpt lat="43.659752" lon="3.904196">
        <ele>62.116134</ele>
        <time>2026-07-27T14:33:11.205Z</time>
      </trkpt>
      <trkpt lat="43.659760" lon="3.904100">
        <ele>62.127398</ele>
        <time>2026-07-27T14:33:12.328Z</time>
      </trkpt>
      <trkpt lat="43.659738" lon="3.904043">
        <ele>62.160840</ele>
        <time>2026-07-27T14:33:13.190Z</time>
      </trkpt>
      <trkpt lat="43.659700" lon="3.904009">
        <ele>62.193229</ele>
        <time>2026-07-27T14:33:14.126Z</time>
      </trkpt>
      <trkpt lat="43.659651" lon="3.903866">
        <ele>62.283309</ele>
        <time>2026-07-27T14:33:16.943Z</time>
      </trkpt>
      <trkpt lat="43.659602" lon="3.903668">
        <ele>62.467030</ele>
        <time>2026-07-27T14:33:20.529Z</time>
      </trkpt>
      <trkpt lat="43.659595" lon="3.903577">
        <ele>62.531691</ele>
        <time>2026-07-27T14:33:21.816Z</time>
      </trkpt>
      <trkpt lat="43.659593" lon="3.902513">
        <ele>62.006428</ele>
        <time>2026-07-27T14:33:33.786Z</time>
      </trkpt>
      <trkpt lat="43.659601" lon="3.901977">
        <ele>61.172443</ele>
        <time>2026-07-27T14:33:38.929Z</time>
      </trkpt>
      <trkpt lat="43.659711" lon="3.901927">
        <ele>60.862252</ele>
        <time>2026-07-27T14:33:40.382Z</time>
      </trkpt>
      <trkpt lat="43.660029" lon="3.901646">
        <ele>60.119553</ele>
        <time>2026-07-27T14:33:45.593Z</time>
      </trkpt>
      <trkpt lat="43.660041" lon="3.901595">
        <ele>60.056893</ele>
        <time>2026-07-27T14:33:46.118Z</time>
      </trkpt>
      <trkpt lat="43.660048" lon="3.901564">
        <ele>60.018950</ele>
        <time>2026-07-27T14:33:46.637Z</time>
      </trkpt>
      <trkpt lat="43.660080" lon="3.901409">
        <ele>59.950160</ele>
        <time>2026-07-27T14:33:49.287Z</time>
      </trkpt>
      <trkpt lat="43.660088" lon="3.901371">
        <ele>59.988901</ele>
        <time>2026-07-27T14:33:50.035Z</time>
      </trkpt>
      <trkpt lat="43.660058" lon="3.900996">
        <ele>60.411374</ele>
        <time>2026-07-27T14:33:57.681Z</time>
      </trkpt>
      <trkpt lat="43.660026" lon="3.900893">
        <ele>60.557936</ele>
        <time>2026-07-27T14:33:59.583Z</time>
      </trkpt>
      <trkpt lat="43.659836" lon="3.900527">
        <ele>60.851881</ele>
        <time>2026-07-27T14:34:06.240Z</time>
      </trkpt>
      <trkpt lat="43.659852" lon="3.900184">
        <ele>61.280489</ele>
        <time>2026-07-27T14:34:12.242Z</time>
      </trkpt>
      <trkpt lat="43.659879" lon="3.900010">
        <ele>61.592602</ele>
        <time>2026-07-27T14:34:16.139Z</time>
      </trkpt>
      <trkpt lat="43.659965" lon="3.899747">
        <ele>62.133694</ele>
        <time>2026-07-27T14:34:22.732Z</time>
      </trkpt>
      <trkpt lat="43.660041" lon="3.899653">
        <ele>62.186107</ele>
        <time>2026-07-27T14:34:24.808Z</time>
      </trkpt>
      <trkpt lat="43.660115" lon="3.899629">
        <ele>62.200185</ele>
        <time>2026-07-27T14:34:25.936Z</time>
      </trkpt>
      <trkpt lat="43.660127" lon="3.899583">
        <ele>62.206737</ele>
        <time>2026-07-27T14:34:26.780Z</time>
      </trkpt>
      <trkpt lat="43.660139" lon="3.899533">
        <ele>62.230801</ele>
        <time>2026-07-27T14:34:27.704Z</time>
      </trkpt>
      <trkpt lat="43.660108" lon="3.899515">
        <ele>62.281993</ele>
        <time>2026-07-27T14:34:28.300Z</time>
      </trkpt>
      <trkpt lat="43.660119" lon="3.899472">
        <ele>62.332228</ele>
        <time>2026-07-27T14:34:29.110Z</time>
      </trkpt>
      <trkpt lat="43.660070" lon="3.899409">
        <ele>62.434113</ele>
        <time>2026-07-27T14:34:31.070Z</time>
      </trkpt>
      <trkpt lat="43.660036" lon="3.899285">
        <ele>62.609892</ele>
        <time>2026-07-27T14:34:34.296Z</time>
      </trkpt>
      <trkpt lat="43.660078" lon="3.898957">
        <ele>63.379471</ele>
        <time>2026-07-27T14:34:42.518Z</time>
      </trkpt>
      <trkpt lat="43.660090" lon="3.898858">
        <ele>63.593015</ele>
        <time>2026-07-27T14:34:44.945Z</time>
      </trkpt>
      <trkpt lat="43.660120" lon="3.898332">
        <ele>64.663028</ele>
        <time>2026-07-27T14:34:57.251Z</time>
      </trkpt>
      <trkpt lat="43.660058" lon="3.897998">
        <ele>65.185130</ele>
        <time>2026-07-27T14:35:04.729Z</time>
      </trkpt>
      <trkpt lat="43.660069" lon="3.897683">
        <ele>65.479250</ele>
        <time>2026-07-27T14:35:10.994Z</time>
      </trkpt>
      <trkpt lat="43.660178" lon="3.896671">
        <ele>65.270076</ele>
        <time>2026-07-27T14:35:25.277Z</time>
      </trkpt>
      <trkpt lat="43.660170" lon="3.896558">
        <ele>65.115731</ele>
        <time>2026-07-27T14:35:26.478Z</time>
      </trkpt>
      <trkpt lat="43.660142" lon="3.896564">
        <ele>65.027960</ele>
        <time>2026-07-27T14:35:27.026Z</time>
      </trkpt>
      <trkpt lat="43.660139" lon="3.896499">
        <ele>64.846367</ele>
        <time>2026-07-27T14:35:27.579Z</time>
      </trkpt>
      <trkpt lat="43.660186" lon="3.896445">
        <ele>64.610834</ele>
        <time>2026-07-27T14:35:28.314Z</time>
      </trkpt>
      <trkpt lat="43.660196" lon="3.896333">
        <ele>64.296201</ele>
        <time>2026-07-27T14:35:29.354Z</time>
      </trkpt>
      <trkpt lat="43.660182" lon="3.896294">
        <ele>64.172501</ele>
        <time>2026-07-27T14:35:29.767Z</time>
      </trkpt>
      <trkpt lat="43.660202" lon="3.896209">
        <ele>63.912621</ele>
        <time>2026-07-27T14:35:30.600Z</time>
      </trkpt>
      <trkpt lat="43.660232" lon="3.895822">
        <ele>62.813170</ele>
        <time>2026-07-27T14:35:33.897Z</time>
      </trkpt>
      <trkpt lat="43.660255" lon="3.895552">
        <ele>62.252882</ele>
        <time>2026-07-27T14:35:36.498Z</time>
      </trkpt>
      <trkpt lat="43.660284" lon="3.895536">
        <ele>62.188192</ele>
        <time>2026-07-27T14:35:36.949Z</time>
      </trkpt>
      <trkpt lat="43.660275" lon="3.895427">
        <ele>62.023764</ele>
        <time>2026-07-27T14:35:38.095Z</time>
      </trkpt>
      <trkpt lat="43.660273" lon="3.895397">
        <ele>62.013315</ele>
        <time>2026-07-27T14:35:38.419Z</time>
      </trkpt>
      <trkpt lat="43.660260" lon="3.895284">
        <ele>62.035351</ele>
        <time>2026-07-27T14:35:39.636Z</time>
      </trkpt>
      <trkpt lat="43.659958" lon="3.894262">
        <ele>62.322667</ele>
        <time>2026-07-27T14:35:54.804Z</time>
      </trkpt>
      <trkpt lat="43.659802" lon="3.893535">
        <ele>63.061096</ele>
        <time>2026-07-27T14:36:07.341Z</time>
      </trkpt>
      <trkpt lat="43.659694" lon="3.893095">
        <ele>63.805809</ele>
        <time>2026-07-27T14:36:16.686Z</time>
      </trkpt>
      <trkpt lat="43.659492" lon="3.892273">
        <ele>65.451567</ele>
        <time>2026-07-27T14:36:34.628Z</time>
      </trkpt>
      <trkpt lat="43.659661" lon="3.891787">
        <ele>66.754588</ele>
        <time>2026-07-27T14:36:48.093Z</time>
      </trkpt>
      <trkpt lat="43.659672" lon="3.891749">
        <ele>66.847584</ele>
        <time>2026-07-27T14:36:49.099Z</time>
      </trkpt>
      <trkpt lat="43.659784" lon="3.891351">
        <ele>67.755300</ele>
        <time>2026-07-27T14:36:58.404Z</time>
      </trkpt>
      <trkpt lat="43.659748" lon="3.891166">
        <ele>68.639042</ele>
        <time>2026-07-27T14:37:03.619Z</time>
      </trkpt>
      <trkpt lat="43.659451" lon="3.890639">
        <ele>73.241047</ele>
        <time>2026-07-27T14:37:34.381Z</time>
      </trkpt>
      <trkpt lat="43.659234" lon="3.890250">
        <ele>77.062569</ele>
        <time>2026-07-27T14:37:58.273Z</time>
      </trkpt>
      <trkpt lat="43.659169" lon="3.890080">
        <ele>78.514394</ele>
        <time>2026-07-27T14:38:07.523Z</time>
      </trkpt>
      <trkpt lat="43.659114" lon="3.889933">
        <ele>79.398517</ele>
        <time>2026-07-27T14:38:14.222Z</time>
      </trkpt>
      <trkpt lat="43.659089" lon="3.889918">
        <ele>79.585362</ele>
        <time>2026-07-27T14:38:15.548Z</time>
      </trkpt>
      <trkpt lat="43.659010" lon="3.889880">
        <ele>80.158824</ele>
        <time>2026-07-27T14:38:19.029Z</time>
      </trkpt>
      <trkpt lat="43.658937" lon="3.889842">
        <ele>80.224538</ele>
        <time>2026-07-27T14:38:21.436Z</time>
      </trkpt>
      <trkpt lat="43.658899" lon="3.889844">
        <ele>80.215511</ele>
        <time>2026-07-27T14:38:22.133Z</time>
      </trkpt>
      <trkpt lat="43.658606" lon="3.889498">
        <ele>79.523736</ele>
        <time>2026-07-27T14:38:27.218Z</time>
      </trkpt>
      <trkpt lat="43.658601" lon="3.889489">
        <ele>79.505098</ele>
        <time>2026-07-27T14:38:27.356Z</time>
      </trkpt>
      <trkpt lat="43.658459" lon="3.889230">
        <ele>78.850165</ele>
        <time>2026-07-27T14:38:31.113Z</time>
      </trkpt>
      <trkpt lat="43.658283" lon="3.888854">
        <ele>77.250918</ele>
        <time>2026-07-27T14:38:35.568Z</time>
      </trkpt>
      <trkpt lat="43.658112" lon="3.888327">
        <ele>74.600555</ele>
        <time>2026-07-27T14:38:40.532Z</time>
      </trkpt>
      <trkpt lat="43.657817" lon="3.887707">
        <ele>70.383418</ele>
        <time>2026-07-27T14:38:46.664Z</time>
      </trkpt>
      <trkpt lat="43.657771" lon="3.887597">
        <ele>69.770888</ele>
        <time>2026-07-27T14:38:47.659Z</time>
      </trkpt>
      <trkpt lat="43.657564" lon="3.886992">
        <ele>66.643633</ele>
        <time>2026-07-27T14:38:53.125Z</time>
      </trkpt>
      <trkpt lat="43.657541" lon="3.886977">
        <ele>66.478795</ele>
        <time>2026-07-27T14:38:53.414Z</time>
      </trkpt>
      <trkpt lat="43.657438" lon="3.886705">
        <ele>64.988415</ele>
        <time>2026-07-27T14:38:55.880Z</time>
      </trkpt>
      <trkpt lat="43.657360" lon="3.886563">
        <ele>64.098074</ele>
        <time>2026-07-27T14:38:57.316Z</time>
      </trkpt>
      <trkpt lat="43.657292" lon="3.886436">
        <ele>63.296703</ele>
        <time>2026-07-27T14:38:58.584Z</time>
      </trkpt>
      <trkpt lat="43.657214" lon="3.886292">
        <ele>62.317688</ele>
        <time>2026-07-27T14:39:00.000Z</time>
      </trkpt>
      <trkpt lat="43.657053" lon="3.886063">
        <ele>60.536574</ele>
        <time>2026-07-27T14:39:02.484Z</time>
      </trkpt>
      <trkpt lat="43.656996" lon="3.885969">
        <ele>59.937294</ele>
        <time>2026-07-27T14:39:03.465Z</time>
      </trkpt>
      <trkpt lat="43.656872" lon="3.885780">
        <ele>59.068395</ele>
        <time>2026-07-27T14:39:05.649Z</time>
      </trkpt>
      <trkpt lat="43.656803" lon="3.885438">
        <ele>58.353048</ele>
        <time>2026-07-27T14:39:09.088Z</time>
      </trkpt>
      <trkpt lat="43.656697" lon="3.884873">
        <ele>57.199275</ele>
        <time>2026-07-27T14:39:14.554Z</time>
      </trkpt>
      <trkpt lat="43.656625" lon="3.884549">
        <ele>56.558528</ele>
        <time>2026-07-27T14:39:17.696Z</time>
      </trkpt>
      <trkpt lat="43.656508" lon="3.883944">
        <ele>55.660290</ele>
        <time>2026-07-27T14:39:24.005Z</time>
      </trkpt>
      <trkpt lat="43.656394" lon="3.883654">
        <ele>55.161119</ele>
        <time>2026-07-27T14:39:27.137Z</time>
      </trkpt>
      <trkpt lat="43.656321" lon="3.883464">
        <ele>54.905942</ele>
        <time>2026-07-27T14:39:29.323Z</time>
      </trkpt>
      <trkpt lat="43.655990" lon="3.882600">
        <ele>54.044996</ele>
        <time>2026-07-27T14:39:39.613Z</time>
      </trkpt>
      <trkpt lat="43.655894" lon="3.882336">
        <ele>53.909350</ele>
        <time>2026-07-27T14:39:42.974Z</time>
      </trkpt>
      <trkpt lat="43.655739" lon="3.881933">
        <ele>53.792403</ele>
        <time>2026-07-27T14:39:48.294Z</time>
      </trkpt>
      <trkpt lat="43.655481" lon="3.881261">
        <ele>53.374037</ele>
        <time>2026-07-27T14:39:56.995Z</time>
      </trkpt>
      <trkpt lat="43.655439" lon="3.881204">
        <ele>53.262072</ele>
        <time>2026-07-27T14:39:57.919Z</time>
      </trkpt>
      <trkpt lat="43.655382" lon="3.881072">
        <ele>53.065581</ele>
        <time>2026-07-27T14:39:59.555Z</time>
      </trkpt>
      <trkpt lat="43.655373" lon="3.881017">
        <ele>53.004463</ele>
        <time>2026-07-27T14:40:00.167Z</time>
      </trkpt>
      <trkpt lat="43.655435" lon="3.880924">
        <ele>52.867396</ele>
        <time>2026-07-27T14:40:01.714Z</time>
      </trkpt>
      <trkpt lat="43.655581" lon="3.880824">
        <ele>52.856724</ele>
        <time>2026-07-27T14:40:05.689Z</time>
      </trkpt>
      <trkpt lat="43.655567" lon="3.880689">
        <ele>52.922789</ele>
        <time>2026-07-27T14:40:07.911Z</time>
      </trkpt>
      <trkpt lat="43.655459" lon="3.880684">
        <ele>52.983569</ele>
        <time>2026-07-27T14:40:10.422Z</time>
      </trkpt>
      <trkpt lat="43.655417" lon="3.880530">
        <ele>53.047914</ele>
        <time>2026-07-27T14:40:13.358Z</time>
      </trkpt>
      <trkpt lat="43.655389" lon="3.880427">
        <ele>52.848032</ele>
        <time>2026-07-27T14:40:14.531Z</time>
      </trkpt>
      <trkpt lat="43.655354" lon="3.880294">
        <ele>52.511315</ele>
        <time>2026-07-27T14:40:15.762Z</time>
      </trkpt>
      <trkpt lat="43.655233" lon="3.879834">
        <ele>50.966963</ele>
        <time>2026-07-27T14:40:19.893Z</time>
      </trkpt>
      <trkpt lat="43.655147" lon="3.879498">
        <ele>50.098071</ele>
        <time>2026-07-27T14:40:23.142Z</time>
      </trkpt>
      <trkpt lat="43.655091" lon="3.879278">
        <ele>49.723561</ele>
        <time>2026-07-27T14:40:25.470Z</time>
      </trkpt>
      <trkpt lat="43.654938" lon="3.878768">
        <ele>49.235116</ele>
        <time>2026-07-27T14:40:31.182Z</time>
      </trkpt>
      <trkpt lat="43.654886" lon="3.878675">
        <ele>49.182694</ele>
        <time>2026-07-27T14:40:32.658Z</time>
      </trkpt>
      <trkpt lat="43.654919" lon="3.878294">
        <ele>49.006354</ele>
        <time>2026-07-27T14:40:36.895Z</time>
      </trkpt>
      <trkpt lat="43.654970" lon="3.876465">
        <ele>48.189405</ele>
        <time>2026-07-27T14:40:57.658Z</time>
      </trkpt>
      <trkpt lat="43.654990" lon="3.875312">
        <ele>47.637841</ele>
        <time>2026-07-27T14:41:10.579Z</time>
      </trkpt>
      <trkpt lat="43.654933" lon="3.875283">
        <ele>47.635224</ele>
        <time>2026-07-27T14:41:12.331Z</time>
      </trkpt>
      <trkpt lat="43.654864" lon="3.874746">
        <ele>47.607134</ele>
        <time>2026-07-27T14:41:25.512Z</time>
      </trkpt>
      <trkpt lat="43.654848" lon="3.874708">
        <ele>47.560702</ele>
        <time>2026-07-27T14:41:26.428Z</time>
      </trkpt>
      <trkpt lat="43.654792" lon="3.874693">
        <ele>47.477441</ele>
        <time>2026-07-27T14:41:28.029Z</time>
      </trkpt>
      <trkpt lat="43.654452" lon="3.874791">
        <ele>46.600799</ele>
        <time>2026-07-27T14:41:33.323Z</time>
      </trkpt>
      <trkpt lat="43.654410" lon="3.874783">
        <ele>46.471286</ele>
        <time>2026-07-27T14:41:34.503Z</time>
      </trkpt>
      <trkpt lat="43.654375" lon="3.874733">
        <ele>46.317521</ele>
        <time>2026-07-27T14:41:35.881Z</time>
      </trkpt>
      <trkpt lat="43.653912" lon="3.873801">
        <ele>43.358212</ele>
        <time>2026-07-27T14:41:56.338Z</time>
      </trkpt>
      <trkpt lat="43.653785" lon="3.873682">
        <ele>43.144443</ele>
        <time>2026-07-27T14:41:59.149Z</time>
      </trkpt>
      <trkpt lat="43.653647" lon="3.873509">
        <ele>42.808986</ele>
        <time>2026-07-27T14:42:02.021Z</time>
      </trkpt>
      <trkpt lat="43.653166" lon="3.872948">
        <ele>41.665278</ele>
        <time>2026-07-27T14:42:11.778Z</time>
      </trkpt>
      <trkpt lat="43.652355" lon="3.871924">
        <ele>39.276151</ele>
        <time>2026-07-27T14:42:27.984Z</time>
      </trkpt>
      <trkpt lat="43.652077" lon="3.871393">
        <ele>39.155677</ele>
        <time>2026-07-27T14:42:37.004Z</time>
      </trkpt>
      <trkpt lat="43.651799" lon="3.870812">
        <ele>39.767918</ele>
        <time>2026-07-27T14:42:48.757Z</time>
      </trkpt>
      <trkpt lat="43.651580" lon="3.870259">
        <ele>41.559275</ele>
        <time>2026-07-27T14:43:12.758Z</time>
      </trkpt>
      <trkpt lat="43.651291" lon="3.869496">
        <ele>42.544056</ele>
        <time>2026-07-27T14:43:28.367Z</time>
      </trkpt>
      <trkpt lat="43.651113" lon="3.868913">
        <ele>42.829575</ele>
        <time>2026-07-27T14:43:37.768Z</time>
      </trkpt>
      <trkpt lat="43.650915" lon="3.868111">
        <ele>43.451249</ele>
        <time>2026-07-27T14:43:52.104Z</time>
      </trkpt>
      <trkpt lat="43.650776" lon="3.867087">
        <ele>44.588385</ele>
        <time>2026-07-27T14:44:12.489Z</time>
      </trkpt>
      <trkpt lat="43.650705" lon="3.866796">
        <ele>44.233776</ele>
        <time>2026-07-27T14:44:16.227Z</time>
      </trkpt>
      <trkpt lat="43.650614" lon="3.866548">
        <ele>43.052037</ele>
        <time>2026-07-27T14:44:18.707Z</time>
      </trkpt>
      <trkpt lat="43.650507" lon="3.866364">
        <ele>41.900467</ele>
        <time>2026-07-27T14:44:20.541Z</time>
      </trkpt>
      <trkpt lat="43.650427" lon="3.866239">
        <ele>41.234247</ele>
        <time>2026-07-27T14:44:21.912Z</time>
      </trkpt>
      <trkpt lat="43.650393" lon="3.866200">
        <ele>41.126637</ele>
        <time>2026-07-27T14:44:22.570Z</time>
      </trkpt>
      <trkpt lat="43.650365" lon="3.866172">
        <ele>41.297286</ele>
        <time>2026-07-27T14:44:23.398Z</time>
      </trkpt>
      <trkpt lat="43.650270" lon="3.866023">
        <ele>42.006799</ele>
        <time>2026-07-27T14:44:30.508Z</time>
      </trkpt>
      <trkpt lat="43.650157" lon="3.866014">
        <ele>42.606983</ele>
        <time>2026-07-27T14:44:36.940Z</time>
      </trkpt>
      <trkpt lat="43.650044" lon="3.865923">
        <ele>43.320582</ele>
        <time>2026-07-27T14:44:42.169Z</time>
      </trkpt>
      <trkpt lat="43.649915" lon="3.865825">
        <ele>43.831090</ele>
        <time>2026-07-27T14:44:46.684Z</time>
      </trkpt>
      <trkpt lat="43.649881" lon="3.865800">
        <ele>43.956344</ele>
        <time>2026-07-27T14:44:47.945Z</time>
      </trkpt>
      <trkpt lat="43.649793" lon="3.865732">
        <ele>44.348126</ele>
        <time>2026-07-27T14:44:51.654Z</time>
      </trkpt>
      <trkpt lat="43.649683" lon="3.865648">
        <ele>44.926590</ele>
        <time>2026-07-27T14:44:56.959Z</time>
      </trkpt>
      <trkpt lat="43.649339" lon="3.865381">
        <ele>46.893439</ele>
        <time>2026-07-27T14:45:13.907Z</time>
      </trkpt>
      <trkpt lat="43.648459" lon="3.864697">
        <ele>51.911083</ele>
        <time>2026-07-27T14:45:56.585Z</time>
      </trkpt>
      <trkpt lat="43.648484" lon="3.864616">
        <ele>52.328881</ele>
        <time>2026-07-27T14:45:58.918Z</time>
      </trkpt>
      <trkpt lat="43.648187" lon="3.864390">
        <ele>54.527083</ele>
        <time>2026-07-27T14:46:15.897Z</time>
      </trkpt>
      <trkpt lat="43.648153" lon="3.864480">
        <ele>54.858582</ele>
        <time>2026-07-27T14:46:18.545Z</time>
      </trkpt>
      <trkpt lat="43.645759" lon="3.862623">
        <ele>59.524846</ele>
        <time>2026-07-27T14:47:33.643Z</time>
      </trkpt>
      <trkpt lat="43.645693" lon="3.862576">
        <ele>59.581463</ele>
        <time>2026-07-27T14:47:35.155Z</time>
      </trkpt>
      <trkpt lat="43.645639" lon="3.862498">
        <ele>59.643859</ele>
        <time>2026-07-27T14:47:36.671Z</time>
      </trkpt>
      <trkpt lat="43.645128" lon="3.862012">
        <ele>60.601957</ele>
        <time>2026-07-27T14:47:53.031Z</time>
      </trkpt>
      <trkpt lat="43.645012" lon="3.861855">
        <ele>61.023471</ele>
        <time>2026-07-27T14:47:58.458Z</time>
      </trkpt>
      <trkpt lat="43.643875" lon="3.860642">
        <ele>64.297173</ele>
        <time>2026-07-27T14:48:41.117Z</time>
      </trkpt>
      <trkpt lat="43.643721" lon="3.860551">
        <ele>64.933129</ele>
        <time>2026-07-27T14:48:48.192Z</time>
      </trkpt>
      <trkpt lat="43.643477" lon="3.860484">
        <ele>65.897892</ele>
        <time>2026-07-27T14:48:56.654Z</time>
      </trkpt>
      <trkpt lat="43.643342" lon="3.860473">
        <ele>66.646983</ele>
        <time>2026-07-27T14:49:02.277Z</time>
      </trkpt>
      <trkpt lat="43.643205" lon="3.860582">
        <ele>67.738602</ele>
        <time>2026-07-27T14:49:11.000Z</time>
      </trkpt>
      <trkpt lat="43.643175" lon="3.860713">
        <ele>68.539803</ele>
        <time>2026-07-27T14:49:17.246Z</time>
      </trkpt>
      <trkpt lat="43.643137" lon="3.860747">
        <ele>68.904578</ele>
        <time>2026-07-27T14:49:20.011Z</time>
      </trkpt>
      <trkpt lat="43.642128" lon="3.861499">
        <ele>76.582765</ele>
        <time>2026-07-27T14:50:17.647Z</time>
      </trkpt>
      <trkpt lat="43.641691" lon="3.861869">
        <ele>77.694475</ele>
        <time>2026-07-27T14:50:32.523Z</time>
      </trkpt>
      <trkpt lat="43.641553" lon="3.862018">
        <ele>77.575961</ele>
        <time>2026-07-27T14:50:35.554Z</time>
      </trkpt>
      <trkpt lat="43.641455" lon="3.862179">
        <ele>77.336132</ele>
        <time>2026-07-27T14:50:38.116Z</time>
      </trkpt>
      <trkpt lat="43.641363" lon="3.862433">
        <ele>76.902155</ele>
        <time>2026-07-27T14:50:41.380Z</time>
      </trkpt>
      <trkpt lat="43.641253" lon="3.862930">
        <ele>75.992894</ele>
        <time>2026-07-27T14:50:47.289Z</time>
      </trkpt>
      <trkpt lat="43.641122" lon="3.863260">
        <ele>75.237182</ele>
        <time>2026-07-27T14:50:51.465Z</time>
      </trkpt>
      <trkpt lat="43.640936" lon="3.863519">
        <ele>74.112568</ele>
        <time>2026-07-27T14:50:55.295Z</time>
      </trkpt>
      <trkpt lat="43.640413" lon="3.864009">
        <ele>70.672439</ele>
        <time>2026-07-27T14:51:03.847Z</time>
      </trkpt>
      <trkpt lat="43.640405" lon="3.864017">
        <ele>70.635044</ele>
        <time>2026-07-27T14:51:03.985Z</time>
      </trkpt>
      <trkpt lat="43.640256" lon="3.864139">
        <ele>70.010043</ele>
        <time>2026-07-27T14:51:06.180Z</time>
      </trkpt>
      <trkpt lat="43.639808" lon="3.864539">
        <ele>68.597997</ele>
        <time>2026-07-27T14:51:13.132Z</time>
      </trkpt>
      <trkpt lat="43.638823" lon="3.865417">
        <ele>65.447648</ele>
        <time>2026-07-27T14:51:28.372Z</time>
      </trkpt>
      <trkpt lat="43.638654" lon="3.865604">
        <ele>64.632332</ele>
        <time>2026-07-27T14:51:31.008Z</time>
      </trkpt>
      <trkpt lat="43.638536" lon="3.865705">
        <ele>64.085188</ele>
        <time>2026-07-27T14:51:32.640Z</time>
      </trkpt>
      <trkpt lat="43.638473" lon="3.865766">
        <ele>63.796432</ele>
        <time>2026-07-27T14:51:33.566Z</time>
      </trkpt>
      <trkpt lat="43.637833" lon="3.866342">
        <ele>61.665938</ele>
        <time>2026-07-27T14:51:43.494Z</time>
      </trkpt>
      <trkpt lat="43.637704" lon="3.866410">
        <ele>61.113263</ele>
        <time>2026-07-27T14:51:45.209Z</time>
      </trkpt>
      <trkpt lat="43.637296" lon="3.866799">
        <ele>58.744949</ele>
        <time>2026-07-27T14:51:50.994Z</time>
      </trkpt>
      <trkpt lat="43.637229" lon="3.866853">
        <ele>58.484729</ele>
        <time>2026-07-27T14:51:51.911Z</time>
      </trkpt>
      <trkpt lat="43.637170" lon="3.866910">
        <ele>58.325563</ele>
        <time>2026-07-27T14:51:52.829Z</time>
      </trkpt>
      <trkpt lat="43.636615" lon="3.867413">
        <ele>58.022001</ele>
        <time>2026-07-27T14:52:03.849Z</time>
      </trkpt>
      <trkpt lat="43.636528" lon="3.867454">
        <ele>58.027462</ele>
        <time>2026-07-27T14:52:05.456Z</time>
      </trkpt>
      <trkpt lat="43.636401" lon="3.867567">
        <ele>58.093274</ele>
        <time>2026-07-27T14:52:08.180Z</time>
      </trkpt>
      <trkpt lat="43.636039" lon="3.867907">
        <ele>58.292533</ele>
        <time>2026-07-27T14:52:16.888Z</time>
      </trkpt>
      <trkpt lat="43.635782" lon="3.868143">
        <ele>58.366720</ele>
        <time>2026-07-27T14:52:22.501Z</time>
      </trkpt>
      <trkpt lat="43.635606" lon="3.868243">
        <ele>58.322445</ele>
        <time>2026-07-27T14:52:25.540Z</time>
      </trkpt>
      <trkpt lat="43.635417" lon="3.868285">
        <ele>58.301158</ele>
        <time>2026-07-27T14:52:28.656Z</time>
      </trkpt>
      <trkpt lat="43.635174" lon="3.868270">
        <ele>58.326594</ele>
        <time>2026-07-27T14:52:32.851Z</time>
      </trkpt>
      <trkpt lat="43.634780" lon="3.868187">
        <ele>58.527685</ele>
        <time>2026-07-27T14:52:40.603Z</time>
      </trkpt>
      <trkpt lat="43.634698" lon="3.868170">
        <ele>58.593256</ele>
        <time>2026-07-27T14:52:42.599Z</time>
      </trkpt>
      <trkpt lat="43.634575" lon="3.868140">
        <ele>58.609104</ele>
        <time>2026-07-27T14:52:45.539Z</time>
      </trkpt>
      <trkpt lat="43.633669" lon="3.868008">
        <ele>58.015696</ele>
        <time>2026-07-27T14:53:00.171Z</time>
      </trkpt>
      <trkpt lat="43.633264" lon="3.867962">
        <ele>56.117104</ele>
        <time>2026-07-27T14:53:04.823Z</time>
      </trkpt>
      <trkpt lat="43.632932" lon="3.867980">
        <ele>55.003127</ele>
        <time>2026-07-27T14:53:09.060Z</time>
      </trkpt>
      <trkpt lat="43.632470" lon="3.868131">
        <ele>53.498869</ele>
        <time>2026-07-27T14:53:15.110Z</time>
      </trkpt>
      <trkpt lat="43.632061" lon="3.868360">
        <ele>51.410956</ele>
        <time>2026-07-27T14:53:20.227Z</time>
      </trkpt>
      <trkpt lat="43.631990" lon="3.868448">
        <ele>51.090124</ele>
        <time>2026-07-27T14:53:21.439Z</time>
      </trkpt>
      <trkpt lat="43.630998" lon="3.869159">
        <ele>49.190948</ele>
        <time>2026-07-27T14:53:37.147Z</time>
      </trkpt>
      <trkpt lat="43.630440" lon="3.869483">
        <ele>48.143210</ele>
        <time>2026-07-27T14:53:45.458Z</time>
      </trkpt>
      <trkpt lat="43.629710" lon="3.869879">
        <ele>47.559340</ele>
        <time>2026-07-27T14:53:57.488Z</time>
      </trkpt>
      <trkpt lat="43.629624" lon="3.869933">
        <ele>47.555181</ele>
        <time>2026-07-27T14:53:59.210Z</time>
      </trkpt>
      <trkpt lat="43.629466" lon="3.869955">
        <ele>47.496040</ele>
        <time>2026-07-27T14:54:01.906Z</time>
      </trkpt>
      <trkpt lat="43.629324" lon="3.869904">
        <ele>47.443139</ele>
        <time>2026-07-27T14:54:04.109Z</time>
      </trkpt>
      <trkpt lat="43.629230" lon="3.869862">
        <ele>47.503239</ele>
        <time>2026-07-27T14:54:05.662Z</time>
      </trkpt>
      <trkpt lat="43.628596" lon="3.869525">
        <ele>48.346508</ele>
        <time>2026-07-27T14:54:22.469Z</time>
      </trkpt>
      <trkpt lat="43.628183" lon="3.869336">
        <ele>47.992791</ele>
        <time>2026-07-27T14:54:28.855Z</time>
      </trkpt>
      <trkpt lat="43.628045" lon="3.869308">
        <ele>47.842217</ele>
        <time>2026-07-27T14:54:30.881Z</time>
      </trkpt>
      <trkpt lat="43.627746" lon="3.869331">
        <ele>47.694969</ele>
        <time>2026-07-27T14:54:35.640Z</time>
      </trkpt>
      <trkpt lat="43.627515" lon="3.869397">
        <ele>47.570556</ele>
        <time>2026-07-27T14:54:39.891Z</time>
      </trkpt>
      <trkpt lat="43.627483" lon="3.869413">
        <ele>47.547314</ele>
        <time>2026-07-27T14:54:40.475Z</time>
      </trkpt>
      <trkpt lat="43.627056" lon="3.869630">
        <ele>47.044761</ele>
        <time>2026-07-27T14:54:48.005Z</time>
      </trkpt>
      <trkpt lat="43.627032" lon="3.869676">
        <ele>47.002639</ele>
        <time>2026-07-27T14:54:48.702Z</time>
      </trkpt>
      <trkpt lat="43.627047" lon="3.869734">
        <ele>46.966703</ele>
        <time>2026-07-27T14:54:51.810Z</time>
      </trkpt>
      <trkpt lat="43.627008" lon="3.869766">
        <ele>46.952364</ele>
        <time>2026-07-27T14:54:54.967Z</time>
      </trkpt>
      <trkpt lat="43.626996" lon="3.869858">
        <ele>46.930973</ele>
        <time>2026-07-27T14:54:59.635Z</time>
      </trkpt>
      <trkpt lat="43.626950" lon="3.869899">
        <ele>46.913668</ele>
        <time>2026-07-27T14:55:03.484Z</time>
      </trkpt>
      <trkpt lat="43.626947" lon="3.869859">
        <ele>46.904466</ele>
        <time>2026-07-27T14:55:03.972Z</time>
      </trkpt>
      <trkpt lat="43.626913" lon="3.869732">
        <ele>46.906947</ele>
        <time>2026-07-27T14:55:05.678Z</time>
      </trkpt>
      <trkpt lat="43.626819" lon="3.869814">
        <ele>46.916154</ele>
        <time>2026-07-27T14:55:07.709Z</time>
      </trkpt>
      <trkpt lat="43.626750" lon="3.869790">
        <ele>46.974579</ele>
        <time>2026-07-27T14:55:09.128Z</time>
      </trkpt>
      <trkpt lat="43.626544" lon="3.869963">
        <ele>47.428208</ele>
        <time>2026-07-27T14:55:15.085Z</time>
      </trkpt>
      <trkpt lat="43.626339" lon="3.870099">
        <ele>48.165739</ele>
        <time>2026-07-27T14:55:23.245Z</time>
      </trkpt>
      <trkpt lat="43.626271" lon="3.870145">
        <ele>48.343220</ele>
        <time>2026-07-27T14:55:25.325Z</time>
      </trkpt>
      <trkpt lat="43.625532" lon="3.870640">
        <ele>48.866111</ele>
        <time>2026-07-27T14:55:41.810Z</time>
      </trkpt>
      <trkpt lat="43.625244" lon="3.870833">
        <ele>48.284983</ele>
        <time>2026-07-27T14:55:46.132Z</time>
      </trkpt>
      <trkpt lat="43.625062" lon="3.870953">
        <ele>47.801370</ele>
        <time>2026-07-27T14:55:48.719Z</time>
      </trkpt>
      <trkpt lat="43.624693" lon="3.871196">
        <ele>46.832782</ele>
        <time>2026-07-27T14:55:54.092Z</time>
      </trkpt>
      <trkpt lat="43.623765" lon="3.871806">
        <ele>44.594967</ele>
        <time>2026-07-27T14:56:08.057Z</time>
      </trkpt>
      <trkpt lat="43.623725" lon="3.871832">
        <ele>44.333745</ele>
        <time>2026-07-27T14:56:08.596Z</time>
      </trkpt>
      <trkpt lat="43.622999" lon="3.872308">
        <ele>39.082824</ele>
        <time>2026-07-27T14:56:17.502Z</time>
      </trkpt>
      <trkpt lat="43.622924" lon="3.872345">
        <ele>38.670939</ele>
        <time>2026-07-27T14:56:18.401Z</time>
      </trkpt>
      <trkpt lat="43.622837" lon="3.872371">
        <ele>38.506002</ele>
        <time>2026-07-27T14:56:19.553Z</time>
      </trkpt>
      <trkpt lat="43.622795" lon="3.872474">
        <ele>38.347430</ele>
        <time>2026-07-27T14:56:21.138Z</time>
      </trkpt>
      <trkpt lat="43.622784" lon="3.872517">
        <ele>38.291399</ele>
        <time>2026-07-27T14:56:21.711Z</time>
      </trkpt>
      <trkpt lat="43.622813" lon="3.872583">
        <ele>38.268312</ele>
        <time>2026-07-27T14:56:22.620Z</time>
      </trkpt>
      <trkpt lat="43.622817" lon="3.872612">
        <ele>38.259484</ele>
        <time>2026-07-27T14:56:22.955Z</time>
      </trkpt>
      <trkpt lat="43.622817" lon="3.872655">
        <ele>38.246625</ele>
        <time>2026-07-27T14:56:23.511Z</time>
      </trkpt>
      <trkpt lat="43.622797" lon="3.872794">
        <ele>38.204247</ele>
        <time>2026-07-27T14:56:25.405Z</time>
      </trkpt>
      <trkpt lat="43.622708" lon="3.872993">
        <ele>38.175273</ele>
        <time>2026-07-27T14:56:28.713Z</time>
      </trkpt>
      <trkpt lat="43.622170" lon="3.873826">
        <ele>37.582770</ele>
        <time>2026-07-27T14:56:43.770Z</time>
      </trkpt>
      <trkpt lat="43.621935" lon="3.874266">
        <ele>35.912664</ele>
        <time>2026-07-27T14:56:49.344Z</time>
      </trkpt>
      <trkpt lat="43.621803" lon="3.874514">
        <ele>34.965211</ele>
        <time>2026-07-27T14:56:52.470Z</time>
      </trkpt>
      <trkpt lat="43.621750" lon="3.874638">
        <ele>34.749968</ele>
        <time>2026-07-27T14:56:54.078Z</time>
      </trkpt>
      <trkpt lat="43.621650" lon="3.874812">
        <ele>34.453277</ele>
        <time>2026-07-27T14:56:56.911Z</time>
      </trkpt>
      <trkpt lat="43.621115" lon="3.875542">
        <ele>33.309048</ele>
        <time>2026-07-27T14:57:09.613Z</time>
      </trkpt>
      <trkpt lat="43.620778" lon="3.875802">
        <ele>32.081701</ele>
        <time>2026-07-27T14:57:15.405Z</time>
      </trkpt>
      <trkpt lat="43.620587" lon="3.875996">
        <ele>31.074471</ele>
        <time>2026-07-27T14:57:18.645Z</time>
      </trkpt>
      <trkpt lat="43.620613" lon="3.876041">
        <ele>30.937791</ele>
        <time>2026-07-27T14:57:19.268Z</time>
      </trkpt>
      <trkpt lat="43.620635" lon="3.876076">
        <ele>30.827754</ele>
        <time>2026-07-27T14:57:19.788Z</time>
      </trkpt>
      <trkpt lat="43.620550" lon="3.876208">
        <ele>30.611456</ele>
        <time>2026-07-27T14:57:22.028Z</time>
      </trkpt>
      <trkpt lat="43.620535" lon="3.876290">
        <ele>30.630188</ele>
        <time>2026-07-27T14:57:23.256Z</time>
      </trkpt>
      <trkpt lat="43.620767" lon="3.877139">
        <ele>31.440063</ele>
        <time>2026-07-27T14:57:40.561Z</time>
      </trkpt>
      <trkpt lat="43.620922" lon="3.877719">
        <ele>31.694667</ele>
        <time>2026-07-27T14:57:50.449Z</time>
      </trkpt>
      <trkpt lat="43.621088" lon="3.878039">
        <ele>31.794275</ele>
        <time>2026-07-27T14:57:56.440Z</time>
      </trkpt>
      <trkpt lat="43.621125" lon="3.878137">
        <ele>31.825187</ele>
        <time>2026-07-27T14:57:58.234Z</time>
      </trkpt>
      <trkpt lat="43.621467" lon="3.879292">
        <ele>32.367179</ele>
        <time>2026-07-27T14:58:19.154Z</time>
      </trkpt>
      <trkpt lat="43.621513" lon="3.879452">
        <ele>32.087482</ele>
        <time>2026-07-27T14:58:21.021Z</time>
      </trkpt>
      <trkpt lat="43.621642" lon="3.879935">
        <ele>31.260769</ele>
        <time>2026-07-27T14:58:26.894Z</time>
      </trkpt>
      <trkpt lat="43.621784" lon="3.880596">
        <ele>30.579431</ele>
        <time>2026-07-27T14:58:35.274Z</time>
      </trkpt>
      <trkpt lat="43.621842" lon="3.880796">
        <ele>30.506507</ele>
        <time>2026-07-27T14:58:38.593Z</time>
      </trkpt>
      <trkpt lat="43.622150" lon="3.881816">
        <ele>30.479040</ele>
        <time>2026-07-27T14:58:54.762Z</time>
      </trkpt>
      <trkpt lat="43.622170" lon="3.881988">
        <ele>30.205422</ele>
        <time>2026-07-27T14:58:56.721Z</time>
      </trkpt>
      <trkpt lat="43.622243" lon="3.882608">
        <ele>28.493730</ele>
        <time>2026-07-27T14:59:03.322Z</time>
      </trkpt>
      <trkpt lat="43.622249" lon="3.882655">
        <ele>28.356355</ele>
        <time>2026-07-27T14:59:03.996Z</time>
      </trkpt>
      <trkpt lat="43.622270" lon="3.882693">
        <ele>28.218744</ele>
        <time>2026-07-27T14:59:04.663Z</time>
      </trkpt>
      <trkpt lat="43.622341" lon="3.882706">
        <ele>27.933959</ele>
        <time>2026-07-27T14:59:06.063Z</time>
      </trkpt>
      <trkpt lat="43.622358" lon="3.882785">
        <ele>27.945766</ele>
        <time>2026-07-27T14:59:07.390Z</time>
      </trkpt>
      <trkpt lat="43.622404" lon="3.882979">
        <ele>28.047645</ele>
        <time>2026-07-27T14:59:12.532Z</time>
      </trkpt>
      <trkpt lat="43.622357" lon="3.883019">
        <ele>28.114164</ele>
        <time>2026-07-27T14:59:14.386Z</time>
      </trkpt>
      <trkpt lat="43.622337" lon="3.883025">
        <ele>28.146749</ele>
        <time>2026-07-27T14:59:15.016Z</time>
      </trkpt>
      <trkpt lat="43.622301" lon="3.883042">
        <ele>28.207322</ele>
        <time>2026-07-27T14:59:16.377Z</time>
      </trkpt>
      <trkpt lat="43.622227" lon="3.883076">
        <ele>28.331484</ele>
        <time>2026-07-27T14:59:18.975Z</time>
      </trkpt>
      <trkpt lat="43.622205" lon="3.883087">
        <ele>28.368735</ele>
        <time>2026-07-27T14:59:19.728Z</time>
      </trkpt>
      <trkpt lat="43.622178" lon="3.883090">
        <ele>28.411861</ele>
        <time>2026-07-27T14:59:20.417Z</time>
      </trkpt>
      <trkpt lat="43.622080" lon="3.883102">
        <ele>28.422885</ele>
        <time>2026-07-27T14:59:22.706Z</time>
      </trkpt>
      <trkpt lat="43.621617" lon="3.883312">
        <ele>28.165739</ele>
        <time>2026-07-27T14:59:30.842Z</time>
      </trkpt>
      <trkpt lat="43.621218" lon="3.883524">
        <ele>26.662596</ele>
        <time>2026-07-27T14:59:35.925Z</time>
      </trkpt>
      <trkpt lat="43.620963" lon="3.883798">
        <ele>25.992149</ele>
        <time>2026-07-27T14:59:40.409Z</time>
      </trkpt>
      <trkpt lat="43.620934" lon="3.883829">
        <ele>25.946181</ele>
        <time>2026-07-27T14:59:40.925Z</time>
      </trkpt>
      <trkpt lat="43.620905" lon="3.883862">
        <ele>25.912566</ele>
        <time>2026-07-27T14:59:41.469Z</time>
      </trkpt>
      <trkpt lat="43.620878" lon="3.883892">
        <ele>25.881564</ele>
        <time>2026-07-27T14:59:41.977Z</time>
      </trkpt>
      <trkpt lat="43.620818" lon="3.883959">
        <ele>25.812537</ele>
        <time>2026-07-27T14:59:43.155Z</time>
      </trkpt>
      <trkpt lat="43.620666" lon="3.884047">
        <ele>25.583529</ele>
        <time>2026-07-27T14:59:45.760Z</time>
      </trkpt>
      <trkpt lat="43.620140" lon="3.884273">
        <ele>24.569207</ele>
        <time>2026-07-27T14:59:53.315Z</time>
      </trkpt>
      <trkpt lat="43.619968" lon="3.884295">
        <ele>24.117572</ele>
        <time>2026-07-27T14:59:55.478Z</time>
      </trkpt>
      <trkpt lat="43.619926" lon="3.884266">
        <ele>23.992452</ele>
        <time>2026-07-27T14:59:56.065Z</time>
      </trkpt>
      <trkpt lat="43.619880" lon="3.884233">
        <ele>23.952413</ele>
        <time>2026-07-27T14:59:56.749Z</time>
      </trkpt>
      <trkpt lat="43.619075" lon="3.886550">
        <ele>25.026555</ele>
        <time>2026-07-27T15:00:34.642Z</time>
      </trkpt>
      <trkpt lat="43.619120" lon="3.886569">
        <ele>25.022174</ele>
        <time>2026-07-27T15:00:35.446Z</time>
      </trkpt>
      <trkpt lat="43.619075" lon="3.886550">
        <ele>25.017793</ele>
        <time>2026-07-27T15:00:36.186Z</time>
      </trkpt>
      <trkpt lat="43.618684" lon="3.886359">
        <ele>24.442437</ele>
        <time>2026-07-27T15:00:41.945Z</time>
      </trkpt>
      <trkpt lat="43.617919" lon="3.886008">
        <ele>23.764313</ele>
        <time>2026-07-27T15:00:54.188Z</time>
      </trkpt>
      <trkpt lat="43.617527" lon="3.885794">
        <ele>23.860359</ele>
        <time>2026-07-27T15:01:02.084Z</time>
      </trkpt>
      <trkpt lat="43.617531" lon="3.885751">
        <ele>23.844516</ele>
        <time>2026-07-27T15:01:02.661Z</time>
      </trkpt>
      <trkpt lat="43.617376" lon="3.885634">
        <ele>23.729969</ele>
        <time>2026-07-27T15:01:05.504Z</time>
      </trkpt>
      <trkpt lat="43.616830" lon="3.885064">
        <ele>22.200164</ele>
        <time>2026-07-27T15:01:14.405Z</time>
      </trkpt>
      <trkpt lat="43.616605" lon="3.884831">
        <ele>22.814249</ele>
        <time>2026-07-27T15:01:22.588Z</time>
      </trkpt>
      <trkpt lat="43.616426" lon="3.884646">
        <ele>23.449468</ele>
        <time>2026-07-27T15:01:29.655Z</time>
      </trkpt>
      <trkpt lat="43.616168" lon="3.884379">
        <ele>24.098596</ele>
        <time>2026-07-27T15:01:38.285Z</time>
      </trkpt>
      <trkpt lat="43.616108" lon="3.884317">
        <ele>24.174981</ele>
        <time>2026-07-27T15:01:39.534Z</time>
      </trkpt>
      <trkpt lat="43.615735" lon="3.883923">
        <ele>23.967662</ele>
        <time>2026-07-27T15:01:47.364Z</time>
      </trkpt>
      <trkpt lat="43.615438" lon="3.883608">
        <ele>22.787855</ele>
        <time>2026-07-27T15:01:52.077Z</time>
      </trkpt>
      <trkpt lat="43.615125" lon="3.883276">
        <ele>20.601775</ele>
        <time>2026-07-27T15:01:56.552Z</time>
      </trkpt>
      <trkpt lat="43.615082" lon="3.883142">
        <ele>20.146318</ele>
        <time>2026-07-27T15:01:57.783Z</time>
      </trkpt>
      <trkpt lat="43.615056" lon="3.883026">
        <ele>20.138969</ele>
        <time>2026-07-27T15:01:58.961Z</time>
      </trkpt>
      <trkpt lat="43.615039" lon="3.883035">
        <ele>20.137447</ele>
        <time>2026-07-27T15:01:59.444Z</time>
      </trkpt>
      <trkpt lat="43.615004" lon="3.883044">
        <ele>20.134471</ele>
        <time>2026-07-27T15:02:00.597Z</time>
      </trkpt>
      <trkpt lat="43.614980" lon="3.883052">
        <ele>20.132407</ele>
        <time>2026-07-27T15:02:01.498Z</time>
      </trkpt>
      <trkpt lat="43.614962" lon="3.883060">
        <ele>20.130826</ele>
        <time>2026-07-27T15:02:02.320Z</time>
      </trkpt>
      <trkpt lat="43.614920" lon="3.883073">
        <ele>20.242954</ele>
        <time>2026-07-27T15:02:04.359Z</time>
      </trkpt>
      <trkpt lat="43.614895" lon="3.883137">
        <ele>20.482941</ele>
        <time>2026-07-27T15:02:07.060Z</time>
      </trkpt>
      <trkpt lat="43.614871" lon="3.883196">
        <ele>20.706275</ele>
        <time>2026-07-27T15:02:09.644Z</time>
      </trkpt>
      <trkpt lat="43.614850" lon="3.883248">
        <ele>20.902772</ele>
        <time>2026-07-27T15:02:11.819Z</time>
      </trkpt>
      <trkpt lat="43.614854" lon="3.883322">
        <ele>21.147659</ele>
        <time>2026-07-27T15:02:14.271Z</time>
      </trkpt>
      <trkpt lat="43.614846" lon="3.883383">
        <ele>21.210927</ele>
        <time>2026-07-27T15:02:15.986Z</time>
      </trkpt>
      <trkpt lat="43.614840" lon="3.883431">
        <ele>21.257011</ele>
        <time>2026-07-27T15:02:17.160Z</time>
      </trkpt>
      <trkpt lat="43.614740" lon="3.883466">
        <ele>21.391818</ele>
        <time>2026-07-27T15:02:19.374Z</time>
      </trkpt>
      <trkpt lat="43.614494" lon="3.883782">
        <ele>21.705284</ele>
        <time>2026-07-27T15:02:27.328Z</time>
      </trkpt>
      <trkpt lat="43.614450" lon="3.883835">
        <ele>21.758888</ele>
        <time>2026-07-27T15:02:28.913Z</time>
      </trkpt>
      <trkpt lat="43.614390" lon="3.883866">
        <ele>21.817706</ele>
        <time>2026-07-27T15:02:30.318Z</time>
      </trkpt>
      <trkpt lat="43.614278" lon="3.884027">
        <ele>21.800737</ele>
        <time>2026-07-27T15:02:32.901Z</time>
      </trkpt>
      <trkpt lat="43.614133" lon="3.884338">
        <ele>21.824474</ele>
        <time>2026-07-27T15:02:37.271Z</time>
      </trkpt>
      <trkpt lat="43.614108" lon="3.884422">
        <ele>21.877284</ele>
        <time>2026-07-27T15:02:38.971Z</time>
      </trkpt>
      <trkpt lat="43.614035" lon="3.884672">
        <ele>22.452524</ele>
        <time>2026-07-27T15:02:45.076Z</time>
      </trkpt>
      <trkpt lat="43.613981" lon="3.885004">
        <ele>22.972261</ele>
        <time>2026-07-27T15:02:51.953Z</time>
      </trkpt>
      <trkpt lat="43.613950" lon="3.885768">
        <ele>23.486581</ele>
        <time>2026-07-27T15:03:03.868Z</time>
      </trkpt>
      <trkpt lat="43.613962" lon="3.885955">
        <ele>23.457565</ele>
        <time>2026-07-27T15:03:05.909Z</time>
      </trkpt>
      <trkpt lat="43.614063" lon="3.886578">
        <ele>22.864054</ele>
        <time>2026-07-27T15:03:12.228Z</time>
      </trkpt>
      <trkpt lat="43.614064" lon="3.887132">
        <ele>24.398643</ele>
        <time>2026-07-27T15:03:27.588Z</time>
      </trkpt>
      <trkpt lat="43.614072" lon="3.887438">
        <ele>24.697029</ele>
        <time>2026-07-27T15:03:33.582Z</time>
      </trkpt>
      <trkpt lat="43.614063" lon="3.887734">
        <ele>23.996339</ele>
        <time>2026-07-27T15:03:36.165Z</time>
      </trkpt>
      <trkpt lat="43.614029" lon="3.888861">
        <ele>19.541148</ele>
        <time>2026-07-27T15:03:45.441Z</time>
      </trkpt>
      <trkpt lat="43.614044" lon="3.889049">
        <ele>19.152258</ele>
        <time>2026-07-27T15:03:47.958Z</time>
      </trkpt>
      <trkpt lat="43.613885" lon="3.888885">
        <ele>18.680985</ele>
        <time>2026-07-27T15:03:50.406Z</time>
      </trkpt>
      <trkpt lat="43.613863" lon="3.888939">
        <ele>18.730669</ele>
        <time>2026-07-27T15:03:51.732Z</time>
      </trkpt>
      <trkpt lat="43.613911" lon="3.888977">
        <ele>18.805503</ele>
        <time>2026-07-27T15:03:53.807Z</time>
      </trkpt>
      <trkpt lat="43.613888" lon="3.889031">
        <ele>18.866858</ele>
        <time>2026-07-27T15:03:56.012Z</time>
      </trkpt>
      <trkpt lat="43.613876" lon="3.889059">
        <ele>18.898722</ele>
        <time>2026-07-27T15:03:56.873Z</time>
      </trkpt>
      <trkpt lat="43.613942" lon="3.889117">
        <ele>18.960896</ele>
        <time>2026-07-27T15:03:59.378Z</time>
      </trkpt>
      <trkpt lat="43.613964" lon="3.889341">
        <ele>18.816969</ele>
        <time>2026-07-27T15:04:02.442Z</time>
      </trkpt>
      <trkpt lat="43.614013" lon="3.889819">
        <ele>17.865692</ele>
        <time>2026-07-27T15:04:07.402Z</time>
      </trkpt>
      <trkpt lat="43.614068" lon="3.890359">
        <ele>18.439789</ele>
        <time>2026-07-27T15:04:19.937Z</time>
      </trkpt>
      <trkpt lat="43.614124" lon="3.890576">
        <ele>18.630689</ele>
        <time>2026-07-27T15:04:23.876Z</time>
      </trkpt>
      <trkpt lat="43.614769" lon="3.891736">
        <ele>18.272950</ele>
        <time>2026-07-27T15:04:43.954Z</time>
      </trkpt>
      <trkpt lat="43.614869" lon="3.892023">
        <ele>18.147174</ele>
        <time>2026-07-27T15:04:48.084Z</time>
      </trkpt>
      <trkpt lat="43.614899" lon="3.892098">
        <ele>18.115106</ele>
        <time>2026-07-27T15:04:49.988Z</time>
      </trkpt>
      <trkpt lat="43.614930" lon="3.892187">
        <ele>18.112983</ele>
        <time>2026-07-27T15:04:52.237Z</time>
      </trkpt>
      <trkpt lat="43.614868" lon="3.892345">
        <ele>18.148092</ele>
        <time>2026-07-27T15:04:56.528Z</time>
      </trkpt>
      <trkpt lat="43.614750" lon="3.892706">
        <ele>18.422723</ele>
        <time>2026-07-27T15:05:03.354Z</time>
      </trkpt>
      <trkpt lat="43.614646" lon="3.892888">
        <ele>18.685057</ele>
        <time>2026-07-27T15:05:07.649Z</time>
      </trkpt>
      <trkpt lat="43.614230" lon="3.893485">
        <ele>19.429699</ele>
        <time>2026-07-27T15:05:23.138Z</time>
      </trkpt>
      <trkpt lat="43.613684" lon="3.894176">
        <ele>19.844793</ele>
        <time>2026-07-27T15:05:39.017Z</time>
      </trkpt>
      <trkpt lat="43.613470" lon="3.894491">
        <ele>19.622497</ele>
        <time>2026-07-27T15:05:44.405Z</time>
      </trkpt>
      <trkpt lat="43.613464" lon="3.894501">
        <ele>19.606551</ele>
        <time>2026-07-27T15:05:44.557Z</time>
      </trkpt>
      <trkpt lat="43.613241" lon="3.894894">
        <ele>18.949846</ele>
        <time>2026-07-27T15:05:50.266Z</time>
      </trkpt>
      <trkpt lat="43.613102" lon="3.895049">
        <ele>18.707932</ele>
        <time>2026-07-27T15:05:52.896Z</time>
      </trkpt>
      <trkpt lat="43.612813" lon="3.895367">
        <ele>18.942859</ele>
        <time>2026-07-27T15:06:06.144Z</time>
      </trkpt>
      <trkpt lat="43.612556" lon="3.895695">
        <ele>19.769170</ele>
        <time>2026-07-27T15:06:15.505Z</time>
      </trkpt>
      <trkpt lat="43.612374" lon="3.895830">
        <ele>20.474854</ele>
        <time>2026-07-27T15:06:24.294Z</time>
      </trkpt>
      <trkpt lat="43.612315" lon="3.895836">
        <ele>20.684910</ele>
        <time>2026-07-27T15:06:25.950Z</time>
      </trkpt>
      <trkpt lat="43.612038" lon="3.896072">
        <ele>19.565816</ele>
        <time>2026-07-27T15:06:30.387Z</time>
      </trkpt>
      <trkpt lat="43.611829" lon="3.896185">
        <ele>18.910373</ele>
        <time>2026-07-27T15:06:33.620Z</time>
      </trkpt>
      <trkpt lat="43.611294" lon="3.896315">
        <ele>17.955508</ele>
        <time>2026-07-27T15:06:42.247Z</time>
      </trkpt>
      <trkpt lat="43.610981" lon="3.896423">
        <ele>17.847745</ele>
        <time>2026-07-27T15:06:48.369Z</time>
      </trkpt>
      <trkpt lat="43.610836" lon="3.896399">
        <ele>17.892818</ele>
        <time>2026-07-27T15:06:51.721Z</time>
      </trkpt>
      <trkpt lat="43.610791" lon="3.896314">
        <ele>17.613150</ele>
        <time>2026-07-27T15:06:53.959Z</time>
      </trkpt>
      <trkpt lat="43.609916" lon="3.896521">
        <ele>13.266214</ele>
        <time>2026-07-27T15:07:05.476Z</time>
      </trkpt>
      <trkpt lat="43.609920" lon="3.896586">
        <ele>13.090936</ele>
        <time>2026-07-27T15:07:06.215Z</time>
      </trkpt>
      <trkpt lat="43.609888" lon="3.896658">
        <ele>12.863940</ele>
        <time>2026-07-27T15:07:07.221Z</time>
      </trkpt>
      <trkpt lat="43.609332" lon="3.896885">
        <ele>12.149642</ele>
        <time>2026-07-27T15:07:16.976Z</time>
      </trkpt>
      <trkpt lat="43.609207" lon="3.896904">
        <ele>11.481772</ele>
        <time>2026-07-27T15:07:18.372Z</time>
      </trkpt>
      <trkpt lat="43.608763" lon="3.896901">
        <ele>7.659531</ele>
        <time>2026-07-27T15:07:23.030Z</time>
      </trkpt>
      <trkpt lat="43.608344" lon="3.896879">
        <ele>6.738403</ele>
        <time>2026-07-27T15:07:28.929Z</time>
      </trkpt>
      <trkpt lat="43.607648" lon="3.896782">
        <ele>7.338850</ele>
        <time>2026-07-27T15:07:45.269Z</time>
      </trkpt>
      <trkpt lat="43.607487" lon="3.896766">
        <ele>7.708101</ele>
        <time>2026-07-27T15:07:49.903Z</time>
      </trkpt>
      <trkpt lat="43.606789" lon="3.896690">
        <ele>9.826811</ele>
        <time>2026-07-27T15:08:14.391Z</time>
      </trkpt>
      <trkpt lat="43.606650" lon="3.896723">
        <ele>9.604511</ele>
        <time>2026-07-27T15:08:16.465Z</time>
      </trkpt>
      <trkpt lat="43.606389" lon="3.896853">
        <ele>8.168714</ele>
        <time>2026-07-27T15:08:19.890Z</time>
      </trkpt>
      <trkpt lat="43.606296" lon="3.896875">
        <ele>7.759341</ele>
        <time>2026-07-27T15:08:21.180Z</time>
      </trkpt>
      <trkpt lat="43.605703" lon="3.896833">
        <ele>8.703806</ele>
        <time>2026-07-27T15:08:37.824Z</time>
      </trkpt>
      <trkpt lat="43.605280" lon="3.896720">
        <ele>9.507811</ele>
        <time>2026-07-27T15:08:49.896Z</time>
      </trkpt>
      <trkpt lat="43.604385" lon="3.896351">
        <ele>10.340664</ele>
        <time>2026-07-27T15:09:11.921Z</time>
      </trkpt>
      <trkpt lat="43.604335" lon="3.896363">
        <ele>10.298620</ele>
        <time>2026-07-27T15:09:12.684Z</time>
      </trkpt>
      <trkpt lat="43.604304" lon="3.896374">
        <ele>10.272103</ele>
        <time>2026-07-27T15:09:13.158Z</time>
      </trkpt>
      <trkpt lat="43.604061" lon="3.896272">
        <ele>9.519936</ele>
        <time>2026-07-27T15:09:16.737Z</time>
      </trkpt>
      <trkpt lat="43.604139" lon="3.897491">
        <ele>12.582030</ele>
        <time>2026-07-27T15:09:48.409Z</time>
      </trkpt>
      <trkpt lat="43.604140" lon="3.897529">
        <ele>12.732049</ele>
        <time>2026-07-27T15:09:49.653Z</time>
      </trkpt>
      <trkpt lat="43.604072" lon="3.897515">
        <ele>13.106631</ele>
        <time>2026-07-27T15:09:52.850Z</time>
      </trkpt>
      <trkpt lat="43.603813" lon="3.897398">
        <ele>14.328934</ele>
        <time>2026-07-27T15:10:04.995Z</time>
      </trkpt>
      <trkpt lat="43.603732" lon="3.897344">
        <ele>14.496669</ele>
        <time>2026-07-27T15:10:07.615Z</time>
      </trkpt>
      <trkpt lat="43.603172" lon="3.896825">
        <ele>11.214461</ele>
        <time>2026-07-27T15:10:16.455Z</time>
      </trkpt>
      <trkpt lat="43.603093" lon="3.896788">
        <ele>11.197828</ele>
        <time>2026-07-27T15:10:17.992Z</time>
      </trkpt>
      <trkpt lat="43.603005" lon="3.896742">
        <ele>11.179068</ele>
        <time>2026-07-27T15:10:20.457Z</time>
      </trkpt>
      <trkpt lat="43.602433" lon="3.896498">
        <ele>11.243785</ele>
        <time>2026-07-27T15:10:32.717Z</time>
      </trkpt>
      <trkpt lat="43.602355" lon="3.896474">
        <ele>11.220053</ele>
        <time>2026-07-27T15:10:34.208Z</time>
      </trkpt>
      <trkpt lat="43.601796" lon="3.896327">
        <ele>10.149965</ele>
        <time>2026-07-27T15:10:42.909Z</time>
      </trkpt>
      <trkpt lat="43.601707" lon="3.896305">
        <ele>10.005952</ele>
        <time>2026-07-27T15:10:44.367Z</time>
      </trkpt>
      <trkpt lat="43.601487" lon="3.896284">
        <ele>9.705948</ele>
        <time>2026-07-27T15:10:48.006Z</time>
      </trkpt>
      <trkpt lat="43.601329" lon="3.896351">
        <ele>9.538112</ele>
        <time>2026-07-27T15:10:50.841Z</time>
      </trkpt>
      <trkpt lat="43.600768" lon="3.897015">
        <ele>9.399605</ele>
        <time>2026-07-27T15:11:06.908Z</time>
      </trkpt>
      <trkpt lat="43.600737" lon="3.896990">
        <ele>9.437825</ele>
        <time>2026-07-27T15:11:08.024Z</time>
      </trkpt>
      <trkpt lat="43.600894" lon="3.897249">
        <ele>10.799366</ele>
        <time>2026-07-27T15:11:21.238Z</time>
      </trkpt>
      <trkpt lat="43.600884" lon="3.897287">
        <ele>10.756552</ele>
        <time>2026-07-27T15:11:22.162Z</time>
      </trkpt>
      <trkpt lat="43.600747" lon="3.897411">
        <ele>10.517019</ele>
        <time>2026-07-27T15:11:24.580Z</time>
      </trkpt>
      <trkpt lat="43.600728" lon="3.897371">
        <ele>10.425761</ele>
        <time>2026-07-27T15:11:24.980Z</time>
      </trkpt>
      <trkpt lat="43.600629" lon="3.897131">
        <ele>9.732926</ele>
        <time>2026-07-27T15:11:27.357Z</time>
      </trkpt>
      <trkpt lat="43.600205" lon="3.896320">
        <ele>11.967141</ele>
        <time>2026-07-27T15:11:50.454Z</time>
      </trkpt>
      <trkpt lat="43.600164" lon="3.896248">
        <ele>12.245363</ele>
        <time>2026-07-27T15:11:53.499Z</time>
      </trkpt>
      <trkpt lat="43.599938" lon="3.895831">
        <ele>13.536036</ele>
        <time>2026-07-27T15:12:06.017Z</time>
      </trkpt>
      <trkpt lat="43.599921" lon="3.895790">
        <ele>13.555301</ele>
        <time>2026-07-27T15:12:06.819Z</time>
      </trkpt>
      <trkpt lat="43.599883" lon="3.895675">
        <ele>13.606844</ele>
        <time>2026-07-27T15:12:08.578Z</time>
      </trkpt>
      <trkpt lat="43.599861" lon="3.895699">
        <ele>13.622630</ele>
        <time>2026-07-27T15:12:10.571Z</time>
      </trkpt>
      <trkpt lat="43.599836" lon="3.895609">
        <ele>13.550251</ele>
        <time>2026-07-27T15:12:11.951Z</time>
      </trkpt>
      <trkpt lat="43.599660" lon="3.895352">
        <ele>13.136244</ele>
        <time>2026-07-27T15:12:16.673Z</time>
      </trkpt>
      <trkpt lat="43.599649" lon="3.895362">
        <ele>13.142062</ele>
        <time>2026-07-27T15:12:17.594Z</time>
      </trkpt>
      <trkpt lat="43.599735" lon="3.895477">
        <ele>13.194951</ele>
        <time>2026-07-27T15:12:25.901Z</time>
      </trkpt>
      <trkpt lat="43.599459" lon="3.895890">
        <ele>13.504069</ele>
        <time>2026-07-27T15:12:54.192Z</time>
      </trkpt>
    </trkseg>
  </trk>
</gpx>