<?xml version='1.0' encoding='UTF-8'?>
<gpx version="1.1" creator="https://www.komoot.de" xmlns="http://www.topografix.com/GPX/1/1" xmlns:xsi="http://www.w3.org/2001/XMLSchema-instance" xsi:schemaLocation="http://www.topografix.com/GPX/1/1 http://www.topografix.com/GPX/1/1/gpx.xsd">
  <metadata>
    <name>CycloExplore -  Corconne / Taillade</name>
    <author>
      <link href="https://www.komoot.de">
        <text>komoot</text>
        <type>text/html</type>
      </link>
    </author>
  </metadata>
  <wpt lat="43.773063" lon="3.908616">
    <name>Eau</name>
    <sym>Drinking Water</sym>
  </wpt>
  <wpt lat="43.793701" lon="3.912681">
    <name>Eau</name>
    <sym>Drinking Water</sym>
  </wpt>
  <wpt lat="43.872363" lon="3.940175">
    <name>Corconne</name>
    <sym>Medical Facility</sym>
  </wpt>
  <wpt lat="43.800555" lon="3.871769">
    <name>Eau</name>
    <sym>Drinking Water</sym>
  </wpt>
  <wpt lat="43.770854" lon="3.860551">
    <name>Ravitaillement</name>
    <sym>Medical Facility</sym>
  </wpt>
  <trk>
    <name>CycloExplore -  Corconne / Taillade</name>
    <type>mtb_easy</type>
    <trkseg>
      <trkpt lat="43.655253" lon="3.880949">
        <ele>53.539828</ele>
        <time>2026-09-28T13:01:33.201Z</time>
      </trkpt>
      <trkpt lat="43.655263" lon="3.880976">
        <ele>53.539828</ele>
        <time>2026-09-28T13:01:34.756Z</time>
      </trkpt>
      <trkpt lat="43.655234" lon="3.881023">
        <ele>53.539828</ele>
        <time>2026-09-28T13:01:35.754Z</time>
      </trkpt>
      <trkpt lat="43.655243" lon="3.881130">
        <ele>53.539828</ele>
        <time>2026-09-28T13:01:37.566Z</time>
      </trkpt>
      <trkpt lat="43.655285" lon="3.881169">
        <ele>53.539828</ele>
        <time>2026-09-28T13:01:38.763Z</time>
      </trkpt>
      <trkpt lat="43.655335" lon="3.881164">
        <ele>53.539828</ele>
        <time>2026-09-28T13:01:39.956Z</time>
      </trkpt>
      <trkpt lat="43.655382" lon="3.881072">
        <ele>53.539828</ele>
        <time>2026-09-28T13:01:41.915Z</time>
      </trkpt>
      <trkpt lat="43.655373" lon="3.881017">
        <ele>53.539828</ele>
        <time>2026-09-28T13:01:42.829Z</time>
      </trkpt>
      <trkpt lat="43.655435" lon="3.880924">
        <ele>53.539828</ele>
        <time>2026-09-28T13:01:45.032Z</time>
      </trkpt>
      <trkpt lat="43.655581" lon="3.880824">
        <ele>53.539828</ele>
        <time>2026-09-28T13:01:49.056Z</time>
      </trkpt>
      <trkpt lat="43.655727" lon="3.880759">
        <ele>53.539828</ele>
        <time>2026-09-28T13:01:52.918Z</time>
      </trkpt>
      <trkpt lat="43.655827" lon="3.880676">
        <ele>53.539828</ele>
        <time>2026-09-28T13:01:55.911Z</time>
      </trkpt>
      <trkpt lat="43.655868" lon="3.880658">
        <ele>53.638085</ele>
        <time>2026-09-28T13:01:57.042Z</time>
      </trkpt>
      <trkpt lat="43.656089" lon="3.880562">
        <ele>54.274751</ele>
        <time>2026-09-28T13:02:03.226Z</time>
      </trkpt>
      <trkpt lat="43.656190" lon="3.880487">
        <ele>54.589854</ele>
        <time>2026-09-28T13:02:06.319Z</time>
      </trkpt>
      <trkpt lat="43.656376" lon="3.880327">
        <ele>55.191955</ele>
        <time>2026-09-28T13:02:12.304Z</time>
      </trkpt>
      <trkpt lat="43.656471" lon="3.880285">
        <ele>55.466076</ele>
        <time>2026-09-28T13:02:15.210Z</time>
      </trkpt>
      <trkpt lat="43.656763" lon="3.880257">
        <ele>56.270512</ele>
        <time>2026-09-28T13:02:24.335Z</time>
      </trkpt>
      <trkpt lat="43.657086" lon="3.880178">
        <ele>57.172007</ele>
        <time>2026-09-28T13:02:35.859Z</time>
      </trkpt>
      <trkpt lat="43.657190" lon="3.880123">
        <ele>57.478038</ele>
        <time>2026-09-28T13:02:39.913Z</time>
      </trkpt>
      <trkpt lat="43.657357" lon="3.879937">
        <ele>58.067469</ele>
        <time>2026-09-28T13:02:48.075Z</time>
      </trkpt>
      <trkpt lat="43.657498" lon="3.879892">
        <ele>58.465177</ele>
        <time>2026-09-28T13:02:53.757Z</time>
      </trkpt>
      <trkpt lat="43.657760" lon="3.879847">
        <ele>59.656820</ele>
        <time>2026-09-28T13:03:04.307Z</time>
      </trkpt>
      <trkpt lat="43.657937" lon="3.879868">
        <ele>60.466579</ele>
        <time>2026-09-28T13:03:11.350Z</time>
      </trkpt>
      <trkpt lat="43.658675" lon="3.880092">
        <ele>63.910640</ele>
        <time>2026-09-28T13:03:42.966Z</time>
      </trkpt>
      <trkpt lat="43.659163" lon="3.880251">
        <ele>66.195978</ele>
        <time>2026-09-28T13:04:04.445Z</time>
      </trkpt>
      <trkpt lat="43.659742" lon="3.880524">
        <ele>68.303121</ele>
        <time>2026-09-28T13:04:27.196Z</time>
      </trkpt>
      <trkpt lat="43.659860" lon="3.880581">
        <ele>68.704311</ele>
        <time>2026-09-28T13:04:31.699Z</time>
      </trkpt>
      <trkpt lat="43.660186" lon="3.880739">
        <ele>69.813085</ele>
        <time>2026-09-28T13:04:43.770Z</time>
      </trkpt>
      <trkpt lat="43.660423" lon="3.880853">
        <ele>70.618495</ele>
        <time>2026-09-28T13:04:52.535Z</time>
      </trkpt>
      <trkpt lat="43.661216" lon="3.880978">
        <ele>72.810737</ele>
        <time>2026-09-28T13:05:16.203Z</time>
      </trkpt>
      <trkpt lat="43.661551" lon="3.881095">
        <ele>73.355205</ele>
        <time>2026-09-28T13:05:26.032Z</time>
      </trkpt>
      <trkpt lat="43.661835" lon="3.881072">
        <ele>73.803488</ele>
        <time>2026-09-28T13:05:33.436Z</time>
      </trkpt>
      <trkpt lat="43.661973" lon="3.881028">
        <ele>74.026653</ele>
        <time>2026-09-28T13:05:36.955Z</time>
      </trkpt>
      <trkpt lat="43.662042" lon="3.880939">
        <ele>74.175363</ele>
        <time>2026-09-28T13:05:39.376Z</time>
      </trkpt>
      <trkpt lat="43.662174" lon="3.880554">
        <ele>74.661036</ele>
        <time>2026-09-28T13:05:47.152Z</time>
      </trkpt>
      <trkpt lat="43.662259" lon="3.880425">
        <ele>74.859943</ele>
        <time>2026-09-28T13:05:50.350Z</time>
      </trkpt>
      <trkpt lat="43.662328" lon="3.880373">
        <ele>74.983780</ele>
        <time>2026-09-28T13:05:52.347Z</time>
      </trkpt>
      <trkpt lat="43.662803" lon="3.880250">
        <ele>75.790192</ele>
        <time>2026-09-28T13:06:04.704Z</time>
      </trkpt>
      <trkpt lat="43.664330" lon="3.881149">
        <ele>78.831835</ele>
        <time>2026-09-28T13:06:50.613Z</time>
      </trkpt>
      <trkpt lat="43.665340" lon="3.882072">
        <ele>82.284584</ele>
        <time>2026-09-28T13:07:30.280Z</time>
      </trkpt>
      <trkpt lat="43.665509" lon="3.882317">
        <ele>82.982949</ele>
        <time>2026-09-28T13:07:39.402Z</time>
      </trkpt>
      <trkpt lat="43.665679" lon="3.882526">
        <ele>83.631543</ele>
        <time>2026-09-28T13:07:47.575Z</time>
      </trkpt>
      <trkpt lat="43.665788" lon="3.882583">
        <ele>83.963263</ele>
        <time>2026-09-28T13:07:51.718Z</time>
      </trkpt>
      <trkpt lat="43.665874" lon="3.882572">
        <ele>84.209104</ele>
        <time>2026-09-28T13:07:54.826Z</time>
      </trkpt>
      <trkpt lat="43.666262" lon="3.882021">
        <ele>85.792436</ele>
        <time>2026-09-28T13:08:14.006Z</time>
      </trkpt>
      <trkpt lat="43.666338" lon="3.882024">
        <ele>86.008855</ele>
        <time>2026-09-28T13:08:16.494Z</time>
      </trkpt>
      <trkpt lat="43.666525" lon="3.882148">
        <ele>86.599211</ele>
        <time>2026-09-28T13:08:23.350Z</time>
      </trkpt>
      <trkpt lat="43.666714" lon="3.882211">
        <ele>87.152609</ele>
        <time>2026-09-28T13:08:30.309Z</time>
      </trkpt>
      <trkpt lat="43.667432" lon="3.882779">
        <ele>88.698774</ele>
        <time>2026-09-28T13:08:55.134Z</time>
      </trkpt>
      <trkpt lat="43.667825" lon="3.883066">
        <ele>88.769850</ele>
        <time>2026-09-28T13:09:04.206Z</time>
      </trkpt>
      <trkpt lat="43.667854" lon="3.883186">
        <ele>88.784485</ele>
        <time>2026-09-28T13:09:05.975Z</time>
      </trkpt>
      <trkpt lat="43.667794" lon="3.883775">
        <ele>88.853289</ele>
        <time>2026-09-28T13:09:14.057Z</time>
      </trkpt>
      <trkpt lat="43.667773" lon="3.883917">
        <ele>88.870055</ele>
        <time>2026-09-28T13:09:15.947Z</time>
      </trkpt>
      <trkpt lat="43.667761" lon="3.884086">
        <ele>88.889698</ele>
        <time>2026-09-28T13:09:18.205Z</time>
      </trkpt>
      <trkpt lat="43.667803" lon="3.884165">
        <ele>88.901039</ele>
        <time>2026-09-28T13:09:19.420Z</time>
      </trkpt>
      <trkpt lat="43.668260" lon="3.884756">
        <ele>89.589091</ele>
        <time>2026-09-28T13:09:29.934Z</time>
      </trkpt>
      <trkpt lat="43.668284" lon="3.884842">
        <ele>89.699525</ele>
        <time>2026-09-28T13:09:31.247Z</time>
      </trkpt>
      <trkpt lat="43.668365" lon="3.884808">
        <ele>89.839730</ele>
        <time>2026-09-28T13:09:33.077Z</time>
      </trkpt>
      <trkpt lat="43.668511" lon="3.884681">
        <ele>90.125428</ele>
        <time>2026-09-28T13:09:37.368Z</time>
      </trkpt>
      <trkpt lat="43.668652" lon="3.884543">
        <ele>90.411559</ele>
        <time>2026-09-28T13:09:42.283Z</time>
      </trkpt>
      <trkpt lat="43.668747" lon="3.884452">
        <ele>90.602982</ele>
        <time>2026-09-28T13:09:45.811Z</time>
      </trkpt>
      <trkpt lat="43.668850" lon="3.884354">
        <ele>90.810074</ele>
        <time>2026-09-28T13:09:49.778Z</time>
      </trkpt>
      <trkpt lat="43.668957" lon="3.884312">
        <ele>90.994297</ele>
        <time>2026-09-28T13:09:53.437Z</time>
      </trkpt>
      <trkpt lat="43.669336" lon="3.884364">
        <ele>91.625101</ele>
        <time>2026-09-28T13:10:06.259Z</time>
      </trkpt>
      <trkpt lat="43.669498" lon="3.884367">
        <ele>91.893437</ele>
        <time>2026-09-28T13:10:12.278Z</time>
      </trkpt>
      <trkpt lat="43.669686" lon="3.884346">
        <ele>92.445317</ele>
        <time>2026-09-28T13:10:20.155Z</time>
      </trkpt>
      <trkpt lat="43.669815" lon="3.884181">
        <ele>92.977975</ele>
        <time>2026-09-28T13:10:27.738Z</time>
      </trkpt>
      <trkpt lat="43.669945" lon="3.884124">
        <ele>93.391335</ele>
        <time>2026-09-28T13:10:33.174Z</time>
      </trkpt>
      <trkpt lat="43.670008" lon="3.884189">
        <ele>93.629594</ele>
        <time>2026-09-28T13:10:35.995Z</time>
      </trkpt>
      <trkpt lat="43.670056" lon="3.884295">
        <ele>93.903765</ele>
        <time>2026-09-28T13:10:39.254Z</time>
      </trkpt>
      <trkpt lat="43.670101" lon="3.884535">
        <ele>94.447317</ele>
        <time>2026-09-28T13:10:45.085Z</time>
      </trkpt>
      <trkpt lat="43.670105" lon="3.884575">
        <ele>94.535844</ele>
        <time>2026-09-28T13:10:45.944Z</time>
      </trkpt>
      <trkpt lat="43.670156" lon="3.884868">
        <ele>95.196536</ele>
        <time>2026-09-28T13:10:52.460Z</time>
      </trkpt>
      <trkpt lat="43.670228" lon="3.885019">
        <ele>95.593035</ele>
        <time>2026-09-28T13:10:57.677Z</time>
      </trkpt>
      <trkpt lat="43.670290" lon="3.885086">
        <ele>95.831547</ele>
        <time>2026-09-28T13:11:00.813Z</time>
      </trkpt>
      <trkpt lat="43.670408" lon="3.885107">
        <ele>96.192145</ele>
        <time>2026-09-28T13:11:05.627Z</time>
      </trkpt>
      <trkpt lat="43.670740" lon="3.884922">
        <ele>97.277067</ele>
        <time>2026-09-28T13:11:20.430Z</time>
      </trkpt>
      <trkpt lat="43.670971" lon="3.884828">
        <ele>98.211495</ele>
        <time>2026-09-28T13:11:31.365Z</time>
      </trkpt>
      <trkpt lat="43.671211" lon="3.884770">
        <ele>99.186704</ele>
        <time>2026-09-28T13:11:42.623Z</time>
      </trkpt>
      <trkpt lat="43.671410" lon="3.884678">
        <ele>100.026591</ele>
        <time>2026-09-28T13:11:52.344Z</time>
      </trkpt>
      <trkpt lat="43.672247" lon="3.884131">
        <ele>103.732274</ele>
        <time>2026-09-28T13:12:40.339Z</time>
      </trkpt>
      <trkpt lat="43.672410" lon="3.884018">
        <ele>104.462137</ele>
        <time>2026-09-28T13:12:50.955Z</time>
      </trkpt>
      <trkpt lat="43.672625" lon="3.883954">
        <ele>105.365814</ele>
        <time>2026-09-28T13:13:03.367Z</time>
      </trkpt>
      <trkpt lat="43.672921" lon="3.883938">
        <ele>106.587317</ele>
        <time>2026-09-28T13:13:19.600Z</time>
      </trkpt>
      <trkpt lat="43.673060" lon="3.883887">
        <ele>107.180330</ele>
        <time>2026-09-28T13:13:27.326Z</time>
      </trkpt>
      <trkpt lat="43.673185" lon="3.883780">
        <ele>107.786569</ele>
        <time>2026-09-28T13:13:35.049Z</time>
      </trkpt>
      <trkpt lat="43.673394" lon="3.883662">
        <ele>108.717480</ele>
        <time>2026-09-28T13:13:46.623Z</time>
      </trkpt>
      <trkpt lat="43.673569" lon="3.883636">
        <ele>109.443256</ele>
        <time>2026-09-28T13:13:55.232Z</time>
      </trkpt>
      <trkpt lat="43.673864" lon="3.883528">
        <ele>110.701626</ele>
        <time>2026-09-28T13:14:09.696Z</time>
      </trkpt>
      <trkpt lat="43.674461" lon="3.883235">
        <ele>112.563491</ele>
        <time>2026-09-28T13:14:38.574Z</time>
      </trkpt>
      <trkpt lat="43.674867" lon="3.882991">
        <ele>113.358178</ele>
        <time>2026-09-28T13:14:56.651Z</time>
      </trkpt>
      <trkpt lat="43.675187" lon="3.882752">
        <ele>114.011065</ele>
        <time>2026-09-28T13:15:10.917Z</time>
      </trkpt>
      <trkpt lat="43.675322" lon="3.882683">
        <ele>114.269433</ele>
        <time>2026-09-28T13:15:16.386Z</time>
      </trkpt>
      <trkpt lat="43.675675" lon="3.882656">
        <ele>114.904073</ele>
        <time>2026-09-28T13:15:29.944Z</time>
      </trkpt>
      <trkpt lat="43.676464" lon="3.882602">
        <ele>115.323726</ele>
        <time>2026-09-28T13:15:58.785Z</time>
      </trkpt>
      <trkpt lat="43.677242" lon="3.882353">
        <ele>115.465984</ele>
        <time>2026-09-28T13:16:26.433Z</time>
      </trkpt>
      <trkpt lat="43.677952" lon="3.881962">
        <ele>115.296231</ele>
        <time>2026-09-28T13:16:50.835Z</time>
      </trkpt>
      <trkpt lat="43.678324" lon="3.881875">
        <ele>115.061033</ele>
        <time>2026-09-28T13:17:02.362Z</time>
      </trkpt>
      <trkpt lat="43.678790" lon="3.881696">
        <ele>114.759529</ele>
        <time>2026-09-28T13:17:17.526Z</time>
      </trkpt>
      <trkpt lat="43.679286" lon="3.881421">
        <ele>114.426393</ele>
        <time>2026-09-28T13:17:34.691Z</time>
      </trkpt>
      <trkpt lat="43.679560" lon="3.881253">
        <ele>114.695434</ele>
        <time>2026-09-28T13:17:44.936Z</time>
      </trkpt>
      <trkpt lat="43.680354" lon="3.881374">
        <ele>115.507214</ele>
        <time>2026-09-28T13:18:16.518Z</time>
      </trkpt>
      <trkpt lat="43.680637" lon="3.881642">
        <ele>115.855792</ele>
        <time>2026-09-28T13:18:30.879Z</time>
      </trkpt>
      <trkpt lat="43.680844" lon="3.881836">
        <ele>116.109919</ele>
        <time>2026-09-28T13:18:41.194Z</time>
      </trkpt>
      <trkpt lat="43.681756" lon="3.882518">
        <ele>116.659249</ele>
        <time>2026-09-28T13:19:20.827Z</time>
      </trkpt>
      <trkpt lat="43.682148" lon="3.882706">
        <ele>116.850469</ele>
        <time>2026-09-28T13:19:35.135Z</time>
      </trkpt>
      <trkpt lat="43.682438" lon="3.882709">
        <ele>116.984126</ele>
        <time>2026-09-28T13:19:44.708Z</time>
      </trkpt>
      <trkpt lat="43.682657" lon="3.882649">
        <ele>117.044118</ele>
        <time>2026-09-28T13:19:51.862Z</time>
      </trkpt>
      <trkpt lat="43.682977" lon="3.882514">
        <ele>116.816973</ele>
        <time>2026-09-28T13:20:02.431Z</time>
      </trkpt>
      <trkpt lat="43.683177" lon="3.882456">
        <ele>116.678232</ele>
        <time>2026-09-28T13:20:08.928Z</time>
      </trkpt>
      <trkpt lat="43.683233" lon="3.882451">
        <ele>116.640132</ele>
        <time>2026-09-28T13:20:10.700Z</time>
      </trkpt>
      <trkpt lat="43.683388" lon="3.882457">
        <ele>116.534856</ele>
        <time>2026-09-28T13:20:15.651Z</time>
      </trkpt>
      <trkpt lat="43.683653" lon="3.882426">
        <ele>116.354296</ele>
        <time>2026-09-28T13:20:24.194Z</time>
      </trkpt>
      <trkpt lat="43.684167" lon="3.882396">
        <ele>116.005012</ele>
        <time>2026-09-28T13:20:40.435Z</time>
      </trkpt>
      <trkpt lat="43.684443" lon="3.882426">
        <ele>115.886068</ele>
        <time>2026-09-28T13:20:49.014Z</time>
      </trkpt>
      <trkpt lat="43.684924" lon="3.882588">
        <ele>116.287290</ele>
        <time>2026-09-28T13:21:04.834Z</time>
      </trkpt>
      <trkpt lat="43.685694" lon="3.882728">
        <ele>116.916707</ele>
        <time>2026-09-28T13:21:33.023Z</time>
      </trkpt>
      <trkpt lat="43.685748" lon="3.882730">
        <ele>116.960487</ele>
        <time>2026-09-28T13:21:35.260Z</time>
      </trkpt>
      <trkpt lat="43.685957" lon="3.882726">
        <ele>117.129887</ele>
        <time>2026-09-28T13:21:44.308Z</time>
      </trkpt>
      <trkpt lat="43.686287" lon="3.882727">
        <ele>117.468382</ele>
        <time>2026-09-28T13:21:59.516Z</time>
      </trkpt>
      <trkpt lat="43.686508" lon="3.882840">
        <ele>117.808240</ele>
        <time>2026-09-28T13:22:11.298Z</time>
      </trkpt>
      <trkpt lat="43.686540" lon="3.882856">
        <ele>117.857320</ele>
        <time>2026-09-28T13:22:13.061Z</time>
      </trkpt>
      <trkpt lat="43.686714" lon="3.882971">
        <ele>118.135485</ele>
        <time>2026-09-28T13:22:23.229Z</time>
      </trkpt>
      <trkpt lat="43.687209" lon="3.883180">
        <ele>118.882001</ele>
        <time>2026-09-28T13:22:48.323Z</time>
      </trkpt>
      <trkpt lat="43.687346" lon="3.883240">
        <ele>119.089279</ele>
        <time>2026-09-28T13:22:53.676Z</time>
      </trkpt>
      <trkpt lat="43.687551" lon="3.883326">
        <ele>119.398274</ele>
        <time>2026-09-28T13:23:00.598Z</time>
      </trkpt>
      <trkpt lat="43.687885" lon="3.883347">
        <ele>119.880526</ele>
        <time>2026-09-28T13:23:10.142Z</time>
      </trkpt>
      <trkpt lat="43.688511" lon="3.883388">
        <ele>117.645052</ele>
        <time>2026-09-28T13:23:26.431Z</time>
      </trkpt>
      <trkpt lat="43.688595" lon="3.883403">
        <ele>117.333321</ele>
        <time>2026-09-28T13:23:28.529Z</time>
      </trkpt>
      <trkpt lat="43.689149" lon="3.883447">
        <ele>115.290953</ele>
        <time>2026-09-28T13:23:41.755Z</time>
      </trkpt>
      <trkpt lat="43.689211" lon="3.883505">
        <ele>115.015456</ele>
        <time>2026-09-28T13:23:43.547Z</time>
      </trkpt>
      <trkpt lat="43.689258" lon="3.883471">
        <ele>114.820234</ele>
        <time>2026-09-28T13:23:44.163Z</time>
      </trkpt>
      <trkpt lat="43.689285" lon="3.883456">
        <ele>114.713142</ele>
        <time>2026-09-28T13:23:44.514Z</time>
      </trkpt>
      <trkpt lat="43.689517" lon="3.883390">
        <ele>113.841382</ele>
        <time>2026-09-28T13:23:47.348Z</time>
      </trkpt>
      <trkpt lat="43.689962" lon="3.883264">
        <ele>112.728102</ele>
        <time>2026-09-28T13:23:53.038Z</time>
      </trkpt>
      <trkpt lat="43.690113" lon="3.883143">
        <ele>112.408687</ele>
        <time>2026-09-28T13:23:55.279Z</time>
      </trkpt>
      <trkpt lat="43.690169" lon="3.883028">
        <ele>112.225195</ele>
        <time>2026-09-28T13:23:56.588Z</time>
      </trkpt>
      <trkpt lat="43.690217" lon="3.883041">
        <ele>112.135673</ele>
        <time>2026-09-28T13:23:57.233Z</time>
      </trkpt>
      <trkpt lat="43.690287" lon="3.882963">
        <ele>111.971141</ele>
        <time>2026-09-28T13:23:58.426Z</time>
      </trkpt>
      <trkpt lat="43.690738" lon="3.882554">
        <ele>110.984038</ele>
        <time>2026-09-28T13:24:05.689Z</time>
      </trkpt>
      <trkpt lat="43.690868" lon="3.882432">
        <ele>110.696491</ele>
        <time>2026-09-28T13:24:08.000Z</time>
      </trkpt>
      <trkpt lat="43.691108" lon="3.882190">
        <ele>110.152865</ele>
        <time>2026-09-28T13:24:12.751Z</time>
      </trkpt>
      <trkpt lat="43.691356" lon="3.882157">
        <ele>110.438713</ele>
        <time>2026-09-28T13:24:17.432Z</time>
      </trkpt>
      <trkpt lat="43.691899" lon="3.881916">
        <ele>112.049259</ele>
        <time>2026-09-28T13:24:31.987Z</time>
      </trkpt>
      <trkpt lat="43.691973" lon="3.881884">
        <ele>112.268224</ele>
        <time>2026-09-28T13:24:34.306Z</time>
      </trkpt>
      <trkpt lat="43.692821" lon="3.881472">
        <ele>114.806580</ele>
        <time>2026-09-28T13:25:05.693Z</time>
      </trkpt>
      <trkpt lat="43.692987" lon="3.881402">
        <ele>115.435559</ele>
        <time>2026-09-28T13:25:12.368Z</time>
      </trkpt>
      <trkpt lat="43.693140" lon="3.881348">
        <ele>116.152534</ele>
        <time>2026-09-28T13:25:18.587Z</time>
      </trkpt>
      <trkpt lat="43.693891" lon="3.881080">
        <ele>119.674204</ele>
        <time>2026-09-28T13:25:50.360Z</time>
      </trkpt>
      <trkpt lat="43.694114" lon="3.881001">
        <ele>120.719445</ele>
        <time>2026-09-28T13:25:59.111Z</time>
      </trkpt>
      <trkpt lat="43.694489" lon="3.880786">
        <ele>122.562673</ele>
        <time>2026-09-28T13:26:14.103Z</time>
      </trkpt>
      <trkpt lat="43.694621" lon="3.880745">
        <ele>123.176960</ele>
        <time>2026-09-28T13:26:18.829Z</time>
      </trkpt>
      <trkpt lat="43.694780" lon="3.880729">
        <ele>123.462027</ele>
        <time>2026-09-28T13:26:24.113Z</time>
      </trkpt>
      <trkpt lat="43.694949" lon="3.880736">
        <ele>123.723697</ele>
        <time>2026-09-28T13:26:29.422Z</time>
      </trkpt>
      <trkpt lat="43.695130" lon="3.880773">
        <ele>124.006865</ele>
        <time>2026-09-28T13:26:34.728Z</time>
      </trkpt>
      <trkpt lat="43.695493" lon="3.880898">
        <ele>124.585812</ele>
        <time>2026-09-28T13:26:43.757Z</time>
      </trkpt>
      <trkpt lat="43.695762" lon="3.881263">
        <ele>125.169022</ele>
        <time>2026-09-28T13:26:51.591Z</time>
      </trkpt>
      <trkpt lat="43.695993" lon="3.881515">
        <ele>125.624352</ele>
        <time>2026-09-28T13:26:57.236Z</time>
      </trkpt>
      <trkpt lat="43.696384" lon="3.881821">
        <ele>125.718946</ele>
        <time>2026-09-28T13:27:05.425Z</time>
      </trkpt>
      <trkpt lat="43.696548" lon="3.881890">
        <ele>125.454525</ele>
        <time>2026-09-28T13:27:08.274Z</time>
      </trkpt>
      <trkpt lat="43.696759" lon="3.881984">
        <ele>125.112583</ele>
        <time>2026-09-28T13:27:11.663Z</time>
      </trkpt>
      <trkpt lat="43.696956" lon="3.882034">
        <ele>124.803630</ele>
        <time>2026-09-28T13:27:14.559Z</time>
      </trkpt>
      <trkpt lat="43.697413" lon="3.881986">
        <ele>124.096662</ele>
        <time>2026-09-28T13:27:20.724Z</time>
      </trkpt>
      <trkpt lat="43.697629" lon="3.881856">
        <ele>123.733297</ele>
        <time>2026-09-28T13:27:23.901Z</time>
      </trkpt>
      <trkpt lat="43.697867" lon="3.881579">
        <ele>123.253493</ele>
        <time>2026-09-28T13:27:27.921Z</time>
      </trkpt>
      <trkpt lat="43.698027" lon="3.881225">
        <ele>121.886092</ele>
        <time>2026-09-28T13:27:31.771Z</time>
      </trkpt>
      <trkpt lat="43.698112" lon="3.880840">
        <ele>120.550135</ele>
        <time>2026-09-28T13:27:35.376Z</time>
      </trkpt>
      <trkpt lat="43.698224" lon="3.880582">
        <ele>119.551415</ele>
        <time>2026-09-28T13:27:37.919Z</time>
      </trkpt>
      <trkpt lat="43.698445" lon="3.880386">
        <ele>118.346333</ele>
        <time>2026-09-28T13:27:40.882Z</time>
      </trkpt>
      <trkpt lat="43.698914" lon="3.880237">
        <ele>116.137431</ele>
        <time>2026-09-28T13:27:46.336Z</time>
      </trkpt>
      <trkpt lat="43.698951" lon="3.880353">
        <ele>115.716663</ele>
        <time>2026-09-28T13:27:47.582Z</time>
      </trkpt>
      <trkpt lat="43.699221" lon="3.880746">
        <ele>114.520915</ele>
        <time>2026-09-28T13:27:53.036Z</time>
      </trkpt>
      <trkpt lat="43.699442" lon="3.881343">
        <ele>113.549693</ele>
        <time>2026-09-28T13:28:00.106Z</time>
      </trkpt>
      <trkpt lat="43.699533" lon="3.881523">
        <ele>113.231639</ele>
        <time>2026-09-28T13:28:02.506Z</time>
      </trkpt>
      <trkpt lat="43.699735" lon="3.881795">
        <ele>112.666994</ele>
        <time>2026-09-28T13:28:07.102Z</time>
      </trkpt>
      <trkpt lat="43.699770" lon="3.881925">
        <ele>112.466119</ele>
        <time>2026-09-28T13:28:09.036Z</time>
      </trkpt>
      <trkpt lat="43.699768" lon="3.882000">
        <ele>112.357442</ele>
        <time>2026-09-28T13:28:10.094Z</time>
      </trkpt>
      <trkpt lat="43.699911" lon="3.882472">
        <ele>111.616380</ele>
        <time>2026-09-28T13:28:19.138Z</time>
      </trkpt>
      <trkpt lat="43.700123" lon="3.883330">
        <ele>112.530244</ele>
        <time>2026-09-28T13:28:36.890Z</time>
      </trkpt>
      <trkpt lat="43.700107" lon="3.883441">
        <ele>112.703620</ele>
        <time>2026-09-28T13:28:39.004Z</time>
      </trkpt>
      <trkpt lat="43.699919" lon="3.883659">
        <ele>113.223406</ele>
        <time>2026-09-28T13:28:45.382Z</time>
      </trkpt>
      <trkpt lat="43.699897" lon="3.883726">
        <ele>113.336126</ele>
        <time>2026-09-28T13:28:46.780Z</time>
      </trkpt>
      <trkpt lat="43.699894" lon="3.884019">
        <ele>113.784990</ele>
        <time>2026-09-28T13:28:52.509Z</time>
      </trkpt>
      <trkpt lat="43.699951" lon="3.884260">
        <ele>114.173408</ele>
        <time>2026-09-28T13:28:57.799Z</time>
      </trkpt>
      <trkpt lat="43.699993" lon="3.884384">
        <ele>114.383163</ele>
        <time>2026-09-28T13:29:00.747Z</time>
      </trkpt>
      <trkpt lat="43.700214" lon="3.884710">
        <ele>115.067725</ele>
        <time>2026-09-28T13:29:11.226Z</time>
      </trkpt>
      <trkpt lat="43.700448" lon="3.885828">
        <ele>119.475224</ele>
        <time>2026-09-28T13:29:46.652Z</time>
      </trkpt>
      <trkpt lat="43.700496" lon="3.885938">
        <ele>119.984312</ele>
        <time>2026-09-28T13:29:51.095Z</time>
      </trkpt>
      <trkpt lat="43.700575" lon="3.886030">
        <ele>120.550300</ele>
        <time>2026-09-28T13:29:56.102Z</time>
      </trkpt>
      <trkpt lat="43.700885" lon="3.886176">
        <ele>122.345074</ele>
        <time>2026-09-28T13:30:12.134Z</time>
      </trkpt>
      <trkpt lat="43.700904" lon="3.886222">
        <ele>122.554986</ele>
        <time>2026-09-28T13:30:14.001Z</time>
      </trkpt>
      <trkpt lat="43.700908" lon="3.886661">
        <ele>124.294548</ele>
        <time>2026-09-28T13:30:29.346Z</time>
      </trkpt>
      <trkpt lat="43.700942" lon="3.886852">
        <ele>125.073223</ele>
        <time>2026-09-28T13:30:36.289Z</time>
      </trkpt>
      <trkpt lat="43.701179" lon="3.887437">
        <ele>127.634347</ele>
        <time>2026-09-28T13:31:00.237Z</time>
      </trkpt>
      <trkpt lat="43.701365" lon="3.887796">
        <ele>129.321173</ele>
        <time>2026-09-28T13:31:15.035Z</time>
      </trkpt>
      <trkpt lat="43.701423" lon="3.887727">
        <ele>129.725309</ele>
        <time>2026-09-28T13:31:19.278Z</time>
      </trkpt>
      <trkpt lat="43.701689" lon="3.887559">
        <ele>131.270079</ele>
        <time>2026-09-28T13:31:31.640Z</time>
      </trkpt>
      <trkpt lat="43.701819" lon="3.887617">
        <ele>131.991680</ele>
        <time>2026-09-28T13:31:37.252Z</time>
      </trkpt>
      <trkpt lat="43.702004" lon="3.887758">
        <ele>133.107531</ele>
        <time>2026-09-28T13:31:45.719Z</time>
      </trkpt>
      <trkpt lat="43.702083" lon="3.887814">
        <ele>133.576480</ele>
        <time>2026-09-28T13:31:49.293Z</time>
      </trkpt>
      <trkpt lat="43.702197" lon="3.887518">
        <ele>134.749174</ele>
        <time>2026-09-28T13:31:58.014Z</time>
      </trkpt>
      <trkpt lat="43.702309" lon="3.887367">
        <ele>135.278867</ele>
        <time>2026-09-28T13:32:03.476Z</time>
      </trkpt>
      <trkpt lat="43.702654" lon="3.887130">
        <ele>136.583472</ele>
        <time>2026-09-28T13:32:15.888Z</time>
      </trkpt>
      <trkpt lat="43.703595" lon="3.886592">
        <ele>140.031948</ele>
        <time>2026-09-28T13:32:46.159Z</time>
      </trkpt>
      <trkpt lat="43.703777" lon="3.886429">
        <ele>140.786942</ele>
        <time>2026-09-28T13:32:53.228Z</time>
      </trkpt>
      <trkpt lat="43.703838" lon="3.886499">
        <ele>141.102143</ele>
        <time>2026-09-28T13:32:56.235Z</time>
      </trkpt>
      <trkpt lat="43.703944" lon="3.886523">
        <ele>141.529303</ele>
        <time>2026-09-28T13:33:00.202Z</time>
      </trkpt>
      <trkpt lat="43.704833" lon="3.886269">
        <ele>145.139392</ele>
        <time>2026-09-28T13:33:36.520Z</time>
      </trkpt>
      <trkpt lat="43.705286" lon="3.886315">
        <ele>146.945774</ele>
        <time>2026-09-28T13:33:54.482Z</time>
      </trkpt>
      <trkpt lat="43.705625" lon="3.886391">
        <ele>148.055104</ele>
        <time>2026-09-28T13:34:06.828Z</time>
      </trkpt>
      <trkpt lat="43.706106" lon="3.886264">
        <ele>149.025151</ele>
        <time>2026-09-28T13:34:22.760Z</time>
      </trkpt>
      <trkpt lat="43.706813" lon="3.886246">
        <ele>150.425934</ele>
        <time>2026-09-28T13:34:42.141Z</time>
      </trkpt>
      <trkpt lat="43.707531" lon="3.886276">
        <ele>150.808481</ele>
        <time>2026-09-28T13:34:59.832Z</time>
      </trkpt>
      <trkpt lat="43.707923" lon="3.886225">
        <ele>149.916152</ele>
        <time>2026-09-28T13:35:07.332Z</time>
      </trkpt>
      <trkpt lat="43.707978" lon="3.886253">
        <ele>149.783330</ele>
        <time>2026-09-28T13:35:08.383Z</time>
      </trkpt>
      <trkpt lat="43.708053" lon="3.886113">
        <ele>149.497853</ele>
        <time>2026-09-28T13:35:10.522Z</time>
      </trkpt>
      <trkpt lat="43.708083" lon="3.886129">
        <ele>149.424984</ele>
        <time>2026-09-28T13:35:11.068Z</time>
      </trkpt>
      <trkpt lat="43.708356" lon="3.886061">
        <ele>148.796322</ele>
        <time>2026-09-28T13:35:15.511Z</time>
      </trkpt>
      <trkpt lat="43.708984" lon="3.885879">
        <ele>147.342158</ele>
        <time>2026-09-28T13:35:24.679Z</time>
      </trkpt>
      <trkpt lat="43.709699" lon="3.886022">
        <ele>142.552949</ele>
        <time>2026-09-28T13:35:34.091Z</time>
      </trkpt>
      <trkpt lat="43.710033" lon="3.885986">
        <ele>140.281390</ele>
        <time>2026-09-28T13:35:41.619Z</time>
      </trkpt>
      <trkpt lat="43.710226" lon="3.886007">
        <ele>138.968707</ele>
        <time>2026-09-28T13:35:45.978Z</time>
      </trkpt>
      <trkpt lat="43.710796" lon="3.886240">
        <ele>134.989437</ele>
        <time>2026-09-28T13:35:59.473Z</time>
      </trkpt>
      <trkpt lat="43.710855" lon="3.886451">
        <ele>134.249043</ele>
        <time>2026-09-28T13:36:03.233Z</time>
      </trkpt>
      <trkpt lat="43.710745" lon="3.886839">
        <ele>132.885083</ele>
        <time>2026-09-28T13:36:10.415Z</time>
      </trkpt>
      <trkpt lat="43.710747" lon="3.886962">
        <ele>132.482446</ele>
        <time>2026-09-28T13:36:12.578Z</time>
      </trkpt>
      <trkpt lat="43.710878" lon="3.887250">
        <ele>131.368840</ele>
        <time>2026-09-28T13:36:18.634Z</time>
      </trkpt>
      <trkpt lat="43.710957" lon="3.887355">
        <ele>130.872847</ele>
        <time>2026-09-28T13:36:21.378Z</time>
      </trkpt>
      <trkpt lat="43.711181" lon="3.887538">
        <ele>129.695056</ele>
        <time>2026-09-28T13:36:27.978Z</time>
      </trkpt>
      <trkpt lat="43.711335" lon="3.887754">
        <ele>128.702169</ele>
        <time>2026-09-28T13:36:33.633Z</time>
      </trkpt>
      <trkpt lat="43.711363" lon="3.888251">
        <ele>127.070746</ele>
        <time>2026-09-28T13:36:42.866Z</time>
      </trkpt>
      <trkpt lat="43.711547" lon="3.889214">
        <ele>123.763531</ele>
        <time>2026-09-28T13:37:01.069Z</time>
      </trkpt>
      <trkpt lat="43.711523" lon="3.889504">
        <ele>122.793827</ele>
        <time>2026-09-28T13:37:06.245Z</time>
      </trkpt>
      <trkpt lat="43.711629" lon="3.889641">
        <ele>122.127135</ele>
        <time>2026-09-28T13:37:09.747Z</time>
      </trkpt>
      <trkpt lat="43.711781" lon="3.890063">
        <ele>120.560797</ele>
        <time>2026-09-28T13:37:17.915Z</time>
      </trkpt>
      <trkpt lat="43.711830" lon="3.890200">
        <ele>120.053002</ele>
        <time>2026-09-28T13:37:20.537Z</time>
      </trkpt>
      <trkpt lat="43.711850" lon="3.890444">
        <ele>119.237219</ele>
        <time>2026-09-28T13:37:24.719Z</time>
      </trkpt>
      <trkpt lat="43.711887" lon="3.890522">
        <ele>118.927280</ele>
        <time>2026-09-28T13:37:26.299Z</time>
      </trkpt>
      <trkpt lat="43.712010" lon="3.890700">
        <ele>118.091116</ele>
        <time>2026-09-28T13:37:30.440Z</time>
      </trkpt>
      <trkpt lat="43.712271" lon="3.890964">
        <ele>116.558186</ele>
        <time>2026-09-28T13:37:38.017Z</time>
      </trkpt>
      <trkpt lat="43.712881" lon="3.891700">
        <ele>112.720669</ele>
        <time>2026-09-28T13:37:57.411Z</time>
      </trkpt>
      <trkpt lat="43.713191" lon="3.892156">
        <ele>110.575361</ele>
        <time>2026-09-28T13:38:08.861Z</time>
      </trkpt>
      <trkpt lat="43.713329" lon="3.892172">
        <ele>110.004346</ele>
        <time>2026-09-28T13:38:12.404Z</time>
      </trkpt>
      <trkpt lat="43.714347" lon="3.892100">
        <ele>106.930437</ele>
        <time>2026-09-28T13:38:39.070Z</time>
      </trkpt>
      <trkpt lat="43.714426" lon="3.892158">
        <ele>106.660738</ele>
        <time>2026-09-28T13:38:41.445Z</time>
      </trkpt>
      <trkpt lat="43.714430" lon="3.892244">
        <ele>106.472899</ele>
        <time>2026-09-28T13:38:43.078Z</time>
      </trkpt>
      <trkpt lat="43.714287" lon="3.892735">
        <ele>105.319066</ele>
        <time>2026-09-28T13:38:53.063Z</time>
      </trkpt>
      <trkpt lat="43.714277" lon="3.892909">
        <ele>104.938606</ele>
        <time>2026-09-28T13:38:56.330Z</time>
      </trkpt>
      <trkpt lat="43.714299" lon="3.892947">
        <ele>104.832484</ele>
        <time>2026-09-28T13:38:57.255Z</time>
      </trkpt>
      <trkpt lat="43.714511" lon="3.893071">
        <ele>104.186803</ele>
        <time>2026-09-28T13:39:03.279Z</time>
      </trkpt>
      <trkpt lat="43.714763" lon="3.893132">
        <ele>103.478472</ele>
        <time>2026-09-28T13:39:10.048Z</time>
      </trkpt>
      <trkpt lat="43.715203" lon="3.893083">
        <ele>102.256270</ele>
        <time>2026-09-28T13:39:21.711Z</time>
      </trkpt>
      <trkpt lat="43.715345" lon="3.893003">
        <ele>101.831758</ele>
        <time>2026-09-28T13:39:25.725Z</time>
      </trkpt>
      <trkpt lat="43.715397" lon="3.893006">
        <ele>101.687656</ele>
        <time>2026-09-28T13:39:27.090Z</time>
      </trkpt>
      <trkpt lat="43.715380" lon="3.893175">
        <ele>101.346190</ele>
        <time>2026-09-28T13:39:30.300Z</time>
      </trkpt>
      <trkpt lat="43.715258" lon="3.893531">
        <ele>100.557732</ele>
        <time>2026-09-28T13:39:37.717Z</time>
      </trkpt>
      <trkpt lat="43.715286" lon="3.893638">
        <ele>100.329999</ele>
        <time>2026-09-28T13:39:39.888Z</time>
      </trkpt>
      <trkpt lat="43.715314" lon="3.893661">
        <ele>100.239839</ele>
        <time>2026-09-28T13:39:40.732Z</time>
      </trkpt>
      <trkpt lat="43.715755" lon="3.893675">
        <ele>99.288352</ele>
        <time>2026-09-28T13:39:52.448Z</time>
      </trkpt>
      <trkpt lat="43.716082" lon="3.893605">
        <ele>98.710258</ele>
        <time>2026-09-28T13:40:01.344Z</time>
      </trkpt>
      <trkpt lat="43.716490" lon="3.893410">
        <ele>97.956117</ele>
        <time>2026-09-28T13:40:12.987Z</time>
      </trkpt>
      <trkpt lat="43.716911" lon="3.893400">
        <ele>97.220486</ele>
        <time>2026-09-28T13:40:24.804Z</time>
      </trkpt>
      <trkpt lat="43.717261" lon="3.893250">
        <ele>96.615397</ele>
        <time>2026-09-28T13:40:35.821Z</time>
      </trkpt>
      <trkpt lat="43.718264" lon="3.892912">
        <ele>97.145084</ele>
        <time>2026-09-28T13:41:10.399Z</time>
      </trkpt>
      <trkpt lat="43.718955" lon="3.892583">
        <ele>97.520044</ele>
        <time>2026-09-28T13:41:36.737Z</time>
      </trkpt>
      <trkpt lat="43.719066" lon="3.892485">
        <ele>97.742332</ele>
        <time>2026-09-28T13:41:41.633Z</time>
      </trkpt>
      <trkpt lat="43.719369" lon="3.892300">
        <ele>98.371328</ele>
        <time>2026-09-28T13:41:54.165Z</time>
      </trkpt>
      <trkpt lat="43.719423" lon="3.892320">
        <ele>98.477496</ele>
        <time>2026-09-28T13:41:56.338Z</time>
      </trkpt>
      <trkpt lat="43.719686" lon="3.892650">
        <ele>99.151786</ele>
        <time>2026-09-28T13:42:10.354Z</time>
      </trkpt>
      <trkpt lat="43.719819" lon="3.892842">
        <ele>99.516831</ele>
        <time>2026-09-28T13:42:18.196Z</time>
      </trkpt>
      <trkpt lat="43.719990" lon="3.893162">
        <ele>100.063089</ele>
        <time>2026-09-28T13:42:30.183Z</time>
      </trkpt>
      <trkpt lat="43.720032" lon="3.893324">
        <ele>100.299326</ele>
        <time>2026-09-28T13:42:35.521Z</time>
      </trkpt>
      <trkpt lat="43.720040" lon="3.893668">
        <ele>100.771746</ele>
        <time>2026-09-28T13:42:46.414Z</time>
      </trkpt>
      <trkpt lat="43.720062" lon="3.893774">
        <ele>100.923122</ele>
        <time>2026-09-28T13:42:49.903Z</time>
      </trkpt>
      <trkpt lat="43.720204" lon="3.894155">
        <ele>101.519748</ele>
        <time>2026-09-28T13:43:03.522Z</time>
      </trkpt>
      <trkpt lat="43.720196" lon="3.894251">
        <ele>101.654321</ele>
        <time>2026-09-28T13:43:06.575Z</time>
      </trkpt>
      <trkpt lat="43.720155" lon="3.894310">
        <ele>101.768301</ele>
        <time>2026-09-28T13:43:09.086Z</time>
      </trkpt>
      <trkpt lat="43.719653" lon="3.894667">
        <ele>102.855852</ele>
        <time>2026-09-28T13:43:32.901Z</time>
      </trkpt>
      <trkpt lat="43.719431" lon="3.894870">
        <ele>103.368582</ele>
        <time>2026-09-28T13:43:43.433Z</time>
      </trkpt>
      <trkpt lat="43.719309" lon="3.895085">
        <ele>103.749244</ele>
        <time>2026-09-28T13:43:51.098Z</time>
      </trkpt>
      <trkpt lat="43.719273" lon="3.895238">
        <ele>103.973317</ele>
        <time>2026-09-28T13:43:55.530Z</time>
      </trkpt>
      <trkpt lat="43.719261" lon="3.895511">
        <ele>104.354196</ele>
        <time>2026-09-28T13:44:02.899Z</time>
      </trkpt>
      <trkpt lat="43.719404" lon="3.895427">
        <ele>104.519805</ele>
        <time>2026-09-28T13:44:06.696Z</time>
      </trkpt>
      <trkpt lat="43.719675" lon="3.895193">
        <ele>104.794520</ele>
        <time>2026-09-28T13:44:14.092Z</time>
      </trkpt>
      <trkpt lat="43.719850" lon="3.895096">
        <ele>104.956645</ele>
        <time>2026-09-28T13:44:18.367Z</time>
      </trkpt>
      <trkpt lat="43.720747" lon="3.894634">
        <ele>105.779765</ele>
        <time>2026-09-28T13:44:40.215Z</time>
      </trkpt>
      <trkpt lat="43.720880" lon="3.894616">
        <ele>105.894689</ele>
        <time>2026-09-28T13:44:43.408Z</time>
      </trkpt>
      <trkpt lat="43.721217" lon="3.894632">
        <ele>106.273535</ele>
        <time>2026-09-28T13:44:51.560Z</time>
      </trkpt>
      <trkpt lat="43.721628" lon="3.894551">
        <ele>106.771020</ele>
        <time>2026-09-28T13:45:02.222Z</time>
      </trkpt>
      <trkpt lat="43.722289" lon="3.894608">
        <ele>107.564654</ele>
        <time>2026-09-28T13:45:19.830Z</time>
      </trkpt>
      <trkpt lat="43.722479" lon="3.894690">
        <ele>107.803155</ele>
        <time>2026-09-28T13:45:24.892Z</time>
      </trkpt>
      <trkpt lat="43.722600" lon="3.894664">
        <ele>107.949891</ele>
        <time>2026-09-28T13:45:27.997Z</time>
      </trkpt>
      <trkpt lat="43.722729" lon="3.894551">
        <ele>108.123492</ele>
        <time>2026-09-28T13:45:31.741Z</time>
      </trkpt>
      <trkpt lat="43.723037" lon="3.894112">
        <ele>108.387707</ele>
        <time>2026-09-28T13:45:42.397Z</time>
      </trkpt>
      <trkpt lat="43.723248" lon="3.893940">
        <ele>108.534039</ele>
        <time>2026-09-28T13:45:48.171Z</time>
      </trkpt>
      <trkpt lat="43.723830" lon="3.893623">
        <ele>108.907776</ele>
        <time>2026-09-28T13:46:01.788Z</time>
      </trkpt>
      <trkpt lat="43.724672" lon="3.893032">
        <ele>109.688237</ele>
        <time>2026-09-28T13:46:21.118Z</time>
      </trkpt>
      <trkpt lat="43.725186" lon="3.892742">
        <ele>110.273452</ele>
        <time>2026-09-28T13:46:35.276Z</time>
      </trkpt>
      <trkpt lat="43.725345" lon="3.892691">
        <ele>110.445528</ele>
        <time>2026-09-28T13:46:39.500Z</time>
      </trkpt>
      <trkpt lat="43.725626" lon="3.892575">
        <ele>110.754683</ele>
        <time>2026-09-28T13:46:50.686Z</time>
      </trkpt>
      <trkpt lat="43.725808" lon="3.892447">
        <ele>110.969923</ele>
        <time>2026-09-28T13:46:58.381Z</time>
      </trkpt>
      <trkpt lat="43.725932" lon="3.892668">
        <ele>111.285832</ele>
        <time>2026-09-28T13:47:06.108Z</time>
      </trkpt>
      <trkpt lat="43.726087" lon="3.893462">
        <ele>112.570226</ele>
        <time>2026-09-28T13:47:30.341Z</time>
      </trkpt>
      <trkpt lat="43.726234" lon="3.893580">
        <ele>112.937471</ele>
        <time>2026-09-28T13:47:37.071Z</time>
      </trkpt>
      <trkpt lat="43.726436" lon="3.893591">
        <ele>113.374329</ele>
        <time>2026-09-28T13:47:44.930Z</time>
      </trkpt>
      <trkpt lat="43.726863" lon="3.893505">
        <ele>114.306796</ele>
        <time>2026-09-28T13:48:02.591Z</time>
      </trkpt>
      <trkpt lat="43.727763" lon="3.893462">
        <ele>117.136006</ele>
        <time>2026-09-28T13:48:44.770Z</time>
      </trkpt>
      <trkpt lat="43.728778" lon="3.893473">
        <ele>120.841993</ele>
        <time>2026-09-28T13:49:35.966Z</time>
      </trkpt>
      <trkpt lat="43.729368" lon="3.893537">
        <ele>122.523529</ele>
        <time>2026-09-28T13:50:04.169Z</time>
      </trkpt>
      <trkpt lat="43.729838" lon="3.893441">
        <ele>123.690194</ele>
        <time>2026-09-28T13:50:25.117Z</time>
      </trkpt>
      <trkpt lat="43.730313" lon="3.893344">
        <ele>124.869265</ele>
        <time>2026-09-28T13:50:44.758Z</time>
      </trkpt>
      <trkpt lat="43.731041" lon="3.893419">
        <ele>126.324578</ele>
        <time>2026-09-28T13:51:12.810Z</time>
      </trkpt>
      <trkpt lat="43.731494" lon="3.893396">
        <ele>126.905796</ele>
        <time>2026-09-28T13:51:29.522Z</time>
      </trkpt>
      <trkpt lat="43.731754" lon="3.893494">
        <ele>127.251306</ele>
        <time>2026-09-28T13:51:39.335Z</time>
      </trkpt>
      <trkpt lat="43.732417" lon="3.893445">
        <ele>128.102602</ele>
        <time>2026-09-28T13:52:03.794Z</time>
      </trkpt>
      <trkpt lat="43.732985" lon="3.893200">
        <ele>129.070146</ele>
        <time>2026-09-28T13:52:26.839Z</time>
      </trkpt>
      <trkpt lat="43.733294" lon="3.893137">
        <ele>129.606510</ele>
        <time>2026-09-28T13:52:39.545Z</time>
      </trkpt>
      <trkpt lat="43.733692" lon="3.892990">
        <ele>130.313904</ele>
        <time>2026-09-28T13:52:56.109Z</time>
      </trkpt>
      <trkpt lat="43.733925" lon="3.892851">
        <ele>130.749618</ele>
        <time>2026-09-28T13:53:06.037Z</time>
      </trkpt>
      <trkpt lat="43.734135" lon="3.892840">
        <ele>131.110503</ele>
        <time>2026-09-28T13:53:14.201Z</time>
      </trkpt>
      <trkpt lat="43.734391" lon="3.892754">
        <ele>131.627009</ele>
        <time>2026-09-28T13:53:24.502Z</time>
      </trkpt>
      <trkpt lat="43.734581" lon="3.893061">
        <ele>132.280290</ele>
        <time>2026-09-28T13:53:36.464Z</time>
      </trkpt>
      <trkpt lat="43.734761" lon="3.893517">
        <ele>133.120053</ele>
        <time>2026-09-28T13:53:52.011Z</time>
      </trkpt>
      <trkpt lat="43.734842" lon="3.893889">
        <ele>133.747961</ele>
        <time>2026-09-28T13:54:03.722Z</time>
      </trkpt>
      <trkpt lat="43.734879" lon="3.894274">
        <ele>134.375652</ele>
        <time>2026-09-28T13:54:15.361Z</time>
      </trkpt>
      <trkpt lat="43.734877" lon="3.895331">
        <ele>136.249320</ele>
        <time>2026-09-28T13:54:48.875Z</time>
      </trkpt>
      <trkpt lat="43.734803" lon="3.895833">
        <ele>137.270250</ele>
        <time>2026-09-28T13:55:06.072Z</time>
      </trkpt>
      <trkpt lat="43.734844" lon="3.896383">
        <ele>138.372040</ele>
        <time>2026-09-28T13:55:24.289Z</time>
      </trkpt>
      <trkpt lat="43.734856" lon="3.896616">
        <ele>138.837512</ele>
        <time>2026-09-28T13:55:31.982Z</time>
      </trkpt>
      <trkpt lat="43.734828" lon="3.897168">
        <ele>139.940178</ele>
        <time>2026-09-28T13:55:49.703Z</time>
      </trkpt>
      <trkpt lat="43.734883" lon="3.897832">
        <ele>140.403950</ele>
        <time>2026-09-28T13:56:10.029Z</time>
      </trkpt>
      <trkpt lat="43.734898" lon="3.898169">
        <ele>140.453884</ele>
        <time>2026-09-28T13:56:19.725Z</time>
      </trkpt>
      <trkpt lat="43.734879" lon="3.899229">
        <ele>140.610697</ele>
        <time>2026-09-28T13:56:43.518Z</time>
      </trkpt>
      <trkpt lat="43.734809" lon="3.899837">
        <ele>140.701749</ele>
        <time>2026-09-28T13:56:55.928Z</time>
      </trkpt>
      <trkpt lat="43.734794" lon="3.900221">
        <ele>140.490828</ele>
        <time>2026-09-28T13:57:03.640Z</time>
      </trkpt>
      <trkpt lat="43.734781" lon="3.900282">
        <ele>140.455346</ele>
        <time>2026-09-28T13:57:04.933Z</time>
      </trkpt>
      <trkpt lat="43.734728" lon="3.900330">
        <ele>140.406438</ele>
        <time>2026-09-28T13:57:06.661Z</time>
      </trkpt>
      <trkpt lat="43.734124" lon="3.900368">
        <ele>139.939579</ele>
        <time>2026-09-28T13:57:23.926Z</time>
      </trkpt>
      <trkpt lat="43.733489" lon="3.900473">
        <ele>139.445777</ele>
        <time>2026-09-28T13:57:44.628Z</time>
      </trkpt>
      <trkpt lat="43.732960" lon="3.900513">
        <ele>138.481214</ele>
        <time>2026-09-28T13:58:01.962Z</time>
      </trkpt>
      <trkpt lat="43.732719" lon="3.900641">
        <ele>137.882164</ele>
        <time>2026-09-28T13:58:09.541Z</time>
      </trkpt>
      <trkpt lat="43.732472" lon="3.900905">
        <ele>137.157918</ele>
        <time>2026-09-28T13:58:18.148Z</time>
      </trkpt>
      <trkpt lat="43.733213" lon="3.901620">
        <ele>135.005725</ele>
        <time>2026-09-28T13:58:40.978Z</time>
      </trkpt>
      <trkpt lat="43.733884" lon="3.902162">
        <ele>131.911685</ele>
        <time>2026-09-28T13:58:59.690Z</time>
      </trkpt>
      <trkpt lat="43.734271" lon="3.902436">
        <ele>130.180526</ele>
        <time>2026-09-28T13:59:10.490Z</time>
      </trkpt>
      <trkpt lat="43.735349" lon="3.902998">
        <ele>126.590258</ele>
        <time>2026-09-28T13:59:40.352Z</time>
      </trkpt>
      <trkpt lat="43.735514" lon="3.903088">
        <ele>126.179453</ele>
        <time>2026-09-28T13:59:45.101Z</time>
      </trkpt>
      <trkpt lat="43.737570" lon="3.904244">
        <ele>122.204396</ele>
        <time>2026-09-28T14:00:46.533Z</time>
      </trkpt>
      <trkpt lat="43.737768" lon="3.904329">
        <ele>121.926115</ele>
        <time>2026-09-28T14:00:52.629Z</time>
      </trkpt>
      <trkpt lat="43.737922" lon="3.904351">
        <ele>121.718292</ele>
        <time>2026-09-28T14:00:57.262Z</time>
      </trkpt>
      <trkpt lat="43.738706" lon="3.904233">
        <ele>121.669248</ele>
        <time>2026-09-28T14:01:21.997Z</time>
      </trkpt>
      <trkpt lat="43.738818" lon="3.904238">
        <ele>121.725061</ele>
        <time>2026-09-28T14:01:25.754Z</time>
      </trkpt>
      <trkpt lat="43.741399" lon="3.905381">
        <ele>124.157377</ele>
        <time>2026-09-28T14:03:03.329Z</time>
      </trkpt>
      <trkpt lat="43.742980" lon="3.906041">
        <ele>126.995780</ele>
        <time>2026-09-28T14:04:11.849Z</time>
      </trkpt>
      <trkpt lat="43.743108" lon="3.906159">
        <ele>127.273148</ele>
        <time>2026-09-28T14:04:17.865Z</time>
      </trkpt>
      <trkpt lat="43.743180" lon="3.906181">
        <ele>127.406130</ele>
        <time>2026-09-28T14:04:20.662Z</time>
      </trkpt>
      <trkpt lat="43.742977" lon="3.906435">
        <ele>127.733542</ele>
        <time>2026-09-28T14:04:26.861Z</time>
      </trkpt>
      <trkpt lat="43.743077" lon="3.906418">
        <ele>127.783547</ele>
        <time>2026-09-28T14:04:28.994Z</time>
      </trkpt>
      <trkpt lat="43.743130" lon="3.906502">
        <ele>127.823536</ele>
        <time>2026-09-28T14:04:31.977Z</time>
      </trkpt>
      <trkpt lat="43.743289" lon="3.906556">
        <ele>127.904792</ele>
        <time>2026-09-28T14:04:37.957Z</time>
      </trkpt>
      <trkpt lat="43.743488" lon="3.906495">
        <ele>128.005953</ele>
        <time>2026-09-28T14:04:45.224Z</time>
      </trkpt>
      <trkpt lat="43.743506" lon="3.906493">
        <ele>128.014916</ele>
        <time>2026-09-28T14:04:45.868Z</time>
      </trkpt>
      <trkpt lat="43.743971" lon="3.906449">
        <ele>128.246245</ele>
        <time>2026-09-28T14:05:01.862Z</time>
      </trkpt>
      <trkpt lat="43.744155" lon="3.906500">
        <ele>128.339381</ele>
        <time>2026-09-28T14:05:08.149Z</time>
      </trkpt>
      <trkpt lat="43.744417" lon="3.906490">
        <ele>128.469467</ele>
        <time>2026-09-28T14:05:16.956Z</time>
      </trkpt>
      <trkpt lat="43.745822" lon="3.906684">
        <ele>128.808597</ele>
        <time>2026-09-28T14:06:07.372Z</time>
      </trkpt>
      <trkpt lat="43.746022" lon="3.906699">
        <ele>128.848784</ele>
        <time>2026-09-28T14:06:14.307Z</time>
      </trkpt>
      <trkpt lat="43.746275" lon="3.906719">
        <ele>128.899630</ele>
        <time>2026-09-28T14:06:22.837Z</time>
      </trkpt>
      <trkpt lat="43.746693" lon="3.906712">
        <ele>128.748094</ele>
        <time>2026-09-28T14:06:36.513Z</time>
      </trkpt>
      <trkpt lat="43.747111" lon="3.906666">
        <ele>128.499028</ele>
        <time>2026-09-28T14:06:49.041Z</time>
      </trkpt>
      <trkpt lat="43.747280" lon="3.906678">
        <ele>128.398514</ele>
        <time>2026-09-28T14:06:54.064Z</time>
      </trkpt>
      <trkpt lat="43.747586" lon="3.906774">
        <ele>128.212149</ele>
        <time>2026-09-28T14:07:03.318Z</time>
      </trkpt>
      <trkpt lat="43.747704" lon="3.906782">
        <ele>128.141975</ele>
        <time>2026-09-28T14:07:06.801Z</time>
      </trkpt>
      <trkpt lat="43.748149" lon="3.906810">
        <ele>127.877383</ele>
        <time>2026-09-28T14:07:20.068Z</time>
      </trkpt>
      <trkpt lat="43.748573" lon="3.906849">
        <ele>127.723139</ele>
        <time>2026-09-28T14:07:33.066Z</time>
      </trkpt>
      <trkpt lat="43.748630" lon="3.906846">
        <ele>127.703672</ele>
        <time>2026-09-28T14:07:34.839Z</time>
      </trkpt>
      <trkpt lat="43.748821" lon="3.906833">
        <ele>127.638407</ele>
        <time>2026-09-28T14:07:40.814Z</time>
      </trkpt>
      <trkpt lat="43.748849" lon="3.906722">
        <ele>127.609421</ele>
        <time>2026-09-28T14:07:43.459Z</time>
      </trkpt>
      <trkpt lat="43.752179" lon="3.907035">
        <ele>126.749643</ele>
        <time>2026-09-28T14:08:38.360Z</time>
      </trkpt>
      <trkpt lat="43.752343" lon="3.907052">
        <ele>126.727162</ele>
        <time>2026-09-28T14:08:41.015Z</time>
      </trkpt>
      <trkpt lat="43.752729" lon="3.907098">
        <ele>126.674200</ele>
        <time>2026-09-28T14:08:47.277Z</time>
      </trkpt>
      <trkpt lat="43.753463" lon="3.907165">
        <ele>126.573644</ele>
        <time>2026-09-28T14:08:59.529Z</time>
      </trkpt>
      <trkpt lat="43.753716" lon="3.907188">
        <ele>126.670822</ele>
        <time>2026-09-28T14:09:04.362Z</time>
      </trkpt>
      <trkpt lat="43.753875" lon="3.907202">
        <ele>126.751796</ele>
        <time>2026-09-28T14:09:07.473Z</time>
      </trkpt>
      <trkpt lat="43.755375" lon="3.907347">
        <ele>127.469221</ele>
        <time>2026-09-28T14:09:38.136Z</time>
      </trkpt>
      <trkpt lat="43.756725" lon="3.907479">
        <ele>127.235815</ele>
        <time>2026-09-28T14:10:00.669Z</time>
      </trkpt>
      <trkpt lat="43.758847" lon="3.907686">
        <ele>125.719265</ele>
        <time>2026-09-28T14:10:33.229Z</time>
      </trkpt>
      <trkpt lat="43.760720" lon="3.907861">
        <ele>123.100236</ele>
        <time>2026-09-28T14:10:59.823Z</time>
      </trkpt>
      <trkpt lat="43.761383" lon="3.907923">
        <ele>122.146160</ele>
        <time>2026-09-28T14:11:09.203Z</time>
      </trkpt>
      <trkpt lat="43.762961" lon="3.908073">
        <ele>119.880130</ele>
        <time>2026-09-28T14:11:31.883Z</time>
      </trkpt>
      <trkpt lat="43.764192" lon="3.908191">
        <ele>118.121202</ele>
        <time>2026-09-28T14:11:49.479Z</time>
      </trkpt>
      <trkpt lat="43.765064" lon="3.908266">
        <ele>117.145209</ele>
        <time>2026-09-28T14:12:01.944Z</time>
      </trkpt>
      <trkpt lat="43.765623" lon="3.908315">
        <ele>116.538455</ele>
        <time>2026-09-28T14:12:10.159Z</time>
      </trkpt>
      <trkpt lat="43.766183" lon="3.908365">
        <ele>116.005713</ele>
        <time>2026-09-28T14:12:18.828Z</time>
      </trkpt>
      <trkpt lat="43.766381" lon="3.908389">
        <ele>115.926301</ele>
        <time>2026-09-28T14:12:22.011Z</time>
      </trkpt>
      <trkpt lat="43.766601" lon="3.908414">
        <ele>115.838107</ele>
        <time>2026-09-28T14:12:25.557Z</time>
      </trkpt>
      <trkpt lat="43.767133" lon="3.908464">
        <ele>115.625062</ele>
        <time>2026-09-28T14:12:34.260Z</time>
      </trkpt>
      <trkpt lat="43.767286" lon="3.908477">
        <ele>115.563817</ele>
        <time>2026-09-28T14:12:36.797Z</time>
      </trkpt>
      <trkpt lat="43.769938" lon="3.908735">
        <ele>114.652235</ele>
        <time>2026-09-28T14:13:20.055Z</time>
      </trkpt>
      <trkpt lat="43.770946" lon="3.908936">
        <ele>114.206595</ele>
        <time>2026-09-28T14:13:36.461Z</time>
      </trkpt>
      <trkpt lat="43.771922" lon="3.908889">
        <ele>113.602586</ele>
        <time>2026-09-28T14:13:51.588Z</time>
      </trkpt>
      <trkpt lat="43.772508" lon="3.908841">
        <ele>113.126694</ele>
        <time>2026-09-28T14:14:00.881Z</time>
      </trkpt>
      <trkpt lat="43.772678" lon="3.908799">
        <ele>112.986702</ele>
        <time>2026-09-28T14:14:03.591Z</time>
      </trkpt>
      <trkpt lat="43.773063" lon="3.908616">
        <ele>112.656716</ele>
        <time>2026-09-28T14:14:09.577Z</time>
      </trkpt>
      <trkpt lat="43.773261" lon="3.908535">
        <ele>112.463325</ele>
        <time>2026-09-28T14:14:12.504Z</time>
      </trkpt>
      <trkpt lat="43.773483" lon="3.908478">
        <ele>112.158088</ele>
        <time>2026-09-28T14:14:15.720Z</time>
      </trkpt>
      <trkpt lat="43.773529" lon="3.908461">
        <ele>112.093725</ele>
        <time>2026-09-28T14:14:16.406Z</time>
      </trkpt>
      <trkpt lat="43.773674" lon="3.908399">
        <ele>111.888569</ele>
        <time>2026-09-28T14:14:18.584Z</time>
      </trkpt>
      <trkpt lat="43.774136" lon="3.908045">
        <ele>111.174767</ele>
        <time>2026-09-28T14:14:26.141Z</time>
      </trkpt>
      <trkpt lat="43.774260" lon="3.907948">
        <ele>110.982237</ele>
        <time>2026-09-28T14:14:28.163Z</time>
      </trkpt>
      <trkpt lat="43.774830" lon="3.907443">
        <ele>110.074806</ele>
        <time>2026-09-28T14:14:37.638Z</time>
      </trkpt>
      <trkpt lat="43.774939" lon="3.907378">
        <ele>109.954615</ele>
        <time>2026-09-28T14:14:39.388Z</time>
      </trkpt>
      <trkpt lat="43.775181" lon="3.907323">
        <ele>109.706247</ele>
        <time>2026-09-28T14:14:43.123Z</time>
      </trkpt>
      <trkpt lat="43.775374" lon="3.907297">
        <ele>109.509860</ele>
        <time>2026-09-28T14:14:46.111Z</time>
      </trkpt>
      <trkpt lat="43.775796" lon="3.907369">
        <ele>109.079241</ele>
        <time>2026-09-28T14:14:52.568Z</time>
      </trkpt>
      <trkpt lat="43.776005" lon="3.907414">
        <ele>108.865030</ele>
        <time>2026-09-28T14:14:55.763Z</time>
      </trkpt>
      <trkpt lat="43.776208" lon="3.907462">
        <ele>108.656463</ele>
        <time>2026-09-28T14:14:58.810Z</time>
      </trkpt>
      <trkpt lat="43.776330" lon="3.907490">
        <ele>108.531221</ele>
        <time>2026-09-28T14:15:00.629Z</time>
      </trkpt>
      <trkpt lat="43.777538" lon="3.907751">
        <ele>107.548623</ele>
        <time>2026-09-28T14:15:18.729Z</time>
      </trkpt>
      <trkpt lat="43.777817" lon="3.907836">
        <ele>107.334608</ele>
        <time>2026-09-28T14:15:23.204Z</time>
      </trkpt>
      <trkpt lat="43.778742" lon="3.908282">
        <ele>106.814959</ele>
        <time>2026-09-28T14:15:39.166Z</time>
      </trkpt>
      <trkpt lat="43.778845" lon="3.908302">
        <ele>106.788093</ele>
        <time>2026-09-28T14:15:40.816Z</time>
      </trkpt>
      <trkpt lat="43.779303" lon="3.908318">
        <ele>106.669750</ele>
        <time>2026-09-28T14:15:48.022Z</time>
      </trkpt>
      <trkpt lat="43.779460" lon="3.908342">
        <ele>106.628950</ele>
        <time>2026-09-28T14:15:50.819Z</time>
      </trkpt>
      <trkpt lat="43.779537" lon="3.908316">
        <ele>106.608478</ele>
        <time>2026-09-28T14:15:52.269Z</time>
      </trkpt>
      <trkpt lat="43.779638" lon="3.908785">
        <ele>106.517201</ele>
        <time>2026-09-28T14:15:58.278Z</time>
      </trkpt>
      <trkpt lat="43.779788" lon="3.909331">
        <ele>106.358716</ele>
        <time>2026-09-28T14:16:05.452Z</time>
      </trkpt>
      <trkpt lat="43.779819" lon="3.909328">
        <ele>106.343431</ele>
        <time>2026-09-28T14:16:05.942Z</time>
      </trkpt>
      <trkpt lat="43.780009" lon="3.909210">
        <ele>106.241012</ele>
        <time>2026-09-28T14:16:09.597Z</time>
      </trkpt>
      <trkpt lat="43.783637" lon="3.909818">
        <ele>103.851732</ele>
        <time>2026-09-28T14:17:06.012Z</time>
      </trkpt>
      <trkpt lat="43.783746" lon="3.909805">
        <ele>103.747876</ele>
        <time>2026-09-28T14:17:07.624Z</time>
      </trkpt>
      <trkpt lat="43.785639" lon="3.909182">
        <ele>101.957318</ele>
        <time>2026-09-28T14:17:36.354Z</time>
      </trkpt>
      <trkpt lat="43.785760" lon="3.909142">
        <ele>101.848412</ele>
        <time>2026-09-28T14:17:38.258Z</time>
      </trkpt>
      <trkpt lat="43.786146" lon="3.909014">
        <ele>101.500934</ele>
        <time>2026-09-28T14:17:44.269Z</time>
      </trkpt>
      <trkpt lat="43.786406" lon="3.908974">
        <ele>101.271914</ele>
        <time>2026-09-28T14:17:48.195Z</time>
      </trkpt>
      <trkpt lat="43.786581" lon="3.908995">
        <ele>101.118134</ele>
        <time>2026-09-28T14:17:50.904Z</time>
      </trkpt>
      <trkpt lat="43.786776" lon="3.909067">
        <ele>101.067713</ele>
        <time>2026-09-28T14:17:54.069Z</time>
      </trkpt>
      <trkpt lat="43.787135" lon="3.909319">
        <ele>101.116273</ele>
        <time>2026-09-28T14:18:00.626Z</time>
      </trkpt>
      <trkpt lat="43.787237" lon="3.909400">
        <ele>101.130458</ele>
        <time>2026-09-28T14:18:02.683Z</time>
      </trkpt>
      <trkpt lat="43.787474" lon="3.909560">
        <ele>101.162269</ele>
        <time>2026-09-28T14:18:07.630Z</time>
      </trkpt>
      <trkpt lat="43.787636" lon="3.909629">
        <ele>101.182718</ele>
        <time>2026-09-28T14:18:10.771Z</time>
      </trkpt>
      <trkpt lat="43.787800" lon="3.909658">
        <ele>101.202666</ele>
        <time>2026-09-28T14:18:13.722Z</time>
      </trkpt>
      <trkpt lat="43.787878" lon="3.909668">
        <ele>101.212117</ele>
        <time>2026-09-28T14:18:15.124Z</time>
      </trkpt>
      <trkpt lat="43.788475" lon="3.909761">
        <ele>101.340497</ele>
        <time>2026-09-28T14:18:26.880Z</time>
      </trkpt>
      <trkpt lat="43.788943" lon="3.909826">
        <ele>101.606389</ele>
        <time>2026-09-28T14:18:36.681Z</time>
      </trkpt>
      <trkpt lat="43.790348" lon="3.910034">
        <ele>102.487406</ele>
        <time>2026-09-28T14:19:03.902Z</time>
      </trkpt>
      <trkpt lat="43.790844" lon="3.910074">
        <ele>102.962452</ele>
        <time>2026-09-28T14:19:14.267Z</time>
      </trkpt>
      <trkpt lat="43.791172" lon="3.910178">
        <ele>103.284175</ele>
        <time>2026-09-28T14:19:21.494Z</time>
      </trkpt>
      <trkpt lat="43.791516" lon="3.910383">
        <ele>103.642228</ele>
        <time>2026-09-28T14:19:29.719Z</time>
      </trkpt>
      <trkpt lat="43.792407" lon="3.911264">
        <ele>105.027045</ele>
        <time>2026-09-28T14:19:54.876Z</time>
      </trkpt>
      <trkpt lat="43.793192" lon="3.912040">
        <ele>106.405681</ele>
        <time>2026-09-28T14:20:17.900Z</time>
      </trkpt>
      <trkpt lat="43.793683" lon="3.912660">
        <ele>107.292487</ele>
        <time>2026-09-28T14:20:33.958Z</time>
      </trkpt>
      <trkpt lat="43.793701" lon="3.912681">
        <ele>107.323407</ele>
        <time>2026-09-28T14:20:34.616Z</time>
      </trkpt>
      <trkpt lat="43.793763" lon="3.912741">
        <ele>107.422778</ele>
        <time>2026-09-28T14:20:36.686Z</time>
      </trkpt>
      <trkpt lat="43.793851" lon="3.912825">
        <ele>107.563194</ele>
        <time>2026-09-28T14:20:39.258Z</time>
      </trkpt>
      <trkpt lat="43.794078" lon="3.913044">
        <ele>107.926654</ele>
        <time>2026-09-28T14:20:45.836Z</time>
      </trkpt>
      <trkpt lat="43.794344" lon="3.913244">
        <ele>108.324317</ele>
        <time>2026-09-28T14:20:52.882Z</time>
      </trkpt>
      <trkpt lat="43.794648" lon="3.913475">
        <ele>108.779891</ele>
        <time>2026-09-28T14:21:00.801Z</time>
      </trkpt>
      <trkpt lat="43.794701" lon="3.913515">
        <ele>108.859193</ele>
        <time>2026-09-28T14:21:02.148Z</time>
      </trkpt>
      <trkpt lat="43.795985" lon="3.914381">
        <ele>109.294771</ele>
        <time>2026-09-28T14:21:29.082Z</time>
      </trkpt>
      <trkpt lat="43.796240" lon="3.914559">
        <ele>109.368802</ele>
        <time>2026-09-28T14:21:33.779Z</time>
      </trkpt>
      <trkpt lat="43.796589" lon="3.914826">
        <ele>109.195185</ele>
        <time>2026-09-28T14:21:40.257Z</time>
      </trkpt>
      <trkpt lat="43.797078" lon="3.915312">
        <ele>108.688974</ele>
        <time>2026-09-28T14:21:49.580Z</time>
      </trkpt>
      <trkpt lat="43.797454" lon="3.915734">
        <ele>108.281948</ele>
        <time>2026-09-28T14:21:56.732Z</time>
      </trkpt>
      <trkpt lat="43.798061" lon="3.916254">
        <ele>107.683821</ele>
        <time>2026-09-28T14:22:07.006Z</time>
      </trkpt>
      <trkpt lat="43.798667" lon="3.916823">
        <ele>107.074352</ele>
        <time>2026-09-28T14:22:17.499Z</time>
      </trkpt>
      <trkpt lat="43.798850" lon="3.917047">
        <ele>106.871053</ele>
        <time>2026-09-28T14:22:21.066Z</time>
      </trkpt>
      <trkpt lat="43.799425" lon="3.917879">
        <ele>106.702091</ele>
        <time>2026-09-28T14:22:34.912Z</time>
      </trkpt>
      <trkpt lat="43.799545" lon="3.918065">
        <ele>106.912532</ele>
        <time>2026-09-28T14:22:38.763Z</time>
      </trkpt>
      <trkpt lat="43.799819" lon="3.918589">
        <ele>107.458349</ele>
        <time>2026-09-28T14:22:49.851Z</time>
      </trkpt>
      <trkpt lat="43.800755" lon="3.919598">
        <ele>108.959303</ele>
        <time>2026-09-28T14:23:19.578Z</time>
      </trkpt>
      <trkpt lat="43.801493" lon="3.920523">
        <ele>110.509019</ele>
        <time>2026-09-28T14:23:40.844Z</time>
      </trkpt>
      <trkpt lat="43.801580" lon="3.920631">
        <ele>110.690923</ele>
        <time>2026-09-28T14:23:43.499Z</time>
      </trkpt>
      <trkpt lat="43.801727" lon="3.920809">
        <ele>110.994939</ele>
        <time>2026-09-28T14:23:48.204Z</time>
      </trkpt>
      <trkpt lat="43.802157" lon="3.921344">
        <ele>113.005372</ele>
        <time>2026-09-28T14:24:04.626Z</time>
      </trkpt>
      <trkpt lat="43.802319" lon="3.921587">
        <ele>114.070638</ele>
        <time>2026-09-28T14:24:12.517Z</time>
      </trkpt>
      <trkpt lat="43.803229" lon="3.923230">
        <ele>120.789747</ele>
        <time>2026-09-28T14:25:15.382Z</time>
      </trkpt>
      <trkpt lat="43.803357" lon="3.923425">
        <ele>121.668492</ele>
        <time>2026-09-28T14:25:23.588Z</time>
      </trkpt>
      <trkpt lat="43.803477" lon="3.923559">
        <ele>122.380400</ele>
        <time>2026-09-28T14:25:29.972Z</time>
      </trkpt>
      <trkpt lat="43.804240" lon="3.924237">
        <ele>126.567344</ele>
        <time>2026-09-28T14:26:03.741Z</time>
      </trkpt>
      <trkpt lat="43.804436" lon="3.924476">
        <ele>127.703197</ele>
        <time>2026-09-28T14:26:12.254Z</time>
      </trkpt>
      <trkpt lat="43.804787" lon="3.925187">
        <ele>129.139098</ele>
        <time>2026-09-28T14:26:31.211Z</time>
      </trkpt>
      <trkpt lat="43.805120" lon="3.925963">
        <ele>130.643979</ele>
        <time>2026-09-28T14:26:48.611Z</time>
      </trkpt>
      <trkpt lat="43.805295" lon="3.926134">
        <ele>131.138563</ele>
        <time>2026-09-28T14:26:54.067Z</time>
      </trkpt>
      <trkpt lat="43.806132" lon="3.926635">
        <ele>131.889293</ele>
        <time>2026-09-28T14:27:14.309Z</time>
      </trkpt>
      <trkpt lat="43.806589" lon="3.926891">
        <ele>131.969013</ele>
        <time>2026-09-28T14:27:22.383Z</time>
      </trkpt>
      <trkpt lat="43.806841" lon="3.927105">
        <ele>132.016813</ele>
        <time>2026-09-28T14:27:26.962Z</time>
      </trkpt>
      <trkpt lat="43.807279" lon="3.927631">
        <ele>132.166658</ele>
        <time>2026-09-28T14:27:35.907Z</time>
      </trkpt>
      <trkpt lat="43.807582" lon="3.928168">
        <ele>132.383984</ele>
        <time>2026-09-28T14:27:43.926Z</time>
      </trkpt>
      <trkpt lat="43.807791" lon="3.928437">
        <ele>132.510002</ele>
        <time>2026-09-28T14:27:49.245Z</time>
      </trkpt>
      <trkpt lat="43.809362" lon="3.929958">
        <ele>133.167074</ele>
        <time>2026-09-28T14:28:33.294Z</time>
      </trkpt>
      <trkpt lat="43.810012" lon="3.930665">
        <ele>133.054493</ele>
        <time>2026-09-28T14:28:45.634Z</time>
      </trkpt>
      <trkpt lat="43.810628" lon="3.931161">
        <ele>131.308211</ele>
        <time>2026-09-28T14:28:54.981Z</time>
      </trkpt>
      <trkpt lat="43.811057" lon="3.931564">
        <ele>130.037837</ele>
        <time>2026-09-28T14:29:01.444Z</time>
      </trkpt>
      <trkpt lat="43.811070" lon="3.931900">
        <ele>129.442667</ele>
        <time>2026-09-28T14:29:05.087Z</time>
      </trkpt>
      <trkpt lat="43.811062" lon="3.932683">
        <ele>128.399614</ele>
        <time>2026-09-28T14:29:14.023Z</time>
      </trkpt>
      <trkpt lat="43.811055" lon="3.932968">
        <ele>128.089119</ele>
        <time>2026-09-28T14:29:17.354Z</time>
      </trkpt>
      <trkpt lat="43.811161" lon="3.933071">
        <ele>127.893780</ele>
        <time>2026-09-28T14:29:20.924Z</time>
      </trkpt>
      <trkpt lat="43.811216" lon="3.933175">
        <ele>127.753389</ele>
        <time>2026-09-28T14:29:23.493Z</time>
      </trkpt>
      <trkpt lat="43.811514" lon="3.933993">
        <ele>126.755671</ele>
        <time>2026-09-28T14:29:42.485Z</time>
      </trkpt>
      <trkpt lat="43.811620" lon="3.934357">
        <ele>126.328287</ele>
        <time>2026-09-28T14:29:51.053Z</time>
      </trkpt>
      <trkpt lat="43.811846" lon="3.935133">
        <ele>126.462852</ele>
        <time>2026-09-28T14:30:09.585Z</time>
      </trkpt>
      <trkpt lat="43.811919" lon="3.935320">
        <ele>126.527904</ele>
        <time>2026-09-28T14:30:14.343Z</time>
      </trkpt>
      <trkpt lat="43.812379" lon="3.935806">
        <ele>126.773167</ele>
        <time>2026-09-28T14:30:33.481Z</time>
      </trkpt>
      <trkpt lat="43.812403" lon="3.935883">
        <ele>126.798830</ele>
        <time>2026-09-28T14:30:35.659Z</time>
      </trkpt>
      <trkpt lat="43.812367" lon="3.936406">
        <ele>126.959578</ele>
        <time>2026-09-28T14:30:50.009Z</time>
      </trkpt>
      <trkpt lat="43.812395" lon="3.936635">
        <ele>127.178727</ele>
        <time>2026-09-28T14:30:56.711Z</time>
      </trkpt>
      <trkpt lat="43.812518" lon="3.936992">
        <ele>127.818603</ele>
        <time>2026-09-28T14:31:08.606Z</time>
      </trkpt>
      <trkpt lat="43.812628" lon="3.937181">
        <ele>128.211343</ele>
        <time>2026-09-28T14:31:16.163Z</time>
      </trkpt>
      <trkpt lat="43.812784" lon="3.937570">
        <ele>128.931169</ele>
        <time>2026-09-28T14:31:30.435Z</time>
      </trkpt>
      <trkpt lat="43.812870" lon="3.937726">
        <ele>129.248700</ele>
        <time>2026-09-28T14:31:36.774Z</time>
      </trkpt>
      <trkpt lat="43.813052" lon="3.938065">
        <ele>129.932126</ele>
        <time>2026-09-28T14:31:50.277Z</time>
      </trkpt>
      <trkpt lat="43.813315" lon="3.938471">
        <ele>130.814593</ele>
        <time>2026-09-28T14:32:06.907Z</time>
      </trkpt>
      <trkpt lat="43.813333" lon="3.938550">
        <ele>130.948590</ele>
        <time>2026-09-28T14:32:09.351Z</time>
      </trkpt>
      <trkpt lat="43.813443" lon="3.938651">
        <ele>131.053231</ele>
        <time>2026-09-28T14:32:14.573Z</time>
      </trkpt>
      <trkpt lat="43.813669" lon="3.939001">
        <ele>131.142766</ele>
        <time>2026-09-28T14:32:27.494Z</time>
      </trkpt>
      <trkpt lat="43.813862" lon="3.939245">
        <ele>131.211783</ele>
        <time>2026-09-28T14:32:36.771Z</time>
      </trkpt>
      <trkpt lat="43.814021" lon="3.939362">
        <ele>131.259343</ele>
        <time>2026-09-28T14:32:42.747Z</time>
      </trkpt>
      <trkpt lat="43.814059" lon="3.939446">
        <ele>131.278242</ele>
        <time>2026-09-28T14:32:45.036Z</time>
      </trkpt>
      <trkpt lat="43.814135" lon="3.939603">
        <ele>131.314282</ele>
        <time>2026-09-28T14:32:49.302Z</time>
      </trkpt>
      <trkpt lat="43.814325" lon="3.939693">
        <ele>131.367328</ele>
        <time>2026-09-28T14:32:55.458Z</time>
      </trkpt>
      <trkpt lat="43.814457" lon="3.939669">
        <ele>131.402500</ele>
        <time>2026-09-28T14:32:59.427Z</time>
      </trkpt>
      <trkpt lat="43.814718" lon="3.939921">
        <ele>131.486536</ele>
        <time>2026-09-28T14:33:08.767Z</time>
      </trkpt>
      <trkpt lat="43.815219" lon="3.940531">
        <ele>130.677681</ele>
        <time>2026-09-28T14:33:27.863Z</time>
      </trkpt>
      <trkpt lat="43.815285" lon="3.940680">
        <ele>130.505632</ele>
        <time>2026-09-28T14:33:31.409Z</time>
      </trkpt>
      <trkpt lat="43.816423" lon="3.942018">
        <ele>128.554467</ele>
        <time>2026-09-28T14:34:13.737Z</time>
      </trkpt>
      <trkpt lat="43.816991" lon="3.942649">
        <ele>127.705732</ele>
        <time>2026-09-28T14:34:34.825Z</time>
      </trkpt>
      <trkpt lat="43.817062" lon="3.942680">
        <ele>127.618941</ele>
        <time>2026-09-28T14:34:36.968Z</time>
      </trkpt>
      <trkpt lat="43.817277" lon="3.942578">
        <ele>127.353991</ele>
        <time>2026-09-28T14:34:43.531Z</time>
      </trkpt>
      <trkpt lat="43.817459" lon="3.942533">
        <ele>127.138444</ele>
        <time>2026-09-28T14:34:48.930Z</time>
      </trkpt>
      <trkpt lat="43.817567" lon="3.942543">
        <ele>127.012245</ele>
        <time>2026-09-28T14:34:52.065Z</time>
      </trkpt>
      <trkpt lat="43.817790" lon="3.942631">
        <ele>126.820929</ele>
        <time>2026-09-28T14:34:58.886Z</time>
      </trkpt>
      <trkpt lat="43.817862" lon="3.943081">
        <ele>126.578407</ele>
        <time>2026-09-28T14:35:08.722Z</time>
      </trkpt>
      <trkpt lat="43.817933" lon="3.943327">
        <ele>126.439002</ele>
        <time>2026-09-28T14:35:14.464Z</time>
      </trkpt>
      <trkpt lat="43.817938" lon="3.943569">
        <ele>126.311620</ele>
        <time>2026-09-28T14:35:19.743Z</time>
      </trkpt>
      <trkpt lat="43.817881" lon="3.943695">
        <ele>126.233372</ele>
        <time>2026-09-28T14:35:23.017Z</time>
      </trkpt>
      <trkpt lat="43.817687" lon="3.943958">
        <ele>126.035479</ele>
        <time>2026-09-28T14:35:31.308Z</time>
      </trkpt>
      <trkpt lat="43.817689" lon="3.944015">
        <ele>126.005452</ele>
        <time>2026-09-28T14:35:32.554Z</time>
      </trkpt>
      <trkpt lat="43.818087" lon="3.944457">
        <ele>125.642211</ele>
        <time>2026-09-28T14:35:47.776Z</time>
      </trkpt>
      <trkpt lat="43.818413" lon="3.944723">
        <ele>125.675268</ele>
        <time>2026-09-28T14:35:58.892Z</time>
      </trkpt>
      <trkpt lat="43.818552" lon="3.945026">
        <ele>125.697907</ele>
        <time>2026-09-28T14:36:06.763Z</time>
      </trkpt>
      <trkpt lat="43.818805" lon="3.945400">
        <ele>125.730231</ele>
        <time>2026-09-28T14:36:18.721Z</time>
      </trkpt>
      <trkpt lat="43.819026" lon="3.945793">
        <ele>125.761646</ele>
        <time>2026-09-28T14:36:30.817Z</time>
      </trkpt>
      <trkpt lat="43.819350" lon="3.946247">
        <ele>125.823465</ele>
        <time>2026-09-28T14:36:46.928Z</time>
      </trkpt>
      <trkpt lat="43.819440" lon="3.946332">
        <ele>125.892421</ele>
        <time>2026-09-28T14:36:50.953Z</time>
      </trkpt>
      <trkpt lat="43.819659" lon="3.946507">
        <ele>126.052477</ele>
        <time>2026-09-28T14:37:00.398Z</time>
      </trkpt>
      <trkpt lat="43.820079" lon="3.946993">
        <ele>126.398898</ele>
        <time>2026-09-28T14:37:21.073Z</time>
      </trkpt>
      <trkpt lat="43.820387" lon="3.947141">
        <ele>126.605296</ele>
        <time>2026-09-28T14:37:32.316Z</time>
      </trkpt>
      <trkpt lat="43.820785" lon="3.947433">
        <ele>126.890417</ele>
        <time>2026-09-28T14:37:46.373Z</time>
      </trkpt>
      <trkpt lat="43.821802" lon="3.948029">
        <ele>126.140709</ele>
        <time>2026-09-28T14:38:20.556Z</time>
      </trkpt>
      <trkpt lat="43.822267" lon="3.948189">
        <ele>125.770248</ele>
        <time>2026-09-28T14:38:34.596Z</time>
      </trkpt>
      <trkpt lat="43.822387" lon="3.948312">
        <ele>125.654846</ele>
        <time>2026-09-28T14:38:38.851Z</time>
      </trkpt>
      <trkpt lat="43.822581" lon="3.948275">
        <ele>125.363005</ele>
        <time>2026-09-28T14:38:41.582Z</time>
      </trkpt>
      <trkpt lat="43.822589" lon="3.948358">
        <ele>125.164068</ele>
        <time>2026-09-28T14:38:42.596Z</time>
      </trkpt>
      <trkpt lat="43.822624" lon="3.948521">
        <ele>124.760039</ele>
        <time>2026-09-28T14:38:44.555Z</time>
      </trkpt>
      <trkpt lat="43.822690" lon="3.948614">
        <ele>124.450126</ele>
        <time>2026-09-28T14:38:46.067Z</time>
      </trkpt>
      <trkpt lat="43.823118" lon="3.948797">
        <ele>122.975265</ele>
        <time>2026-09-28T14:38:52.965Z</time>
      </trkpt>
      <trkpt lat="43.823361" lon="3.948953">
        <ele>122.093449</ele>
        <time>2026-09-28T14:38:56.874Z</time>
      </trkpt>
      <trkpt lat="43.823639" lon="3.949182">
        <ele>121.028584</ele>
        <time>2026-09-28T14:39:01.434Z</time>
      </trkpt>
      <trkpt lat="43.824566" lon="3.950099">
        <ele>116.776899</ele>
        <time>2026-09-28T14:39:17.686Z</time>
      </trkpt>
      <trkpt lat="43.824949" lon="3.950397">
        <ele>115.021338</ele>
        <time>2026-09-28T14:39:24.008Z</time>
      </trkpt>
      <trkpt lat="43.825678" lon="3.950805">
        <ele>112.041413</ele>
        <time>2026-09-28T14:39:35.445Z</time>
      </trkpt>
      <trkpt lat="43.825981" lon="3.951006">
        <ele>111.091265</ele>
        <time>2026-09-28T14:39:40.462Z</time>
      </trkpt>
      <trkpt lat="43.826370" lon="3.951351">
        <ele>109.785000</ele>
        <time>2026-09-28T14:39:47.501Z</time>
      </trkpt>
      <trkpt lat="43.826384" lon="3.951363">
        <ele>109.738440</ele>
        <time>2026-09-28T14:39:47.938Z</time>
      </trkpt>
      <trkpt lat="43.828161" lon="3.952858">
        <ele>104.488211</ele>
        <time>2026-09-28T14:40:44.016Z</time>
      </trkpt>
      <trkpt lat="43.828848" lon="3.953492">
        <ele>102.792332</ele>
        <time>2026-09-28T14:41:06.045Z</time>
      </trkpt>
      <trkpt lat="43.829333" lon="3.953857">
        <ele>101.974417</ele>
        <time>2026-09-28T14:41:21.156Z</time>
      </trkpt>
      <trkpt lat="43.830745" lon="3.954751">
        <ele>99.856027</ele>
        <time>2026-09-28T14:42:06.971Z</time>
      </trkpt>
      <trkpt lat="43.831208" lon="3.954900">
        <ele>99.304770</ele>
        <time>2026-09-28T14:42:20.987Z</time>
      </trkpt>
      <trkpt lat="43.831451" lon="3.955024">
        <ele>99.004456</ele>
        <time>2026-09-28T14:42:28.423Z</time>
      </trkpt>
      <trkpt lat="43.832105" lon="3.955101">
        <ele>98.191397</ele>
        <time>2026-09-28T14:42:46.812Z</time>
      </trkpt>
      <trkpt lat="43.832560" lon="3.955044">
        <ele>97.511165</ele>
        <time>2026-09-28T14:42:59.511Z</time>
      </trkpt>
      <trkpt lat="43.832884" lon="3.955118">
        <ele>97.022243</ele>
        <time>2026-09-28T14:43:08.671Z</time>
      </trkpt>
      <trkpt lat="43.833168" lon="3.955126">
        <ele>96.599295</ele>
        <time>2026-09-28T14:43:16.640Z</time>
      </trkpt>
      <trkpt lat="43.833295" lon="3.955173">
        <ele>96.403577</ele>
        <time>2026-09-28T14:43:20.306Z</time>
      </trkpt>
      <trkpt lat="43.833529" lon="3.955354">
        <ele>96.004596</ele>
        <time>2026-09-28T14:43:27.885Z</time>
      </trkpt>
      <trkpt lat="43.833838" lon="3.955674">
        <ele>95.654364</ele>
        <time>2026-09-28T14:43:39.353Z</time>
      </trkpt>
      <trkpt lat="43.834012" lon="3.955901">
        <ele>95.549685</ele>
        <time>2026-09-28T14:43:46.747Z</time>
      </trkpt>
      <trkpt lat="43.834232" lon="3.956160">
        <ele>95.423234</ele>
        <time>2026-09-28T14:43:55.628Z</time>
      </trkpt>
      <trkpt lat="43.834337" lon="3.956370">
        <ele>95.342484</ele>
        <time>2026-09-28T14:44:01.254Z</time>
      </trkpt>
      <trkpt lat="43.834576" lon="3.956402">
        <ele>95.237288</ele>
        <time>2026-09-28T14:44:08.511Z</time>
      </trkpt>
      <trkpt lat="43.834658" lon="3.956471">
        <ele>95.195263</ele>
        <time>2026-09-28T14:44:11.440Z</time>
      </trkpt>
      <trkpt lat="43.834742" lon="3.956572">
        <ele>95.146548</ele>
        <time>2026-09-28T14:44:14.819Z</time>
      </trkpt>
      <trkpt lat="43.834824" lon="3.956778">
        <ele>95.072192</ele>
        <time>2026-09-28T14:44:19.967Z</time>
      </trkpt>
      <trkpt lat="43.834810" lon="3.957130">
        <ele>94.960782</ele>
        <time>2026-09-28T14:44:27.831Z</time>
      </trkpt>
      <trkpt lat="43.834784" lon="3.957254">
        <ele>95.083954</ele>
        <time>2026-09-28T14:44:30.858Z</time>
      </trkpt>
      <trkpt lat="43.834895" lon="3.957341">
        <ele>95.258267</ele>
        <time>2026-09-28T14:44:35.144Z</time>
      </trkpt>
      <trkpt lat="43.835054" lon="3.957545">
        <ele>95.554428</ele>
        <time>2026-09-28T14:44:42.519Z</time>
      </trkpt>
      <trkpt lat="43.835215" lon="3.957906">
        <ele>95.972951</ele>
        <time>2026-09-28T14:44:53.390Z</time>
      </trkpt>
      <trkpt lat="43.835262" lon="3.958074">
        <ele>96.150637</ele>
        <time>2026-09-28T14:44:58.129Z</time>
      </trkpt>
      <trkpt lat="43.835341" lon="3.958358">
        <ele>96.450788</ele>
        <time>2026-09-28T14:45:06.554Z</time>
      </trkpt>
      <trkpt lat="43.835451" lon="3.958557">
        <ele>96.698010</ele>
        <time>2026-09-28T14:45:14.016Z</time>
      </trkpt>
      <trkpt lat="43.835762" lon="3.958905">
        <ele>97.244368</ele>
        <time>2026-09-28T14:45:31.262Z</time>
      </trkpt>
      <trkpt lat="43.836276" lon="3.959215">
        <ele>98.071060</ele>
        <time>2026-09-28T14:45:56.055Z</time>
      </trkpt>
      <trkpt lat="43.836560" lon="3.959331">
        <ele>98.517103</ele>
        <time>2026-09-28T14:46:08.730Z</time>
      </trkpt>
      <trkpt lat="43.836953" lon="3.959374">
        <ele>99.111018</ele>
        <time>2026-09-28T14:46:24.283Z</time>
      </trkpt>
      <trkpt lat="43.837001" lon="3.959341">
        <ele>99.191735</ele>
        <time>2026-09-28T14:46:26.298Z</time>
      </trkpt>
      <trkpt lat="43.837394" lon="3.959111">
        <ele>99.834402</ele>
        <time>2026-09-28T14:46:41.111Z</time>
      </trkpt>
      <trkpt lat="43.837446" lon="3.959052">
        <ele>99.935634</ele>
        <time>2026-09-28T14:46:43.322Z</time>
      </trkpt>
      <trkpt lat="43.837658" lon="3.958759">
        <ele>100.010193</ele>
        <time>2026-09-28T14:46:52.641Z</time>
      </trkpt>
      <trkpt lat="43.838044" lon="3.958313">
        <ele>99.663986</ele>
        <time>2026-09-28T14:47:07.810Z</time>
      </trkpt>
      <trkpt lat="43.838384" lon="3.957867">
        <ele>99.341487</ele>
        <time>2026-09-28T14:47:21.864Z</time>
      </trkpt>
      <trkpt lat="43.839748" lon="3.956608">
        <ele>97.317466</ele>
        <time>2026-09-28T14:48:09.123Z</time>
      </trkpt>
      <trkpt lat="43.840617" lon="3.955885">
        <ele>95.984288</ele>
        <time>2026-09-28T14:48:36.504Z</time>
      </trkpt>
      <trkpt lat="43.840710" lon="3.955786">
        <ele>95.968669</ele>
        <time>2026-09-28T14:48:39.797Z</time>
      </trkpt>
      <trkpt lat="43.840812" lon="3.955594">
        <ele>95.945759</ele>
        <time>2026-09-28T14:48:44.711Z</time>
      </trkpt>
      <trkpt lat="43.840896" lon="3.955398">
        <ele>95.923854</ele>
        <time>2026-09-28T14:48:49.616Z</time>
      </trkpt>
      <trkpt lat="43.840930" lon="3.955281">
        <ele>95.911735</ele>
        <time>2026-09-28T14:48:52.410Z</time>
      </trkpt>
      <trkpt lat="43.840984" lon="3.954987">
        <ele>95.882587</ele>
        <time>2026-09-28T14:48:56.810Z</time>
      </trkpt>
      <trkpt lat="43.841104" lon="3.954494">
        <ele>95.832597</ele>
        <time>2026-09-28T14:49:05.336Z</time>
      </trkpt>
      <trkpt lat="43.841432" lon="3.954168">
        <ele>95.778839</ele>
        <time>2026-09-28T14:49:15.685Z</time>
      </trkpt>
      <trkpt lat="43.841624" lon="3.954134">
        <ele>95.854180</ele>
        <time>2026-09-28T14:49:20.866Z</time>
      </trkpt>
      <trkpt lat="43.841754" lon="3.954018">
        <ele>95.950187</ele>
        <time>2026-09-28T14:49:24.986Z</time>
      </trkpt>
      <trkpt lat="43.842005" lon="3.953536">
        <ele>96.216471</ele>
        <time>2026-09-28T14:49:35.873Z</time>
      </trkpt>
      <trkpt lat="43.842367" lon="3.953044">
        <ele>96.531277</ele>
        <time>2026-09-28T14:49:47.661Z</time>
      </trkpt>
      <trkpt lat="43.842653" lon="3.952172">
        <ele>96.793393</ele>
        <time>2026-09-28T14:50:01.171Z</time>
      </trkpt>
      <trkpt lat="43.842753" lon="3.951970">
        <ele>96.650203</ele>
        <time>2026-09-28T14:50:04.405Z</time>
      </trkpt>
      <trkpt lat="43.842844" lon="3.951816">
        <ele>96.533849</ele>
        <time>2026-09-28T14:50:06.977Z</time>
      </trkpt>
      <trkpt lat="43.843001" lon="3.951631">
        <ele>96.366891</ele>
        <time>2026-09-28T14:50:10.622Z</time>
      </trkpt>
      <trkpt lat="43.843467" lon="3.951346">
        <ele>95.954179</ele>
        <time>2026-09-28T14:50:19.565Z</time>
      </trkpt>
      <trkpt lat="43.843599" lon="3.951226">
        <ele>95.826275</ele>
        <time>2026-09-28T14:50:22.324Z</time>
      </trkpt>
      <trkpt lat="43.843798" lon="3.950938">
        <ele>95.593182</ele>
        <time>2026-09-28T14:50:27.221Z</time>
      </trkpt>
      <trkpt lat="43.843859" lon="3.950863">
        <ele>95.527117</ele>
        <time>2026-09-28T14:50:28.635Z</time>
      </trkpt>
      <trkpt lat="43.843630" lon="3.949645">
        <ele>95.516097</ele>
        <time>2026-09-28T14:50:45.104Z</time>
      </trkpt>
      <trkpt lat="43.843578" lon="3.949490">
        <ele>95.529492</ele>
        <time>2026-09-28T14:50:47.654Z</time>
      </trkpt>
      <trkpt lat="43.843451" lon="3.949302">
        <ele>95.549675</ele>
        <time>2026-09-28T14:50:51.671Z</time>
      </trkpt>
      <trkpt lat="43.843451" lon="3.949183">
        <ele>95.559000</ele>
        <time>2026-09-28T14:50:53.576Z</time>
      </trkpt>
      <trkpt lat="43.843768" lon="3.948340">
        <ele>95.806324</ele>
        <time>2026-09-28T14:51:09.587Z</time>
      </trkpt>
      <trkpt lat="43.843989" lon="3.947461">
        <ele>97.526688</ele>
        <time>2026-09-28T14:51:27.858Z</time>
      </trkpt>
      <trkpt lat="43.844311" lon="3.946724">
        <ele>99.119164</ele>
        <time>2026-09-28T14:51:47.479Z</time>
      </trkpt>
      <trkpt lat="43.844382" lon="3.946720">
        <ele>99.301248</ele>
        <time>2026-09-28T14:51:50.775Z</time>
      </trkpt>
      <trkpt lat="43.844429" lon="3.946620">
        <ele>99.521836</ele>
        <time>2026-09-28T14:51:54.845Z</time>
      </trkpt>
      <trkpt lat="43.844509" lon="3.946431">
        <ele>99.926837</ele>
        <time>2026-09-28T14:52:02.694Z</time>
      </trkpt>
      <trkpt lat="43.844582" lon="3.946363">
        <ele>100.152189</ele>
        <time>2026-09-28T14:52:07.236Z</time>
      </trkpt>
      <trkpt lat="43.844800" lon="3.946404">
        <ele>101.025087</ele>
        <time>2026-09-28T14:52:19.029Z</time>
      </trkpt>
      <trkpt lat="43.845239" lon="3.946346">
        <ele>102.881185</ele>
        <time>2026-09-28T14:52:44.047Z</time>
      </trkpt>
      <trkpt lat="43.845409" lon="3.945278">
        <ele>106.201169</ele>
        <time>2026-09-28T14:53:13.477Z</time>
      </trkpt>
      <trkpt lat="43.845487" lon="3.945105">
        <ele>106.820492</ele>
        <time>2026-09-28T14:53:18.498Z</time>
      </trkpt>
      <trkpt lat="43.845667" lon="3.944988">
        <ele>107.657218</ele>
        <time>2026-09-28T14:53:25.081Z</time>
      </trkpt>
      <trkpt lat="43.845786" lon="3.944947">
        <ele>107.925990</ele>
        <time>2026-09-28T14:53:29.059Z</time>
      </trkpt>
      <trkpt lat="43.846293" lon="3.944900">
        <ele>108.627942</ele>
        <time>2026-09-28T14:53:42.857Z</time>
      </trkpt>
      <trkpt lat="43.846484" lon="3.944850">
        <ele>108.896457</ele>
        <time>2026-09-28T14:53:46.958Z</time>
      </trkpt>
      <trkpt lat="43.846960" lon="3.944482">
        <ele>109.649325</ele>
        <time>2026-09-28T14:53:57.259Z</time>
      </trkpt>
      <trkpt lat="43.847427" lon="3.944287">
        <ele>110.294562</ele>
        <time>2026-09-28T14:54:07.144Z</time>
      </trkpt>
      <trkpt lat="43.847440" lon="3.944289">
        <ele>110.297117</ele>
        <time>2026-09-28T14:54:07.415Z</time>
      </trkpt>
      <trkpt lat="43.847501" lon="3.944301">
        <ele>110.309151</ele>
        <time>2026-09-28T14:54:08.624Z</time>
      </trkpt>
      <trkpt lat="43.847640" lon="3.944299">
        <ele>110.336303</ele>
        <time>2026-09-28T14:54:11.800Z</time>
      </trkpt>
      <trkpt lat="43.847960" lon="3.944358">
        <ele>110.399357</ele>
        <time>2026-09-28T14:54:19.030Z</time>
      </trkpt>
      <trkpt lat="43.849160" lon="3.944612">
        <ele>110.636465</ele>
        <time>2026-09-28T14:54:44.309Z</time>
      </trkpt>
      <trkpt lat="43.849468" lon="3.944564">
        <ele>110.418539</ele>
        <time>2026-09-28T14:54:49.950Z</time>
      </trkpt>
      <trkpt lat="43.849879" lon="3.944400">
        <ele>110.085300</ele>
        <time>2026-09-28T14:55:02.339Z</time>
      </trkpt>
      <trkpt lat="43.850175" lon="3.944465">
        <ele>109.851788</ele>
        <time>2026-09-28T14:55:10.994Z</time>
      </trkpt>
      <trkpt lat="43.850653" lon="3.944481">
        <ele>109.479231</ele>
        <time>2026-09-28T14:55:24.789Z</time>
      </trkpt>
      <trkpt lat="43.850721" lon="3.944483">
        <ele>109.426235</ele>
        <time>2026-09-28T14:55:26.755Z</time>
      </trkpt>
      <trkpt lat="43.851958" lon="3.944573">
        <ele>108.728087</ele>
        <time>2026-09-28T14:56:04.887Z</time>
      </trkpt>
      <trkpt lat="43.852170" lon="3.944564">
        <ele>108.619497</ele>
        <time>2026-09-28T14:56:11.559Z</time>
      </trkpt>
      <trkpt lat="43.852664" lon="3.944560">
        <ele>108.366577</ele>
        <time>2026-09-28T14:56:26.557Z</time>
      </trkpt>
      <trkpt lat="43.853363" lon="3.944625">
        <ele>108.178984</ele>
        <time>2026-09-28T14:56:46.994Z</time>
      </trkpt>
      <trkpt lat="43.853638" lon="3.944552">
        <ele>108.114503</ele>
        <time>2026-09-28T14:56:55.228Z</time>
      </trkpt>
      <trkpt lat="43.853714" lon="3.944537">
        <ele>108.096824</ele>
        <time>2026-09-28T14:56:57.535Z</time>
      </trkpt>
      <trkpt lat="43.854267" lon="3.944299">
        <ele>107.963478</ele>
        <time>2026-09-28T14:57:15.780Z</time>
      </trkpt>
      <trkpt lat="43.855144" lon="3.943833">
        <ele>108.889551</ele>
        <time>2026-09-28T14:57:50.891Z</time>
      </trkpt>
      <trkpt lat="43.855415" lon="3.943582">
        <ele>109.359026</ele>
        <time>2026-09-28T14:58:04.368Z</time>
      </trkpt>
      <trkpt lat="43.855632" lon="3.943438">
        <ele>109.705589</ele>
        <time>2026-09-28T14:58:14.235Z</time>
      </trkpt>
      <trkpt lat="43.856571" lon="3.943178">
        <ele>110.534832</ele>
        <time>2026-09-28T14:58:50.832Z</time>
      </trkpt>
      <trkpt lat="43.857089" lon="3.943111">
        <ele>110.584472</ele>
        <time>2026-09-28T14:59:08.007Z</time>
      </trkpt>
      <trkpt lat="43.857238" lon="3.942977">
        <ele>110.601417</ele>
        <time>2026-09-28T14:59:13.564Z</time>
      </trkpt>
      <trkpt lat="43.857265" lon="3.942955">
        <ele>110.604405</ele>
        <time>2026-09-28T14:59:14.538Z</time>
      </trkpt>
      <trkpt lat="43.857341" lon="3.942875">
        <ele>110.613508</ele>
        <time>2026-09-28T14:59:17.467Z</time>
      </trkpt>
      <trkpt lat="43.857596" lon="3.942848">
        <ele>110.637910</ele>
        <time>2026-09-28T14:59:25.193Z</time>
      </trkpt>
      <trkpt lat="43.858005" lon="3.942742">
        <ele>110.531881</ele>
        <time>2026-09-28T14:59:37.449Z</time>
      </trkpt>
      <trkpt lat="43.858740" lon="3.942456">
        <ele>109.562607</ele>
        <time>2026-09-28T14:59:59.179Z</time>
      </trkpt>
      <trkpt lat="43.858976" lon="3.942258">
        <ele>109.212392</ele>
        <time>2026-09-28T15:00:06.988Z</time>
      </trkpt>
      <trkpt lat="43.859129" lon="3.942247">
        <ele>109.017865</ele>
        <time>2026-09-28T15:00:11.360Z</time>
      </trkpt>
      <trkpt lat="43.859472" lon="3.942312">
        <ele>108.578308</ele>
        <time>2026-09-28T15:00:21.223Z</time>
      </trkpt>
      <trkpt lat="43.859807" lon="3.942335">
        <ele>108.291088</ele>
        <time>2026-09-28T15:00:30.847Z</time>
      </trkpt>
      <trkpt lat="43.860194" lon="3.942388">
        <ele>108.093396</ele>
        <time>2026-09-28T15:00:42.153Z</time>
      </trkpt>
      <trkpt lat="43.860320" lon="3.942437">
        <ele>108.026872</ele>
        <time>2026-09-28T15:00:45.975Z</time>
      </trkpt>
      <trkpt lat="43.860238" lon="3.942962">
        <ele>107.829973</ele>
        <time>2026-09-28T15:00:53.002Z</time>
      </trkpt>
      <trkpt lat="43.859938" lon="3.943629">
        <ele>107.541819</ele>
        <time>2026-09-28T15:01:04.328Z</time>
      </trkpt>
      <trkpt lat="43.860002" lon="3.943818">
        <ele>107.471955</ele>
        <time>2026-09-28T15:01:07.569Z</time>
      </trkpt>
      <trkpt lat="43.860043" lon="3.943832">
        <ele>107.486065</ele>
        <time>2026-09-28T15:01:08.468Z</time>
      </trkpt>
      <trkpt lat="43.860419" lon="3.943689">
        <ele>107.616349</ele>
        <time>2026-09-28T15:01:17.163Z</time>
      </trkpt>
      <trkpt lat="43.860616" lon="3.943651">
        <ele>107.682813</ele>
        <time>2026-09-28T15:01:21.632Z</time>
      </trkpt>
      <trkpt lat="43.860726" lon="3.943697">
        <ele>107.721206</ele>
        <time>2026-09-28T15:01:24.214Z</time>
      </trkpt>
      <trkpt lat="43.860811" lon="3.943879">
        <ele>107.773452</ele>
        <time>2026-09-28T15:01:27.711Z</time>
      </trkpt>
      <trkpt lat="43.860932" lon="3.943967">
        <ele>107.819108</ele>
        <time>2026-09-28T15:01:30.730Z</time>
      </trkpt>
      <trkpt lat="43.861316" lon="3.944138">
        <ele>107.953879</ele>
        <time>2026-09-28T15:01:39.646Z</time>
      </trkpt>
      <trkpt lat="43.861637" lon="3.944351">
        <ele>108.070079</ele>
        <time>2026-09-28T15:01:46.894Z</time>
      </trkpt>
      <trkpt lat="43.862769" lon="3.945291">
        <ele>108.021295</ele>
        <time>2026-09-28T15:02:12.345Z</time>
      </trkpt>
      <trkpt lat="43.863655" lon="3.946428">
        <ele>108.491491</ele>
        <time>2026-09-28T15:02:37.400Z</time>
      </trkpt>
      <trkpt lat="43.864474" lon="3.947408">
        <ele>109.231211</ele>
        <time>2026-09-28T15:03:03.015Z</time>
      </trkpt>
      <trkpt lat="43.864681" lon="3.947659">
        <ele>109.749937</ele>
        <time>2026-09-28T15:03:10.180Z</time>
      </trkpt>
      <trkpt lat="43.865089" lon="3.948032">
        <ele>110.671844</ele>
        <time>2026-09-28T15:03:23.560Z</time>
      </trkpt>
      <trkpt lat="43.865732" lon="3.948688">
        <ele>112.177759</ele>
        <time>2026-09-28T15:03:47.275Z</time>
      </trkpt>
      <trkpt lat="43.866343" lon="3.949090">
        <ele>113.556985</ele>
        <time>2026-09-28T15:04:08.379Z</time>
      </trkpt>
      <trkpt lat="43.866664" lon="3.949235">
        <ele>114.270179</ele>
        <time>2026-09-28T15:04:18.498Z</time>
      </trkpt>
      <trkpt lat="43.866750" lon="3.949303">
        <ele>114.479308</ele>
        <time>2026-09-28T15:04:21.457Z</time>
      </trkpt>
      <trkpt lat="43.867507" lon="3.948001">
        <ele>116.950248</ele>
        <time>2026-09-28T15:04:52.307Z</time>
      </trkpt>
      <trkpt lat="43.867779" lon="3.947605">
        <ele>117.683077</ele>
        <time>2026-09-28T15:05:01.983Z</time>
      </trkpt>
      <trkpt lat="43.868118" lon="3.947211">
        <ele>118.505018</ele>
        <time>2026-09-28T15:05:13.103Z</time>
      </trkpt>
      <trkpt lat="43.869041" lon="3.946136">
        <ele>121.035840</ele>
        <time>2026-09-28T15:05:44.502Z</time>
      </trkpt>
      <trkpt lat="43.869849" lon="3.945136">
        <ele>123.626905</ele>
        <time>2026-09-28T15:06:14.751Z</time>
      </trkpt>
      <trkpt lat="43.870446" lon="3.944437">
        <ele>126.129921</ele>
        <time>2026-09-28T15:06:38.745Z</time>
      </trkpt>
      <trkpt lat="43.871195" lon="3.943563">
        <ele>129.488613</ele>
        <time>2026-09-28T15:07:11.433Z</time>
      </trkpt>
      <trkpt lat="43.871285" lon="3.943457">
        <ele>129.893758</ele>
        <time>2026-09-28T15:07:15.489Z</time>
      </trkpt>
      <trkpt lat="43.871614" lon="3.943077">
        <ele>131.466835</ele>
        <time>2026-09-28T15:07:30.495Z</time>
      </trkpt>
      <trkpt lat="43.871678" lon="3.943039">
        <ele>131.727248</ele>
        <time>2026-09-28T15:07:32.980Z</time>
      </trkpt>
      <trkpt lat="43.871705" lon="3.943040">
        <ele>131.828282</ele>
        <time>2026-09-28T15:07:33.961Z</time>
      </trkpt>
      <trkpt lat="43.871785" lon="3.942998">
        <ele>132.148253</ele>
        <time>2026-09-28T15:07:37.066Z</time>
      </trkpt>
      <trkpt lat="43.871834" lon="3.942900">
        <ele>132.469866</ele>
        <time>2026-09-28T15:07:40.118Z</time>
      </trkpt>
      <trkpt lat="43.871840" lon="3.942854">
        <ele>132.595925</ele>
        <time>2026-09-28T15:07:41.341Z</time>
      </trkpt>
      <trkpt lat="43.871932" lon="3.942671">
        <ele>133.197556</ele>
        <time>2026-09-28T15:07:47.441Z</time>
      </trkpt>
      <trkpt lat="43.872008" lon="3.942585">
        <ele>133.564440</ele>
        <time>2026-09-28T15:07:51.112Z</time>
      </trkpt>
      <trkpt lat="43.872163" lon="3.942498">
        <ele>134.189913</ele>
        <time>2026-09-28T15:07:57.265Z</time>
      </trkpt>
      <trkpt lat="43.872311" lon="3.942238">
        <ele>135.083257</ele>
        <time>2026-09-28T15:08:05.960Z</time>
      </trkpt>
      <trkpt lat="43.872356" lon="3.942066">
        <ele>135.576675</ele>
        <time>2026-09-28T15:08:10.586Z</time>
      </trkpt>
      <trkpt lat="43.872375" lon="3.941837">
        <ele>136.198274</ele>
        <time>2026-09-28T15:08:16.266Z</time>
      </trkpt>
      <trkpt lat="43.872369" lon="3.941688">
        <ele>136.600695</ele>
        <time>2026-09-28T15:08:19.978Z</time>
      </trkpt>
      <trkpt lat="43.872019" lon="3.940436">
        <ele>139.470039</ele>
        <time>2026-09-28T15:08:54.680Z</time>
      </trkpt>
      <trkpt lat="43.872363" lon="3.940175">
        <ele>140.601071</ele>
        <time>2026-09-28T15:09:07.803Z</time>
      </trkpt>
      <trkpt lat="43.872328" lon="3.939751">
        <ele>141.488527</ele>
        <time>2026-09-28T15:09:16.794Z</time>
      </trkpt>
      <trkpt lat="43.872289" lon="3.939535">
        <ele>141.951566</ele>
        <time>2026-09-28T15:09:20.319Z</time>
      </trkpt>
      <trkpt lat="43.872285" lon="3.939340">
        <ele>142.124262</ele>
        <time>2026-09-28T15:09:23.125Z</time>
      </trkpt>
      <trkpt lat="43.872249" lon="3.939135">
        <ele>142.122387</ele>
        <time>2026-09-28T15:09:26.161Z</time>
      </trkpt>
      <trkpt lat="43.872191" lon="3.939012">
        <ele>142.121081</ele>
        <time>2026-09-28T15:09:28.195Z</time>
      </trkpt>
      <trkpt lat="43.872034" lon="3.938856">
        <ele>142.118701</ele>
        <time>2026-09-28T15:09:31.997Z</time>
      </trkpt>
      <trkpt lat="43.871930" lon="3.938682">
        <ele>142.116692</ele>
        <time>2026-09-28T15:09:35.156Z</time>
      </trkpt>
      <trkpt lat="43.871824" lon="3.938743">
        <ele>142.115277</ele>
        <time>2026-09-28T15:09:37.247Z</time>
      </trkpt>
      <trkpt lat="43.871736" lon="3.938646">
        <ele>142.113892</ele>
        <time>2026-09-28T15:09:39.212Z</time>
      </trkpt>
      <trkpt lat="43.871601" lon="3.938775">
        <ele>142.111871</ele>
        <time>2026-09-28T15:09:41.929Z</time>
      </trkpt>
      <trkpt lat="43.871292" lon="3.938420">
        <ele>142.106925</ele>
        <time>2026-09-28T15:09:48.653Z</time>
      </trkpt>
      <trkpt lat="43.871094" lon="3.938233">
        <ele>142.103973</ele>
        <time>2026-09-28T15:09:52.454Z</time>
      </trkpt>
      <trkpt lat="43.870847" lon="3.937903">
        <ele>141.971407</ele>
        <time>2026-09-28T15:09:58.664Z</time>
      </trkpt>
      <trkpt lat="43.870762" lon="3.937770">
        <ele>141.909074</ele>
        <time>2026-09-28T15:10:01.723Z</time>
      </trkpt>
      <trkpt lat="43.870555" lon="3.937532">
        <ele>141.778279</ele>
        <time>2026-09-28T15:10:08.895Z</time>
      </trkpt>
      <trkpt lat="43.870413" lon="3.937143">
        <ele>141.625363</ele>
        <time>2026-09-28T15:10:16.459Z</time>
      </trkpt>
      <trkpt lat="43.870331" lon="3.936711">
        <ele>141.468695</ele>
        <time>2026-09-28T15:10:22.497Z</time>
      </trkpt>
      <trkpt lat="43.870241" lon="3.936537">
        <ele>141.393590</ele>
        <time>2026-09-28T15:10:25.056Z</time>
      </trkpt>
      <trkpt lat="43.869982" lon="3.936252">
        <ele>141.232763</ele>
        <time>2026-09-28T15:10:30.536Z</time>
      </trkpt>
      <trkpt lat="43.869605" lon="3.936014">
        <ele>140.252435</ele>
        <time>2026-09-28T15:10:36.289Z</time>
      </trkpt>
      <trkpt lat="43.869200" lon="3.935833">
        <ele>139.226374</ele>
        <time>2026-09-28T15:10:41.774Z</time>
      </trkpt>
      <trkpt lat="43.868733" lon="3.935359">
        <ele>137.830957</ele>
        <time>2026-09-28T15:10:50.468Z</time>
      </trkpt>
      <trkpt lat="43.868495" lon="3.935188">
        <ele>137.184619</ele>
        <time>2026-09-28T15:10:54.576Z</time>
      </trkpt>
      <trkpt lat="43.868341" lon="3.935018">
        <ele>136.778663</ele>
        <time>2026-09-28T15:10:57.678Z</time>
      </trkpt>
      <trkpt lat="43.868030" lon="3.934590">
        <ele>136.123347</ele>
        <time>2026-09-28T15:11:04.920Z</time>
      </trkpt>
      <trkpt lat="43.867925" lon="3.934385">
        <ele>135.852164</ele>
        <time>2026-09-28T15:11:08.024Z</time>
      </trkpt>
      <trkpt lat="43.867530" lon="3.933834">
        <ele>135.014209</ele>
        <time>2026-09-28T15:11:17.725Z</time>
      </trkpt>
      <trkpt lat="43.867364" lon="3.933556">
        <ele>134.624937</ele>
        <time>2026-09-28T15:11:22.185Z</time>
      </trkpt>
      <trkpt lat="43.866832" lon="3.932823">
        <ele>134.210184</ele>
        <time>2026-09-28T15:11:34.979Z</time>
      </trkpt>
      <trkpt lat="43.866626" lon="3.932767">
        <ele>134.214602</ele>
        <time>2026-09-28T15:11:38.764Z</time>
      </trkpt>
      <trkpt lat="43.866297" lon="3.932754">
        <ele>134.221528</ele>
        <time>2026-09-28T15:11:44.940Z</time>
      </trkpt>
      <trkpt lat="43.866034" lon="3.932869">
        <ele>134.227332</ele>
        <time>2026-09-28T15:11:50.322Z</time>
      </trkpt>
      <trkpt lat="43.865392" lon="3.932780">
        <ele>134.682446</ele>
        <time>2026-09-28T15:12:05.312Z</time>
      </trkpt>
      <trkpt lat="43.864819" lon="3.932491">
        <ele>136.808455</ele>
        <time>2026-09-28T15:12:28.673Z</time>
      </trkpt>
      <trkpt lat="43.864537" lon="3.932610">
        <ele>137.836273</ele>
        <time>2026-09-28T15:12:42.600Z</time>
      </trkpt>
      <trkpt lat="43.864265" lon="3.932484">
        <ele>138.836217</ele>
        <time>2026-09-28T15:12:54.875Z</time>
      </trkpt>
      <trkpt lat="43.863958" lon="3.932450">
        <ele>139.910113</ele>
        <time>2026-09-28T15:13:06.958Z</time>
      </trkpt>
      <trkpt lat="43.863804" lon="3.932494">
        <ele>140.458375</ele>
        <time>2026-09-28T15:13:12.473Z</time>
      </trkpt>
      <trkpt lat="43.863752" lon="3.932589">
        <ele>140.240903</ele>
        <time>2026-09-28T15:13:15.379Z</time>
      </trkpt>
      <trkpt lat="43.863756" lon="3.932961">
        <ele>139.227179</ele>
        <time>2026-09-28T15:13:22.048Z</time>
      </trkpt>
      <trkpt lat="43.863709" lon="3.933212">
        <ele>138.520575</ele>
        <time>2026-09-28T15:13:25.481Z</time>
      </trkpt>
      <trkpt lat="43.863650" lon="3.933528">
        <ele>137.631147</ele>
        <time>2026-09-28T15:13:29.046Z</time>
      </trkpt>
      <trkpt lat="43.863642" lon="3.933873">
        <ele>136.690616</ele>
        <time>2026-09-28T15:13:32.478Z</time>
      </trkpt>
      <trkpt lat="43.863658" lon="3.934602">
        <ele>134.703342</ele>
        <time>2026-09-28T15:13:39.275Z</time>
      </trkpt>
      <trkpt lat="43.863701" lon="3.935125">
        <ele>133.229676</ele>
        <time>2026-09-28T15:13:44.156Z</time>
      </trkpt>
      <trkpt lat="43.863095" lon="3.935612">
        <ele>130.347809</ele>
        <time>2026-09-28T15:13:53.345Z</time>
      </trkpt>
      <trkpt lat="43.862955" lon="3.935687">
        <ele>129.730266</ele>
        <time>2026-09-28T15:13:55.521Z</time>
      </trkpt>
      <trkpt lat="43.862790" lon="3.935944">
        <ele>128.709343</ele>
        <time>2026-09-28T15:13:59.435Z</time>
      </trkpt>
      <trkpt lat="43.862558" lon="3.935977">
        <ele>127.749713</ele>
        <time>2026-09-28T15:14:03.704Z</time>
      </trkpt>
      <trkpt lat="43.862370" lon="3.935858">
        <ele>126.899386</ele>
        <time>2026-09-28T15:14:07.435Z</time>
      </trkpt>
      <trkpt lat="43.862235" lon="3.935827">
        <ele>126.336332</ele>
        <time>2026-09-28T15:14:09.950Z</time>
      </trkpt>
      <trkpt lat="43.862209" lon="3.935782">
        <ele>126.330644</ele>
        <time>2026-09-28T15:14:10.692Z</time>
      </trkpt>
      <trkpt lat="43.862329" lon="3.935521">
        <ele>126.450308</ele>
        <time>2026-09-28T15:14:14.864Z</time>
      </trkpt>
      <trkpt lat="43.862062" lon="3.935371">
        <ele>126.604759</ele>
        <time>2026-09-28T15:14:24.093Z</time>
      </trkpt>
      <trkpt lat="43.861854" lon="3.935108">
        <ele>126.755667</ele>
        <time>2026-09-28T15:14:34.346Z</time>
      </trkpt>
      <trkpt lat="43.861246" lon="3.934466">
        <ele>127.165373</ele>
        <time>2026-09-28T15:15:01.267Z</time>
      </trkpt>
      <trkpt lat="43.861054" lon="3.934097">
        <ele>127.811618</ele>
        <time>2026-09-28T15:15:11.697Z</time>
      </trkpt>
      <trkpt lat="43.860481" lon="3.932997">
        <ele>132.111485</ele>
        <time>2026-09-28T15:15:55.104Z</time>
      </trkpt>
      <trkpt lat="43.860543" lon="3.932835">
        <ele>132.692624</ele>
        <time>2026-09-28T15:16:01.058Z</time>
      </trkpt>
      <trkpt lat="43.860664" lon="3.932752">
        <ele>133.285844</ele>
        <time>2026-09-28T15:16:07.480Z</time>
      </trkpt>
      <trkpt lat="43.860838" lon="3.932567">
        <ele>134.249328</ele>
        <time>2026-09-28T15:16:18.602Z</time>
      </trkpt>
      <trkpt lat="43.861370" lon="3.931415">
        <ele>142.924064</ele>
        <time>2026-09-28T15:17:32.358Z</time>
      </trkpt>
      <trkpt lat="43.861631" lon="3.931092">
        <ele>146.421223</ele>
        <time>2026-09-28T15:18:00.716Z</time>
      </trkpt>
      <trkpt lat="43.861860" lon="3.930969">
        <ele>148.876380</ele>
        <time>2026-09-28T15:18:20.856Z</time>
      </trkpt>
      <trkpt lat="43.862013" lon="3.930980">
        <ele>150.408078</ele>
        <time>2026-09-28T15:18:33.194Z</time>
      </trkpt>
      <trkpt lat="43.862317" lon="3.931240">
        <ele>154.090002</ele>
        <time>2026-09-28T15:19:01.401Z</time>
      </trkpt>
      <trkpt lat="43.862364" lon="3.931253">
        <ele>154.634423</ele>
        <time>2026-09-28T15:19:05.258Z</time>
      </trkpt>
      <trkpt lat="43.862442" lon="3.931195">
        <ele>155.639795</ele>
        <time>2026-09-28T15:19:12.242Z</time>
      </trkpt>
      <trkpt lat="43.862477" lon="3.930811">
        <ele>158.809954</ele>
        <time>2026-09-28T15:19:34.678Z</time>
      </trkpt>
      <trkpt lat="43.862396" lon="3.930567">
        <ele>161.010075</ele>
        <time>2026-09-28T15:19:50.524Z</time>
      </trkpt>
      <trkpt lat="43.862191" lon="3.930262">
        <ele>164.425265</ele>
        <time>2026-09-28T15:20:16.532Z</time>
      </trkpt>
      <trkpt lat="43.862133" lon="3.930075">
        <ele>166.092587</ele>
        <time>2026-09-28T15:20:30.027Z</time>
      </trkpt>
      <trkpt lat="43.862121" lon="3.929859">
        <ele>167.866976</ele>
        <time>2026-09-28T15:20:44.964Z</time>
      </trkpt>
      <trkpt lat="43.862246" lon="3.929455">
        <ele>171.467736</ele>
        <time>2026-09-28T15:21:12.932Z</time>
      </trkpt>
      <trkpt lat="43.862500" lon="3.928960">
        <ele>175.326410</ele>
        <time>2026-09-28T15:21:47.291Z</time>
      </trkpt>
      <trkpt lat="43.862645" lon="3.928600">
        <ele>177.379244</ele>
        <time>2026-09-28T15:22:08.455Z</time>
      </trkpt>
      <trkpt lat="43.862638" lon="3.928526">
        <ele>177.750788</ele>
        <time>2026-09-28T15:22:12.109Z</time>
      </trkpt>
      <trkpt lat="43.862631" lon="3.928482">
        <ele>177.975097</ele>
        <time>2026-09-28T15:22:14.342Z</time>
      </trkpt>
      <trkpt lat="43.862513" lon="3.928387">
        <ele>178.917146</ele>
        <time>2026-09-28T15:22:23.310Z</time>
      </trkpt>
      <trkpt lat="43.862384" lon="3.928336">
        <ele>179.843311</ele>
        <time>2026-09-28T15:22:31.768Z</time>
      </trkpt>
      <trkpt lat="43.861905" lon="3.928296">
        <ele>183.156576</ele>
        <time>2026-09-28T15:22:58.979Z</time>
      </trkpt>
      <trkpt lat="43.861768" lon="3.928245">
        <ele>184.135979</ele>
        <time>2026-09-28T15:23:05.966Z</time>
      </trkpt>
      <trkpt lat="43.861645" lon="3.928106">
        <ele>185.231459</ele>
        <time>2026-09-28T15:23:13.223Z</time>
      </trkpt>
      <trkpt lat="43.861584" lon="3.927945">
        <ele>186.112552</ele>
        <time>2026-09-28T15:23:18.851Z</time>
      </trkpt>
      <trkpt lat="43.861545" lon="3.927743">
        <ele>186.948594</ele>
        <time>2026-09-28T15:23:25.606Z</time>
      </trkpt>
      <trkpt lat="43.861517" lon="3.927310">
        <ele>188.686662</ele>
        <time>2026-09-28T15:23:41.353Z</time>
      </trkpt>
      <trkpt lat="43.861493" lon="3.926524">
        <ele>191.831884</ele>
        <time>2026-09-28T15:24:15.045Z</time>
      </trkpt>
      <trkpt lat="43.861543" lon="3.926324">
        <ele>192.678179</ele>
        <time>2026-09-28T15:24:24.623Z</time>
      </trkpt>
      <trkpt lat="43.861708" lon="3.925880">
        <ele>194.675183</ele>
        <time>2026-09-28T15:24:47.104Z</time>
      </trkpt>
      <trkpt lat="43.861807" lon="3.925264">
        <ele>197.113507</ele>
        <time>2026-09-28T15:25:14.378Z</time>
      </trkpt>
      <trkpt lat="43.861875" lon="3.924951">
        <ele>198.328917</ele>
        <time>2026-09-28T15:25:27.793Z</time>
      </trkpt>
      <trkpt lat="43.862434" lon="3.924081">
        <ele>202.661573</ele>
        <time>2026-09-28T15:26:12.209Z</time>
      </trkpt>
      <trkpt lat="43.862858" lon="3.923577">
        <ele>205.611026</ele>
        <time>2026-09-28T15:26:41.290Z</time>
      </trkpt>
      <trkpt lat="43.863177" lon="3.923135">
        <ele>208.517826</ele>
        <time>2026-09-28T15:27:06.455Z</time>
      </trkpt>
      <trkpt lat="43.863495" lon="3.922481">
        <ele>212.184228</ele>
        <time>2026-09-28T15:27:40.931Z</time>
      </trkpt>
      <trkpt lat="43.863607" lon="3.922312">
        <ele>213.251142</ele>
        <time>2026-09-28T15:27:51.561Z</time>
      </trkpt>
      <trkpt lat="43.863862" lon="3.922010">
        <ele>215.412754</ele>
        <time>2026-09-28T15:28:13.909Z</time>
      </trkpt>
      <trkpt lat="43.864177" lon="3.921721">
        <ele>217.560256</ele>
        <time>2026-09-28T15:28:39.948Z</time>
      </trkpt>
      <trkpt lat="43.864452" lon="3.921412">
        <ele>219.180498</ele>
        <time>2026-09-28T15:29:03.352Z</time>
      </trkpt>
      <trkpt lat="43.864946" lon="3.920956">
        <ele>221.897095</ele>
        <time>2026-09-28T15:29:37.993Z</time>
      </trkpt>
      <trkpt lat="43.865128" lon="3.920711">
        <ele>223.058192</ele>
        <time>2026-09-28T15:29:50.055Z</time>
      </trkpt>
      <trkpt lat="43.865318" lon="3.920404">
        <ele>224.393616</ele>
        <time>2026-09-28T15:30:01.770Z</time>
      </trkpt>
      <trkpt lat="43.865545" lon="3.920209">
        <ele>225.024625</ele>
        <time>2026-09-28T15:30:10.372Z</time>
      </trkpt>
      <trkpt lat="43.866089" lon="3.919798">
        <ele>224.667397</ele>
        <time>2026-09-28T15:30:27.397Z</time>
      </trkpt>
      <trkpt lat="43.866410" lon="3.919461">
        <ele>224.435240</ele>
        <time>2026-09-28T15:30:38.143Z</time>
      </trkpt>
      <trkpt lat="43.866550" lon="3.919359">
        <ele>224.344047</ele>
        <time>2026-09-28T15:30:42.466Z</time>
      </trkpt>
      <trkpt lat="43.867317" lon="3.918923">
        <ele>225.864859</ele>
        <time>2026-09-28T15:31:10.932Z</time>
      </trkpt>
      <trkpt lat="43.867565" lon="3.918793">
        <ele>227.341606</ele>
        <time>2026-09-28T15:31:23.996Z</time>
      </trkpt>
      <trkpt lat="43.867788" lon="3.918595">
        <ele>228.816436</ele>
        <time>2026-09-28T15:31:38.855Z</time>
      </trkpt>
      <trkpt lat="43.868405" lon="3.918258">
        <ele>232.510054</ele>
        <time>2026-09-28T15:32:21.995Z</time>
      </trkpt>
      <trkpt lat="43.868716" lon="3.918051">
        <ele>234.514748</ele>
        <time>2026-09-28T15:32:47.629Z</time>
      </trkpt>
      <trkpt lat="43.869002" lon="3.918007">
        <ele>236.489105</ele>
        <time>2026-09-28T15:33:10.174Z</time>
      </trkpt>
      <trkpt lat="43.869795" lon="3.917966">
        <ele>241.933871</ele>
        <time>2026-09-28T15:34:09.842Z</time>
      </trkpt>
      <trkpt lat="43.870293" lon="3.917974">
        <ele>245.351014</ele>
        <time>2026-09-28T15:34:36.192Z</time>
      </trkpt>
      <trkpt lat="43.870238" lon="3.917573">
        <ele>245.966426</ele>
        <time>2026-09-28T15:34:47.583Z</time>
      </trkpt>
      <trkpt lat="43.870168" lon="3.916975">
        <ele>244.567170</ele>
        <time>2026-09-28T15:35:00.189Z</time>
      </trkpt>
      <trkpt lat="43.870124" lon="3.916854">
        <ele>244.254163</ele>
        <time>2026-09-28T15:35:02.682Z</time>
      </trkpt>
      <trkpt lat="43.870006" lon="3.916694">
        <ele>243.725502</ele>
        <time>2026-09-28T15:35:06.732Z</time>
      </trkpt>
      <trkpt lat="43.868259" lon="3.915477">
        <ele>235.450602</ele>
        <time>2026-09-28T15:35:52.790Z</time>
      </trkpt>
      <trkpt lat="43.867064" lon="3.914690">
        <ele>227.637835</ele>
        <time>2026-09-28T15:36:25.053Z</time>
      </trkpt>
      <trkpt lat="43.866943" lon="3.914579">
        <ele>226.628290</ele>
        <time>2026-09-28T15:36:28.514Z</time>
      </trkpt>
      <trkpt lat="43.866876" lon="3.914468">
        <ele>225.901973</ele>
        <time>2026-09-28T15:36:30.972Z</time>
      </trkpt>
      <trkpt lat="43.866436" lon="3.914351">
        <ele>222.784228</ele>
        <time>2026-09-28T15:36:41.192Z</time>
      </trkpt>
      <trkpt lat="43.866332" lon="3.914454">
        <ele>221.894928</ele>
        <time>2026-09-28T15:36:44.021Z</time>
      </trkpt>
      <trkpt lat="43.866198" lon="3.914533">
        <ele>220.881675</ele>
        <time>2026-09-28T15:36:47.227Z</time>
      </trkpt>
      <trkpt lat="43.865763" lon="3.914094">
        <ele>216.658161</ele>
        <time>2026-09-28T15:36:53.928Z</time>
      </trkpt>
      <trkpt lat="43.865647" lon="3.913870">
        <ele>214.858853</ele>
        <time>2026-09-28T15:36:56.364Z</time>
      </trkpt>
      <trkpt lat="43.865375" lon="3.912550">
        <ele>205.902230</ele>
        <time>2026-09-28T15:37:08.156Z</time>
      </trkpt>
      <trkpt lat="43.865320" lon="3.912457">
        <ele>205.117477</ele>
        <time>2026-09-28T15:37:09.216Z</time>
      </trkpt>
      <trkpt lat="43.865603" lon="3.912056">
        <ele>202.237387</ele>
        <time>2026-09-28T15:37:14.347Z</time>
      </trkpt>
      <trkpt lat="43.865709" lon="3.911945">
        <ele>201.971061</ele>
        <time>2026-09-28T15:37:16.099Z</time>
      </trkpt>
      <trkpt lat="43.865837" lon="3.911897">
        <ele>201.705178</ele>
        <time>2026-09-28T15:37:17.892Z</time>
      </trkpt>
      <trkpt lat="43.866359" lon="3.911873">
        <ele>200.657881</ele>
        <time>2026-09-28T15:37:25.709Z</time>
      </trkpt>
      <trkpt lat="43.866462" lon="3.911809">
        <ele>200.431566</ele>
        <time>2026-09-28T15:37:27.683Z</time>
      </trkpt>
      <trkpt lat="43.866576" lon="3.911685">
        <ele>200.141065</ele>
        <time>2026-09-28T15:37:30.333Z</time>
      </trkpt>
      <trkpt lat="43.867034" lon="3.911414">
        <ele>199.142604</ele>
        <time>2026-09-28T15:37:41.330Z</time>
      </trkpt>
      <trkpt lat="43.867570" lon="3.911339">
        <ele>198.850775</ele>
        <time>2026-09-28T15:37:55.840Z</time>
      </trkpt>
      <trkpt lat="43.867738" lon="3.911342">
        <ele>198.849824</ele>
        <time>2026-09-28T15:37:59.708Z</time>
      </trkpt>
      <trkpt lat="43.868018" lon="3.911423">
        <ele>198.848204</ele>
        <time>2026-09-28T15:38:05.446Z</time>
      </trkpt>
      <trkpt lat="43.868085" lon="3.911377">
        <ele>198.847781</ele>
        <time>2026-09-28T15:38:06.839Z</time>
      </trkpt>
      <trkpt lat="43.868096" lon="3.911267">
        <ele>198.847328</ele>
        <time>2026-09-28T15:38:08.330Z</time>
      </trkpt>
      <trkpt lat="43.868071" lon="3.911202">
        <ele>198.847027</ele>
        <time>2026-09-28T15:38:09.308Z</time>
      </trkpt>
      <trkpt lat="43.867985" lon="3.911111">
        <ele>198.846414</ele>
        <time>2026-09-28T15:38:11.214Z</time>
      </trkpt>
      <trkpt lat="43.867595" lon="3.910934">
        <ele>198.844091</ele>
        <time>2026-09-28T15:38:18.131Z</time>
      </trkpt>
      <trkpt lat="43.867425" lon="3.910761">
        <ele>198.842897</ele>
        <time>2026-09-28T15:38:21.623Z</time>
      </trkpt>
      <trkpt lat="43.867266" lon="3.910601">
        <ele>199.158543</ele>
        <time>2026-09-28T15:38:27.671Z</time>
      </trkpt>
      <trkpt lat="43.867196" lon="3.910477">
        <ele>199.353981</ele>
        <time>2026-09-28T15:38:31.183Z</time>
      </trkpt>
      <trkpt lat="43.867178" lon="3.910285">
        <ele>199.594251</ele>
        <time>2026-09-28T15:38:35.413Z</time>
      </trkpt>
      <trkpt lat="43.867229" lon="3.910117">
        <ele>199.820459</ele>
        <time>2026-09-28T15:38:39.458Z</time>
      </trkpt>
      <trkpt lat="43.867584" lon="3.909721">
        <ele>200.604601</ele>
        <time>2026-09-28T15:38:56.526Z</time>
      </trkpt>
      <trkpt lat="43.868121" lon="3.909294">
        <ele>201.670038</ele>
        <time>2026-09-28T15:39:28.190Z</time>
      </trkpt>
      <trkpt lat="43.868190" lon="3.908953">
        <ele>202.278330</ele>
        <time>2026-09-28T15:39:42.547Z</time>
      </trkpt>
      <trkpt lat="43.868426" lon="3.908686">
        <ele>203.320692</ele>
        <time>2026-09-28T15:40:00.218Z</time>
      </trkpt>
      <trkpt lat="43.868749" lon="3.908530">
        <ele>204.491314</ele>
        <time>2026-09-28T15:40:20.247Z</time>
      </trkpt>
      <trkpt lat="43.868878" lon="3.908342">
        <ele>205.131736</ele>
        <time>2026-09-28T15:40:30.446Z</time>
      </trkpt>
      <trkpt lat="43.868990" lon="3.908240">
        <ele>205.590315</ele>
        <time>2026-09-28T15:40:37.425Z</time>
      </trkpt>
      <trkpt lat="43.869219" lon="3.908191">
        <ele>206.383378</ele>
        <time>2026-09-28T15:40:47.845Z</time>
      </trkpt>
      <trkpt lat="43.869233" lon="3.908141">
        <ele>206.515731</ele>
        <time>2026-09-28T15:40:49.541Z</time>
      </trkpt>
      <trkpt lat="43.869216" lon="3.908108">
        <ele>206.615811</ele>
        <time>2026-09-28T15:40:50.773Z</time>
      </trkpt>
      <trkpt lat="43.869127" lon="3.908014">
        <ele>206.998682</ele>
        <time>2026-09-28T15:40:55.174Z</time>
      </trkpt>
      <trkpt lat="43.868930" lon="3.907927">
        <ele>207.706298</ele>
        <time>2026-09-28T15:41:02.535Z</time>
      </trkpt>
      <trkpt lat="43.868790" lon="3.907951">
        <ele>208.168382</ele>
        <time>2026-09-28T15:41:07.173Z</time>
      </trkpt>
      <trkpt lat="43.868676" lon="3.908032">
        <ele>208.510226</ele>
        <time>2026-09-28T15:41:11.162Z</time>
      </trkpt>
      <trkpt lat="43.868546" lon="3.908058">
        <ele>208.860765</ele>
        <time>2026-09-28T15:41:15.355Z</time>
      </trkpt>
      <trkpt lat="43.868028" lon="3.908045">
        <ele>210.243459</ele>
        <time>2026-09-28T15:41:33.346Z</time>
      </trkpt>
      <trkpt lat="43.867910" lon="3.908010">
        <ele>210.565504</ele>
        <time>2026-09-28T15:41:37.620Z</time>
      </trkpt>
      <trkpt lat="43.867841" lon="3.907880">
        <ele>210.876112</ele>
        <time>2026-09-28T15:41:41.958Z</time>
      </trkpt>
      <trkpt lat="43.867765" lon="3.907657">
        <ele>211.350711</ele>
        <time>2026-09-28T15:41:49.047Z</time>
      </trkpt>
      <trkpt lat="43.867783" lon="3.907397">
        <ele>211.853275</ele>
        <time>2026-09-28T15:41:57.602Z</time>
      </trkpt>
      <trkpt lat="43.867890" lon="3.907093">
        <ele>212.504184</ele>
        <time>2026-09-28T15:42:10.694Z</time>
      </trkpt>
      <trkpt lat="43.867971" lon="3.906957">
        <ele>212.843606</ele>
        <time>2026-09-28T15:42:18.371Z</time>
      </trkpt>
      <trkpt lat="43.868418" lon="3.906858">
        <ele>217.026392</ele>
        <time>2026-09-28T15:42:49.731Z</time>
      </trkpt>
      <trkpt lat="43.868636" lon="3.906846">
        <ele>219.106467</ele>
        <time>2026-09-28T15:43:06.430Z</time>
      </trkpt>
      <trkpt lat="43.868772" lon="3.907045">
        <ele>220.991194</ele>
        <time>2026-09-28T15:43:22.158Z</time>
      </trkpt>
      <trkpt lat="43.869044" lon="3.907096">
        <ele>223.608062</ele>
        <time>2026-09-28T15:43:44.400Z</time>
      </trkpt>
      <trkpt lat="43.869457" lon="3.907020">
        <ele>227.580156</ele>
        <time>2026-09-28T15:44:18.691Z</time>
      </trkpt>
      <trkpt lat="43.870032" lon="3.906999">
        <ele>233.264245</ele>
        <time>2026-09-28T15:45:04.919Z</time>
      </trkpt>
      <trkpt lat="43.870487" lon="3.906833">
        <ele>238.046924</ele>
        <time>2026-09-28T15:45:40.406Z</time>
      </trkpt>
      <trkpt lat="43.870666" lon="3.906802">
        <ele>239.880702</ele>
        <time>2026-09-28T15:45:54.093Z</time>
      </trkpt>
      <trkpt lat="43.871327" lon="3.907059">
        <ele>246.859158</ele>
        <time>2026-09-28T15:46:47.847Z</time>
      </trkpt>
      <trkpt lat="43.871566" lon="3.907264">
        <ele>249.433774</ele>
        <time>2026-09-28T15:47:10.075Z</time>
      </trkpt>
      <trkpt lat="43.871593" lon="3.907056">
        <ele>250.667886</ele>
        <time>2026-09-28T15:47:22.044Z</time>
      </trkpt>
      <trkpt lat="43.871590" lon="3.906820">
        <ele>252.046180</ele>
        <time>2026-09-28T15:47:35.008Z</time>
      </trkpt>
      <trkpt lat="43.871528" lon="3.906281">
        <ele>255.233390</ele>
        <time>2026-09-28T15:48:03.577Z</time>
      </trkpt>
      <trkpt lat="43.871635" lon="3.905804">
        <ele>258.150477</ele>
        <time>2026-09-28T15:48:28.358Z</time>
      </trkpt>
      <trkpt lat="43.871648" lon="3.905568">
        <ele>259.532573</ele>
        <time>2026-09-28T15:48:39.474Z</time>
      </trkpt>
      <trkpt lat="43.871630" lon="3.905324">
        <ele>260.964807</ele>
        <time>2026-09-28T15:48:50.096Z</time>
      </trkpt>
      <trkpt lat="43.871587" lon="3.904954">
        <ele>263.087444</ele>
        <time>2026-09-28T15:49:05.005Z</time>
      </trkpt>
      <trkpt lat="43.871626" lon="3.904806">
        <ele>263.770964</ele>
        <time>2026-09-28T15:49:10.850Z</time>
      </trkpt>
      <trkpt lat="43.871691" lon="3.904778">
        <ele>264.180497</ele>
        <time>2026-09-28T15:49:14.512Z</time>
      </trkpt>
      <trkpt lat="43.871827" lon="3.904803">
        <ele>265.005972</ele>
        <time>2026-09-28T15:49:21.850Z</time>
      </trkpt>
      <trkpt lat="43.872001" lon="3.904787">
        <ele>266.055239</ele>
        <time>2026-09-28T15:49:31.351Z</time>
      </trkpt>
      <trkpt lat="43.872314" lon="3.904620">
        <ele>268.073085</ele>
        <time>2026-09-28T15:49:49.825Z</time>
      </trkpt>
      <trkpt lat="43.872475" lon="3.904589">
        <ele>269.051120</ele>
        <time>2026-09-28T15:49:59.195Z</time>
      </trkpt>
      <trkpt lat="43.872681" lon="3.904570">
        <ele>270.293372</ele>
        <time>2026-09-28T15:50:11.473Z</time>
      </trkpt>
      <trkpt lat="43.872946" lon="3.904684">
        <ele>271.962807</ele>
        <time>2026-09-28T15:50:28.520Z</time>
      </trkpt>
      <trkpt lat="43.873311" lon="3.904620">
        <ele>273.924718</ele>
        <time>2026-09-28T15:50:51.859Z</time>
      </trkpt>
      <trkpt lat="43.873874" lon="3.904595">
        <ele>275.445022</ele>
        <time>2026-09-28T15:51:29.344Z</time>
      </trkpt>
      <trkpt lat="43.874008" lon="3.904539">
        <ele>275.822740</ele>
        <time>2026-09-28T15:51:38.263Z</time>
      </trkpt>
      <trkpt lat="43.874200" lon="3.904353">
        <ele>276.454795</ele>
        <time>2026-09-28T15:51:50.610Z</time>
      </trkpt>
      <trkpt lat="43.874575" lon="3.903832">
        <ele>277.887231</ele>
        <time>2026-09-28T15:52:08.227Z</time>
      </trkpt>
      <trkpt lat="43.874683" lon="3.903727">
        <ele>278.243179</ele>
        <time>2026-09-28T15:52:11.700Z</time>
      </trkpt>
      <trkpt lat="43.874696" lon="3.903653">
        <ele>278.391366</ele>
        <time>2026-09-28T15:52:13.106Z</time>
      </trkpt>
      <trkpt lat="43.874652" lon="3.903573">
        <ele>278.540021</ele>
        <time>2026-09-28T15:52:14.880Z</time>
      </trkpt>
      <trkpt lat="43.874557" lon="3.903522">
        <ele>277.797635</ele>
        <time>2026-09-28T15:52:17.354Z</time>
      </trkpt>
      <trkpt lat="43.873885" lon="3.903421">
        <ele>272.871501</ele>
        <time>2026-09-28T15:52:32.619Z</time>
      </trkpt>
      <trkpt lat="43.873648" lon="3.903325">
        <ele>271.072139</ele>
        <time>2026-09-28T15:52:37.851Z</time>
      </trkpt>
      <trkpt lat="43.873407" lon="3.903167">
        <ele>269.129482</ele>
        <time>2026-09-28T15:52:43.381Z</time>
      </trkpt>
      <trkpt lat="43.873163" lon="3.902910">
        <ele>266.896728</ele>
        <time>2026-09-28T15:52:49.960Z</time>
      </trkpt>
      <trkpt lat="43.872661" lon="3.902261">
        <ele>266.865229</ele>
        <time>2026-09-28T15:53:06.755Z</time>
      </trkpt>
      <trkpt lat="43.872666" lon="3.902048">
        <ele>267.303992</ele>
        <time>2026-09-28T15:53:09.683Z</time>
      </trkpt>
      <trkpt lat="43.872777" lon="3.901155">
        <ele>269.169656</ele>
        <time>2026-09-28T15:53:35.274Z</time>
      </trkpt>
      <trkpt lat="43.872837" lon="3.901012">
        <ele>269.510306</ele>
        <time>2026-09-28T15:53:42.209Z</time>
      </trkpt>
      <trkpt lat="43.872935" lon="3.900869">
        <ele>269.916526</ele>
        <time>2026-09-28T15:53:51.336Z</time>
      </trkpt>
      <trkpt lat="43.873072" lon="3.900497">
        <ele>271.153647</ele>
        <time>2026-09-28T15:54:12.852Z</time>
      </trkpt>
      <trkpt lat="43.873153" lon="3.900459">
        <ele>271.928308</ele>
        <time>2026-09-28T15:54:18.987Z</time>
      </trkpt>
      <trkpt lat="43.873201" lon="3.900434">
        <ele>272.392812</ele>
        <time>2026-09-28T15:54:22.645Z</time>
      </trkpt>
      <trkpt lat="43.873668" lon="3.900162">
        <ele>276.981464</ele>
        <time>2026-09-28T15:55:03.721Z</time>
      </trkpt>
      <trkpt lat="43.873760" lon="3.900138">
        <ele>277.829562</ele>
        <time>2026-09-28T15:55:10.887Z</time>
      </trkpt>
      <trkpt lat="43.873954" lon="3.899966">
        <ele>279.915434</ele>
        <time>2026-09-28T15:55:27.718Z</time>
      </trkpt>
      <trkpt lat="43.873957" lon="3.899645">
        <ele>282.011996</ele>
        <time>2026-09-28T15:55:43.907Z</time>
      </trkpt>
      <trkpt lat="43.874034" lon="3.899401">
        <ele>283.751514</ele>
        <time>2026-09-28T15:55:56.563Z</time>
      </trkpt>
      <trkpt lat="43.874133" lon="3.899270">
        <ele>284.991020</ele>
        <time>2026-09-28T15:56:05.433Z</time>
      </trkpt>
      <trkpt lat="43.874235" lon="3.898988">
        <ele>287.028073</ele>
        <time>2026-09-28T15:56:19.962Z</time>
      </trkpt>
      <trkpt lat="43.874339" lon="3.898548">
        <ele>289.589916</ele>
        <time>2026-09-28T15:56:41.200Z</time>
      </trkpt>
      <trkpt lat="43.874436" lon="3.898312">
        <ele>291.092923</ele>
        <time>2026-09-28T15:56:53.848Z</time>
      </trkpt>
      <trkpt lat="43.874440" lon="3.898033">
        <ele>292.636807</ele>
        <time>2026-09-28T15:57:06.788Z</time>
      </trkpt>
      <trkpt lat="43.874703" lon="3.896869">
        <ele>299.385597</ele>
        <time>2026-09-28T15:58:05.877Z</time>
      </trkpt>
      <trkpt lat="43.874776" lon="3.896059">
        <ele>303.680116</ele>
        <time>2026-09-28T15:58:47.020Z</time>
      </trkpt>
      <trkpt lat="43.874812" lon="3.895686">
        <ele>305.617877</ele>
        <time>2026-09-28T15:59:05.388Z</time>
      </trkpt>
      <trkpt lat="43.874772" lon="3.895212">
        <ele>308.075229</ele>
        <time>2026-09-28T15:59:28.049Z</time>
      </trkpt>
      <trkpt lat="43.874814" lon="3.894635">
        <ele>311.061382</ele>
        <time>2026-09-28T15:59:54.673Z</time>
      </trkpt>
      <trkpt lat="43.874940" lon="3.893531">
        <ele>315.506162</ele>
        <time>2026-09-28T16:00:40.088Z</time>
      </trkpt>
      <trkpt lat="43.875090" lon="3.892851">
        <ele>317.698620</ele>
        <time>2026-09-28T16:01:04.869Z</time>
      </trkpt>
      <trkpt lat="43.875314" lon="3.892129">
        <ele>320.122011</ele>
        <time>2026-09-28T16:01:31.631Z</time>
      </trkpt>
      <trkpt lat="43.875521" lon="3.891697">
        <ele>321.815521</ele>
        <time>2026-09-28T16:01:49.669Z</time>
      </trkpt>
      <trkpt lat="43.875737" lon="3.891349">
        <ele>323.510301</ele>
        <time>2026-09-28T16:02:06.827Z</time>
      </trkpt>
      <trkpt lat="43.876118" lon="3.890603">
        <ele>326.884354</ele>
        <time>2026-09-28T16:02:42.895Z</time>
      </trkpt>
      <trkpt lat="43.876250" lon="3.890195">
        <ele>328.534757</ele>
        <time>2026-09-28T16:03:01.274Z</time>
      </trkpt>
      <trkpt lat="43.876282" lon="3.889412">
        <ele>331.811113</ele>
        <time>2026-09-28T16:03:34.432Z</time>
      </trkpt>
      <trkpt lat="43.876235" lon="3.888802">
        <ele>334.960081</ele>
        <time>2026-09-28T16:04:01.445Z</time>
      </trkpt>
      <trkpt lat="43.875992" lon="3.887285">
        <ele>342.936808</ele>
        <time>2026-09-28T16:05:13.346Z</time>
      </trkpt>
      <trkpt lat="43.875908" lon="3.886888">
        <ele>345.844541</ele>
        <time>2026-09-28T16:05:34.405Z</time>
      </trkpt>
      <trkpt lat="43.875808" lon="3.886553">
        <ele>348.515776</ele>
        <time>2026-09-28T16:05:54.708Z</time>
      </trkpt>
      <trkpt lat="43.875625" lon="3.886122">
        <ele>352.200903</ele>
        <time>2026-09-28T16:06:23.894Z</time>
      </trkpt>
      <trkpt lat="43.875644" lon="3.886007">
        <ele>353.070095</ele>
        <time>2026-09-28T16:06:30.953Z</time>
      </trkpt>
      <trkpt lat="43.876255" lon="3.885850">
        <ele>359.420832</ele>
        <time>2026-09-28T16:07:22.253Z</time>
      </trkpt>
      <trkpt lat="43.876483" lon="3.885837">
        <ele>361.693630</ele>
        <time>2026-09-28T16:07:41.181Z</time>
      </trkpt>
      <trkpt lat="43.876893" lon="3.885887">
        <ele>363.653386</ele>
        <time>2026-09-28T16:08:15.430Z</time>
      </trkpt>
      <trkpt lat="43.877049" lon="3.885996">
        <ele>364.485078</ele>
        <time>2026-09-28T16:08:27.923Z</time>
      </trkpt>
      <trkpt lat="43.877180" lon="3.886029">
        <ele>365.119039</ele>
        <time>2026-09-28T16:08:36.448Z</time>
      </trkpt>
      <trkpt lat="43.877444" lon="3.885949">
        <ele>366.405722</ele>
        <time>2026-09-28T16:08:50.927Z</time>
      </trkpt>
      <trkpt lat="43.877636" lon="3.885998">
        <ele>367.335276</ele>
        <time>2026-09-28T16:08:59.650Z</time>
      </trkpt>
      <trkpt lat="43.877667" lon="3.885944">
        <ele>367.572212</ele>
        <time>2026-09-28T16:09:01.645Z</time>
      </trkpt>
      <trkpt lat="43.877690" lon="3.885856">
        <ele>367.893489</ele>
        <time>2026-09-28T16:09:04.223Z</time>
      </trkpt>
      <trkpt lat="43.877683" lon="3.885515">
        <ele>369.064348</ele>
        <time>2026-09-28T16:09:12.520Z</time>
      </trkpt>
      <trkpt lat="43.877637" lon="3.885357">
        <ele>369.649200</ele>
        <time>2026-09-28T16:09:16.183Z</time>
      </trkpt>
      <trkpt lat="43.877276" lon="3.884666">
        <ele>368.575017</ele>
        <time>2026-09-28T16:09:32.439Z</time>
      </trkpt>
      <trkpt lat="43.877257" lon="3.883744">
        <ele>366.398146</ele>
        <time>2026-09-28T16:09:48.512Z</time>
      </trkpt>
      <trkpt lat="43.877233" lon="3.883522">
        <ele>365.868351</ele>
        <time>2026-09-28T16:09:52.411Z</time>
      </trkpt>
      <trkpt lat="43.877157" lon="3.883243">
        <ele>365.164443</ele>
        <time>2026-09-28T16:09:57.703Z</time>
      </trkpt>
      <trkpt lat="43.876859" lon="3.882653">
        <ele>364.530470</ele>
        <time>2026-09-28T16:10:11.452Z</time>
      </trkpt>
      <trkpt lat="43.876781" lon="3.882437">
        <ele>364.673044</ele>
        <time>2026-09-28T16:10:16.492Z</time>
      </trkpt>
      <trkpt lat="43.876767" lon="3.882237">
        <ele>364.791630</ele>
        <time>2026-09-28T16:10:20.909Z</time>
      </trkpt>
      <trkpt lat="43.876784" lon="3.882087">
        <ele>364.881240</ele>
        <time>2026-09-28T16:10:24.392Z</time>
      </trkpt>
      <trkpt lat="43.876861" lon="3.881854">
        <ele>365.032507</ele>
        <time>2026-09-28T16:10:30.838Z</time>
      </trkpt>
      <trkpt lat="43.877120" lon="3.881306">
        <ele>365.419228</ele>
        <time>2026-09-28T16:10:50.616Z</time>
      </trkpt>
      <trkpt lat="43.877127" lon="3.881171">
        <ele>365.499104</ele>
        <time>2026-09-28T16:10:55.307Z</time>
      </trkpt>
      <trkpt lat="43.877035" lon="3.880919">
        <ele>365.665808</ele>
        <time>2026-09-28T16:11:05.486Z</time>
      </trkpt>
      <trkpt lat="43.877031" lon="3.880776">
        <ele>365.750262</ele>
        <time>2026-09-28T16:11:10.645Z</time>
      </trkpt>
      <trkpt lat="43.877101" lon="3.880484">
        <ele>365.884847</ele>
        <time>2026-09-28T16:11:21.702Z</time>
      </trkpt>
      <trkpt lat="43.877283" lon="3.880237">
        <ele>366.024332</ele>
        <time>2026-09-28T16:11:33.493Z</time>
      </trkpt>
      <trkpt lat="43.877352" lon="3.880088">
        <ele>366.094270</ele>
        <time>2026-09-28T16:11:38.947Z</time>
      </trkpt>
      <trkpt lat="43.877430" lon="3.879777">
        <ele>366.224307</ele>
        <time>2026-09-28T16:11:48.274Z</time>
      </trkpt>
      <trkpt lat="43.877624" lon="3.878935">
        <ele>366.573390</ele>
        <time>2026-09-28T16:12:08.471Z</time>
      </trkpt>
      <trkpt lat="43.877698" lon="3.878743">
        <ele>366.659369</ele>
        <time>2026-09-28T16:12:12.861Z</time>
      </trkpt>
      <trkpt lat="43.877886" lon="3.878417">
        <ele>366.404085</ele>
        <time>2026-09-28T16:12:20.855Z</time>
      </trkpt>
      <trkpt lat="43.877934" lon="3.878275">
        <ele>365.936089</ele>
        <time>2026-09-28T16:12:23.756Z</time>
      </trkpt>
      <trkpt lat="43.878100" lon="3.877520">
        <ele>363.580751</ele>
        <time>2026-09-28T16:12:37.823Z</time>
      </trkpt>
      <trkpt lat="43.878111" lon="3.877363">
        <ele>363.110067</ele>
        <time>2026-09-28T16:12:40.552Z</time>
      </trkpt>
      <trkpt lat="43.878169" lon="3.877257">
        <ele>362.712964</ele>
        <time>2026-09-28T16:12:42.845Z</time>
      </trkpt>
      <trkpt lat="43.878191" lon="3.877078">
        <ele>362.171134</ele>
        <time>2026-09-28T16:12:45.955Z</time>
      </trkpt>
      <trkpt lat="43.878162" lon="3.876864">
        <ele>361.521388</ele>
        <time>2026-09-28T16:12:49.712Z</time>
      </trkpt>
      <trkpt lat="43.878055" lon="3.876655">
        <ele>360.756454</ele>
        <time>2026-09-28T16:12:54.130Z</time>
      </trkpt>
      <trkpt lat="43.878042" lon="3.876291">
        <ele>359.668973</ele>
        <time>2026-09-28T16:13:00.488Z</time>
      </trkpt>
      <trkpt lat="43.877983" lon="3.875932">
        <ele>358.781285</ele>
        <time>2026-09-28T16:13:07.047Z</time>
      </trkpt>
      <trkpt lat="43.877973" lon="3.875797">
        <ele>358.488906</ele>
        <time>2026-09-28T16:13:09.531Z</time>
      </trkpt>
      <trkpt lat="43.878074" lon="3.875491">
        <ele>357.763825</ele>
        <time>2026-09-28T16:13:15.710Z</time>
      </trkpt>
      <trkpt lat="43.877870" lon="3.875152">
        <ele>356.812417</ele>
        <time>2026-09-28T16:13:23.986Z</time>
      </trkpt>
      <trkpt lat="43.877391" lon="3.874867">
        <ele>355.254638</ele>
        <time>2026-09-28T16:13:38.077Z</time>
      </trkpt>
      <trkpt lat="43.877216" lon="3.874793">
        <ele>354.707830</ele>
        <time>2026-09-28T16:13:43.110Z</time>
      </trkpt>
      <trkpt lat="43.876764" lon="3.874508">
        <ele>353.057687</ele>
        <time>2026-09-28T16:13:56.626Z</time>
      </trkpt>
      <trkpt lat="43.876687" lon="3.874428">
        <ele>352.704668</ele>
        <time>2026-09-28T16:13:59.183Z</time>
      </trkpt>
      <trkpt lat="43.876672" lon="3.874292">
        <ele>352.340735</ele>
        <time>2026-09-28T16:14:01.789Z</time>
      </trkpt>
      <trkpt lat="43.876773" lon="3.873922">
        <ele>351.294187</ele>
        <time>2026-09-28T16:14:09.145Z</time>
      </trkpt>
      <trkpt lat="43.876834" lon="3.873351">
        <ele>349.767287</ele>
        <time>2026-09-28T16:14:19.536Z</time>
      </trkpt>
      <trkpt lat="43.876836" lon="3.873151">
        <ele>349.238199</ele>
        <time>2026-09-28T16:14:23.076Z</time>
      </trkpt>
      <trkpt lat="43.876868" lon="3.872995">
        <ele>348.809167</ele>
        <time>2026-09-28T16:14:25.942Z</time>
      </trkpt>
      <trkpt lat="43.876942" lon="3.872817">
        <ele>348.265629</ele>
        <time>2026-09-28T16:14:29.526Z</time>
      </trkpt>
      <trkpt lat="43.877046" lon="3.872669">
        <ele>347.718900</ele>
        <time>2026-09-28T16:14:33.143Z</time>
      </trkpt>
      <trkpt lat="43.877192" lon="3.872535">
        <ele>347.083786</ele>
        <time>2026-09-28T16:14:37.352Z</time>
      </trkpt>
      <trkpt lat="43.877301" lon="3.872387">
        <ele>346.538847</ele>
        <time>2026-09-28T16:14:41.047Z</time>
      </trkpt>
      <trkpt lat="43.877402" lon="3.872109">
        <ele>345.737070</ele>
        <time>2026-09-28T16:14:46.462Z</time>
      </trkpt>
      <trkpt lat="43.877233" lon="3.871200">
        <ele>343.319365</ele>
        <time>2026-09-28T16:15:03.359Z</time>
      </trkpt>
      <trkpt lat="43.877177" lon="3.871085">
        <ele>342.961937</ele>
        <time>2026-09-28T16:15:05.952Z</time>
      </trkpt>
      <trkpt lat="43.877110" lon="3.871012">
        <ele>342.657548</ele>
        <time>2026-09-28T16:15:08.152Z</time>
      </trkpt>
      <trkpt lat="43.876861" lon="3.871094">
        <ele>341.743167</ele>
        <time>2026-09-28T16:15:14.927Z</time>
      </trkpt>
      <trkpt lat="43.876665" lon="3.871092">
        <ele>341.042855</ele>
        <time>2026-09-28T16:15:20.276Z</time>
      </trkpt>
      <trkpt lat="43.876583" lon="3.870998">
        <ele>340.729803</ele>
        <time>2026-09-28T16:15:23.227Z</time>
      </trkpt>
      <trkpt lat="43.876548" lon="3.870840">
        <ele>340.412181</ele>
        <time>2026-09-28T16:15:26.567Z</time>
      </trkpt>
      <trkpt lat="43.876255" lon="3.870593">
        <ele>339.498209</ele>
        <time>2026-09-28T16:15:36.269Z</time>
      </trkpt>
      <trkpt lat="43.876128" lon="3.870441">
        <ele>339.051075</ele>
        <time>2026-09-28T16:15:40.956Z</time>
      </trkpt>
      <trkpt lat="43.875831" lon="3.869980">
        <ele>337.862975</ele>
        <time>2026-09-28T16:15:52.998Z</time>
      </trkpt>
      <trkpt lat="43.875749" lon="3.869943">
        <ele>337.633110</ele>
        <time>2026-09-28T16:15:55.256Z</time>
      </trkpt>
      <trkpt lat="43.875532" lon="3.869947">
        <ele>337.054588</ele>
        <time>2026-09-28T16:16:00.827Z</time>
      </trkpt>
      <trkpt lat="43.875411" lon="3.869882">
        <ele>336.708691</ele>
        <time>2026-09-28T16:16:04.087Z</time>
      </trkpt>
      <trkpt lat="43.875320" lon="3.869781">
        <ele>336.398021</ele>
        <time>2026-09-28T16:16:07.026Z</time>
      </trkpt>
      <trkpt lat="43.875263" lon="3.869634">
        <ele>336.054556</ele>
        <time>2026-09-28T16:16:10.028Z</time>
      </trkpt>
      <trkpt lat="43.875246" lon="3.869421">
        <ele>335.471717</ele>
        <time>2026-09-28T16:16:13.864Z</time>
      </trkpt>
      <trkpt lat="43.875361" lon="3.868657">
        <ele>333.349039</ele>
        <time>2026-09-28T16:16:27.701Z</time>
      </trkpt>
      <trkpt lat="43.875889" lon="3.867737">
        <ele>330.150744</ele>
        <time>2026-09-28T16:16:48.917Z</time>
      </trkpt>
      <trkpt lat="43.876248" lon="3.867435">
        <ele>329.006856</ele>
        <time>2026-09-28T16:16:59.842Z</time>
      </trkpt>
      <trkpt lat="43.876373" lon="3.867259">
        <ele>328.714518</ele>
        <time>2026-09-28T16:17:04.568Z</time>
      </trkpt>
      <trkpt lat="43.876620" lon="3.866805">
        <ele>328.041524</ele>
        <time>2026-09-28T16:17:15.602Z</time>
      </trkpt>
      <trkpt lat="43.876746" lon="3.866471">
        <ele>327.595494</ele>
        <time>2026-09-28T16:17:23.204Z</time>
      </trkpt>
      <trkpt lat="43.876842" lon="3.866122">
        <ele>327.153520</ele>
        <time>2026-09-28T16:17:31.000Z</time>
      </trkpt>
      <trkpt lat="43.876849" lon="3.865829">
        <ele>326.806658</ele>
        <time>2026-09-28T16:17:37.325Z</time>
      </trkpt>
      <trkpt lat="43.876816" lon="3.865429">
        <ele>326.415552</ele>
        <time>2026-09-28T16:17:46.390Z</time>
      </trkpt>
      <trkpt lat="43.876834" lon="3.865143">
        <ele>326.534058</ele>
        <time>2026-09-28T16:17:53.157Z</time>
      </trkpt>
      <trkpt lat="43.876806" lon="3.864679">
        <ele>326.726262</ele>
        <time>2026-09-28T16:18:04.622Z</time>
      </trkpt>
      <trkpt lat="43.876737" lon="3.864242">
        <ele>326.910927</ele>
        <time>2026-09-28T16:18:15.970Z</time>
      </trkpt>
      <trkpt lat="43.876802" lon="3.863850">
        <ele>327.076966</ele>
        <time>2026-09-28T16:18:26.290Z</time>
      </trkpt>
      <trkpt lat="43.876718" lon="3.863285">
        <ele>327.315101</ele>
        <time>2026-09-28T16:18:41.164Z</time>
      </trkpt>
      <trkpt lat="43.876790" lon="3.862693">
        <ele>327.257073</ele>
        <time>2026-09-28T16:18:57.232Z</time>
      </trkpt>
      <trkpt lat="43.876777" lon="3.862385">
        <ele>327.105046</ele>
        <time>2026-09-28T16:19:05.088Z</time>
      </trkpt>
      <trkpt lat="43.876657" lon="3.861741">
        <ele>326.777284</ele>
        <time>2026-09-28T16:19:20.445Z</time>
      </trkpt>
      <trkpt lat="43.876562" lon="3.861619">
        <ele>326.688790</ele>
        <time>2026-09-28T16:19:24.418Z</time>
      </trkpt>
      <trkpt lat="43.876401" lon="3.861763">
        <ele>326.557841</ele>
        <time>2026-09-28T16:19:27.342Z</time>
      </trkpt>
      <trkpt lat="43.876343" lon="3.861812">
        <ele>326.511420</ele>
        <time>2026-09-28T16:19:28.369Z</time>
      </trkpt>
      <trkpt lat="43.875226" lon="3.862746">
        <ele>322.125488</ele>
        <time>2026-09-28T16:19:44.967Z</time>
      </trkpt>
      <trkpt lat="43.873254" lon="3.863340">
        <ele>309.844330</ele>
        <time>2026-09-28T16:20:07.480Z</time>
      </trkpt>
      <trkpt lat="43.873076" lon="3.863397">
        <ele>308.527219</ele>
        <time>2026-09-28T16:20:09.445Z</time>
      </trkpt>
      <trkpt lat="43.872511" lon="3.863763">
        <ele>303.880657</ele>
        <time>2026-09-28T16:20:16.288Z</time>
      </trkpt>
      <trkpt lat="43.872419" lon="3.863783">
        <ele>302.999017</ele>
        <time>2026-09-28T16:20:17.313Z</time>
      </trkpt>
      <trkpt lat="43.872233" lon="3.863671">
        <ele>301.079311</ele>
        <time>2026-09-28T16:20:19.474Z</time>
      </trkpt>
      <trkpt lat="43.871800" lon="3.863209">
        <ele>295.907491</ele>
        <time>2026-09-28T16:20:25.167Z</time>
      </trkpt>
      <trkpt lat="43.871652" lon="3.863165">
        <ele>294.474482</ele>
        <time>2026-09-28T16:20:26.733Z</time>
      </trkpt>
      <trkpt lat="43.871567" lon="3.863176">
        <ele>293.666250</ele>
        <time>2026-09-28T16:20:27.623Z</time>
      </trkpt>
      <trkpt lat="43.871425" lon="3.863218">
        <ele>292.291644</ele>
        <time>2026-09-28T16:20:29.155Z</time>
      </trkpt>
      <trkpt lat="43.871273" lon="3.863314">
        <ele>290.710444</ele>
        <time>2026-09-28T16:20:30.920Z</time>
      </trkpt>
      <trkpt lat="43.870977" lon="3.863698">
        <ele>287.011520</ele>
        <time>2026-09-28T16:20:35.176Z</time>
      </trkpt>
      <trkpt lat="43.870898" lon="3.863718">
        <ele>286.423130</ele>
        <time>2026-09-28T16:20:36.011Z</time>
      </trkpt>
      <trkpt lat="43.870820" lon="3.863659">
        <ele>285.772181</ele>
        <time>2026-09-28T16:20:36.935Z</time>
      </trkpt>
      <trkpt lat="43.870779" lon="3.863589">
        <ele>285.295785</ele>
        <time>2026-09-28T16:20:37.608Z</time>
      </trkpt>
      <trkpt lat="43.869921" lon="3.860949">
        <ele>270.781380</ele>
        <time>2026-09-28T16:21:00.933Z</time>
      </trkpt>
      <trkpt lat="43.869874" lon="3.860913">
        <ele>270.459427</ele>
        <time>2026-09-28T16:21:01.558Z</time>
      </trkpt>
      <trkpt lat="43.869817" lon="3.860920">
        <ele>270.116285</ele>
        <time>2026-09-28T16:21:02.229Z</time>
      </trkpt>
      <trkpt lat="43.869791" lon="3.860947">
        <ele>269.921523</ele>
        <time>2026-09-28T16:21:02.608Z</time>
      </trkpt>
      <trkpt lat="43.869773" lon="3.861038">
        <ele>269.513587</ele>
        <time>2026-09-28T16:21:03.400Z</time>
      </trkpt>
      <trkpt lat="43.869777" lon="3.861087">
        <ele>269.300404</ele>
        <time>2026-09-28T16:21:03.811Z</time>
      </trkpt>
      <trkpt lat="43.869939" lon="3.861430">
        <ele>267.527722</ele>
        <time>2026-09-28T16:21:07.230Z</time>
      </trkpt>
      <trkpt lat="43.870167" lon="3.863167">
        <ele>261.424696</ele>
        <time>2026-09-28T16:21:21.596Z</time>
      </trkpt>
      <trkpt lat="43.870199" lon="3.863605">
        <ele>260.324646</ele>
        <time>2026-09-28T16:21:25.277Z</time>
      </trkpt>
      <trkpt lat="43.870253" lon="3.863898">
        <ele>259.568972</ele>
        <time>2026-09-28T16:21:27.937Z</time>
      </trkpt>
      <trkpt lat="43.870390" lon="3.864306">
        <ele>258.444328</ele>
        <time>2026-09-28T16:21:32.608Z</time>
      </trkpt>
      <trkpt lat="43.870548" lon="3.864569">
        <ele>257.588891</ele>
        <time>2026-09-28T16:21:38.259Z</time>
      </trkpt>
      <trkpt lat="43.870703" lon="3.864696">
        <ele>257.100846</ele>
        <time>2026-09-28T16:21:41.905Z</time>
      </trkpt>
      <trkpt lat="43.870847" lon="3.864755">
        <ele>256.801100</ele>
        <time>2026-09-28T16:21:44.630Z</time>
      </trkpt>
      <trkpt lat="43.871094" lon="3.864779">
        <ele>256.306804</ele>
        <time>2026-09-28T16:21:48.739Z</time>
      </trkpt>
      <trkpt lat="43.871416" lon="3.864626">
        <ele>255.627328</ele>
        <time>2026-09-28T16:21:53.789Z</time>
      </trkpt>
      <trkpt lat="43.871532" lon="3.864613">
        <ele>255.395002</ele>
        <time>2026-09-28T16:21:55.599Z</time>
      </trkpt>
      <trkpt lat="43.871632" lon="3.864700">
        <ele>255.159357</ele>
        <time>2026-09-28T16:21:57.370Z</time>
      </trkpt>
      <trkpt lat="43.871675" lon="3.864817">
        <ele>254.970360</ele>
        <time>2026-09-28T16:21:58.727Z</time>
      </trkpt>
      <trkpt lat="43.871685" lon="3.865423">
        <ele>254.098022</ele>
        <time>2026-09-28T16:22:04.789Z</time>
      </trkpt>
      <trkpt lat="43.871789" lon="3.865685">
        <ele>253.575179</ele>
        <time>2026-09-28T16:22:07.375Z</time>
      </trkpt>
      <trkpt lat="43.872175" lon="3.866303">
        <ele>248.403651</ele>
        <time>2026-09-28T16:22:13.654Z</time>
      </trkpt>
      <trkpt lat="43.872247" lon="3.866477">
        <ele>247.134788</ele>
        <time>2026-09-28T16:22:15.188Z</time>
      </trkpt>
      <trkpt lat="43.872262" lon="3.866587">
        <ele>246.426760</ele>
        <time>2026-09-28T16:22:16.046Z</time>
      </trkpt>
      <trkpt lat="43.872217" lon="3.866702">
        <ele>245.599205</ele>
        <time>2026-09-28T16:22:17.051Z</time>
      </trkpt>
      <trkpt lat="43.871934" lon="3.866978">
        <ele>242.564190</ele>
        <time>2026-09-28T16:22:20.735Z</time>
      </trkpt>
      <trkpt lat="43.870835" lon="3.867738">
        <ele>232.438702</ele>
        <time>2026-09-28T16:22:33.492Z</time>
      </trkpt>
      <trkpt lat="43.870679" lon="3.867956">
        <ele>230.701533</ele>
        <time>2026-09-28T16:22:35.848Z</time>
      </trkpt>
      <trkpt lat="43.870551" lon="3.868267">
        <ele>228.676214</ele>
        <time>2026-09-28T16:22:38.674Z</time>
      </trkpt>
      <trkpt lat="43.870531" lon="3.868316">
        <ele>228.357761</ele>
        <time>2026-09-28T16:22:39.118Z</time>
      </trkpt>
      <trkpt lat="43.870309" lon="3.868917">
        <ele>224.538589</ele>
        <time>2026-09-28T16:22:44.756Z</time>
      </trkpt>
      <trkpt lat="43.870242" lon="3.869163">
        <ele>223.407088</ele>
        <time>2026-09-28T16:22:47.084Z</time>
      </trkpt>
      <trkpt lat="43.870232" lon="3.869442">
        <ele>222.573270</ele>
        <time>2026-09-28T16:22:49.596Z</time>
      </trkpt>
      <trkpt lat="43.870278" lon="3.869638">
        <ele>221.958007</ele>
        <time>2026-09-28T16:22:51.490Z</time>
      </trkpt>
      <trkpt lat="43.870448" lon="3.869999">
        <ele>220.670935</ele>
        <time>2026-09-28T16:22:55.506Z</time>
      </trkpt>
      <trkpt lat="43.870531" lon="3.870263">
        <ele>219.811247</ele>
        <time>2026-09-28T16:22:58.108Z</time>
      </trkpt>
      <trkpt lat="43.870556" lon="3.870640">
        <ele>218.681193</ele>
        <time>2026-09-28T16:23:01.442Z</time>
      </trkpt>
      <trkpt lat="43.870459" lon="3.871352">
        <ele>216.518334</ele>
        <time>2026-09-28T16:23:07.653Z</time>
      </trkpt>
      <trkpt lat="43.870296" lon="3.872184">
        <ele>213.225888</ele>
        <time>2026-09-28T16:23:14.693Z</time>
      </trkpt>
      <trkpt lat="43.870250" lon="3.872302">
        <ele>212.706152</ele>
        <time>2026-09-28T16:23:15.768Z</time>
      </trkpt>
      <trkpt lat="43.870223" lon="3.872392">
        <ele>212.328471</ele>
        <time>2026-09-28T16:23:16.563Z</time>
      </trkpt>
      <trkpt lat="43.869804" lon="3.873060">
        <ele>208.897888</ele>
        <time>2026-09-28T16:23:23.829Z</time>
      </trkpt>
      <trkpt lat="43.869741" lon="3.873250">
        <ele>208.087621</ele>
        <time>2026-09-28T16:23:25.583Z</time>
      </trkpt>
      <trkpt lat="43.869697" lon="3.873711">
        <ele>206.399223</ele>
        <time>2026-09-28T16:23:29.542Z</time>
      </trkpt>
      <trkpt lat="43.869621" lon="3.874577">
        <ele>203.964355</ele>
        <time>2026-09-28T16:23:37.168Z</time>
      </trkpt>
      <trkpt lat="43.869632" lon="3.874927">
        <ele>202.986569</ele>
        <time>2026-09-28T16:23:40.351Z</time>
      </trkpt>
      <trkpt lat="43.869641" lon="3.876317">
        <ele>198.978306</ele>
        <time>2026-09-28T16:23:52.788Z</time>
      </trkpt>
      <trkpt lat="43.869644" lon="3.876489">
        <ele>198.398644</ele>
        <time>2026-09-28T16:23:54.294Z</time>
      </trkpt>
      <trkpt lat="43.869649" lon="3.876652">
        <ele>197.848977</ele>
        <time>2026-09-28T16:23:55.703Z</time>
      </trkpt>
      <trkpt lat="43.869709" lon="3.876912">
        <ele>196.929215</ele>
        <time>2026-09-28T16:23:58.042Z</time>
      </trkpt>
      <trkpt lat="43.869757" lon="3.877014">
        <ele>196.518828</ele>
        <time>2026-09-28T16:23:59.087Z</time>
      </trkpt>
      <trkpt lat="43.869869" lon="3.877210">
        <ele>195.676194</ele>
        <time>2026-09-28T16:24:01.189Z</time>
      </trkpt>
      <trkpt lat="43.869934" lon="3.877557">
        <ele>194.468286</ele>
        <time>2026-09-28T16:24:04.190Z</time>
      </trkpt>
      <trkpt lat="43.869735" lon="3.879174">
        <ele>189.515119</ele>
        <time>2026-09-28T16:24:17.870Z</time>
      </trkpt>
      <trkpt lat="43.869714" lon="3.879330">
        <ele>189.109278</ele>
        <time>2026-09-28T16:24:19.245Z</time>
      </trkpt>
      <trkpt lat="43.869617" lon="3.880184">
        <ele>186.898364</ele>
        <time>2026-09-28T16:24:26.949Z</time>
      </trkpt>
      <trkpt lat="43.869599" lon="3.880333">
        <ele>186.512007</ele>
        <time>2026-09-28T16:24:28.435Z</time>
      </trkpt>
      <trkpt lat="43.869577" lon="3.880604">
        <ele>185.814585</ele>
        <time>2026-09-28T16:24:31.119Z</time>
      </trkpt>
      <trkpt lat="43.869555" lon="3.880771">
        <ele>185.380435</ele>
        <time>2026-09-28T16:24:32.847Z</time>
      </trkpt>
      <trkpt lat="43.869315" lon="3.880689">
        <ele>184.563512</ele>
        <time>2026-09-28T16:24:36.980Z</time>
      </trkpt>
      <trkpt lat="43.869235" lon="3.880724">
        <ele>184.306644</ele>
        <time>2026-09-28T16:24:38.371Z</time>
      </trkpt>
      <trkpt lat="43.869112" lon="3.881172">
        <ele>183.248355</ele>
        <time>2026-09-28T16:24:43.989Z</time>
      </trkpt>
      <trkpt lat="43.869064" lon="3.881242">
        <ele>183.035085</ele>
        <time>2026-09-28T16:24:45.106Z</time>
      </trkpt>
      <trkpt lat="43.869016" lon="3.881275">
        <ele>182.871039</ele>
        <time>2026-09-28T16:24:45.951Z</time>
      </trkpt>
      <trkpt lat="43.868828" lon="3.881295">
        <ele>182.293663</ele>
        <time>2026-09-28T16:24:48.833Z</time>
      </trkpt>
      <trkpt lat="43.868754" lon="3.881338">
        <ele>182.047984</ele>
        <time>2026-09-28T16:24:50.049Z</time>
      </trkpt>
      <trkpt lat="43.868630" lon="3.881832">
        <ele>180.893218</ele>
        <time>2026-09-28T16:24:55.628Z</time>
      </trkpt>
      <trkpt lat="43.868640" lon="3.881959">
        <ele>180.611185</ele>
        <time>2026-09-28T16:24:56.993Z</time>
      </trkpt>
      <trkpt lat="43.868547" lon="3.881887">
        <ele>180.285050</ele>
        <time>2026-09-28T16:24:58.281Z</time>
      </trkpt>
      <trkpt lat="43.867473" lon="3.882099">
        <ele>176.903744</ele>
        <time>2026-09-28T16:25:11.122Z</time>
      </trkpt>
      <trkpt lat="43.867177" lon="3.882112">
        <ele>175.975082</ele>
        <time>2026-09-28T16:25:14.812Z</time>
      </trkpt>
      <trkpt lat="43.866938" lon="3.882084">
        <ele>175.222958</ele>
        <time>2026-09-28T16:25:17.931Z</time>
      </trkpt>
      <trkpt lat="43.866655" lon="3.881944">
        <ele>174.280774</ele>
        <time>2026-09-28T16:25:22.046Z</time>
      </trkpt>
      <trkpt lat="43.866489" lon="3.881727">
        <ele>173.837740</ele>
        <time>2026-09-28T16:25:25.380Z</time>
      </trkpt>
      <trkpt lat="43.866378" lon="3.881419">
        <ele>173.988542</ele>
        <time>2026-09-28T16:25:29.311Z</time>
      </trkpt>
      <trkpt lat="43.866288" lon="3.881004">
        <ele>174.178337</ele>
        <time>2026-09-28T16:25:34.797Z</time>
      </trkpt>
      <trkpt lat="43.865633" lon="3.880280">
        <ele>174.687110</ele>
        <time>2026-09-28T16:25:53.584Z</time>
      </trkpt>
      <trkpt lat="43.865559" lon="3.880159">
        <ele>174.756600</ele>
        <time>2026-09-28T16:25:56.398Z</time>
      </trkpt>
      <trkpt lat="43.865413" lon="3.879702">
        <ele>175.134686</ele>
        <time>2026-09-28T16:26:05.462Z</time>
      </trkpt>
      <trkpt lat="43.865256" lon="3.879564">
        <ele>175.448707</ele>
        <time>2026-09-28T16:26:10.249Z</time>
      </trkpt>
      <trkpt lat="43.864997" lon="3.879407">
        <ele>175.926240</ele>
        <time>2026-09-28T16:26:17.566Z</time>
      </trkpt>
      <trkpt lat="43.864810" lon="3.879223">
        <ele>176.313592</ele>
        <time>2026-09-28T16:26:23.524Z</time>
      </trkpt>
      <trkpt lat="43.864303" lon="3.878624">
        <ele>177.438773</ele>
        <time>2026-09-28T16:26:40.284Z</time>
      </trkpt>
      <trkpt lat="43.864077" lon="3.878435">
        <ele>177.884625</ele>
        <time>2026-09-28T16:26:46.535Z</time>
      </trkpt>
      <trkpt lat="43.863620" lon="3.878180">
        <ele>178.224372</ele>
        <time>2026-09-28T16:26:57.646Z</time>
      </trkpt>
      <trkpt lat="43.863344" lon="3.878090">
        <ele>178.405511</ele>
        <time>2026-09-28T16:27:03.697Z</time>
      </trkpt>
      <trkpt lat="43.862687" lon="3.877981">
        <ele>178.828249</ele>
        <time>2026-09-28T16:27:16.831Z</time>
      </trkpt>
      <trkpt lat="43.862069" lon="3.877827">
        <ele>178.747245</ele>
        <time>2026-09-28T16:27:27.350Z</time>
      </trkpt>
      <trkpt lat="43.861761" lon="3.877852">
        <ele>178.332754</ele>
        <time>2026-09-28T16:27:32.020Z</time>
      </trkpt>
      <trkpt lat="43.861389" lon="3.877726">
        <ele>177.818303</ele>
        <time>2026-09-28T16:27:37.508Z</time>
      </trkpt>
      <trkpt lat="43.861073" lon="3.878714">
        <ele>176.771339</ele>
        <time>2026-09-28T16:27:48.189Z</time>
      </trkpt>
      <trkpt lat="43.861141" lon="3.879220">
        <ele>176.018958</ele>
        <time>2026-09-28T16:27:53.171Z</time>
      </trkpt>
      <trkpt lat="43.861068" lon="3.879316">
        <ele>175.794683</ele>
        <time>2026-09-28T16:27:54.505Z</time>
      </trkpt>
      <trkpt lat="43.861233" lon="3.880419">
        <ele>173.983916</ele>
        <time>2026-09-28T16:28:05.145Z</time>
      </trkpt>
      <trkpt lat="43.861213" lon="3.880551">
        <ele>173.767099</ele>
        <time>2026-09-28T16:28:06.422Z</time>
      </trkpt>
      <trkpt lat="43.860914" lon="3.880848">
        <ele>172.947182</ele>
        <time>2026-09-28T16:28:11.257Z</time>
      </trkpt>
      <trkpt lat="43.860335" lon="3.881909">
        <ele>172.022261</ele>
        <time>2026-09-28T16:28:24.695Z</time>
      </trkpt>
      <trkpt lat="43.860205" lon="3.882092">
        <ele>171.881846</ele>
        <time>2026-09-28T16:28:27.759Z</time>
      </trkpt>
      <trkpt lat="43.860102" lon="3.882122">
        <ele>171.802063</ele>
        <time>2026-09-28T16:28:29.592Z</time>
      </trkpt>
      <trkpt lat="43.859946" lon="3.882077">
        <ele>171.681276</ele>
        <time>2026-09-28T16:28:32.407Z</time>
      </trkpt>
      <trkpt lat="43.859869" lon="3.882013">
        <ele>171.613227</ele>
        <time>2026-09-28T16:28:34.056Z</time>
      </trkpt>
      <trkpt lat="43.859417" lon="3.881457">
        <ele>171.164544</ele>
        <time>2026-09-28T16:28:45.350Z</time>
      </trkpt>
      <trkpt lat="43.859278" lon="3.881403">
        <ele>171.063016</ele>
        <time>2026-09-28T16:28:48.075Z</time>
      </trkpt>
      <trkpt lat="43.859241" lon="3.881420">
        <ele>171.035601</ele>
        <time>2026-09-28T16:28:48.806Z</time>
      </trkpt>
      <trkpt lat="43.858532" lon="3.882296">
        <ele>170.367737</ele>
        <time>2026-09-28T16:29:03.660Z</time>
      </trkpt>
      <trkpt lat="43.858477" lon="3.882434">
        <ele>170.287770</ele>
        <time>2026-09-28T16:29:05.236Z</time>
      </trkpt>
      <trkpt lat="43.858457" lon="3.882620">
        <ele>170.192397</ele>
        <time>2026-09-28T16:29:07.084Z</time>
      </trkpt>
      <trkpt lat="43.858191" lon="3.883941">
        <ele>168.962808</ele>
        <time>2026-09-28T16:29:20.826Z</time>
      </trkpt>
      <trkpt lat="43.858055" lon="3.884140">
        <ele>168.681608</ele>
        <time>2026-09-28T16:29:23.675Z</time>
      </trkpt>
      <trkpt lat="43.857970" lon="3.884815">
        <ele>167.978847</ele>
        <time>2026-09-28T16:29:30.875Z</time>
      </trkpt>
      <trkpt lat="43.857892" lon="3.885109">
        <ele>167.657557</ele>
        <time>2026-09-28T16:29:34.218Z</time>
      </trkpt>
      <trkpt lat="43.857915" lon="3.885335">
        <ele>167.420662</ele>
        <time>2026-09-28T16:29:36.626Z</time>
      </trkpt>
      <trkpt lat="43.858091" lon="3.886577">
        <ele>166.024942</ele>
        <time>2026-09-28T16:29:49.692Z</time>
      </trkpt>
      <trkpt lat="43.857941" lon="3.887065">
        <ele>165.439984</ele>
        <time>2026-09-28T16:29:54.981Z</time>
      </trkpt>
      <trkpt lat="43.857562" lon="3.887258">
        <ele>164.822564</ele>
        <time>2026-09-28T16:30:01.618Z</time>
      </trkpt>
      <trkpt lat="43.857250" lon="3.887592">
        <ele>164.306362</ele>
        <time>2026-09-28T16:30:08.097Z</time>
      </trkpt>
      <trkpt lat="43.857039" lon="3.887761">
        <ele>163.999483</ele>
        <time>2026-09-28T16:30:12.150Z</time>
      </trkpt>
      <trkpt lat="43.856713" lon="3.888119">
        <ele>163.475767</ele>
        <time>2026-09-28T16:30:19.267Z</time>
      </trkpt>
      <trkpt lat="43.856547" lon="3.888313">
        <ele>163.202363</ele>
        <time>2026-09-28T16:30:23.016Z</time>
      </trkpt>
      <trkpt lat="43.856347" lon="3.888911">
        <ele>162.603712</ele>
        <time>2026-09-28T16:30:31.309Z</time>
      </trkpt>
      <trkpt lat="43.856406" lon="3.888997">
        <ele>162.495909</ele>
        <time>2026-09-28T16:30:32.839Z</time>
      </trkpt>
      <trkpt lat="43.856602" lon="3.889136">
        <ele>162.397059</ele>
        <time>2026-09-28T16:30:36.735Z</time>
      </trkpt>
      <trkpt lat="43.856685" lon="3.889244">
        <ele>162.366690</ele>
        <time>2026-09-28T16:30:38.769Z</time>
      </trkpt>
      <trkpt lat="43.856757" lon="3.889458">
        <ele>162.321254</ele>
        <time>2026-09-28T16:30:41.888Z</time>
      </trkpt>
      <trkpt lat="43.856797" lon="3.889876">
        <ele>162.240124</ele>
        <time>2026-09-28T16:30:47.646Z</time>
      </trkpt>
      <trkpt lat="43.856946" lon="3.890632">
        <ele>162.089332</ele>
        <time>2026-09-28T16:30:59.199Z</time>
      </trkpt>
      <trkpt lat="43.857038" lon="3.891087">
        <ele>161.998412</ele>
        <time>2026-09-28T16:31:06.578Z</time>
      </trkpt>
      <trkpt lat="43.857049" lon="3.891175">
        <ele>161.981228</ele>
        <time>2026-09-28T16:31:07.913Z</time>
      </trkpt>
      <trkpt lat="43.857013" lon="3.891302">
        <ele>161.926991</ele>
        <time>2026-09-28T16:31:09.955Z</time>
      </trkpt>
      <trkpt lat="43.856498" lon="3.892319">
        <ele>161.026368</ele>
        <time>2026-09-28T16:31:26.551Z</time>
      </trkpt>
      <trkpt lat="43.856099" lon="3.891981">
        <ele>160.556460</ele>
        <time>2026-09-28T16:31:34.358Z</time>
      </trkpt>
      <trkpt lat="43.855990" lon="3.891941">
        <ele>160.443140</ele>
        <time>2026-09-28T16:31:36.194Z</time>
      </trkpt>
      <trkpt lat="43.855248" lon="3.891960">
        <ele>159.590941</ele>
        <time>2026-09-28T16:31:48.139Z</time>
      </trkpt>
      <trkpt lat="43.854829" lon="3.892139">
        <ele>159.048466</ele>
        <time>2026-09-28T16:31:55.374Z</time>
      </trkpt>
      <trkpt lat="43.854301" lon="3.892242">
        <ele>158.388735</ele>
        <time>2026-09-28T16:32:04.784Z</time>
      </trkpt>
      <trkpt lat="43.854042" lon="3.892288">
        <ele>158.065654</ele>
        <time>2026-09-28T16:32:09.642Z</time>
      </trkpt>
      <trkpt lat="43.853657" lon="3.892284">
        <ele>157.811109</ele>
        <time>2026-09-28T16:32:16.958Z</time>
      </trkpt>
      <trkpt lat="43.853006" lon="3.892161">
        <ele>157.524523</ele>
        <time>2026-09-28T16:32:29.492Z</time>
      </trkpt>
      <trkpt lat="43.852326" lon="3.892077">
        <ele>157.226737</ele>
        <time>2026-09-28T16:32:42.214Z</time>
      </trkpt>
      <trkpt lat="43.851304" lon="3.891705">
        <ele>156.679749</ele>
        <time>2026-09-28T16:33:01.456Z</time>
      </trkpt>
      <trkpt lat="43.851236" lon="3.891672">
        <ele>156.641231</ele>
        <time>2026-09-28T16:33:02.779Z</time>
      </trkpt>
      <trkpt lat="43.849904" lon="3.891109">
        <ele>156.021726</ele>
        <time>2026-09-28T16:33:28.988Z</time>
      </trkpt>
      <trkpt lat="43.849769" lon="3.891005">
        <ele>155.974870</ele>
        <time>2026-09-28T16:33:31.846Z</time>
      </trkpt>
      <trkpt lat="43.849716" lon="3.890945">
        <ele>155.954111</ele>
        <time>2026-09-28T16:33:33.118Z</time>
      </trkpt>
      <trkpt lat="43.849651" lon="3.890995">
        <ele>155.931558</ele>
        <time>2026-09-28T16:33:35.367Z</time>
      </trkpt>
      <trkpt lat="43.849456" lon="3.891316">
        <ele>155.839723</ele>
        <time>2026-09-28T16:33:44.409Z</time>
      </trkpt>
      <trkpt lat="43.849383" lon="3.891449">
        <ele>155.803152</ele>
        <time>2026-09-28T16:33:48.001Z</time>
      </trkpt>
      <trkpt lat="43.849309" lon="3.891664">
        <ele>155.751025</ele>
        <time>2026-09-28T16:33:53.053Z</time>
      </trkpt>
      <trkpt lat="43.849123" lon="3.892573">
        <ele>157.156987</ele>
        <time>2026-09-28T16:34:14.937Z</time>
      </trkpt>
      <trkpt lat="43.849095" lon="3.892988">
        <ele>158.602436</ele>
        <time>2026-09-28T16:34:26.825Z</time>
      </trkpt>
      <trkpt lat="43.849066" lon="3.893084">
        <ele>158.963378</ele>
        <time>2026-09-28T16:34:30.004Z</time>
      </trkpt>
      <trkpt lat="43.848969" lon="3.893210">
        <ele>159.602514</ele>
        <time>2026-09-28T16:34:36.025Z</time>
      </trkpt>
      <trkpt lat="43.848488" lon="3.892657">
        <ele>162.607110</ele>
        <time>2026-09-28T16:35:01.370Z</time>
      </trkpt>
      <trkpt lat="43.848029" lon="3.891993">
        <ele>168.470389</ele>
        <time>2026-09-28T16:35:44.667Z</time>
      </trkpt>
      <trkpt lat="43.847681" lon="3.891712">
        <ele>173.840857</ele>
        <time>2026-09-28T16:36:17.587Z</time>
      </trkpt>
      <trkpt lat="43.847349" lon="3.891531">
        <ele>178.598326</ele>
        <time>2026-09-28T16:36:48.787Z</time>
      </trkpt>
      <trkpt lat="43.847155" lon="3.891261">
        <ele>182.263952</ele>
        <time>2026-09-28T16:37:13.062Z</time>
      </trkpt>
      <trkpt lat="43.846988" lon="3.890547">
        <ele>189.044292</ele>
        <time>2026-09-28T16:37:58.579Z</time>
      </trkpt>
      <trkpt lat="43.846973" lon="3.890386">
        <ele>190.038114</ele>
        <time>2026-09-28T16:38:07.388Z</time>
      </trkpt>
      <trkpt lat="43.846993" lon="3.890147">
        <ele>191.511074</ele>
        <time>2026-09-28T16:38:19.653Z</time>
      </trkpt>
      <trkpt lat="43.846986" lon="3.889635">
        <ele>194.646069</ele>
        <time>2026-09-28T16:38:42.509Z</time>
      </trkpt>
      <trkpt lat="43.847037" lon="3.889250">
        <ele>197.042443</ele>
        <time>2026-09-28T16:38:57.183Z</time>
      </trkpt>
      <trkpt lat="43.847018" lon="3.888983">
        <ele>198.684937</ele>
        <time>2026-09-28T16:39:06.018Z</time>
      </trkpt>
      <trkpt lat="43.847096" lon="3.888704">
        <ele>200.516800</ele>
        <time>2026-09-28T16:39:14.970Z</time>
      </trkpt>
      <trkpt lat="43.847104" lon="3.888087">
        <ele>203.775306</ele>
        <time>2026-09-28T16:39:32.083Z</time>
      </trkpt>
      <trkpt lat="43.847085" lon="3.887896">
        <ele>204.139287</ele>
        <time>2026-09-28T16:39:36.988Z</time>
      </trkpt>
      <trkpt lat="43.847020" lon="3.887741">
        <ele>204.477766</ele>
        <time>2026-09-28T16:39:41.604Z</time>
      </trkpt>
      <trkpt lat="43.847001" lon="3.887627">
        <ele>204.698646</ele>
        <time>2026-09-28T16:39:44.580Z</time>
      </trkpt>
      <trkpt lat="43.847017" lon="3.887379">
        <ele>205.168687</ele>
        <time>2026-09-28T16:39:50.730Z</time>
      </trkpt>
      <trkpt lat="43.847000" lon="3.887155">
        <ele>205.593887</ele>
        <time>2026-09-28T16:39:56.097Z</time>
      </trkpt>
      <trkpt lat="43.847027" lon="3.886771">
        <ele>206.322234</ele>
        <time>2026-09-28T16:40:04.365Z</time>
      </trkpt>
      <trkpt lat="43.846974" lon="3.886514">
        <ele>206.826842</ele>
        <time>2026-09-28T16:40:09.398Z</time>
      </trkpt>
      <trkpt lat="43.846951" lon="3.886245">
        <ele>207.338214</ele>
        <time>2026-09-28T16:40:13.879Z</time>
      </trkpt>
      <trkpt lat="43.846952" lon="3.885708">
        <ele>208.280774</ele>
        <time>2026-09-28T16:40:20.973Z</time>
      </trkpt>
      <trkpt lat="43.846902" lon="3.884415">
        <ele>208.986464</ele>
        <time>2026-09-28T16:40:37.556Z</time>
      </trkpt>
      <trkpt lat="43.846864" lon="3.884138">
        <ele>209.140135</ele>
        <time>2026-09-28T16:40:41.733Z</time>
      </trkpt>
      <trkpt lat="43.846802" lon="3.883917">
        <ele>209.269371</ele>
        <time>2026-09-28T16:40:45.085Z</time>
      </trkpt>
      <trkpt lat="43.846525" lon="3.883397">
        <ele>209.648765</ele>
        <time>2026-09-28T16:40:55.443Z</time>
      </trkpt>
      <trkpt lat="43.846419" lon="3.883131">
        <ele>210.237206</ele>
        <time>2026-09-28T16:41:01.111Z</time>
      </trkpt>
      <trkpt lat="43.846379" lon="3.882959">
        <ele>210.587130</ele>
        <time>2026-09-28T16:41:04.783Z</time>
      </trkpt>
      <trkpt lat="43.846340" lon="3.882516">
        <ele>211.451264</ele>
        <time>2026-09-28T16:41:14.301Z</time>
      </trkpt>
      <trkpt lat="43.846182" lon="3.882084">
        <ele>212.389147</ele>
        <time>2026-09-28T16:41:24.822Z</time>
      </trkpt>
      <trkpt lat="43.846047" lon="3.881875">
        <ele>212.932410</ele>
        <time>2026-09-28T16:41:30.818Z</time>
      </trkpt>
      <trkpt lat="43.846109" lon="3.882107">
        <ele>213.411475</ele>
        <time>2026-09-28T16:41:38.492Z</time>
      </trkpt>
      <trkpt lat="43.846193" lon="3.882579">
        <ele>214.352811</ele>
        <time>2026-09-28T16:41:54.021Z</time>
      </trkpt>
      <trkpt lat="43.846187" lon="3.882999">
        <ele>215.740754</ele>
        <time>2026-09-28T16:42:08.863Z</time>
      </trkpt>
      <trkpt lat="43.846052" lon="3.884971">
        <ele>222.611033</ele>
        <time>2026-09-28T16:43:26.242Z</time>
      </trkpt>
      <trkpt lat="43.845976" lon="3.885574">
        <ele>225.249607</ele>
        <time>2026-09-28T16:43:52.787Z</time>
      </trkpt>
      <trkpt lat="43.845805" lon="3.886281">
        <ele>228.646764</ele>
        <time>2026-09-28T16:44:25.742Z</time>
      </trkpt>
      <trkpt lat="43.845600" lon="3.886679">
        <ele>230.874858</ele>
        <time>2026-09-28T16:44:47.642Z</time>
      </trkpt>
      <trkpt lat="43.844984" lon="3.887401">
        <ele>235.687604</ele>
        <time>2026-09-28T16:45:36.764Z</time>
      </trkpt>
      <trkpt lat="43.844772" lon="3.887808">
        <ele>237.549562</ele>
        <time>2026-09-28T16:45:57.946Z</time>
      </trkpt>
      <trkpt lat="43.844560" lon="3.888378">
        <ele>239.928078</ele>
        <time>2026-09-28T16:46:23.742Z</time>
      </trkpt>
      <trkpt lat="43.844177" lon="3.888843">
        <ele>242.545910</ele>
        <time>2026-09-28T16:46:51.016Z</time>
      </trkpt>
      <trkpt lat="43.843184" lon="3.890541">
        <ele>248.333909</ele>
        <time>2026-09-28T16:48:05.132Z</time>
      </trkpt>
      <trkpt lat="43.842671" lon="3.891471">
        <ele>251.387434</ele>
        <time>2026-09-28T16:48:43.562Z</time>
      </trkpt>
      <trkpt lat="43.842418" lon="3.892040">
        <ele>253.233162</ele>
        <time>2026-09-28T16:49:07.135Z</time>
      </trkpt>
      <trkpt lat="43.842028" lon="3.892780">
        <ele>255.763890</ele>
        <time>2026-09-28T16:49:41.100Z</time>
      </trkpt>
      <trkpt lat="43.841685" lon="3.893369">
        <ele>257.442792</ele>
        <time>2026-09-28T16:50:08.850Z</time>
      </trkpt>
      <trkpt lat="43.841384" lon="3.893834">
        <ele>258.525160</ele>
        <time>2026-09-28T16:50:30.507Z</time>
      </trkpt>
      <trkpt lat="43.840515" lon="3.894972">
        <ele>260.778820</ele>
        <time>2026-09-28T16:51:18.185Z</time>
      </trkpt>
      <trkpt lat="43.840228" lon="3.895247">
        <ele>260.030319</ele>
        <time>2026-09-28T16:51:28.416Z</time>
      </trkpt>
      <trkpt lat="43.840041" lon="3.895592">
        <ele>259.362487</ele>
        <time>2026-09-28T16:51:36.909Z</time>
      </trkpt>
      <trkpt lat="43.839837" lon="3.895338">
        <ele>258.774216</ele>
        <time>2026-09-28T16:51:44.107Z</time>
      </trkpt>
      <trkpt lat="43.839542" lon="3.894623">
        <ele>257.499520</ele>
        <time>2026-09-28T16:51:59.178Z</time>
      </trkpt>
      <trkpt lat="43.839446" lon="3.894112">
        <ele>255.809286</ele>
        <time>2026-09-28T16:52:08.602Z</time>
      </trkpt>
      <trkpt lat="43.839449" lon="3.893679">
        <ele>254.032729</ele>
        <time>2026-09-28T16:52:16.257Z</time>
      </trkpt>
      <trkpt lat="43.839475" lon="3.893523">
        <ele>253.375841</ele>
        <time>2026-09-28T16:52:19.074Z</time>
      </trkpt>
      <trkpt lat="43.839583" lon="3.893378">
        <ele>252.520694</ele>
        <time>2026-09-28T16:52:22.734Z</time>
      </trkpt>
      <trkpt lat="43.839842" lon="3.893148">
        <ele>250.771187</ele>
        <time>2026-09-28T16:52:30.101Z</time>
      </trkpt>
      <trkpt lat="43.839948" lon="3.893098">
        <ele>250.134311</ele>
        <time>2026-09-28T16:52:32.769Z</time>
      </trkpt>
      <trkpt lat="43.840049" lon="3.892242">
        <ele>246.243314</ele>
        <time>2026-09-28T16:52:46.981Z</time>
      </trkpt>
      <trkpt lat="43.840167" lon="3.891586">
        <ele>241.190343</ele>
        <time>2026-09-28T16:52:57.504Z</time>
      </trkpt>
      <trkpt lat="43.840212" lon="3.891396">
        <ele>239.695728</ele>
        <time>2026-09-28T16:53:00.546Z</time>
      </trkpt>
      <trkpt lat="43.840378" lon="3.890983">
        <ele>236.162151</ele>
        <time>2026-09-28T16:53:07.698Z</time>
      </trkpt>
      <trkpt lat="43.840379" lon="3.890854">
        <ele>235.197981</ele>
        <time>2026-09-28T16:53:09.659Z</time>
      </trkpt>
      <trkpt lat="43.840094" lon="3.890417">
        <ele>230.794792</ele>
        <time>2026-09-28T16:53:18.564Z</time>
      </trkpt>
      <trkpt lat="43.839976" lon="3.890302">
        <ele>229.300227</ele>
        <time>2026-09-28T16:53:21.602Z</time>
      </trkpt>
      <trkpt lat="43.839858" lon="3.890232">
        <ele>228.008529</ele>
        <time>2026-09-28T16:53:24.331Z</time>
      </trkpt>
      <trkpt lat="43.839689" lon="3.890203">
        <ele>226.425043</ele>
        <time>2026-09-28T16:53:27.945Z</time>
      </trkpt>
      <trkpt lat="43.839494" lon="3.890235">
        <ele>224.599121</ele>
        <time>2026-09-28T16:53:32.126Z</time>
      </trkpt>
      <trkpt lat="43.839374" lon="3.890346">
        <ele>223.257708</ele>
        <time>2026-09-28T16:53:35.219Z</time>
      </trkpt>
      <trkpt lat="43.839058" lon="3.890817">
        <ele>218.943333</ele>
        <time>2026-09-28T16:53:45.320Z</time>
      </trkpt>
      <trkpt lat="43.838350" lon="3.891586">
        <ele>210.691271</ele>
        <time>2026-09-28T16:54:05.252Z</time>
      </trkpt>
      <trkpt lat="43.838071" lon="3.892014">
        <ele>207.236968</ele>
        <time>2026-09-28T16:54:14.466Z</time>
      </trkpt>
      <trkpt lat="43.837984" lon="3.891935">
        <ele>206.373616</ele>
        <time>2026-09-28T16:54:16.769Z</time>
      </trkpt>
      <trkpt lat="43.837948" lon="3.891796">
        <ele>205.489279</ele>
        <time>2026-09-28T16:54:19.130Z</time>
      </trkpt>
      <trkpt lat="43.838211" lon="3.890943">
        <ele>199.934595</ele>
        <time>2026-09-28T16:54:33.924Z</time>
      </trkpt>
      <trkpt lat="43.838377" lon="3.890565">
        <ele>197.284701</ele>
        <time>2026-09-28T16:54:41.009Z</time>
      </trkpt>
      <trkpt lat="43.838880" lon="3.888599">
        <ele>184.693851</ele>
        <time>2026-09-28T16:55:14.319Z</time>
      </trkpt>
      <trkpt lat="43.838876" lon="3.888304">
        <ele>182.912259</ele>
        <time>2026-09-28T16:55:18.984Z</time>
      </trkpt>
      <trkpt lat="43.838841" lon="3.888053">
        <ele>181.381069</ele>
        <time>2026-09-28T16:55:23.044Z</time>
      </trkpt>
      <trkpt lat="43.838779" lon="3.887913">
        <ele>180.436556</ele>
        <time>2026-09-28T16:55:25.631Z</time>
      </trkpt>
      <trkpt lat="43.838673" lon="3.887886">
        <ele>179.577500</ele>
        <time>2026-09-28T16:55:28.006Z</time>
      </trkpt>
      <trkpt lat="43.837741" lon="3.888444">
        <ele>171.485500</ele>
        <time>2026-09-28T16:55:50.383Z</time>
      </trkpt>
      <trkpt lat="43.837547" lon="3.888475">
        <ele>169.928909</ele>
        <time>2026-09-28T16:55:54.824Z</time>
      </trkpt>
      <trkpt lat="43.837445" lon="3.888466">
        <ele>169.114232</ele>
        <time>2026-09-28T16:55:57.140Z</time>
      </trkpt>
      <trkpt lat="43.837241" lon="3.888376">
        <ele>167.407822</ele>
        <time>2026-09-28T16:56:02.049Z</time>
      </trkpt>
      <trkpt lat="43.837150" lon="3.888403">
        <ele>166.819475</ele>
        <time>2026-09-28T16:56:04.176Z</time>
      </trkpt>
      <trkpt lat="43.836987" lon="3.888104">
        <ele>165.192482</ele>
        <time>2026-09-28T16:56:07.772Z</time>
      </trkpt>
      <trkpt lat="43.836546" lon="3.887048">
        <ele>159.895389</ele>
        <time>2026-09-28T16:56:19.577Z</time>
      </trkpt>
      <trkpt lat="43.836355" lon="3.886411">
        <ele>156.900683</ele>
        <time>2026-09-28T16:56:26.319Z</time>
      </trkpt>
      <trkpt lat="43.836322" lon="3.886328">
        <ele>156.489258</ele>
        <time>2026-09-28T16:56:27.243Z</time>
      </trkpt>
      <trkpt lat="43.836255" lon="3.886247">
        <ele>156.298779</ele>
        <time>2026-09-28T16:56:28.468Z</time>
      </trkpt>
      <trkpt lat="43.836121" lon="3.886195">
        <ele>156.023414</ele>
        <time>2026-09-28T16:56:30.419Z</time>
      </trkpt>
      <trkpt lat="43.836005" lon="3.886218">
        <ele>155.791527</ele>
        <time>2026-09-28T16:56:32.092Z</time>
      </trkpt>
      <trkpt lat="43.835904" lon="3.886296">
        <ele>155.562739</ele>
        <time>2026-09-28T16:56:33.760Z</time>
      </trkpt>
      <trkpt lat="43.835405" lon="3.886823">
        <ele>154.321374</ele>
        <time>2026-09-28T16:56:43.533Z</time>
      </trkpt>
      <trkpt lat="43.835344" lon="3.886795">
        <ele>154.194216</ele>
        <time>2026-09-28T16:56:44.523Z</time>
      </trkpt>
      <trkpt lat="43.835182" lon="3.886771">
        <ele>153.871810</ele>
        <time>2026-09-28T16:56:47.120Z</time>
      </trkpt>
      <trkpt lat="43.835007" lon="3.886720">
        <ele>153.517934</ele>
        <time>2026-09-28T16:56:50.371Z</time>
      </trkpt>
      <trkpt lat="43.834864" lon="3.886663">
        <ele>153.223487</ele>
        <time>2026-09-28T16:56:53.486Z</time>
      </trkpt>
      <trkpt lat="43.834764" lon="3.886569">
        <ele>152.984396</ele>
        <time>2026-09-28T16:56:56.238Z</time>
      </trkpt>
      <trkpt lat="43.834665" lon="3.886412">
        <ele>152.933165</ele>
        <time>2026-09-28T16:57:00.044Z</time>
      </trkpt>
      <trkpt lat="43.834207" lon="3.885401">
        <ele>153.124942</ele>
        <time>2026-09-28T16:57:20.257Z</time>
      </trkpt>
      <trkpt lat="43.834187" lon="3.885349">
        <ele>153.134409</ele>
        <time>2026-09-28T16:57:21.053Z</time>
      </trkpt>
      <trkpt lat="43.834134" lon="3.885202">
        <ele>153.160808</ele>
        <time>2026-09-28T16:57:23.179Z</time>
      </trkpt>
      <trkpt lat="43.834163" lon="3.885109">
        <ele>153.177084</ele>
        <time>2026-09-28T16:57:24.467Z</time>
      </trkpt>
      <trkpt lat="43.834144" lon="3.885064">
        <ele>153.185460</ele>
        <time>2026-09-28T16:57:25.114Z</time>
      </trkpt>
      <trkpt lat="43.834106" lon="3.885041">
        <ele>153.194694</ele>
        <time>2026-09-28T16:57:25.775Z</time>
      </trkpt>
      <trkpt lat="43.834066" lon="3.885057">
        <ele>153.203965</ele>
        <time>2026-09-28T16:57:26.457Z</time>
      </trkpt>
      <trkpt lat="43.834042" lon="3.885105">
        <ele>153.213347</ele>
        <time>2026-09-28T16:57:27.154Z</time>
      </trkpt>
      <trkpt lat="43.834045" lon="3.885163">
        <ele>153.222688</ele>
        <time>2026-09-28T16:57:27.814Z</time>
      </trkpt>
      <trkpt lat="43.833316" lon="3.885368">
        <ele>152.589915</ele>
        <time>2026-09-28T16:57:38.322Z</time>
      </trkpt>
      <trkpt lat="43.833219" lon="3.885393">
        <ele>152.391374</ele>
        <time>2026-09-28T16:57:39.582Z</time>
      </trkpt>
      <trkpt lat="43.832849" lon="3.885500">
        <ele>151.630784</ele>
        <time>2026-09-28T16:57:44.388Z</time>
      </trkpt>
      <trkpt lat="43.832082" lon="3.885642">
        <ele>150.073622</ele>
        <time>2026-09-28T16:57:54.587Z</time>
      </trkpt>
      <trkpt lat="43.831315" lon="3.885719">
        <ele>149.465442</ele>
        <time>2026-09-28T16:58:05.912Z</time>
      </trkpt>
      <trkpt lat="43.831085" lon="3.885276">
        <ele>149.312945</ele>
        <time>2026-09-28T16:58:12.461Z</time>
      </trkpt>
      <trkpt lat="43.830874" lon="3.884733">
        <ele>149.140621</ele>
        <time>2026-09-28T16:58:20.421Z</time>
      </trkpt>
      <trkpt lat="43.830773" lon="3.884552">
        <ele>149.076686</ele>
        <time>2026-09-28T16:58:23.519Z</time>
      </trkpt>
      <trkpt lat="43.830423" lon="3.884111">
        <ele>149.114923</ele>
        <time>2026-09-28T16:58:32.604Z</time>
      </trkpt>
      <trkpt lat="43.830184" lon="3.883655">
        <ele>149.308989</ele>
        <time>2026-09-28T16:58:39.976Z</time>
      </trkpt>
      <trkpt lat="43.830114" lon="3.883573">
        <ele>149.352731</ele>
        <time>2026-09-28T16:58:41.614Z</time>
      </trkpt>
      <trkpt lat="43.829983" lon="3.883458">
        <ele>149.426737</ele>
        <time>2026-09-28T16:58:44.409Z</time>
      </trkpt>
      <trkpt lat="43.829397" lon="3.883164">
        <ele>149.724176</ele>
        <time>2026-09-28T16:58:56.530Z</time>
      </trkpt>
      <trkpt lat="43.829257" lon="3.883047">
        <ele>149.802198</ele>
        <time>2026-09-28T16:58:59.958Z</time>
      </trkpt>
      <trkpt lat="43.828495" lon="3.882093">
        <ele>150.482834</ele>
        <time>2026-09-28T16:59:21.633Z</time>
      </trkpt>
      <trkpt lat="43.828374" lon="3.881972">
        <ele>150.584808</ele>
        <time>2026-09-28T16:59:24.771Z</time>
      </trkpt>
      <trkpt lat="43.827557" lon="3.881438">
        <ele>151.062383</ele>
        <time>2026-09-28T16:59:42.527Z</time>
      </trkpt>
      <trkpt lat="43.827403" lon="3.881319">
        <ele>151.044489</ele>
        <time>2026-09-28T16:59:45.498Z</time>
      </trkpt>
      <trkpt lat="43.827212" lon="3.881112">
        <ele>151.019883</ele>
        <time>2026-09-28T16:59:49.480Z</time>
      </trkpt>
      <trkpt lat="43.827052" lon="3.880911">
        <ele>150.997968</ele>
        <time>2026-09-28T16:59:52.979Z</time>
      </trkpt>
      <trkpt lat="43.826893" lon="3.880759">
        <ele>150.978366</ele>
        <time>2026-09-28T16:59:56.089Z</time>
      </trkpt>
      <trkpt lat="43.826625" lon="3.880643">
        <ele>150.949872</ele>
        <time>2026-09-28T17:00:00.516Z</time>
      </trkpt>
      <trkpt lat="43.825716" lon="3.880529">
        <ele>151.422314</ele>
        <time>2026-09-28T17:00:15.616Z</time>
      </trkpt>
      <trkpt lat="43.825569" lon="3.880501">
        <ele>151.616477</ele>
        <time>2026-09-28T17:00:18.529Z</time>
      </trkpt>
      <trkpt lat="43.824862" lon="3.880497">
        <ele>152.541621</ele>
        <time>2026-09-28T17:00:35.369Z</time>
      </trkpt>
      <trkpt lat="43.824042" lon="3.880550">
        <ele>153.845928</ele>
        <time>2026-09-28T17:00:58.696Z</time>
      </trkpt>
      <trkpt lat="43.823302" lon="3.880639">
        <ele>155.431930</ele>
        <time>2026-09-28T17:01:19.383Z</time>
      </trkpt>
      <trkpt lat="43.822999" lon="3.880710">
        <ele>156.088083</ele>
        <time>2026-09-28T17:01:27.307Z</time>
      </trkpt>
      <trkpt lat="43.822110" lon="3.880952">
        <ele>157.597615</ele>
        <time>2026-09-28T17:01:50.106Z</time>
      </trkpt>
      <trkpt lat="43.820895" lon="3.880990">
        <ele>159.007557</ele>
        <time>2026-09-28T17:02:17.954Z</time>
      </trkpt>
      <trkpt lat="43.820702" lon="3.881043">
        <ele>159.130686</ele>
        <time>2026-09-28T17:02:21.700Z</time>
      </trkpt>
      <trkpt lat="43.819329" lon="3.881654">
        <ele>157.723902</ele>
        <time>2026-09-28T17:02:43.736Z</time>
      </trkpt>
      <trkpt lat="43.818693" lon="3.881552">
        <ele>156.568810</ele>
        <time>2026-09-28T17:02:52.185Z</time>
      </trkpt>
      <trkpt lat="43.817750" lon="3.881345">
        <ele>154.115770</ele>
        <time>2026-09-28T17:03:03.958Z</time>
      </trkpt>
      <trkpt lat="43.817001" lon="3.881330">
        <ele>153.125105</ele>
        <time>2026-09-28T17:03:14.020Z</time>
      </trkpt>
      <trkpt lat="43.817230" lon="3.880231">
        <ele>154.242578</ele>
        <time>2026-09-28T17:03:34.151Z</time>
      </trkpt>
      <trkpt lat="43.817259" lon="3.880060">
        <ele>154.414178</ele>
        <time>2026-09-28T17:03:38.296Z</time>
      </trkpt>
      <trkpt lat="43.817245" lon="3.879992">
        <ele>154.483258</ele>
        <time>2026-09-28T17:03:40.018Z</time>
      </trkpt>
      <trkpt lat="43.817261" lon="3.879855">
        <ele>154.618834</ele>
        <time>2026-09-28T17:03:43.600Z</time>
      </trkpt>
      <trkpt lat="43.817350" lon="3.878589">
        <ele>156.532038</ele>
        <time>2026-09-28T17:04:16.836Z</time>
      </trkpt>
      <trkpt lat="43.817329" lon="3.878296">
        <ele>157.129048</ele>
        <time>2026-09-28T17:04:24.021Z</time>
      </trkpt>
      <trkpt lat="43.817258" lon="3.878187">
        <ele>157.426791</ele>
        <time>2026-09-28T17:04:27.526Z</time>
      </trkpt>
      <trkpt lat="43.817054" lon="3.878186">
        <ele>158.000047</ele>
        <time>2026-09-28T17:04:34.251Z</time>
      </trkpt>
      <trkpt lat="43.816817" lon="3.878071">
        <ele>158.705671</ele>
        <time>2026-09-28T17:04:42.344Z</time>
      </trkpt>
      <trkpt lat="43.816552" lon="3.878104">
        <ele>159.453336</ele>
        <time>2026-09-28T17:04:50.754Z</time>
      </trkpt>
      <trkpt lat="43.816443" lon="3.878061">
        <ele>159.771800</ele>
        <time>2026-09-28T17:04:54.260Z</time>
      </trkpt>
      <trkpt lat="43.816420" lon="3.877996">
        <ele>159.918591</ele>
        <time>2026-09-28T17:04:55.866Z</time>
      </trkpt>
      <trkpt lat="43.816614" lon="3.877664">
        <ele>160.452490</ele>
        <time>2026-09-28T17:05:05.083Z</time>
      </trkpt>
      <trkpt lat="43.817218" lon="3.876816">
        <ele>161.238507</ele>
        <time>2026-09-28T17:05:26.360Z</time>
      </trkpt>
      <trkpt lat="43.817334" lon="3.876688">
        <ele>161.374064</ele>
        <time>2026-09-28T17:05:29.520Z</time>
      </trkpt>
      <trkpt lat="43.816978" lon="3.875507">
        <ele>162.152161</ele>
        <time>2026-09-28T17:05:47.725Z</time>
      </trkpt>
      <trkpt lat="43.816907" lon="3.874245">
        <ele>162.790993</ele>
        <time>2026-09-28T17:06:07.674Z</time>
      </trkpt>
      <trkpt lat="43.816819" lon="3.873681">
        <ele>163.082208</ele>
        <time>2026-09-28T17:06:18.877Z</time>
      </trkpt>
      <trkpt lat="43.816710" lon="3.873178">
        <ele>163.400982</ele>
        <time>2026-09-28T17:06:29.608Z</time>
      </trkpt>
      <trkpt lat="43.816554" lon="3.871595">
        <ele>164.491033</ele>
        <time>2026-09-28T17:06:58.023Z</time>
      </trkpt>
      <trkpt lat="43.816381" lon="3.871387">
        <ele>164.707590</ele>
        <time>2026-09-28T17:07:02.526Z</time>
      </trkpt>
      <trkpt lat="43.816055" lon="3.871017">
        <ele>165.333903</ele>
        <time>2026-09-28T17:07:11.065Z</time>
      </trkpt>
      <trkpt lat="43.815854" lon="3.870699">
        <ele>165.934258</ele>
        <time>2026-09-28T17:07:17.847Z</time>
      </trkpt>
      <trkpt lat="43.815694" lon="3.870259">
        <ele>166.633969</ele>
        <time>2026-09-28T17:07:26.854Z</time>
      </trkpt>
      <trkpt lat="43.815522" lon="3.869541">
        <ele>167.708336</ele>
        <time>2026-09-28T17:07:44.171Z</time>
      </trkpt>
      <trkpt lat="43.815342" lon="3.869011">
        <ele>168.512233</ele>
        <time>2026-09-28T17:08:00.241Z</time>
      </trkpt>
      <trkpt lat="43.815182" lon="3.868344">
        <ele>169.244598</ele>
        <time>2026-09-28T17:08:19.043Z</time>
      </trkpt>
      <trkpt lat="43.814957" lon="3.867799">
        <ele>169.898827</ele>
        <time>2026-09-28T17:08:33.155Z</time>
      </trkpt>
      <trkpt lat="43.814904" lon="3.867763">
        <ele>169.984055</ele>
        <time>2026-09-28T17:08:34.701Z</time>
      </trkpt>
      <trkpt lat="43.814847" lon="3.867769">
        <ele>170.066598</ele>
        <time>2026-09-28T17:08:36.203Z</time>
      </trkpt>
      <trkpt lat="43.814250" lon="3.867951">
        <ele>170.949259</ele>
        <time>2026-09-28T17:08:47.900Z</time>
      </trkpt>
      <trkpt lat="43.814185" lon="3.867963">
        <ele>171.006262</ele>
        <time>2026-09-28T17:08:48.982Z</time>
      </trkpt>
      <trkpt lat="43.814110" lon="3.868004">
        <ele>170.743978</ele>
        <time>2026-09-28T17:08:50.283Z</time>
      </trkpt>
      <trkpt lat="43.813757" lon="3.868147">
        <ele>169.547552</ele>
        <time>2026-09-28T17:08:55.955Z</time>
      </trkpt>
      <trkpt lat="43.813091" lon="3.868523">
        <ele>167.208050</ele>
        <time>2026-09-28T17:09:06.431Z</time>
      </trkpt>
      <trkpt lat="43.812759" lon="3.868759">
        <ele>165.994198</ele>
        <time>2026-09-28T17:09:11.796Z</time>
      </trkpt>
      <trkpt lat="43.812511" lon="3.868877">
        <ele>165.139858</ele>
        <time>2026-09-28T17:09:15.546Z</time>
      </trkpt>
      <trkpt lat="43.812178" lon="3.868974">
        <ele>163.996137</ele>
        <time>2026-09-28T17:09:20.457Z</time>
      </trkpt>
      <trkpt lat="43.812023" lon="3.869070">
        <ele>163.425494</ele>
        <time>2026-09-28T17:09:22.927Z</time>
      </trkpt>
      <trkpt lat="43.811752" lon="3.869360">
        <ele>162.274655</ele>
        <time>2026-09-28T17:09:27.953Z</time>
      </trkpt>
      <trkpt lat="43.811032" lon="3.869564">
        <ele>159.804565</ele>
        <time>2026-09-28T17:09:39.041Z</time>
      </trkpt>
      <trkpt lat="43.810668" lon="3.869703">
        <ele>158.743087</ele>
        <time>2026-09-28T17:09:44.863Z</time>
      </trkpt>
      <trkpt lat="43.810202" lon="3.869730">
        <ele>157.717726</ele>
        <time>2026-09-28T17:09:52.153Z</time>
      </trkpt>
      <trkpt lat="43.809769" lon="3.869713">
        <ele>156.765427</ele>
        <time>2026-09-28T17:09:58.970Z</time>
      </trkpt>
      <trkpt lat="43.809294" lon="3.869796">
        <ele>155.712906</ele>
        <time>2026-09-28T17:10:06.629Z</time>
      </trkpt>
      <trkpt lat="43.808516" lon="3.870058">
        <ele>154.683935</ele>
        <time>2026-09-28T17:10:20.253Z</time>
      </trkpt>
      <trkpt lat="43.808363" lon="3.870072">
        <ele>154.547452</ele>
        <time>2026-09-28T17:10:23.002Z</time>
      </trkpt>
      <trkpt lat="43.808116" lon="3.870112">
        <ele>154.326099</ele>
        <time>2026-09-28T17:10:27.599Z</time>
      </trkpt>
      <trkpt lat="43.807952" lon="3.870179">
        <ele>154.173910</ele>
        <time>2026-09-28T17:10:30.825Z</time>
      </trkpt>
      <trkpt lat="43.807312" lon="3.870497">
        <ele>153.554146</ele>
        <time>2026-09-28T17:10:43.632Z</time>
      </trkpt>
      <trkpt lat="43.806851" lon="3.870787">
        <ele>152.541216</ele>
        <time>2026-09-28T17:10:52.462Z</time>
      </trkpt>
      <trkpt lat="43.806680" lon="3.870816">
        <ele>152.196540</ele>
        <time>2026-09-28T17:10:55.310Z</time>
      </trkpt>
      <trkpt lat="43.805749" lon="3.871399">
        <ele>150.152487</ele>
        <time>2026-09-28T17:11:08.577Z</time>
      </trkpt>
      <trkpt lat="43.805218" lon="3.871742">
        <ele>149.146358</ele>
        <time>2026-09-28T17:11:16.149Z</time>
      </trkpt>
      <trkpt lat="43.804720" lon="3.872039">
        <ele>148.241450</ele>
        <time>2026-09-28T17:11:23.457Z</time>
      </trkpt>
      <trkpt lat="43.804354" lon="3.872316">
        <ele>147.545392</ele>
        <time>2026-09-28T17:11:29.525Z</time>
      </trkpt>
      <trkpt lat="43.804072" lon="3.872522">
        <ele>147.013314</ele>
        <time>2026-09-28T17:11:34.482Z</time>
      </trkpt>
      <trkpt lat="43.804008" lon="3.872515">
        <ele>147.010975</ele>
        <time>2026-09-28T17:11:35.479Z</time>
      </trkpt>
      <trkpt lat="43.803951" lon="3.872554">
        <ele>147.055895</ele>
        <time>2026-09-28T17:11:36.511Z</time>
      </trkpt>
      <trkpt lat="43.803739" lon="3.872605">
        <ele>147.207940</ele>
        <time>2026-09-28T17:11:40.596Z</time>
      </trkpt>
      <trkpt lat="43.802835" lon="3.872292">
        <ele>147.866370</ele>
        <time>2026-09-28T17:11:58.542Z</time>
      </trkpt>
      <trkpt lat="43.802264" lon="3.872058">
        <ele>148.337292</ele>
        <time>2026-09-28T17:12:13.263Z</time>
      </trkpt>
      <trkpt lat="43.801572" lon="3.871818">
        <ele>149.536621</ele>
        <time>2026-09-28T17:12:34.139Z</time>
      </trkpt>
      <trkpt lat="43.800981" lon="3.871674">
        <ele>150.545495</ele>
        <time>2026-09-28T17:12:49.531Z</time>
      </trkpt>
      <trkpt lat="43.800653" lon="3.871685">
        <ele>151.097111</ele>
        <time>2026-09-28T17:12:56.781Z</time>
      </trkpt>
      <trkpt lat="43.800555" lon="3.871769">
        <ele>151.262904</ele>
        <time>2026-09-28T17:12:59.179Z</time>
      </trkpt>
      <trkpt lat="43.800479" lon="3.871710">
        <ele>151.155083</ele>
        <time>2026-09-28T17:13:00.745Z</time>
      </trkpt>
      <trkpt lat="43.799993" lon="3.871819">
        <ele>150.545755</ele>
        <time>2026-09-28T17:13:08.998Z</time>
      </trkpt>
      <trkpt lat="43.798832" lon="3.872067">
        <ele>149.091865</ele>
        <time>2026-09-28T17:13:25.052Z</time>
      </trkpt>
      <trkpt lat="43.798783" lon="3.872074">
        <ele>149.019637</ele>
        <time>2026-09-28T17:13:25.685Z</time>
      </trkpt>
      <trkpt lat="43.798419" lon="3.872095">
        <ele>148.282903</ele>
        <time>2026-09-28T17:13:30.377Z</time>
      </trkpt>
      <trkpt lat="43.797797" lon="3.872526">
        <ele>146.876521</ele>
        <time>2026-09-28T17:13:41.000Z</time>
      </trkpt>
      <trkpt lat="43.797214" lon="3.872875">
        <ele>145.592206</ele>
        <time>2026-09-28T17:13:51.291Z</time>
      </trkpt>
      <trkpt lat="43.796982" lon="3.873013">
        <ele>145.644284</ele>
        <time>2026-09-28T17:13:55.904Z</time>
      </trkpt>
      <trkpt lat="43.796758" lon="3.873082">
        <ele>145.972065</ele>
        <time>2026-09-28T17:14:00.865Z</time>
      </trkpt>
      <trkpt lat="43.796747" lon="3.872945">
        <ele>146.114188</ele>
        <time>2026-09-28T17:14:03.080Z</time>
      </trkpt>
      <trkpt lat="43.796161" lon="3.872923">
        <ele>146.951552</ele>
        <time>2026-09-28T17:14:19.998Z</time>
      </trkpt>
      <trkpt lat="43.795159" lon="3.873057">
        <ele>148.476694</ele>
        <time>2026-09-28T17:14:51.422Z</time>
      </trkpt>
      <trkpt lat="43.794709" lon="3.873180">
        <ele>149.271612</ele>
        <time>2026-09-28T17:15:11.000Z</time>
      </trkpt>
      <trkpt lat="43.794282" lon="3.873196">
        <ele>150.011906</ele>
        <time>2026-09-28T17:15:28.084Z</time>
      </trkpt>
      <trkpt lat="43.794078" lon="3.873102">
        <ele>150.384497</ele>
        <time>2026-09-28T17:15:36.244Z</time>
      </trkpt>
      <trkpt lat="43.793697" lon="3.872689">
        <ele>150.944707</ele>
        <time>2026-09-28T17:15:53.928Z</time>
      </trkpt>
      <trkpt lat="43.793548" lon="3.872580">
        <ele>150.587462</ele>
        <time>2026-09-28T17:15:59.757Z</time>
      </trkpt>
      <trkpt lat="43.793106" lon="3.872431">
        <ele>149.623002</ele>
        <time>2026-09-28T17:16:13.833Z</time>
      </trkpt>
      <trkpt lat="43.792942" lon="3.872427">
        <ele>149.275240</ele>
        <time>2026-09-28T17:16:18.466Z</time>
      </trkpt>
      <trkpt lat="43.792730" lon="3.872392">
        <ele>148.822583</ele>
        <time>2026-09-28T17:16:21.843Z</time>
      </trkpt>
      <trkpt lat="43.792621" lon="3.872401">
        <ele>148.591074</ele>
        <time>2026-09-28T17:16:23.504Z</time>
      </trkpt>
      <trkpt lat="43.792124" lon="3.872624">
        <ele>147.483457</ele>
        <time>2026-09-28T17:16:31.015Z</time>
      </trkpt>
      <trkpt lat="43.791404" lon="3.872870">
        <ele>143.656349</ele>
        <time>2026-09-28T17:16:41.000Z</time>
      </trkpt>
      <trkpt lat="43.790971" lon="3.872968">
        <ele>141.198669</ele>
        <time>2026-09-28T17:16:46.825Z</time>
      </trkpt>
      <trkpt lat="43.789631" lon="3.872959">
        <ele>135.459325</ele>
        <time>2026-09-28T17:17:05.280Z</time>
      </trkpt>
      <trkpt lat="43.788837" lon="3.873022">
        <ele>133.242806</ele>
        <time>2026-09-28T17:17:18.162Z</time>
      </trkpt>
      <trkpt lat="43.788806" lon="3.872941">
        <ele>133.058354</ele>
        <time>2026-09-28T17:17:19.329Z</time>
      </trkpt>
      <trkpt lat="43.788780" lon="3.872894">
        <ele>132.939221</ele>
        <time>2026-09-28T17:17:20.061Z</time>
      </trkpt>
      <trkpt lat="43.788657" lon="3.872772">
        <ele>132.517602</ele>
        <time>2026-09-28T17:17:22.776Z</time>
      </trkpt>
      <trkpt lat="43.788176" lon="3.872515">
        <ele>131.837153</ele>
        <time>2026-09-28T17:17:32.523Z</time>
      </trkpt>
      <trkpt lat="43.787757" lon="3.872305">
        <ele>131.437483</ele>
        <time>2026-09-28T17:17:41.347Z</time>
      </trkpt>
      <trkpt lat="43.787600" lon="3.872199">
        <ele>131.280823</ele>
        <time>2026-09-28T17:17:44.601Z</time>
      </trkpt>
      <trkpt lat="43.787271" lon="3.871795">
        <ele>130.886463</ele>
        <time>2026-09-28T17:17:52.245Z</time>
      </trkpt>
      <trkpt lat="43.787074" lon="3.871609">
        <ele>130.672618</ele>
        <time>2026-09-28T17:17:56.195Z</time>
      </trkpt>
      <trkpt lat="43.786645" lon="3.871105">
        <ele>129.374492</ele>
        <time>2026-09-28T17:18:05.343Z</time>
      </trkpt>
      <trkpt lat="43.786305" lon="3.870851">
        <ele>128.364995</ele>
        <time>2026-09-28T17:18:11.400Z</time>
      </trkpt>
      <trkpt lat="43.786026" lon="3.870744">
        <ele>127.608461</ele>
        <time>2026-09-28T17:18:15.835Z</time>
      </trkpt>
      <trkpt lat="43.785811" lon="3.870746">
        <ele>127.046594</ele>
        <time>2026-09-28T17:18:19.079Z</time>
      </trkpt>
      <trkpt lat="43.784975" lon="3.870518">
        <ele>124.744623</ele>
        <time>2026-09-28T17:18:31.688Z</time>
      </trkpt>
      <trkpt lat="43.784265" lon="3.870166">
        <ele>122.634212</ele>
        <time>2026-09-28T17:18:42.967Z</time>
      </trkpt>
      <trkpt lat="43.783620" lon="3.869931">
        <ele>120.796440</ele>
        <time>2026-09-28T17:18:53.654Z</time>
      </trkpt>
      <trkpt lat="43.783284" lon="3.869866">
        <ele>120.182938</ele>
        <time>2026-09-28T17:18:59.204Z</time>
      </trkpt>
      <trkpt lat="43.782934" lon="3.869682">
        <ele>119.505961</ele>
        <time>2026-09-28T17:19:05.414Z</time>
      </trkpt>
      <trkpt lat="43.782832" lon="3.869710">
        <ele>119.317922</ele>
        <time>2026-09-28T17:19:07.126Z</time>
      </trkpt>
      <trkpt lat="43.782778" lon="3.869762">
        <ele>119.198991</ele>
        <time>2026-09-28T17:19:08.235Z</time>
      </trkpt>
      <trkpt lat="43.782722" lon="3.869837">
        <ele>119.058126</ele>
        <time>2026-09-28T17:19:09.530Z</time>
      </trkpt>
      <trkpt lat="43.782557" lon="3.869923">
        <ele>118.739323</ele>
        <time>2026-09-28T17:19:12.467Z</time>
      </trkpt>
      <trkpt lat="43.782385" lon="3.869937">
        <ele>118.427751</ele>
        <time>2026-09-28T17:19:15.349Z</time>
      </trkpt>
      <trkpt lat="43.781782" lon="3.869907">
        <ele>117.355741</ele>
        <time>2026-09-28T17:19:25.128Z</time>
      </trkpt>
      <trkpt lat="43.780772" lon="3.869914">
        <ele>115.663827</ele>
        <time>2026-09-28T17:19:41.585Z</time>
      </trkpt>
      <trkpt lat="43.780718" lon="3.869893">
        <ele>115.569872</ele>
        <time>2026-09-28T17:19:42.531Z</time>
      </trkpt>
      <trkpt lat="43.780665" lon="3.869802">
        <ele>115.428467</ele>
        <time>2026-09-28T17:19:43.966Z</time>
      </trkpt>
      <trkpt lat="43.780879" lon="3.868080">
        <ele>113.237204</ele>
        <time>2026-09-28T17:20:01.969Z</time>
      </trkpt>
      <trkpt lat="43.780868" lon="3.867855">
        <ele>112.947685</ele>
        <time>2026-09-28T17:20:04.219Z</time>
      </trkpt>
      <trkpt lat="43.780816" lon="3.867605">
        <ele>112.613678</ele>
        <time>2026-09-28T17:20:06.793Z</time>
      </trkpt>
      <trkpt lat="43.780572" lon="3.866909">
        <ele>111.620377</ele>
        <time>2026-09-28T17:20:14.293Z</time>
      </trkpt>
      <trkpt lat="43.780069" lon="3.866129">
        <ele>110.170045</ele>
        <time>2026-09-28T17:20:24.412Z</time>
      </trkpt>
      <trkpt lat="43.779503" lon="3.865789">
        <ele>108.966357</ele>
        <time>2026-09-28T17:20:32.862Z</time>
      </trkpt>
      <trkpt lat="43.778886" lon="3.865229">
        <ele>107.584856</ele>
        <time>2026-09-28T17:20:43.143Z</time>
      </trkpt>
      <trkpt lat="43.778781" lon="3.865129">
        <ele>107.377415</ele>
        <time>2026-09-28T17:20:44.906Z</time>
      </trkpt>
      <trkpt lat="43.778630" lon="3.864959">
        <ele>107.060636</ele>
        <time>2026-09-28T17:20:47.594Z</time>
      </trkpt>
      <trkpt lat="43.778047" lon="3.864445">
        <ele>105.935597</ele>
        <time>2026-09-28T17:20:57.131Z</time>
      </trkpt>
      <trkpt lat="43.777740" lon="3.864126">
        <ele>105.310816</ele>
        <time>2026-09-28T17:21:02.497Z</time>
      </trkpt>
      <trkpt lat="43.776805" lon="3.863017">
        <ele>103.844037</ele>
        <time>2026-09-28T17:21:20.297Z</time>
      </trkpt>
      <trkpt lat="43.776582" lon="3.862790">
        <ele>103.540999</ele>
        <time>2026-09-28T17:21:24.435Z</time>
      </trkpt>
      <trkpt lat="43.776362" lon="3.862637">
        <ele>103.271440</ele>
        <time>2026-09-28T17:21:28.133Z</time>
      </trkpt>
      <trkpt lat="43.776347" lon="3.862685">
        <ele>103.230089</ele>
        <time>2026-09-28T17:21:28.690Z</time>
      </trkpt>
      <trkpt lat="43.774976" lon="3.862141">
        <ele>102.500660</ele>
        <time>2026-09-28T17:21:50.965Z</time>
      </trkpt>
      <trkpt lat="43.774025" lon="3.861608">
        <ele>102.787960</ele>
        <time>2026-09-28T17:22:08.366Z</time>
      </trkpt>
      <trkpt lat="43.773954" lon="3.861607">
        <ele>102.876460</ele>
        <time>2026-09-28T17:22:09.813Z</time>
      </trkpt>
      <trkpt lat="43.773744" lon="3.861635">
        <ele>103.139417</ele>
        <time>2026-09-28T17:22:14.345Z</time>
      </trkpt>
      <trkpt lat="43.773481" lon="3.861750">
        <ele>103.483175</ele>
        <time>2026-09-28T17:22:20.498Z</time>
      </trkpt>
      <trkpt lat="43.773359" lon="3.861766">
        <ele>103.635917</ele>
        <time>2026-09-28T17:22:23.436Z</time>
      </trkpt>
      <trkpt lat="43.773267" lon="3.861737">
        <ele>103.753520</ele>
        <time>2026-09-28T17:22:25.834Z</time>
      </trkpt>
      <trkpt lat="43.773113" lon="3.861607">
        <ele>103.978316</ele>
        <time>2026-09-28T17:22:30.478Z</time>
      </trkpt>
      <trkpt lat="43.773063" lon="3.861557">
        <ele>104.055186</ele>
        <time>2026-09-28T17:22:32.110Z</time>
      </trkpt>
      <trkpt lat="43.772770" lon="3.861321">
        <ele>104.477662</ele>
        <time>2026-09-28T17:22:41.421Z</time>
      </trkpt>
      <trkpt lat="43.772567" lon="3.861201">
        <ele>104.869899</ele>
        <time>2026-09-28T17:22:47.798Z</time>
      </trkpt>
      <trkpt lat="43.772277" lon="3.861115">
        <ele>105.412185</ele>
        <time>2026-09-28T17:22:56.669Z</time>
      </trkpt>
      <trkpt lat="43.771681" lon="3.860877">
        <ele>106.546371</ele>
        <time>2026-09-28T17:23:13.844Z</time>
      </trkpt>
      <trkpt lat="43.771646" lon="3.860863">
        <ele>106.612985</ele>
        <time>2026-09-28T17:23:14.780Z</time>
      </trkpt>
      <trkpt lat="43.770854" lon="3.860551">
        <ele>107.541275</ele>
        <time>2026-09-28T17:23:33.395Z</time>
      </trkpt>
      <trkpt lat="43.770767" lon="3.860470">
        <ele>107.395388</ele>
        <time>2026-09-28T17:23:35.171Z</time>
      </trkpt>
      <trkpt lat="43.770238" lon="3.860219">
        <ele>106.617221</ele>
        <time>2026-09-28T17:23:43.693Z</time>
      </trkpt>
      <trkpt lat="43.769306" lon="3.860055">
        <ele>105.309822</ele>
        <time>2026-09-28T17:23:56.224Z</time>
      </trkpt>
      <trkpt lat="43.769111" lon="3.859992">
        <ele>104.675373</ele>
        <time>2026-09-28T17:23:58.712Z</time>
      </trkpt>
      <trkpt lat="43.768417" lon="3.859782">
        <ele>102.316162</ele>
        <time>2026-09-28T17:24:07.282Z</time>
      </trkpt>
      <trkpt lat="43.767810" lon="3.859432">
        <ele>100.132489</ele>
        <time>2026-09-28T17:24:15.398Z</time>
      </trkpt>
      <trkpt lat="43.767642" lon="3.859384">
        <ele>99.562796</ele>
        <time>2026-09-28T17:24:17.604Z</time>
      </trkpt>
      <trkpt lat="43.767604" lon="3.859339">
        <ele>99.396741</ele>
        <time>2026-09-28T17:24:18.262Z</time>
      </trkpt>
      <trkpt lat="43.766489" lon="3.858112">
        <ele>96.166469</ele>
        <time>2026-09-28T17:24:37.445Z</time>
      </trkpt>
      <trkpt lat="43.766425" lon="3.857992">
        <ele>95.924134</ele>
        <time>2026-09-28T17:24:38.930Z</time>
      </trkpt>
      <trkpt lat="43.766236" lon="3.858056">
        <ele>95.486461</ele>
        <time>2026-09-28T17:24:41.547Z</time>
      </trkpt>
      <trkpt lat="43.766030" lon="3.858208">
        <ele>94.989303</ele>
        <time>2026-09-28T17:24:44.664Z</time>
      </trkpt>
      <trkpt lat="43.764536" lon="3.856955">
        <ele>91.495993</ele>
        <time>2026-09-28T17:25:12.454Z</time>
      </trkpt>
      <trkpt lat="43.763056" lon="3.855543">
        <ele>89.573102</ele>
        <time>2026-09-28T17:25:43.791Z</time>
      </trkpt>
      <trkpt lat="43.761460" lon="3.854118">
        <ele>89.519556</ele>
        <time>2026-09-28T17:26:21.497Z</time>
      </trkpt>
      <trkpt lat="43.761324" lon="3.853997">
        <ele>89.664351</ele>
        <time>2026-09-28T17:26:24.967Z</time>
      </trkpt>
      <trkpt lat="43.761107" lon="3.853663">
        <ele>89.954974</ele>
        <time>2026-09-28T17:26:32.149Z</time>
      </trkpt>
      <trkpt lat="43.760802" lon="3.853102">
        <ele>90.409214</ele>
        <time>2026-09-28T17:26:44.204Z</time>
      </trkpt>
      <trkpt lat="43.760599" lon="3.852844">
        <ele>90.656027</ele>
        <time>2026-09-28T17:26:51.245Z</time>
      </trkpt>
      <trkpt lat="43.760299" lon="3.852604">
        <ele>90.966731</ele>
        <time>2026-09-28T17:27:00.555Z</time>
      </trkpt>
      <trkpt lat="43.759539" lon="3.852081">
        <ele>93.158815</ele>
        <time>2026-09-28T17:27:25.225Z</time>
      </trkpt>
      <trkpt lat="43.758816" lon="3.851595">
        <ele>95.234693</ele>
        <time>2026-09-28T17:27:52.527Z</time>
      </trkpt>
      <trkpt lat="43.758026" lon="3.851064">
        <ele>97.642146</ele>
        <time>2026-09-28T17:28:23.094Z</time>
      </trkpt>
      <trkpt lat="43.757718" lon="3.850861">
        <ele>98.588085</ele>
        <time>2026-09-28T17:28:34.857Z</time>
      </trkpt>
      <trkpt lat="43.757363" lon="3.850595">
        <ele>99.707441</ele>
        <time>2026-09-28T17:28:47.958Z</time>
      </trkpt>
      <trkpt lat="43.757259" lon="3.850483">
        <ele>100.072811</ele>
        <time>2026-09-28T17:28:51.971Z</time>
      </trkpt>
      <trkpt lat="43.757097" lon="3.850185">
        <ele>100.627798</ele>
        <time>2026-09-28T17:28:59.855Z</time>
      </trkpt>
      <trkpt lat="43.756465" lon="3.848844">
        <ele>101.038416</ele>
        <time>2026-09-28T17:29:26.769Z</time>
      </trkpt>
      <trkpt lat="43.755990" lon="3.847658">
        <ele>100.452596</ele>
        <time>2026-09-28T17:29:43.746Z</time>
      </trkpt>
      <trkpt lat="43.755439" lon="3.846144">
        <ele>98.144741</ele>
        <time>2026-09-28T17:30:03.202Z</time>
      </trkpt>
      <trkpt lat="43.755386" lon="3.846025">
        <ele>97.954424</ele>
        <time>2026-09-28T17:30:04.804Z</time>
      </trkpt>
      <trkpt lat="43.755322" lon="3.845909">
        <ele>97.753546</ele>
        <time>2026-09-28T17:30:06.461Z</time>
      </trkpt>
      <trkpt lat="43.755068" lon="3.845644">
        <ele>97.140086</ele>
        <time>2026-09-28T17:30:11.483Z</time>
      </trkpt>
      <trkpt lat="43.753861" lon="3.844531">
        <ele>94.355261</ele>
        <time>2026-09-28T17:30:35.062Z</time>
      </trkpt>
      <trkpt lat="43.753300" lon="3.843948">
        <ele>93.466770</ele>
        <time>2026-09-28T17:30:47.028Z</time>
      </trkpt>
      <trkpt lat="43.753168" lon="3.844185">
        <ele>93.192963</ele>
        <time>2026-09-28T17:30:50.214Z</time>
      </trkpt>
      <trkpt lat="43.753042" lon="3.844346">
        <ele>92.975782</ele>
        <time>2026-09-28T17:30:52.802Z</time>
      </trkpt>
      <trkpt lat="43.752629" lon="3.844190">
        <ele>92.433548</ele>
        <time>2026-09-28T17:31:05.363Z</time>
      </trkpt>
      <trkpt lat="43.752342" lon="3.844372">
        <ele>92.023014</ele>
        <time>2026-09-28T17:31:14.383Z</time>
      </trkpt>
      <trkpt lat="43.752211" lon="3.844352">
        <ele>91.829486</ele>
        <time>2026-09-28T17:31:18.146Z</time>
      </trkpt>
      <trkpt lat="43.751661" lon="3.844106">
        <ele>90.980758</ele>
        <time>2026-09-28T17:31:34.563Z</time>
      </trkpt>
      <trkpt lat="43.751530" lon="3.844074">
        <ele>90.785425</ele>
        <time>2026-09-28T17:31:38.306Z</time>
      </trkpt>
      <trkpt lat="43.751324" lon="3.844190">
        <ele>90.458867</ele>
        <time>2026-09-28T17:31:44.524Z</time>
      </trkpt>
      <trkpt lat="43.751129" lon="3.844210">
        <ele>90.171743</ele>
        <time>2026-09-28T17:31:49.950Z</time>
      </trkpt>
      <trkpt lat="43.750911" lon="3.844182">
        <ele>89.850255</ele>
        <time>2026-09-28T17:31:56.087Z</time>
      </trkpt>
      <trkpt lat="43.750491" lon="3.844017">
        <ele>89.320201</ele>
        <time>2026-09-28T17:32:08.355Z</time>
      </trkpt>
      <trkpt lat="43.750230" lon="3.844032">
        <ele>89.106623</ele>
        <time>2026-09-28T17:32:15.813Z</time>
      </trkpt>
      <trkpt lat="43.750092" lon="3.843975">
        <ele>88.988879</ele>
        <time>2026-09-28T17:32:19.955Z</time>
      </trkpt>
      <trkpt lat="43.749991" lon="3.843886">
        <ele>88.890991</ele>
        <time>2026-09-28T17:32:23.446Z</time>
      </trkpt>
      <trkpt lat="43.748965" lon="3.843615">
        <ele>88.036999</ele>
        <time>2026-09-28T17:32:55.008Z</time>
      </trkpt>
      <trkpt lat="43.748625" lon="3.843579">
        <ele>87.900517</ele>
        <time>2026-09-28T17:33:05.835Z</time>
      </trkpt>
      <trkpt lat="43.747736" lon="3.843648">
        <ele>87.621203</ele>
        <time>2026-09-28T17:33:33.623Z</time>
      </trkpt>
      <trkpt lat="43.747674" lon="3.843608">
        <ele>87.599745</ele>
        <time>2026-09-28T17:33:35.674Z</time>
      </trkpt>
      <trkpt lat="43.747634" lon="3.843485">
        <ele>87.569177</ele>
        <time>2026-09-28T17:33:38.602Z</time>
      </trkpt>
      <trkpt lat="43.747658" lon="3.843320">
        <ele>87.531036</ele>
        <time>2026-09-28T17:33:42.319Z</time>
      </trkpt>
      <trkpt lat="43.747424" lon="3.843605">
        <ele>87.433263</ele>
        <time>2026-09-28T17:33:48.095Z</time>
      </trkpt>
      <trkpt lat="43.747277" lon="3.843735">
        <ele>87.433223</ele>
        <time>2026-09-28T17:33:51.356Z</time>
      </trkpt>
      <trkpt lat="43.747183" lon="3.843752">
        <ele>87.438575</ele>
        <time>2026-09-28T17:33:53.155Z</time>
      </trkpt>
      <trkpt lat="43.746967" lon="3.843784">
        <ele>87.450838</ele>
        <time>2026-09-28T17:33:57.257Z</time>
      </trkpt>
      <trkpt lat="43.746858" lon="3.843835">
        <ele>87.457333</ele>
        <time>2026-09-28T17:33:59.494Z</time>
      </trkpt>
      <trkpt lat="43.745070" lon="3.844440">
        <ele>87.375589</ele>
        <time>2026-09-28T17:34:38.291Z</time>
      </trkpt>
      <trkpt lat="43.744662" lon="3.844749">
        <ele>87.261864</ele>
        <time>2026-09-28T17:34:47.760Z</time>
      </trkpt>
      <trkpt lat="43.744466" lon="3.844937">
        <ele>87.203553</ele>
        <time>2026-09-28T17:34:52.317Z</time>
      </trkpt>
      <trkpt lat="43.744394" lon="3.845044">
        <ele>87.177722</ele>
        <time>2026-09-28T17:34:54.281Z</time>
      </trkpt>
      <trkpt lat="43.743995" lon="3.845956">
        <ele>86.362400</ele>
        <time>2026-09-28T17:35:07.712Z</time>
      </trkpt>
      <trkpt lat="43.743857" lon="3.846160">
        <ele>85.994655</ele>
        <time>2026-09-28T17:35:10.984Z</time>
      </trkpt>
      <trkpt lat="43.743488" lon="3.846504">
        <ele>85.184335</ele>
        <time>2026-09-28T17:35:18.015Z</time>
      </trkpt>
      <trkpt lat="43.743342" lon="3.846692">
        <ele>84.821133</ele>
        <time>2026-09-28T17:35:21.156Z</time>
      </trkpt>
      <trkpt lat="43.743124" lon="3.847104">
        <ele>84.149137</ele>
        <time>2026-09-28T17:35:27.003Z</time>
      </trkpt>
      <trkpt lat="43.743007" lon="3.847377">
        <ele>83.782940</ele>
        <time>2026-09-28T17:35:30.670Z</time>
      </trkpt>
      <trkpt lat="43.742890" lon="3.847551">
        <ele>83.673827</ele>
        <time>2026-09-28T17:35:33.459Z</time>
      </trkpt>
      <trkpt lat="43.742680" lon="3.847778">
        <ele>83.504532</ele>
        <time>2026-09-28T17:35:37.850Z</time>
      </trkpt>
      <trkpt lat="43.742486" lon="3.848050">
        <ele>83.329083</ele>
        <time>2026-09-28T17:35:42.563Z</time>
      </trkpt>
      <trkpt lat="43.742429" lon="3.848089">
        <ele>83.288683</ele>
        <time>2026-09-28T17:35:43.686Z</time>
      </trkpt>
      <trkpt lat="43.742334" lon="3.848092">
        <ele>83.228307</ele>
        <time>2026-09-28T17:35:45.381Z</time>
      </trkpt>
      <trkpt lat="43.742259" lon="3.848043">
        <ele>83.175612</ele>
        <time>2026-09-28T17:35:46.915Z</time>
      </trkpt>
      <trkpt lat="43.741915" lon="3.847579">
        <ele>82.870428</ele>
        <time>2026-09-28T17:35:56.561Z</time>
      </trkpt>
      <trkpt lat="43.741540" lon="3.847502">
        <ele>82.706185</ele>
        <time>2026-09-28T17:36:05.203Z</time>
      </trkpt>
      <trkpt lat="43.741045" lon="3.847268">
        <ele>83.041302</ele>
        <time>2026-09-28T17:36:18.134Z</time>
      </trkpt>
      <trkpt lat="43.740958" lon="3.847272">
        <ele>83.097071</ele>
        <time>2026-09-28T17:36:20.333Z</time>
      </trkpt>
      <trkpt lat="43.740834" lon="3.847336">
        <ele>83.181857</ele>
        <time>2026-09-28T17:36:23.597Z</time>
      </trkpt>
      <trkpt lat="43.740599" lon="3.846560">
        <ele>83.571321</ele>
        <time>2026-09-28T17:36:36.514Z</time>
      </trkpt>
      <trkpt lat="43.738441" lon="3.847571">
        <ele>83.597441</ele>
        <time>2026-09-28T17:37:21.277Z</time>
      </trkpt>
      <trkpt lat="43.737465" lon="3.847886">
        <ele>82.634761</ele>
        <time>2026-09-28T17:37:39.538Z</time>
      </trkpt>
      <trkpt lat="43.737216" lon="3.848018">
        <ele>82.378631</ele>
        <time>2026-09-28T17:37:43.917Z</time>
      </trkpt>
      <trkpt lat="43.737123" lon="3.848234">
        <ele>82.204120</ele>
        <time>2026-09-28T17:37:46.886Z</time>
      </trkpt>
      <trkpt lat="43.737084" lon="3.848455">
        <ele>82.046228</ele>
        <time>2026-09-28T17:37:49.614Z</time>
      </trkpt>
      <trkpt lat="43.736621" lon="3.848165">
        <ele>81.673624</ele>
        <time>2026-09-28T17:37:58.176Z</time>
      </trkpt>
      <trkpt lat="43.736466" lon="3.848069">
        <ele>81.557700</ele>
        <time>2026-09-28T17:38:01.125Z</time>
      </trkpt>
      <trkpt lat="43.736255" lon="3.847938">
        <ele>81.399831</ele>
        <time>2026-09-28T17:38:05.247Z</time>
      </trkpt>
      <trkpt lat="43.734980" lon="3.847139">
        <ele>80.656997</ele>
        <time>2026-09-28T17:38:31.976Z</time>
      </trkpt>
      <trkpt lat="43.734510" lon="3.846943">
        <ele>80.571670</ele>
        <time>2026-09-28T17:38:42.646Z</time>
      </trkpt>
      <trkpt lat="43.734369" lon="3.846970">
        <ele>80.546926</ele>
        <time>2026-09-28T17:38:47.325Z</time>
      </trkpt>
      <trkpt lat="43.734207" lon="3.847104">
        <ele>80.514120</ele>
        <time>2026-09-28T17:38:53.361Z</time>
      </trkpt>
      <trkpt lat="43.733793" lon="3.847475">
        <ele>80.428386</ele>
        <time>2026-09-28T17:39:08.500Z</time>
      </trkpt>
      <trkpt lat="43.733597" lon="3.847729">
        <ele>80.101064</ele>
        <time>2026-09-28T17:39:16.515Z</time>
      </trkpt>
      <trkpt lat="43.733442" lon="3.847947">
        <ele>79.756962</ele>
        <time>2026-09-28T17:39:22.994Z</time>
      </trkpt>
      <trkpt lat="43.733312" lon="3.848200">
        <ele>79.407677</ele>
        <time>2026-09-28T17:39:29.449Z</time>
      </trkpt>
      <trkpt lat="43.733101" lon="3.848862">
        <ele>78.593619</ele>
        <time>2026-09-28T17:39:44.006Z</time>
      </trkpt>
      <trkpt lat="43.732915" lon="3.849189">
        <ele>78.125393</ele>
        <time>2026-09-28T17:39:52.149Z</time>
      </trkpt>
      <trkpt lat="43.732736" lon="3.849689">
        <ele>77.566458</ele>
        <time>2026-09-28T17:40:03.051Z</time>
      </trkpt>
      <trkpt lat="43.732596" lon="3.849959">
        <ele>77.409417</ele>
        <time>2026-09-28T17:40:09.563Z</time>
      </trkpt>
      <trkpt lat="43.732589" lon="3.850072">
        <ele>77.355822</ele>
        <time>2026-09-28T17:40:11.794Z</time>
      </trkpt>
      <trkpt lat="43.732610" lon="3.850188">
        <ele>77.299311</ele>
        <time>2026-09-28T17:40:14.145Z</time>
      </trkpt>
      <trkpt lat="43.732919" lon="3.850597">
        <ele>77.019683</ele>
        <time>2026-09-28T17:40:26.069Z</time>
      </trkpt>
      <trkpt lat="43.732960" lon="3.850729">
        <ele>76.951787</ele>
        <time>2026-09-28T17:40:29.057Z</time>
      </trkpt>
      <trkpt lat="43.732930" lon="3.851392">
        <ele>76.637872</ele>
        <time>2026-09-28T17:40:43.781Z</time>
      </trkpt>
      <trkpt lat="43.732800" lon="3.851500">
        <ele>76.538711</ele>
        <time>2026-09-28T17:40:49.353Z</time>
      </trkpt>
      <trkpt lat="43.732752" lon="3.851507">
        <ele>76.507146</ele>
        <time>2026-09-28T17:40:51.243Z</time>
      </trkpt>
      <trkpt lat="43.732389" lon="3.851447">
        <ele>77.581825</ele>
        <time>2026-09-28T17:41:06.439Z</time>
      </trkpt>
      <trkpt lat="43.732213" lon="3.851479">
        <ele>78.352533</ele>
        <time>2026-09-28T17:41:14.425Z</time>
      </trkpt>
      <trkpt lat="43.732058" lon="3.851547">
        <ele>79.058504</ele>
        <time>2026-09-28T17:41:22.137Z</time>
      </trkpt>
      <trkpt lat="43.731828" lon="3.851746">
        <ele>80.236195</ele>
        <time>2026-09-28T17:41:36.080Z</time>
      </trkpt>
      <trkpt lat="43.731795" lon="3.851964">
        <ele>80.934963</ele>
        <time>2026-09-28T17:41:42.491Z</time>
      </trkpt>
      <trkpt lat="43.731825" lon="3.852577">
        <ele>82.862505</ele>
        <time>2026-09-28T17:42:01.820Z</time>
      </trkpt>
      <trkpt lat="43.731708" lon="3.853110">
        <ele>84.731281</ele>
        <time>2026-09-28T17:42:20.392Z</time>
      </trkpt>
      <trkpt lat="43.731642" lon="3.853224">
        <ele>85.343434</ele>
        <time>2026-09-28T17:42:25.149Z</time>
      </trkpt>
      <trkpt lat="43.731544" lon="3.853297">
        <ele>85.988879</ele>
        <time>2026-09-28T17:42:30.089Z</time>
      </trkpt>
      <trkpt lat="43.731453" lon="3.853294">
        <ele>86.516777</ele>
        <time>2026-09-28T17:42:34.091Z</time>
      </trkpt>
      <trkpt lat="43.731116" lon="3.853066">
        <ele>88.692237</ele>
        <time>2026-09-28T17:42:50.457Z</time>
      </trkpt>
      <trkpt lat="43.730911" lon="3.853036">
        <ele>89.887750</ele>
        <time>2026-09-28T17:42:59.488Z</time>
      </trkpt>
      <trkpt lat="43.730650" lon="3.853068">
        <ele>91.407332</ele>
        <time>2026-09-28T17:43:10.904Z</time>
      </trkpt>
      <trkpt lat="43.729282" lon="3.853621">
        <ele>98.614310</ele>
        <time>2026-09-28T17:44:10.192Z</time>
      </trkpt>
      <trkpt lat="43.728642" lon="3.853723">
        <ele>101.558516</ele>
        <time>2026-09-28T17:44:33.766Z</time>
      </trkpt>
      <trkpt lat="43.728220" lon="3.854072">
        <ele>103.288198</ele>
        <time>2026-09-28T17:44:49.636Z</time>
      </trkpt>
      <trkpt lat="43.728070" lon="3.854124">
        <ele>103.591082</ele>
        <time>2026-09-28T17:44:54.187Z</time>
      </trkpt>
      <trkpt lat="43.728030" lon="3.853868">
        <ele>103.961803</ele>
        <time>2026-09-28T17:44:59.191Z</time>
      </trkpt>
      <trkpt lat="43.727687" lon="3.852844">
        <ele>105.559331</ele>
        <time>2026-09-28T17:45:18.188Z</time>
      </trkpt>
      <trkpt lat="43.727592" lon="3.852693">
        <ele>105.842712</ele>
        <time>2026-09-28T17:45:21.639Z</time>
      </trkpt>
      <trkpt lat="43.727469" lon="3.852632">
        <ele>106.098637</ele>
        <time>2026-09-28T17:45:24.729Z</time>
      </trkpt>
      <trkpt lat="43.727344" lon="3.852646">
        <ele>106.344275</ele>
        <time>2026-09-28T17:45:27.664Z</time>
      </trkpt>
      <trkpt lat="43.726864" lon="3.852784">
        <ele>106.711149</ele>
        <time>2026-09-28T17:45:39.616Z</time>
      </trkpt>
      <trkpt lat="43.726374" lon="3.852952">
        <ele>107.034068</ele>
        <time>2026-09-28T17:45:51.255Z</time>
      </trkpt>
      <trkpt lat="43.726233" lon="3.852896">
        <ele>107.127903</ele>
        <time>2026-09-28T17:45:54.683Z</time>
      </trkpt>
      <trkpt lat="43.725743" lon="3.853089">
        <ele>107.453794</ele>
        <time>2026-09-28T17:46:04.628Z</time>
      </trkpt>
      <trkpt lat="43.725694" lon="3.853163">
        <ele>107.500191</ele>
        <time>2026-09-28T17:46:05.745Z</time>
      </trkpt>
      <trkpt lat="43.725503" lon="3.853718">
        <ele>106.397830</ele>
        <time>2026-09-28T17:46:12.004Z</time>
      </trkpt>
      <trkpt lat="43.725237" lon="3.854225">
        <ele>104.779066</ele>
        <time>2026-09-28T17:46:17.783Z</time>
      </trkpt>
      <trkpt lat="43.724288" lon="3.855691">
        <ele>98.972592</ele>
        <time>2026-09-28T17:46:34.418Z</time>
      </trkpt>
      <trkpt lat="43.724009" lon="3.856161">
        <ele>96.619010</ele>
        <time>2026-09-28T17:46:39.445Z</time>
      </trkpt>
      <trkpt lat="43.723832" lon="3.856367">
        <ele>95.380613</ele>
        <time>2026-09-28T17:46:42.079Z</time>
      </trkpt>
      <trkpt lat="43.723352" lon="3.856800">
        <ele>92.312544</ele>
        <time>2026-09-28T17:46:48.599Z</time>
      </trkpt>
      <trkpt lat="43.722843" lon="3.857127">
        <ele>90.016023</ele>
        <time>2026-09-28T17:46:55.188Z</time>
      </trkpt>
      <trkpt lat="43.722629" lon="3.857203">
        <ele>89.213082</ele>
        <time>2026-09-28T17:46:57.857Z</time>
      </trkpt>
      <trkpt lat="43.722436" lon="3.857156">
        <ele>88.500887</ele>
        <time>2026-09-28T17:47:00.727Z</time>
      </trkpt>
      <trkpt lat="43.722297" lon="3.857159">
        <ele>87.995662</ele>
        <time>2026-09-28T17:47:02.787Z</time>
      </trkpt>
      <trkpt lat="43.722100" lon="3.857256">
        <ele>87.235731</ele>
        <time>2026-09-28T17:47:05.939Z</time>
      </trkpt>
      <trkpt lat="43.721922" lon="3.857448">
        <ele>86.415496</ele>
        <time>2026-09-28T17:47:09.351Z</time>
      </trkpt>
      <trkpt lat="43.721575" lon="3.857832">
        <ele>84.861795</ele>
        <time>2026-09-28T17:47:16.263Z</time>
      </trkpt>
      <trkpt lat="43.721326" lon="3.858052">
        <ele>84.162882</ele>
        <time>2026-09-28T17:47:20.981Z</time>
      </trkpt>
      <trkpt lat="43.719818" lon="3.858363">
        <ele>80.657087</ele>
        <time>2026-09-28T17:47:44.791Z</time>
      </trkpt>
      <trkpt lat="43.719678" lon="3.858379">
        <ele>80.528826</ele>
        <time>2026-09-28T17:47:47.065Z</time>
      </trkpt>
      <trkpt lat="43.719593" lon="3.858358">
        <ele>80.449990</ele>
        <time>2026-09-28T17:47:48.493Z</time>
      </trkpt>
      <trkpt lat="43.718918" lon="3.858653">
        <ele>79.803674</ele>
        <time>2026-09-28T17:48:00.722Z</time>
      </trkpt>
      <trkpt lat="43.718531" lon="3.858884">
        <ele>79.418849</ele>
        <time>2026-09-28T17:48:08.619Z</time>
      </trkpt>
      <trkpt lat="43.717968" lon="3.859222">
        <ele>79.078588</ele>
        <time>2026-09-28T17:48:21.197Z</time>
      </trkpt>
      <trkpt lat="43.717318" lon="3.859579">
        <ele>79.079096</ele>
        <time>2026-09-28T17:48:37.368Z</time>
      </trkpt>
      <trkpt lat="43.717281" lon="3.859579">
        <ele>79.079123</ele>
        <time>2026-09-28T17:48:38.193Z</time>
      </trkpt>
      <trkpt lat="43.717177" lon="3.859573">
        <ele>79.079199</ele>
        <time>2026-09-28T17:48:40.491Z</time>
      </trkpt>
      <trkpt lat="43.716820" lon="3.859864">
        <ele>79.079500</ele>
        <time>2026-09-28T17:48:51.512Z</time>
      </trkpt>
      <trkpt lat="43.716782" lon="3.859905">
        <ele>79.079535</ele>
        <time>2026-09-28T17:48:52.693Z</time>
      </trkpt>
      <trkpt lat="43.716471" lon="3.860229">
        <ele>78.829273</ele>
        <time>2026-09-28T17:49:02.048Z</time>
      </trkpt>
      <trkpt lat="43.716266" lon="3.860381">
        <ele>78.396145</ele>
        <time>2026-09-28T17:49:07.469Z</time>
      </trkpt>
      <trkpt lat="43.715906" lon="3.860461">
        <ele>77.717139</ele>
        <time>2026-09-28T17:49:15.469Z</time>
      </trkpt>
      <trkpt lat="43.715752" lon="3.860498">
        <ele>77.426059</ele>
        <time>2026-09-28T17:49:18.845Z</time>
      </trkpt>
      <trkpt lat="43.715348" lon="3.860599">
        <ele>76.661523</ele>
        <time>2026-09-28T17:49:25.236Z</time>
      </trkpt>
      <trkpt lat="43.714852" lon="3.860711">
        <ele>75.728532</ele>
        <time>2026-09-28T17:49:33.180Z</time>
      </trkpt>
      <trkpt lat="43.714568" lon="3.860776">
        <ele>75.534734</ele>
        <time>2026-09-28T17:49:37.983Z</time>
      </trkpt>
      <trkpt lat="43.714427" lon="3.860823">
        <ele>75.437091</ele>
        <time>2026-09-28T17:49:40.534Z</time>
      </trkpt>
      <trkpt lat="43.714390" lon="3.860835">
        <ele>75.411506</ele>
        <time>2026-09-28T17:49:41.203Z</time>
      </trkpt>
      <trkpt lat="43.713545" lon="3.861085">
        <ele>74.829757</ele>
        <time>2026-09-28T17:49:57.662Z</time>
      </trkpt>
      <trkpt lat="43.713516" lon="3.861119">
        <ele>74.804166</ele>
        <time>2026-09-28T17:49:58.417Z</time>
      </trkpt>
      <trkpt lat="43.713265" lon="3.861163">
        <ele>74.633832</ele>
        <time>2026-09-28T17:50:03.334Z</time>
      </trkpt>
      <trkpt lat="43.712086" lon="3.861439">
        <ele>74.299625</ele>
        <time>2026-09-28T17:50:26.784Z</time>
      </trkpt>
      <trkpt lat="43.711805" lon="3.861460">
        <ele>74.239359</ele>
        <time>2026-09-28T17:50:32.466Z</time>
      </trkpt>
      <trkpt lat="43.710561" lon="3.861552">
        <ele>73.204674</ele>
        <time>2026-09-28T17:50:55.210Z</time>
      </trkpt>
      <trkpt lat="43.709550" lon="3.861462">
        <ele>71.956135</ele>
        <time>2026-09-28T17:51:11.958Z</time>
      </trkpt>
      <trkpt lat="43.708841" lon="3.861376">
        <ele>70.780813</ele>
        <time>2026-09-28T17:51:23.663Z</time>
      </trkpt>
      <trkpt lat="43.708416" lon="3.861257">
        <ele>70.056352</ele>
        <time>2026-09-28T17:51:31.011Z</time>
      </trkpt>
      <trkpt lat="43.707862" lon="3.861114">
        <ele>69.114790</ele>
        <time>2026-09-28T17:51:40.450Z</time>
      </trkpt>
      <trkpt lat="43.707231" lon="3.861073">
        <ele>67.715467</ele>
        <time>2026-09-28T17:51:50.563Z</time>
      </trkpt>
      <trkpt lat="43.706800" lon="3.861043">
        <ele>66.703750</ele>
        <time>2026-09-28T17:51:57.237Z</time>
      </trkpt>
      <trkpt lat="43.706447" lon="3.860989">
        <ele>65.871131</ele>
        <time>2026-09-28T17:52:02.687Z</time>
      </trkpt>
      <trkpt lat="43.705855" lon="3.860755">
        <ele>64.518856</ele>
        <time>2026-09-28T17:52:12.289Z</time>
      </trkpt>
      <trkpt lat="43.705766" lon="3.860689">
        <ele>64.362668</ele>
        <time>2026-09-28T17:52:13.884Z</time>
      </trkpt>
      <trkpt lat="43.705298" lon="3.860187">
        <ele>63.446698</ele>
        <time>2026-09-28T17:52:23.411Z</time>
      </trkpt>
      <trkpt lat="43.704874" lon="3.859681">
        <ele>62.580581</ele>
        <time>2026-09-28T17:52:32.805Z</time>
      </trkpt>
      <trkpt lat="43.704142" lon="3.858846">
        <ele>61.908784</ele>
        <time>2026-09-28T17:52:50.160Z</time>
      </trkpt>
      <trkpt lat="43.704120" lon="3.858815">
        <ele>61.908488</ele>
        <time>2026-09-28T17:52:50.753Z</time>
      </trkpt>
      <trkpt lat="43.703739" lon="3.857363">
        <ele>61.897961</ele>
        <time>2026-09-28T17:53:15.064Z</time>
      </trkpt>
      <trkpt lat="43.703710" lon="3.857261">
        <ele>61.897214</ele>
        <time>2026-09-28T17:53:16.822Z</time>
      </trkpt>
      <trkpt lat="43.703692" lon="3.857211">
        <ele>61.896833</ele>
        <time>2026-09-28T17:53:17.621Z</time>
      </trkpt>
      <trkpt lat="43.703640" lon="3.857119">
        <ele>61.877208</ele>
        <time>2026-09-28T17:53:19.351Z</time>
      </trkpt>
      <trkpt lat="43.703535" lon="3.857036">
        <ele>61.844032</ele>
        <time>2026-09-28T17:53:21.796Z</time>
      </trkpt>
      <trkpt lat="43.703491" lon="3.857017">
        <ele>61.831388</ele>
        <time>2026-09-28T17:53:22.762Z</time>
      </trkpt>
      <trkpt lat="43.703419" lon="3.856991">
        <ele>61.810975</ele>
        <time>2026-09-28T17:53:24.236Z</time>
      </trkpt>
      <trkpt lat="43.702606" lon="3.856672">
        <ele>61.579153</ele>
        <time>2026-09-28T17:53:40.978Z</time>
      </trkpt>
      <trkpt lat="43.701699" lon="3.856314">
        <ele>61.249634</ele>
        <time>2026-09-28T17:53:57.716Z</time>
      </trkpt>
      <trkpt lat="43.701656" lon="3.856301">
        <ele>61.227250</ele>
        <time>2026-09-28T17:53:58.734Z</time>
      </trkpt>
      <trkpt lat="43.701607" lon="3.856283">
        <ele>61.201466</ele>
        <time>2026-09-28T17:53:59.969Z</time>
      </trkpt>
      <trkpt lat="43.701573" lon="3.856430">
        <ele>61.144721</ele>
        <time>2026-09-28T17:54:03.285Z</time>
      </trkpt>
      <trkpt lat="43.701574" lon="3.856787">
        <ele>61.013465</ele>
        <time>2026-09-28T17:54:11.094Z</time>
      </trkpt>
      <trkpt lat="43.701542" lon="3.856978">
        <ele>60.941380</ele>
        <time>2026-09-28T17:54:15.361Z</time>
      </trkpt>
      <trkpt lat="43.701457" lon="3.857485">
        <ele>60.750028</ele>
        <time>2026-09-28T17:54:26.662Z</time>
      </trkpt>
      <trkpt lat="43.701199" lon="3.859042">
        <ele>60.763129</ele>
        <time>2026-09-28T17:55:03.093Z</time>
      </trkpt>
      <trkpt lat="43.700877" lon="3.860949">
        <ele>61.492088</ele>
        <time>2026-09-28T17:55:52.594Z</time>
      </trkpt>
      <trkpt lat="43.700662" lon="3.862209">
        <ele>62.337090</ele>
        <time>2026-09-28T17:56:26.795Z</time>
      </trkpt>
      <trkpt lat="43.700700" lon="3.862225">
        <ele>62.372952</ele>
        <time>2026-09-28T17:56:27.934Z</time>
      </trkpt>
      <trkpt lat="43.700651" lon="3.862340">
        <ele>62.460079</ele>
        <time>2026-09-28T17:56:29.957Z</time>
      </trkpt>
      <trkpt lat="43.700619" lon="3.862374">
        <ele>62.496509</ele>
        <time>2026-09-28T17:56:30.759Z</time>
      </trkpt>
      <trkpt lat="43.700610" lon="3.862397">
        <ele>62.513579</ele>
        <time>2026-09-28T17:56:31.136Z</time>
      </trkpt>
      <trkpt lat="43.700513" lon="3.862451">
        <ele>62.607979</ele>
        <time>2026-09-28T17:56:33.329Z</time>
      </trkpt>
      <trkpt lat="43.700397" lon="3.862481">
        <ele>62.714522</ele>
        <time>2026-09-28T17:56:35.805Z</time>
      </trkpt>
      <trkpt lat="43.700307" lon="3.862475">
        <ele>62.795870</ele>
        <time>2026-09-28T17:56:37.634Z</time>
      </trkpt>
      <trkpt lat="43.699609" lon="3.862357">
        <ele>63.277114</ele>
        <time>2026-09-28T17:56:52.472Z</time>
      </trkpt>
      <trkpt lat="43.699310" lon="3.862319">
        <ele>63.472150</ele>
        <time>2026-09-28T17:56:58.701Z</time>
      </trkpt>
      <trkpt lat="43.699064" lon="3.862354">
        <ele>63.632784</ele>
        <time>2026-09-28T17:57:03.648Z</time>
      </trkpt>
      <trkpt lat="43.698571" lon="3.862609">
        <ele>63.974674</ele>
        <time>2026-09-28T17:57:14.120Z</time>
      </trkpt>
      <trkpt lat="43.698344" lon="3.862757">
        <ele>64.022321</ele>
        <time>2026-09-28T17:57:18.779Z</time>
      </trkpt>
      <trkpt lat="43.698007" lon="3.862953">
        <ele>63.942089</ele>
        <time>2026-09-28T17:57:25.135Z</time>
      </trkpt>
      <trkpt lat="43.697813" lon="3.862998">
        <ele>63.898919</ele>
        <time>2026-09-28T17:57:28.440Z</time>
      </trkpt>
      <trkpt lat="43.697554" lon="3.862954">
        <ele>63.841650</ele>
        <time>2026-09-28T17:57:32.680Z</time>
      </trkpt>
      <trkpt lat="43.697434" lon="3.862935">
        <ele>63.815143</ele>
        <time>2026-09-28T17:57:34.593Z</time>
      </trkpt>
      <trkpt lat="43.697326" lon="3.862911">
        <ele>63.791137</ele>
        <time>2026-09-28T17:57:36.319Z</time>
      </trkpt>
      <trkpt lat="43.696348" lon="3.862743">
        <ele>63.745513</ele>
        <time>2026-09-28T17:57:51.557Z</time>
      </trkpt>
      <trkpt lat="43.695921" lon="3.862673">
        <ele>63.847868</ele>
        <time>2026-09-28T17:57:58.775Z</time>
      </trkpt>
      <trkpt lat="43.695564" lon="3.862612">
        <ele>63.933495</ele>
        <time>2026-09-28T17:58:05.223Z</time>
      </trkpt>
      <trkpt lat="43.695115" lon="3.862535">
        <ele>64.041194</ele>
        <time>2026-09-28T17:58:14.996Z</time>
      </trkpt>
      <trkpt lat="43.694673" lon="3.862499">
        <ele>64.312701</ele>
        <time>2026-09-28T17:58:24.799Z</time>
      </trkpt>
      <trkpt lat="43.694385" lon="3.862496">
        <ele>64.565767</ele>
        <time>2026-09-28T17:58:31.534Z</time>
      </trkpt>
      <trkpt lat="43.694314" lon="3.862495">
        <ele>64.628157</ele>
        <time>2026-09-28T17:58:33.270Z</time>
      </trkpt>
      <trkpt lat="43.694245" lon="3.862492">
        <ele>64.688816</ele>
        <time>2026-09-28T17:58:34.781Z</time>
      </trkpt>
      <trkpt lat="43.694106" lon="3.862487">
        <ele>64.810993</ele>
        <time>2026-09-28T17:58:37.970Z</time>
      </trkpt>
      <trkpt lat="43.694039" lon="3.862485">
        <ele>64.869879</ele>
        <time>2026-09-28T17:58:39.489Z</time>
      </trkpt>
      <trkpt lat="43.693950" lon="3.862373">
        <ele>64.975608</ele>
        <time>2026-09-28T17:58:42.451Z</time>
      </trkpt>
      <trkpt lat="43.693888" lon="3.862319">
        <ele>65.039989</ele>
        <time>2026-09-28T17:58:44.393Z</time>
      </trkpt>
      <trkpt lat="43.693769" lon="3.862295">
        <ele>65.145657</ele>
        <time>2026-09-28T17:58:47.356Z</time>
      </trkpt>
      <trkpt lat="43.693619" lon="3.862330">
        <ele>65.279322</ele>
        <time>2026-09-28T17:58:51.121Z</time>
      </trkpt>
      <trkpt lat="43.693596" lon="3.862383">
        <ele>65.318593</ele>
        <time>2026-09-28T17:58:52.123Z</time>
      </trkpt>
      <trkpt lat="43.692958" lon="3.862450">
        <ele>65.452644</ele>
        <time>2026-09-28T17:59:03.805Z</time>
      </trkpt>
      <trkpt lat="43.691965" lon="3.862710">
        <ele>64.576367</ele>
        <time>2026-09-28T17:59:19.177Z</time>
      </trkpt>
      <trkpt lat="43.691555" lon="3.862714">
        <ele>64.220867</ele>
        <time>2026-09-28T17:59:24.879Z</time>
      </trkpt>
      <trkpt lat="43.691451" lon="3.862709">
        <ele>64.130639</ele>
        <time>2026-09-28T17:59:26.294Z</time>
      </trkpt>
      <trkpt lat="43.690454" lon="3.862648">
        <ele>62.615649</ele>
        <time>2026-09-28T17:59:40.038Z</time>
      </trkpt>
      <trkpt lat="43.689700" lon="3.862661">
        <ele>61.456421</ele>
        <time>2026-09-28T17:59:50.842Z</time>
      </trkpt>
      <trkpt lat="43.689125" lon="3.862773">
        <ele>60.755933</ele>
        <time>2026-09-28T17:59:59.595Z</time>
      </trkpt>
      <trkpt lat="43.688468" lon="3.862969">
        <ele>59.978276</ele>
        <time>2026-09-28T18:00:09.558Z</time>
      </trkpt>
      <trkpt lat="43.686674" lon="3.863659">
        <ele>57.978937</ele>
        <time>2026-09-28T18:00:36.352Z</time>
      </trkpt>
      <trkpt lat="43.686567" lon="3.863694">
        <ele>57.865466</ele>
        <time>2026-09-28T18:00:38.001Z</time>
      </trkpt>
      <trkpt lat="43.686509" lon="3.863711">
        <ele>57.804281</ele>
        <time>2026-09-28T18:00:38.912Z</time>
      </trkpt>
      <trkpt lat="43.686246" lon="3.863790">
        <ele>57.526536</ele>
        <time>2026-09-28T18:00:43.064Z</time>
      </trkpt>
      <trkpt lat="43.685759" lon="3.863854">
        <ele>57.445484</ele>
        <time>2026-09-28T18:00:51.004Z</time>
      </trkpt>
      <trkpt lat="43.685592" lon="3.863846">
        <ele>57.464493</ele>
        <time>2026-09-28T18:00:53.869Z</time>
      </trkpt>
      <trkpt lat="43.685196" lon="3.863744">
        <ele>57.510316</ele>
        <time>2026-09-28T18:01:01.359Z</time>
      </trkpt>
      <trkpt lat="43.684378" lon="3.863522">
        <ele>57.605144</ele>
        <time>2026-09-28T18:01:17.779Z</time>
      </trkpt>
      <trkpt lat="43.684228" lon="3.863451">
        <ele>57.508047</ele>
        <time>2026-09-28T18:01:20.516Z</time>
      </trkpt>
      <trkpt lat="43.684221" lon="3.863505">
        <ele>57.478294</ele>
        <time>2026-09-28T18:01:21.768Z</time>
      </trkpt>
      <trkpt lat="43.684219" lon="3.863578">
        <ele>57.438675</ele>
        <time>2026-09-28T18:01:23.462Z</time>
      </trkpt>
      <trkpt lat="43.684217" lon="3.863628">
        <ele>57.411517</ele>
        <time>2026-09-28T18:01:24.623Z</time>
      </trkpt>
      <trkpt lat="43.683873" lon="3.863581">
        <ele>57.152275</ele>
        <time>2026-09-28T18:01:30.103Z</time>
      </trkpt>
      <trkpt lat="43.683688" lon="3.863672">
        <ele>57.005016</ele>
        <time>2026-09-28T18:01:33.164Z</time>
      </trkpt>
      <trkpt lat="43.683581" lon="3.863683">
        <ele>56.924550</ele>
        <time>2026-09-28T18:01:34.798Z</time>
      </trkpt>
      <trkpt lat="43.683075" lon="3.864289">
        <ele>56.422531</ele>
        <time>2026-09-28T18:01:44.622Z</time>
      </trkpt>
      <trkpt lat="43.682745" lon="3.864531">
        <ele>56.080399</ele>
        <time>2026-09-28T18:01:49.877Z</time>
      </trkpt>
      <trkpt lat="43.681935" lon="3.865282">
        <ele>54.960517</ele>
        <time>2026-09-28T18:02:03.737Z</time>
      </trkpt>
      <trkpt lat="43.681065" lon="3.865508">
        <ele>54.258363</ele>
        <time>2026-09-28T18:02:17.259Z</time>
      </trkpt>
      <trkpt lat="43.680810" lon="3.865608">
        <ele>54.337222</ele>
        <time>2026-09-28T18:02:21.633Z</time>
      </trkpt>
      <trkpt lat="43.680280" lon="3.865919">
        <ele>54.508517</ele>
        <time>2026-09-28T18:02:32.173Z</time>
      </trkpt>
      <trkpt lat="43.678967" lon="3.866658">
        <ele>55.096515</ele>
        <time>2026-09-28T18:03:02.365Z</time>
      </trkpt>
      <trkpt lat="43.677782" lon="3.867271">
        <ele>55.615191</ele>
        <time>2026-09-28T18:03:26.284Z</time>
      </trkpt>
      <trkpt lat="43.677635" lon="3.867312">
        <ele>55.521045</ele>
        <time>2026-09-28T18:03:28.826Z</time>
      </trkpt>
      <trkpt lat="43.677380" lon="3.867313">
        <ele>55.360955</ele>
        <time>2026-09-28T18:03:32.916Z</time>
      </trkpt>
      <trkpt lat="43.677275" lon="3.867304">
        <ele>55.294910</ele>
        <time>2026-09-28T18:03:34.515Z</time>
      </trkpt>
      <trkpt lat="43.677146" lon="3.867376">
        <ele>55.207574</ele>
        <time>2026-09-28T18:03:36.585Z</time>
      </trkpt>
      <trkpt lat="43.677117" lon="3.867419">
        <ele>55.180879</ele>
        <time>2026-09-28T18:03:37.219Z</time>
      </trkpt>
      <trkpt lat="43.677096" lon="3.867478">
        <ele>55.151021</ele>
        <time>2026-09-28T18:03:38.616Z</time>
      </trkpt>
      <trkpt lat="43.677051" lon="3.867580">
        <ele>55.096771</ele>
        <time>2026-09-28T18:03:41.126Z</time>
      </trkpt>
      <trkpt lat="43.677024" lon="3.867642">
        <ele>55.063911</ele>
        <time>2026-09-28T18:03:42.683Z</time>
      </trkpt>
      <trkpt lat="43.676921" lon="3.867647">
        <ele>54.999207</ele>
        <time>2026-09-28T18:03:44.189Z</time>
      </trkpt>
      <trkpt lat="43.676848" lon="3.867796">
        <ele>54.917492</ele>
        <time>2026-09-28T18:03:46.110Z</time>
      </trkpt>
      <trkpt lat="43.676801" lon="3.867799">
        <ele>54.887954</ele>
        <time>2026-09-28T18:03:47.489Z</time>
      </trkpt>
      <trkpt lat="43.676672" lon="3.867814">
        <ele>54.806682</ele>
        <time>2026-09-28T18:03:51.213Z</time>
      </trkpt>
      <trkpt lat="43.676634" lon="3.867815">
        <ele>54.782821</ele>
        <time>2026-09-28T18:03:52.356Z</time>
      </trkpt>
      <trkpt lat="43.676539" lon="3.867669">
        <ele>54.693649</ele>
        <time>2026-09-28T18:03:54.437Z</time>
      </trkpt>
      <trkpt lat="43.676447" lon="3.867607">
        <ele>54.629396</ele>
        <time>2026-09-28T18:03:55.945Z</time>
      </trkpt>
      <trkpt lat="43.676400" lon="3.867619">
        <ele>54.599390</ele>
        <time>2026-09-28T18:03:56.669Z</time>
      </trkpt>
      <trkpt lat="43.676373" lon="3.867593">
        <ele>54.578734</ele>
        <time>2026-09-28T18:03:57.175Z</time>
      </trkpt>
      <trkpt lat="43.676321" lon="3.867511">
        <ele>54.579905</ele>
        <time>2026-09-28T18:03:58.357Z</time>
      </trkpt>
      <trkpt lat="43.676302" lon="3.867354">
        <ele>54.585500</ele>
        <time>2026-09-28T18:04:00.224Z</time>
      </trkpt>
      <trkpt lat="43.676257" lon="3.867271">
        <ele>54.589145</ele>
        <time>2026-09-28T18:04:01.431Z</time>
      </trkpt>
      <trkpt lat="43.676083" lon="3.867197">
        <ele>54.597992</ele>
        <time>2026-09-28T18:04:04.278Z</time>
      </trkpt>
      <trkpt lat="43.675864" lon="3.867174">
        <ele>54.608666</ele>
        <time>2026-09-28T18:04:07.841Z</time>
      </trkpt>
      <trkpt lat="43.675641" lon="3.867180">
        <ele>54.619505</ele>
        <time>2026-09-28T18:04:11.746Z</time>
      </trkpt>
      <trkpt lat="43.675406" lon="3.867257">
        <ele>54.631241</ele>
        <time>2026-09-28T18:04:16.713Z</time>
      </trkpt>
      <trkpt lat="43.675382" lon="3.867288">
        <ele>54.632837</ele>
        <time>2026-09-28T18:04:17.439Z</time>
      </trkpt>
      <trkpt lat="43.675209" lon="3.867362">
        <ele>54.641638</ele>
        <time>2026-09-28T18:04:21.411Z</time>
      </trkpt>
      <trkpt lat="43.674368" lon="3.867756">
        <ele>54.461778</ele>
        <time>2026-09-28T18:04:38.886Z</time>
      </trkpt>
      <trkpt lat="43.673559" lon="3.867686">
        <ele>54.085205</ele>
        <time>2026-09-28T18:04:51.443Z</time>
      </trkpt>
      <trkpt lat="43.673564" lon="3.867634">
        <ele>54.067578</ele>
        <time>2026-09-28T18:04:52.524Z</time>
      </trkpt>
      <trkpt lat="43.673572" lon="3.867563">
        <ele>54.043433</ele>
        <time>2026-09-28T18:04:54.033Z</time>
      </trkpt>
      <trkpt lat="43.673551" lon="3.867475">
        <ele>54.012296</ele>
        <time>2026-09-28T18:04:55.012Z</time>
      </trkpt>
      <trkpt lat="43.673502" lon="3.867398">
        <ele>53.977834</ele>
        <time>2026-09-28T18:04:56.067Z</time>
      </trkpt>
      <trkpt lat="43.673385" lon="3.867366">
        <ele>53.922426</ele>
        <time>2026-09-28T18:04:57.752Z</time>
      </trkpt>
      <trkpt lat="43.673358" lon="3.867373">
        <ele>53.909664</ele>
        <time>2026-09-28T18:04:58.148Z</time>
      </trkpt>
      <trkpt lat="43.673293" lon="3.867428">
        <ele>53.874260</ele>
        <time>2026-09-28T18:04:59.232Z</time>
      </trkpt>
      <trkpt lat="43.673251" lon="3.867510">
        <ele>53.840497</ele>
        <time>2026-09-28T18:05:00.256Z</time>
      </trkpt>
      <trkpt lat="43.672114" lon="3.867728">
        <ele>52.953366</ele>
        <time>2026-09-28T18:05:17.431Z</time>
      </trkpt>
      <trkpt lat="43.669752" lon="3.868294">
        <ele>51.905261</ele>
        <time>2026-09-28T18:05:55.981Z</time>
      </trkpt>
      <trkpt lat="43.669176" lon="3.868365">
        <ele>51.648560</ele>
        <time>2026-09-28T18:06:07.138Z</time>
      </trkpt>
      <trkpt lat="43.668793" lon="3.868312">
        <ele>51.469069</ele>
        <time>2026-09-28T18:06:13.361Z</time>
      </trkpt>
      <trkpt lat="43.668604" lon="3.868243">
        <ele>51.377914</ele>
        <time>2026-09-28T18:06:16.507Z</time>
      </trkpt>
      <trkpt lat="43.668255" lon="3.868064">
        <ele>51.204331</ele>
        <time>2026-09-28T18:06:22.297Z</time>
      </trkpt>
      <trkpt lat="43.667954" lon="3.867808">
        <ele>51.037423</ele>
        <time>2026-09-28T18:06:27.486Z</time>
      </trkpt>
      <trkpt lat="43.667638" lon="3.867476">
        <ele>50.728142</ele>
        <time>2026-09-28T18:06:33.036Z</time>
      </trkpt>
      <trkpt lat="43.667114" lon="3.866792">
        <ele>50.166558</ele>
        <time>2026-09-28T18:06:43.393Z</time>
      </trkpt>
      <trkpt lat="43.666863" lon="3.866518">
        <ele>49.917341</ele>
        <time>2026-09-28T18:06:48.899Z</time>
      </trkpt>
      <trkpt lat="43.666583" lon="3.866299">
        <ele>49.666653</ele>
        <time>2026-09-28T18:06:54.518Z</time>
      </trkpt>
      <trkpt lat="43.666387" lon="3.866116">
        <ele>49.766865</ele>
        <time>2026-09-28T18:06:58.760Z</time>
      </trkpt>
      <trkpt lat="43.666206" lon="3.866020">
        <ele>49.886534</ele>
        <time>2026-09-28T18:07:02.208Z</time>
      </trkpt>
      <trkpt lat="43.665856" lon="3.865938">
        <ele>50.105662</ele>
        <time>2026-09-28T18:07:09.073Z</time>
      </trkpt>
      <trkpt lat="43.665597" lon="3.865921">
        <ele>50.265717</ele>
        <time>2026-09-28T18:07:14.716Z</time>
      </trkpt>
      <trkpt lat="43.665040" lon="3.865959">
        <ele>50.609960</ele>
        <time>2026-09-28T18:07:26.970Z</time>
      </trkpt>
      <trkpt lat="43.664700" lon="3.866036">
        <ele>50.650969</ele>
        <time>2026-09-28T18:07:34.181Z</time>
      </trkpt>
      <trkpt lat="43.664535" lon="3.866015">
        <ele>50.506865</ele>
        <time>2026-09-28T18:07:37.455Z</time>
      </trkpt>
      <trkpt lat="43.664277" lon="3.865849">
        <ele>50.259375</ele>
        <time>2026-09-28T18:07:42.584Z</time>
      </trkpt>
      <trkpt lat="43.663783" lon="3.865771">
        <ele>49.826960</ele>
        <time>2026-09-28T18:07:50.427Z</time>
      </trkpt>
      <trkpt lat="43.663492" lon="3.865688">
        <ele>49.568553</ele>
        <time>2026-09-28T18:07:54.624Z</time>
      </trkpt>
      <trkpt lat="43.662807" lon="3.865299">
        <ele>48.583982</ele>
        <time>2026-09-28T18:08:04.304Z</time>
      </trkpt>
      <trkpt lat="43.662539" lon="3.865186">
        <ele>48.024337</ele>
        <time>2026-09-28T18:08:07.850Z</time>
      </trkpt>
      <trkpt lat="43.662381" lon="3.865187">
        <ele>47.708749</ele>
        <time>2026-09-28T18:08:09.867Z</time>
      </trkpt>
      <trkpt lat="43.660817" lon="3.865739">
        <ele>45.072102</ele>
        <time>2026-09-28T18:08:32.571Z</time>
      </trkpt>
      <trkpt lat="43.660487" lon="3.866021">
        <ele>44.707334</ele>
        <time>2026-09-28T18:08:38.783Z</time>
      </trkpt>
      <trkpt lat="43.660365" lon="3.866265">
        <ele>44.505590</ele>
        <time>2026-09-28T18:08:42.160Z</time>
      </trkpt>
      <trkpt lat="43.660304" lon="3.866415">
        <ele>44.388548</ele>
        <time>2026-09-28T18:08:44.082Z</time>
      </trkpt>
      <trkpt lat="43.660211" lon="3.866532">
        <ele>44.270316</ele>
        <time>2026-09-28T18:08:46.018Z</time>
      </trkpt>
      <trkpt lat="43.659893" lon="3.866784">
        <ele>43.925685</ele>
        <time>2026-09-28T18:08:51.618Z</time>
      </trkpt>
      <trkpt lat="43.659123" lon="3.867697">
        <ele>43.335570</ele>
        <time>2026-09-28T18:09:07.187Z</time>
      </trkpt>
      <trkpt lat="43.658215" lon="3.868779">
        <ele>42.758354</ele>
        <time>2026-09-28T18:09:26.467Z</time>
      </trkpt>
      <trkpt lat="43.656795" lon="3.870077">
        <ele>42.524248</ele>
        <time>2026-09-28T18:09:54.281Z</time>
      </trkpt>
      <trkpt lat="43.655975" lon="3.870848">
        <ele>43.119896</ele>
        <time>2026-09-28T18:10:12.454Z</time>
      </trkpt>
      <trkpt lat="43.655748" lon="3.871156">
        <ele>43.310947</ele>
        <time>2026-09-28T18:10:19.448Z</time>
      </trkpt>
      <trkpt lat="43.655525" lon="3.871519">
        <ele>43.797178</ele>
        <time>2026-09-28T18:10:27.827Z</time>
      </trkpt>
      <trkpt lat="43.655245" lon="3.872037">
        <ele>44.945833</ele>
        <time>2026-09-28T18:10:41.280Z</time>
      </trkpt>
      <trkpt lat="43.655234" lon="3.872061">
        <ele>44.996302</ele>
        <time>2026-09-28T18:10:41.931Z</time>
      </trkpt>
      <trkpt lat="43.655135" lon="3.872305">
        <ele>45.493262</ele>
        <time>2026-09-28T18:10:51.580Z</time>
      </trkpt>
      <trkpt lat="43.655101" lon="3.872406">
        <ele>45.691153</ele>
        <time>2026-09-28T18:10:55.386Z</time>
      </trkpt>
      <trkpt lat="43.655125" lon="3.872509">
        <ele>45.883383</ele>
        <time>2026-09-28T18:10:58.861Z</time>
      </trkpt>
      <trkpt lat="43.655120" lon="3.872614">
        <ele>46.070313</ele>
        <time>2026-09-28T18:11:02.016Z</time>
      </trkpt>
      <trkpt lat="43.654961" lon="3.873199">
        <ele>47.180447</ele>
        <time>2026-09-28T18:11:15.901Z</time>
      </trkpt>
      <trkpt lat="43.654814" lon="3.873586">
        <ele>47.862468</ele>
        <time>2026-09-28T18:11:24.060Z</time>
      </trkpt>
      <trkpt lat="43.654874" lon="3.873622">
        <ele>47.889101</ele>
        <time>2026-09-28T18:11:26.729Z</time>
      </trkpt>
      <trkpt lat="43.654913" lon="3.873658">
        <ele>47.908196</ele>
        <time>2026-09-28T18:11:28.451Z</time>
      </trkpt>
      <trkpt lat="43.654996" lon="3.873818">
        <ele>47.966195</ele>
        <time>2026-09-28T18:11:33.868Z</time>
      </trkpt>
      <trkpt lat="43.655013" lon="3.873915">
        <ele>47.995597</ele>
        <time>2026-09-28T18:11:36.537Z</time>
      </trkpt>
      <trkpt lat="43.654992" lon="3.874109">
        <ele>48.053384</ele>
        <time>2026-09-28T18:11:41.683Z</time>
      </trkpt>
      <trkpt lat="43.654936" lon="3.874242">
        <ele>48.098717</ele>
        <time>2026-09-28T18:11:45.574Z</time>
      </trkpt>
      <trkpt lat="43.654974" lon="3.874483">
        <ele>48.171381</ele>
        <time>2026-09-28T18:11:51.557Z</time>
      </trkpt>
      <trkpt lat="43.654990" lon="3.875312">
        <ele>48.415686</ele>
        <time>2026-09-28T18:12:09.912Z</time>
      </trkpt>
      <trkpt lat="43.654970" lon="3.876465">
        <ele>48.761604</ele>
        <time>2026-09-28T18:12:23.078Z</time>
      </trkpt>
      <trkpt lat="43.654919" lon="3.878294">
        <ele>49.319314</ele>
        <time>2026-09-28T18:12:49.436Z</time>
      </trkpt>
      <trkpt lat="43.654886" lon="3.878675">
        <ele>49.333532</ele>
        <time>2026-09-28T18:12:55.789Z</time>
      </trkpt>
      <trkpt lat="43.654938" lon="3.878768">
        <ele>49.333532</ele>
        <time>2026-09-28T18:12:57.836Z</time>
      </trkpt>
      <trkpt lat="43.655091" lon="3.879278">
        <ele>49.333532</ele>
        <time>2026-09-28T18:13:08.126Z</time>
      </trkpt>
      <trkpt lat="43.655147" lon="3.879498">
        <ele>49.333532</ele>
        <time>2026-09-28T18:13:12.181Z</time>
      </trkpt>
      <trkpt lat="43.655233" lon="3.879834">
        <ele>49.333532</ele>
        <time>2026-09-28T18:13:18.262Z</time>
      </trkpt>
      <trkpt lat="43.655389" lon="3.880427">
        <ele>49.333532</ele>
        <time>2026-09-28T18:13:28.596Z</time>
      </trkpt>
      <trkpt lat="43.655417" lon="3.880530">
        <ele>49.333532</ele>
        <time>2026-09-28T18:13:30.361Z</time>
      </trkpt>
      <trkpt lat="43.655459" lon="3.880684">
        <ele>49.333532</ele>
        <time>2026-09-28T18:13:33.285Z</time>
      </trkpt>
      <trkpt lat="43.655383" lon="3.880873">
        <ele>49.333532</ele>
        <time>2026-09-28T18:13:37.072Z</time>
      </trkpt>
      <trkpt lat="43.655328" lon="3.880964">
        <ele>49.333532</ele>
        <time>2026-09-28T18:13:39.184Z</time>
      </trkpt>
      <trkpt lat="43.655263" lon="3.880976">
        <ele>49.333532</ele>
        <time>2026-09-28T18:13:40.679Z</time>
      </trkpt>
      <trkpt lat="43.655253" lon="3.880949">
        <ele>49.333532</ele>
        <time>2026-09-28T18:13:42.234Z</time>
      </trkpt>
    </trkseg>
  </trk>
</gpx>