<?xml version='1.0' encoding='UTF-8'?>
<gpx version="1.1" creator="https://www.komoot.de" xmlns="http://www.topografix.com/GPX/1/1" xmlns:xsi="http://www.w3.org/2001/XMLSchema-instance" xsi:schemaLocation="http://www.topografix.com/GPX/1/1 http://www.topografix.com/GPX/1/1/gpx.xsd">
  <metadata>
    <name>TMP - Tour de l'etang de Thau</name>
    <author>
      <link href="https://www.komoot.de">
        <text>komoot</text>
        <type>text/html</type>
      </link>
    </author>
  </metadata>
  <trk>
    <name>TMP - Tour de l'etang de Thau</name>
    <type>mtb_easy</type>
    <trkseg>
      <trkpt lat="43.599792" lon="3.895546">
        <ele>13.637941</ele>
        <time>2026-07-27T08:58:01.172Z</time>
      </trkpt>
      <trkpt lat="43.599836" lon="3.895609">
        <ele>13.637941</ele>
        <time>2026-07-27T08:58:03.020Z</time>
      </trkpt>
      <trkpt lat="43.599861" lon="3.895699">
        <ele>13.604779</ele>
        <time>2026-07-27T08:58:04.866Z</time>
      </trkpt>
      <trkpt lat="43.599883" lon="3.895675">
        <ele>13.560024</ele>
        <time>2026-07-27T08:58:06.859Z</time>
      </trkpt>
      <trkpt lat="43.599847" lon="3.895478">
        <ele>13.325157</ele>
        <time>2026-07-27T08:58:08.813Z</time>
      </trkpt>
      <trkpt lat="43.599886" lon="3.895243">
        <ele>13.108678</ele>
        <time>2026-07-27T08:58:11.039Z</time>
      </trkpt>
      <trkpt lat="43.599899" lon="3.895204">
        <ele>13.072325</ele>
        <time>2026-07-27T08:58:11.581Z</time>
      </trkpt>
      <trkpt lat="43.599928" lon="3.895124">
        <ele>13.086414</ele>
        <time>2026-07-27T08:58:13.313Z</time>
      </trkpt>
      <trkpt lat="43.600152" lon="3.894646">
        <ele>14.750169</ele>
        <time>2026-07-27T08:58:29.204Z</time>
      </trkpt>
      <trkpt lat="43.600194" lon="3.894567">
        <ele>14.729702</ele>
        <time>2026-07-27T08:58:30.521Z</time>
      </trkpt>
      <trkpt lat="43.600107" lon="3.894514">
        <ele>14.540418</ele>
        <time>2026-07-27T08:58:31.746Z</time>
      </trkpt>
      <trkpt lat="43.599631" lon="3.894198">
        <ele>12.691883</ele>
        <time>2026-07-27T08:58:38.140Z</time>
      </trkpt>
      <trkpt lat="43.599512" lon="3.894112">
        <ele>12.751470</ele>
        <time>2026-07-27T08:58:40.314Z</time>
      </trkpt>
      <trkpt lat="43.599493" lon="3.894045">
        <ele>12.775959</ele>
        <time>2026-07-27T08:58:41.732Z</time>
      </trkpt>
      <trkpt lat="43.599283" lon="3.893889">
        <ele>13.592005</ele>
        <time>2026-07-27T08:58:50.010Z</time>
      </trkpt>
      <trkpt lat="43.599184" lon="3.893871">
        <ele>13.867997</ele>
        <time>2026-07-27T08:58:53.433Z</time>
      </trkpt>
      <trkpt lat="43.599112" lon="3.893823">
        <ele>14.054678</ele>
        <time>2026-07-27T08:58:55.987Z</time>
      </trkpt>
      <trkpt lat="43.599134" lon="3.893719">
        <ele>14.219738</ele>
        <time>2026-07-27T08:58:58.368Z</time>
      </trkpt>
      <trkpt lat="43.599196" lon="3.893765">
        <ele>14.219927</ele>
        <time>2026-07-27T08:59:03.319Z</time>
      </trkpt>
      <trkpt lat="43.599259" lon="3.893809">
        <ele>14.220116</ele>
        <time>2026-07-27T08:59:08.232Z</time>
      </trkpt>
      <trkpt lat="43.599322" lon="3.893541">
        <ele>14.468451</ele>
        <time>2026-07-27T08:59:13.283Z</time>
      </trkpt>
      <trkpt lat="43.599491" lon="3.892737">
        <ele>16.051751</ele>
        <time>2026-07-27T08:59:30.660Z</time>
      </trkpt>
      <trkpt lat="43.599520" lon="3.892405">
        <ele>16.871874</ele>
        <time>2026-07-27T08:59:38.896Z</time>
      </trkpt>
      <trkpt lat="43.599522" lon="3.891884">
        <ele>18.104728</ele>
        <time>2026-07-27T08:59:50.749Z</time>
      </trkpt>
      <trkpt lat="43.599435" lon="3.891107">
        <ele>19.839079</ele>
        <time>2026-07-27T09:00:08.869Z</time>
      </trkpt>
      <trkpt lat="43.599426" lon="3.891046">
        <ele>19.931227</ele>
        <time>2026-07-27T09:00:09.958Z</time>
      </trkpt>
      <trkpt lat="43.599350" lon="3.890484">
        <ele>20.300117</ele>
        <time>2026-07-27T09:00:18.249Z</time>
      </trkpt>
      <trkpt lat="43.599092" lon="3.890039">
        <ele>20.655616</ele>
        <time>2026-07-27T09:00:26.804Z</time>
      </trkpt>
      <trkpt lat="43.598981" lon="3.889846">
        <ele>20.942586</ele>
        <time>2026-07-27T09:00:31.643Z</time>
      </trkpt>
      <trkpt lat="43.598903" lon="3.889713">
        <ele>21.239688</ele>
        <time>2026-07-27T09:00:35.159Z</time>
      </trkpt>
      <trkpt lat="43.597768" lon="3.887747">
        <ele>26.703390</ele>
        <time>2026-07-27T09:01:31.409Z</time>
      </trkpt>
      <trkpt lat="43.597463" lon="3.887138">
        <ele>27.073106</ele>
        <time>2026-07-27T09:01:42.038Z</time>
      </trkpt>
      <trkpt lat="43.597322" lon="3.886736">
        <ele>27.073342</ele>
        <time>2026-07-27T09:01:47.417Z</time>
      </trkpt>
      <trkpt lat="43.597251" lon="3.886494">
        <ele>27.028501</ele>
        <time>2026-07-27T09:01:50.938Z</time>
      </trkpt>
      <trkpt lat="43.597111" lon="3.885864">
        <ele>26.904421</ele>
        <time>2026-07-27T09:01:59.117Z</time>
      </trkpt>
      <trkpt lat="43.597097" lon="3.885776">
        <ele>26.862575</ele>
        <time>2026-07-27T09:02:00.071Z</time>
      </trkpt>
      <trkpt lat="43.597051" lon="3.885473">
        <ele>26.436245</ele>
        <time>2026-07-27T09:02:03.070Z</time>
      </trkpt>
      <trkpt lat="43.596999" lon="3.884706">
        <ele>25.900175</ele>
        <time>2026-07-27T09:02:11.340Z</time>
      </trkpt>
      <trkpt lat="43.596992" lon="3.883589">
        <ele>25.959161</ele>
        <time>2026-07-27T09:02:25.566Z</time>
      </trkpt>
      <trkpt lat="43.596992" lon="3.883386">
        <ele>26.229842</ele>
        <time>2026-07-27T09:02:29.440Z</time>
      </trkpt>
      <trkpt lat="43.596991" lon="3.880624">
        <ele>30.668171</ele>
        <time>2026-07-27T09:03:23.773Z</time>
      </trkpt>
      <trkpt lat="43.596989" lon="3.880580">
        <ele>30.732213</ele>
        <time>2026-07-27T09:03:24.594Z</time>
      </trkpt>
      <trkpt lat="43.596991" lon="3.880501">
        <ele>30.847041</ele>
        <time>2026-07-27T09:03:26.029Z</time>
      </trkpt>
      <trkpt lat="43.596991" lon="3.880429">
        <ele>30.902352</ele>
        <time>2026-07-27T09:03:27.289Z</time>
      </trkpt>
      <trkpt lat="43.596995" lon="3.878125">
        <ele>32.366469</ele>
        <time>2026-07-27T09:04:02.872Z</time>
      </trkpt>
      <trkpt lat="43.597080" lon="3.878032">
        <ele>32.267298</ele>
        <time>2026-07-27T09:04:04.431Z</time>
      </trkpt>
      <trkpt lat="43.597024" lon="3.877963">
        <ele>31.969939</ele>
        <time>2026-07-27T09:04:05.541Z</time>
      </trkpt>
      <trkpt lat="43.596957" lon="3.877946">
        <ele>31.700044</ele>
        <time>2026-07-27T09:04:06.490Z</time>
      </trkpt>
      <trkpt lat="43.596902" lon="3.877939">
        <ele>31.481213</ele>
        <time>2026-07-27T09:04:07.259Z</time>
      </trkpt>
      <trkpt lat="43.596865" lon="3.877889">
        <ele>31.266576</ele>
        <time>2026-07-27T09:04:07.954Z</time>
      </trkpt>
      <trkpt lat="43.596854" lon="3.877770">
        <ele>30.906050</ele>
        <time>2026-07-27T09:04:09.152Z</time>
      </trkpt>
      <trkpt lat="43.596260" lon="3.877737">
        <ele>29.503782</ele>
        <time>2026-07-27T09:04:18.781Z</time>
      </trkpt>
      <trkpt lat="43.596263" lon="3.877652">
        <ele>29.308365</ele>
        <time>2026-07-27T09:04:19.670Z</time>
      </trkpt>
      <trkpt lat="43.596131" lon="3.877641">
        <ele>28.968535</ele>
        <time>2026-07-27T09:04:21.253Z</time>
      </trkpt>
      <trkpt lat="43.596245" lon="3.877255">
        <ele>28.962712</ele>
        <time>2026-07-27T09:04:27.346Z</time>
      </trkpt>
      <trkpt lat="43.596364" lon="3.877011">
        <ele>28.972612</ele>
        <time>2026-07-27T09:04:30.997Z</time>
      </trkpt>
      <trkpt lat="43.596638" lon="3.876607">
        <ele>28.755778</ele>
        <time>2026-07-27T09:04:37.236Z</time>
      </trkpt>
      <trkpt lat="43.596695" lon="3.876582">
        <ele>28.681967</ele>
        <time>2026-07-27T09:04:38.107Z</time>
      </trkpt>
      <trkpt lat="43.596790" lon="3.876476">
        <ele>28.531284</ele>
        <time>2026-07-27T09:04:39.898Z</time>
      </trkpt>
      <trkpt lat="43.596874" lon="3.876240">
        <ele>28.343214</ele>
        <time>2026-07-27T09:04:42.895Z</time>
      </trkpt>
      <trkpt lat="43.596889" lon="3.876165">
        <ele>28.260574</ele>
        <time>2026-07-27T09:04:43.660Z</time>
      </trkpt>
      <trkpt lat="43.596864" lon="3.876002">
        <ele>27.994635</ele>
        <time>2026-07-27T09:04:45.196Z</time>
      </trkpt>
      <trkpt lat="43.596655" lon="3.875908">
        <ele>27.659544</ele>
        <time>2026-07-27T09:04:48.148Z</time>
      </trkpt>
      <trkpt lat="43.596553" lon="3.875737">
        <ele>27.689705</ele>
        <time>2026-07-27T09:04:51.232Z</time>
      </trkpt>
      <trkpt lat="43.596549" lon="3.875576">
        <ele>27.892458</ele>
        <time>2026-07-27T09:04:54.481Z</time>
      </trkpt>
      <trkpt lat="43.596569" lon="3.875465">
        <ele>28.127224</ele>
        <time>2026-07-27T09:04:57.080Z</time>
      </trkpt>
      <trkpt lat="43.596747" lon="3.875147">
        <ele>29.129436</ele>
        <time>2026-07-27T09:05:07.025Z</time>
      </trkpt>
      <trkpt lat="43.596835" lon="3.874842">
        <ele>29.536650</ele>
        <time>2026-07-27T09:05:13.889Z</time>
      </trkpt>
      <trkpt lat="43.596831" lon="3.874590">
        <ele>29.309516</ele>
        <time>2026-07-27T09:05:16.288Z</time>
      </trkpt>
      <trkpt lat="43.596778" lon="3.874357">
        <ele>28.777050</ele>
        <time>2026-07-27T09:05:18.456Z</time>
      </trkpt>
      <trkpt lat="43.596735" lon="3.874272">
        <ele>28.602902</ele>
        <time>2026-07-27T09:05:19.442Z</time>
      </trkpt>
      <trkpt lat="43.596585" lon="3.874061">
        <ele>28.080724</ele>
        <time>2026-07-27T09:05:22.474Z</time>
      </trkpt>
      <trkpt lat="43.596407" lon="3.873709">
        <ele>27.182579</ele>
        <time>2026-07-27T09:05:26.291Z</time>
      </trkpt>
      <trkpt lat="43.596390" lon="3.873556">
        <ele>27.104868</ele>
        <time>2026-07-27T09:05:27.924Z</time>
      </trkpt>
      <trkpt lat="43.596435" lon="3.873346">
        <ele>27.201921</ele>
        <time>2026-07-27T09:05:31.774Z</time>
      </trkpt>
      <trkpt lat="43.596445" lon="3.873260">
        <ele>27.357301</ele>
        <time>2026-07-27T09:05:33.489Z</time>
      </trkpt>
      <trkpt lat="43.596548" lon="3.873120">
        <ele>27.713310</ele>
        <time>2026-07-27T09:05:37.913Z</time>
      </trkpt>
      <trkpt lat="43.596972" lon="3.872507">
        <ele>29.529545</ele>
        <time>2026-07-27T09:05:58.746Z</time>
      </trkpt>
      <trkpt lat="43.597046" lon="3.872403">
        <ele>29.747386</ele>
        <time>2026-07-27T09:06:01.881Z</time>
      </trkpt>
      <trkpt lat="43.597462" lon="3.871804">
        <ele>30.265458</ele>
        <time>2026-07-27T09:06:16.039Z</time>
      </trkpt>
      <trkpt lat="43.597807" lon="3.871304">
        <ele>30.269320</ele>
        <time>2026-07-27T09:06:25.047Z</time>
      </trkpt>
      <trkpt lat="43.597826" lon="3.871277">
        <ele>30.241503</ele>
        <time>2026-07-27T09:06:25.488Z</time>
      </trkpt>
      <trkpt lat="43.597924" lon="3.871150">
        <ele>30.104381</ele>
        <time>2026-07-27T09:06:27.549Z</time>
      </trkpt>
      <trkpt lat="43.597618" lon="3.870617">
        <ele>29.593933</ele>
        <time>2026-07-27T09:06:35.204Z</time>
      </trkpt>
      <trkpt lat="43.597393" lon="3.870284">
        <ele>29.123260</ele>
        <time>2026-07-27T09:06:40.233Z</time>
      </trkpt>
      <trkpt lat="43.597057" lon="3.869845">
        <ele>27.818293</ele>
        <time>2026-07-27T09:06:46.617Z</time>
      </trkpt>
      <trkpt lat="43.596970" lon="3.869616">
        <ele>27.061441</ele>
        <time>2026-07-27T09:06:48.888Z</time>
      </trkpt>
      <trkpt lat="43.596950" lon="3.869491">
        <ele>26.714041</ele>
        <time>2026-07-27T09:06:50.057Z</time>
      </trkpt>
      <trkpt lat="43.596949" lon="3.869223">
        <ele>26.437817</ele>
        <time>2026-07-27T09:06:53.224Z</time>
      </trkpt>
      <trkpt lat="43.596991" lon="3.869143">
        <ele>26.408038</ele>
        <time>2026-07-27T09:06:54.499Z</time>
      </trkpt>
      <trkpt lat="43.597025" lon="3.869045">
        <ele>26.418075</ele>
        <time>2026-07-27T09:06:55.850Z</time>
      </trkpt>
      <trkpt lat="43.597038" lon="3.869026">
        <ele>26.423511</ele>
        <time>2026-07-27T09:06:56.173Z</time>
      </trkpt>
      <trkpt lat="43.597050" lon="3.868970">
        <ele>26.435655</ele>
        <time>2026-07-27T09:06:56.923Z</time>
      </trkpt>
      <trkpt lat="43.597034" lon="3.868915">
        <ele>26.447980</ele>
        <time>2026-07-27T09:06:57.750Z</time>
      </trkpt>
      <trkpt lat="43.596988" lon="3.868883">
        <ele>26.462769</ele>
        <time>2026-07-27T09:06:58.848Z</time>
      </trkpt>
      <trkpt lat="43.596916" lon="3.868804">
        <ele>26.466133</ele>
        <time>2026-07-27T09:07:00.703Z</time>
      </trkpt>
      <trkpt lat="43.596820" lon="3.868746">
        <ele>26.467349</ele>
        <time>2026-07-27T09:07:02.514Z</time>
      </trkpt>
      <trkpt lat="43.596687" lon="3.868642">
        <ele>26.402053</ele>
        <time>2026-07-27T09:07:05.112Z</time>
      </trkpt>
      <trkpt lat="43.596321" lon="3.868671">
        <ele>26.158959</ele>
        <time>2026-07-27T09:07:11.122Z</time>
      </trkpt>
      <trkpt lat="43.596186" lon="3.868608">
        <ele>25.956866</ele>
        <time>2026-07-27T09:07:13.278Z</time>
      </trkpt>
      <trkpt lat="43.595973" lon="3.868362">
        <ele>25.465279</ele>
        <time>2026-07-27T09:07:17.253Z</time>
      </trkpt>
      <trkpt lat="43.595953" lon="3.868344">
        <ele>25.466935</ele>
        <time>2026-07-27T09:07:17.614Z</time>
      </trkpt>
      <trkpt lat="43.595922" lon="3.868287">
        <ele>25.470515</ele>
        <time>2026-07-27T09:07:18.376Z</time>
      </trkpt>
      <trkpt lat="43.595908" lon="3.868159">
        <ele>25.477018</ele>
        <time>2026-07-27T09:07:19.999Z</time>
      </trkpt>
      <trkpt lat="43.596167" lon="3.867658">
        <ele>25.898723</ele>
        <time>2026-07-27T09:07:30.399Z</time>
      </trkpt>
      <trkpt lat="43.595761" lon="3.867252">
        <ele>25.654611</ele>
        <time>2026-07-27T09:07:38.144Z</time>
      </trkpt>
      <trkpt lat="43.595536" lon="3.867008">
        <ele>25.880584</ele>
        <time>2026-07-27T09:07:44.142Z</time>
      </trkpt>
      <trkpt lat="43.595616" lon="3.866899">
        <ele>25.974242</ele>
        <time>2026-07-27T09:07:46.443Z</time>
      </trkpt>
      <trkpt lat="43.595646" lon="3.866856">
        <ele>26.010276</ele>
        <time>2026-07-27T09:07:47.369Z</time>
      </trkpt>
      <trkpt lat="43.595680" lon="3.866789">
        <ele>26.085615</ele>
        <time>2026-07-27T09:07:48.792Z</time>
      </trkpt>
      <trkpt lat="43.595786" lon="3.866532">
        <ele>26.300881</ele>
        <time>2026-07-27T09:07:54.225Z</time>
      </trkpt>
      <trkpt lat="43.595824" lon="3.866425">
        <ele>26.230889</ele>
        <time>2026-07-27T09:07:55.838Z</time>
      </trkpt>
      <trkpt lat="43.595853" lon="3.866340">
        <ele>26.175705</ele>
        <time>2026-07-27T09:07:56.811Z</time>
      </trkpt>
      <trkpt lat="43.595929" lon="3.866136">
        <ele>26.031682</ele>
        <time>2026-07-27T09:07:58.964Z</time>
      </trkpt>
      <trkpt lat="43.595947" lon="3.866084">
        <ele>25.994904</ele>
        <time>2026-07-27T09:07:59.670Z</time>
      </trkpt>
      <trkpt lat="43.596029" lon="3.865845">
        <ele>26.587552</ele>
        <time>2026-07-27T09:08:07.099Z</time>
      </trkpt>
      <trkpt lat="43.596107" lon="3.865726">
        <ele>27.085675</ele>
        <time>2026-07-27T09:08:11.949Z</time>
      </trkpt>
      <trkpt lat="43.596193" lon="3.865666">
        <ele>27.438717</ele>
        <time>2026-07-27T09:08:15.394Z</time>
      </trkpt>
      <trkpt lat="43.596585" lon="3.865585">
        <ele>28.513566</ele>
        <time>2026-07-27T09:08:27.723Z</time>
      </trkpt>
      <trkpt lat="43.596679" lon="3.865490">
        <ele>28.592256</ele>
        <time>2026-07-27T09:08:29.924Z</time>
      </trkpt>
      <trkpt lat="43.596784" lon="3.865314">
        <ele>28.505148</ele>
        <time>2026-07-27T09:08:32.313Z</time>
      </trkpt>
      <trkpt lat="43.596814" lon="3.865259">
        <ele>28.463856</ele>
        <time>2026-07-27T09:08:33.082Z</time>
      </trkpt>
      <trkpt lat="43.597180" lon="3.864603">
        <ele>28.776374</ele>
        <time>2026-07-27T09:08:45.399Z</time>
      </trkpt>
      <trkpt lat="43.597241" lon="3.864493">
        <ele>28.897954</ele>
        <time>2026-07-27T09:08:47.992Z</time>
      </trkpt>
      <trkpt lat="43.597397" lon="3.864217">
        <ele>29.216217</ele>
        <time>2026-07-27T09:08:54.555Z</time>
      </trkpt>
      <trkpt lat="43.596894" lon="3.863678">
        <ele>28.849633</ele>
        <time>2026-07-27T09:09:04.138Z</time>
      </trkpt>
      <trkpt lat="43.596847" lon="3.863624">
        <ele>28.897027</ele>
        <time>2026-07-27T09:09:05.793Z</time>
      </trkpt>
      <trkpt lat="43.596785" lon="3.863551">
        <ele>29.019666</ele>
        <time>2026-07-27T09:09:08.227Z</time>
      </trkpt>
      <trkpt lat="43.595961" lon="3.862664">
        <ele>29.914106</ele>
        <time>2026-07-27T09:09:29.438Z</time>
      </trkpt>
      <trkpt lat="43.595751" lon="3.862418">
        <ele>30.417264</ele>
        <time>2026-07-27T09:09:35.610Z</time>
      </trkpt>
      <trkpt lat="43.595346" lon="3.861992">
        <ele>32.247781</ele>
        <time>2026-07-27T09:09:53.906Z</time>
      </trkpt>
      <trkpt lat="43.595246" lon="3.861878">
        <ele>32.730095</ele>
        <time>2026-07-27T09:09:57.804Z</time>
      </trkpt>
      <trkpt lat="43.595092" lon="3.861709">
        <ele>33.492498</ele>
        <time>2026-07-27T09:10:04.502Z</time>
      </trkpt>
      <trkpt lat="43.595074" lon="3.861576">
        <ele>34.038109</ele>
        <time>2026-07-27T09:10:08.857Z</time>
      </trkpt>
      <trkpt lat="43.595018" lon="3.861481">
        <ele>34.532056</ele>
        <time>2026-07-27T09:10:13.006Z</time>
      </trkpt>
      <trkpt lat="43.594716" lon="3.861096">
        <ele>36.100571</ele>
        <time>2026-07-27T09:10:28.034Z</time>
      </trkpt>
      <trkpt lat="43.594633" lon="3.860934">
        <ele>36.167827</ele>
        <time>2026-07-27T09:10:29.960Z</time>
      </trkpt>
      <trkpt lat="43.594580" lon="3.860473">
        <ele>36.139994</ele>
        <time>2026-07-27T09:10:35.673Z</time>
      </trkpt>
      <trkpt lat="43.594483" lon="3.859564">
        <ele>38.411225</ele>
        <time>2026-07-27T09:10:57.757Z</time>
      </trkpt>
      <trkpt lat="43.594366" lon="3.858405">
        <ele>41.663540</ele>
        <time>2026-07-27T09:11:26.990Z</time>
      </trkpt>
      <trkpt lat="43.594269" lon="3.857818">
        <ele>43.090942</ele>
        <time>2026-07-27T09:11:40.950Z</time>
      </trkpt>
      <trkpt lat="43.593928" lon="3.856591">
        <ele>46.030701</ele>
        <time>2026-07-27T09:12:09.988Z</time>
      </trkpt>
      <trkpt lat="43.593796" lon="3.856189">
        <ele>47.024034</ele>
        <time>2026-07-27T09:12:21.023Z</time>
      </trkpt>
      <trkpt lat="43.593713" lon="3.855957">
        <ele>47.182407</ele>
        <time>2026-07-27T09:12:24.249Z</time>
      </trkpt>
      <trkpt lat="43.593535" lon="3.855492">
        <ele>47.193042</ele>
        <time>2026-07-27T09:12:30.258Z</time>
      </trkpt>
      <trkpt lat="43.593476" lon="3.855350">
        <ele>47.507224</ele>
        <time>2026-07-27T09:12:34.316Z</time>
      </trkpt>
      <trkpt lat="43.593434" lon="3.855251">
        <ele>47.870621</ele>
        <time>2026-07-27T09:12:37.756Z</time>
      </trkpt>
      <trkpt lat="43.593231" lon="3.854785">
        <ele>49.406190</ele>
        <time>2026-07-27T09:12:51.817Z</time>
      </trkpt>
      <trkpt lat="43.593131" lon="3.854461">
        <ele>50.233517</ele>
        <time>2026-07-27T09:12:58.795Z</time>
      </trkpt>
      <trkpt lat="43.592981" lon="3.853612">
        <ele>52.739956</ele>
        <time>2026-07-27T09:13:23.183Z</time>
      </trkpt>
      <trkpt lat="43.592840" lon="3.853256">
        <ele>52.625417</ele>
        <time>2026-07-27T09:13:27.200Z</time>
      </trkpt>
      <trkpt lat="43.592805" lon="3.853166">
        <ele>52.536501</ele>
        <time>2026-07-27T09:13:28.393Z</time>
      </trkpt>
      <trkpt lat="43.592660" lon="3.852797">
        <ele>52.773472</ele>
        <time>2026-07-27T09:13:34.841Z</time>
      </trkpt>
      <trkpt lat="43.592633" lon="3.852822">
        <ele>52.795550</ele>
        <time>2026-07-27T09:13:36.033Z</time>
      </trkpt>
      <trkpt lat="43.592552" lon="3.852832">
        <ele>52.850777</ele>
        <time>2026-07-27T09:13:37.879Z</time>
      </trkpt>
      <trkpt lat="43.592536" lon="3.852779">
        <ele>52.870534</ele>
        <time>2026-07-27T09:13:39.269Z</time>
      </trkpt>
      <trkpt lat="43.592559" lon="3.852742">
        <ele>52.858365</ele>
        <time>2026-07-27T09:13:39.892Z</time>
      </trkpt>
      <trkpt lat="43.592514" lon="3.852602">
        <ele>52.820137</ele>
        <time>2026-07-27T09:13:41.912Z</time>
      </trkpt>
      <trkpt lat="43.592474" lon="3.852467">
        <ele>52.777389</ele>
        <time>2026-07-27T09:13:43.813Z</time>
      </trkpt>
      <trkpt lat="43.592193" lon="3.851595">
        <ele>52.340516</ele>
        <time>2026-07-27T09:13:56.533Z</time>
      </trkpt>
      <trkpt lat="43.592130" lon="3.851233">
        <ele>51.594174</ele>
        <time>2026-07-27T09:14:01.008Z</time>
      </trkpt>
      <trkpt lat="43.591837" lon="3.850407">
        <ele>48.167700</ele>
        <time>2026-07-27T09:14:10.020Z</time>
      </trkpt>
      <trkpt lat="43.591717" lon="3.850045">
        <ele>47.198549</ele>
        <time>2026-07-27T09:14:14.378Z</time>
      </trkpt>
      <trkpt lat="43.591525" lon="3.849462">
        <ele>45.938336</ele>
        <time>2026-07-27T09:14:21.550Z</time>
      </trkpt>
      <trkpt lat="43.591512" lon="3.849331">
        <ele>45.724591</ele>
        <time>2026-07-27T09:14:23.074Z</time>
      </trkpt>
      <trkpt lat="43.591350" lon="3.848187">
        <ele>44.271473</ele>
        <time>2026-07-27T09:14:36.933Z</time>
      </trkpt>
      <trkpt lat="43.591198" lon="3.847150">
        <ele>42.380204</ele>
        <time>2026-07-27T09:14:48.919Z</time>
      </trkpt>
      <trkpt lat="43.590961" lon="3.845477">
        <ele>39.006759</ele>
        <time>2026-07-27T09:15:07.874Z</time>
      </trkpt>
      <trkpt lat="43.590999" lon="3.845446">
        <ele>38.884471</ele>
        <time>2026-07-27T09:15:08.592Z</time>
      </trkpt>
      <trkpt lat="43.591013" lon="3.845359">
        <ele>38.668957</ele>
        <time>2026-07-27T09:15:13.075Z</time>
      </trkpt>
      <trkpt lat="43.591046" lon="3.845307">
        <ele>38.501769</ele>
        <time>2026-07-27T09:15:16.576Z</time>
      </trkpt>
      <trkpt lat="43.590961" lon="3.845086">
        <ele>38.161451</ele>
        <time>2026-07-27T09:15:19.187Z</time>
      </trkpt>
      <trkpt lat="43.590862" lon="3.844063">
        <ele>38.402328</ele>
        <time>2026-07-27T09:15:36.467Z</time>
      </trkpt>
      <trkpt lat="43.590830" lon="3.843740">
        <ele>38.629722</ele>
        <time>2026-07-27T09:15:42.163Z</time>
      </trkpt>
      <trkpt lat="43.590850" lon="3.843166">
        <ele>39.021788</ele>
        <time>2026-07-27T09:15:53.233Z</time>
      </trkpt>
      <trkpt lat="43.590853" lon="3.843087">
        <ele>39.023157</ele>
        <time>2026-07-27T09:15:54.317Z</time>
      </trkpt>
      <trkpt lat="43.590856" lon="3.843002">
        <ele>38.916800</ele>
        <time>2026-07-27T09:15:58.605Z</time>
      </trkpt>
      <trkpt lat="43.590862" lon="3.842499">
        <ele>36.978154</ele>
        <time>2026-07-27T09:16:23.987Z</time>
      </trkpt>
      <trkpt lat="43.590863" lon="3.842407">
        <ele>36.637289</ele>
        <time>2026-07-27T09:16:28.627Z</time>
      </trkpt>
      <trkpt lat="43.590515" lon="3.842382">
        <ele>36.319002</ele>
        <time>2026-07-27T09:16:37.736Z</time>
      </trkpt>
      <trkpt lat="43.590404" lon="3.842176">
        <ele>35.822091</ele>
        <time>2026-07-27T09:16:41.679Z</time>
      </trkpt>
      <trkpt lat="43.590414" lon="3.841672">
        <ele>34.138972</ele>
        <time>2026-07-27T09:16:48.883Z</time>
      </trkpt>
      <trkpt lat="43.590417" lon="3.841143">
        <ele>31.789365</ele>
        <time>2026-07-27T09:16:55.940Z</time>
      </trkpt>
      <trkpt lat="43.590452" lon="3.841029">
        <ele>31.372602</ele>
        <time>2026-07-27T09:16:57.765Z</time>
      </trkpt>
      <trkpt lat="43.590592" lon="3.840918">
        <ele>31.028916</ele>
        <time>2026-07-27T09:17:01.537Z</time>
      </trkpt>
      <trkpt lat="43.590708" lon="3.840825">
        <ele>30.782204</ele>
        <time>2026-07-27T09:17:04.651Z</time>
      </trkpt>
      <trkpt lat="43.590774" lon="3.840708">
        <ele>30.597294</ele>
        <time>2026-07-27T09:17:07.073Z</time>
      </trkpt>
      <trkpt lat="43.590786" lon="3.840485">
        <ele>30.225979</ele>
        <time>2026-07-27T09:17:10.630Z</time>
      </trkpt>
      <trkpt lat="43.590753" lon="3.840189">
        <ele>29.871793</ele>
        <time>2026-07-27T09:17:15.246Z</time>
      </trkpt>
      <trkpt lat="43.590758" lon="3.840054">
        <ele>29.783247</ele>
        <time>2026-07-27T09:17:18.032Z</time>
      </trkpt>
      <trkpt lat="43.590812" lon="3.839965">
        <ele>30.085837</ele>
        <time>2026-07-27T09:17:21.618Z</time>
      </trkpt>
      <trkpt lat="43.590908" lon="3.839805">
        <ele>30.609373</ele>
        <time>2026-07-27T09:17:28.682Z</time>
      </trkpt>
      <trkpt lat="43.591174" lon="3.839595">
        <ele>31.228011</ele>
        <time>2026-07-27T09:17:39.589Z</time>
      </trkpt>
      <trkpt lat="43.591318" lon="3.839572">
        <ele>31.392110</ele>
        <time>2026-07-27T09:17:42.783Z</time>
      </trkpt>
      <trkpt lat="43.591519" lon="3.839530">
        <ele>31.485089</ele>
        <time>2026-07-27T09:17:47.297Z</time>
      </trkpt>
      <trkpt lat="43.591694" lon="3.839439">
        <ele>31.455081</ele>
        <time>2026-07-27T09:17:51.020Z</time>
      </trkpt>
      <trkpt lat="43.592149" lon="3.839120">
        <ele>31.017403</ele>
        <time>2026-07-27T09:18:00.020Z</time>
      </trkpt>
      <trkpt lat="43.592554" lon="3.838978">
        <ele>30.828341</ele>
        <time>2026-07-27T09:18:07.828Z</time>
      </trkpt>
      <trkpt lat="43.592753" lon="3.838728">
        <ele>30.954989</ele>
        <time>2026-07-27T09:18:13.651Z</time>
      </trkpt>
      <trkpt lat="43.592731" lon="3.838576">
        <ele>31.122331</ele>
        <time>2026-07-27T09:18:16.626Z</time>
      </trkpt>
      <trkpt lat="43.592792" lon="3.838428">
        <ele>31.353082</ele>
        <time>2026-07-27T09:18:20.171Z</time>
      </trkpt>
      <trkpt lat="43.592856" lon="3.838374">
        <ele>31.550757</ele>
        <time>2026-07-27T09:18:22.515Z</time>
      </trkpt>
      <trkpt lat="43.593143" lon="3.838315">
        <ele>32.215120</ele>
        <time>2026-07-27T09:18:32.402Z</time>
      </trkpt>
      <trkpt lat="43.593185" lon="3.838266">
        <ele>32.293370</ele>
        <time>2026-07-27T09:18:33.452Z</time>
      </trkpt>
      <trkpt lat="43.593192" lon="3.838166">
        <ele>32.214958</ele>
        <time>2026-07-27T09:18:34.591Z</time>
      </trkpt>
      <trkpt lat="43.593217" lon="3.838052">
        <ele>32.121993</ele>
        <time>2026-07-27T09:18:35.916Z</time>
      </trkpt>
      <trkpt lat="43.593297" lon="3.837985">
        <ele>32.202595</ele>
        <time>2026-07-27T09:18:37.864Z</time>
      </trkpt>
      <trkpt lat="43.594110" lon="3.837435">
        <ele>35.266064</ele>
        <time>2026-07-27T09:19:11.566Z</time>
      </trkpt>
      <trkpt lat="43.594166" lon="3.837477">
        <ele>35.237691</ele>
        <time>2026-07-27T09:19:15.979Z</time>
      </trkpt>
      <trkpt lat="43.594300" lon="3.837782">
        <ele>34.857148</ele>
        <time>2026-07-27T09:19:33.926Z</time>
      </trkpt>
      <trkpt lat="43.594368" lon="3.837728">
        <ele>34.676069</ele>
        <time>2026-07-27T09:19:39.386Z</time>
      </trkpt>
      <trkpt lat="43.594437" lon="3.837873">
        <ele>34.653754</ele>
        <time>2026-07-27T09:19:48.146Z</time>
      </trkpt>
      <trkpt lat="43.594496" lon="3.837999">
        <ele>34.649936</ele>
        <time>2026-07-27T09:19:55.726Z</time>
      </trkpt>
      <trkpt lat="43.594657" lon="3.838243">
        <ele>34.956661</ele>
        <time>2026-07-27T09:20:12.305Z</time>
      </trkpt>
      <trkpt lat="43.594860" lon="3.838036">
        <ele>35.205273</ele>
        <time>2026-07-27T09:20:17.742Z</time>
      </trkpt>
      <trkpt lat="43.595128" lon="3.837878">
        <ele>35.925859</ele>
        <time>2026-07-27T09:20:26.877Z</time>
      </trkpt>
      <trkpt lat="43.595248" lon="3.837748">
        <ele>36.344934</ele>
        <time>2026-07-27T09:20:32.343Z</time>
      </trkpt>
      <trkpt lat="43.595327" lon="3.837628">
        <ele>36.597353</ele>
        <time>2026-07-27T09:20:36.019Z</time>
      </trkpt>
      <trkpt lat="43.595541" lon="3.837137">
        <ele>36.981326</ele>
        <time>2026-07-27T09:20:45.680Z</time>
      </trkpt>
      <trkpt lat="43.595674" lon="3.836832">
        <ele>37.108018</ele>
        <time>2026-07-27T09:20:51.372Z</time>
      </trkpt>
      <trkpt lat="43.595775" lon="3.836622">
        <ele>37.282369</ele>
        <time>2026-07-27T09:20:55.422Z</time>
      </trkpt>
      <trkpt lat="43.595726" lon="3.836589">
        <ele>37.350871</ele>
        <time>2026-07-27T09:20:56.823Z</time>
      </trkpt>
      <trkpt lat="43.595515" lon="3.836450">
        <ele>37.727265</ele>
        <time>2026-07-27T09:21:03.070Z</time>
      </trkpt>
      <trkpt lat="43.595334" lon="3.836322">
        <ele>37.968145</ele>
        <time>2026-07-27T09:21:06.885Z</time>
      </trkpt>
      <trkpt lat="43.594962" lon="3.836076">
        <ele>38.673958</ele>
        <time>2026-07-27T09:21:17.492Z</time>
      </trkpt>
      <trkpt lat="43.595045" lon="3.835950">
        <ele>38.872497</ele>
        <time>2026-07-27T09:21:20.608Z</time>
      </trkpt>
      <trkpt lat="43.594732" lon="3.835708">
        <ele>39.213318</ele>
        <time>2026-07-27T09:21:29.160Z</time>
      </trkpt>
      <trkpt lat="43.594519" lon="3.835470">
        <ele>39.505104</ele>
        <time>2026-07-27T09:21:36.269Z</time>
      </trkpt>
      <trkpt lat="43.594272" lon="3.835025">
        <ele>39.993872</ele>
        <time>2026-07-27T09:21:46.291Z</time>
      </trkpt>
      <trkpt lat="43.594198" lon="3.834798">
        <ele>40.211814</ele>
        <time>2026-07-27T09:21:50.913Z</time>
      </trkpt>
      <trkpt lat="43.594134" lon="3.834498">
        <ele>40.570058</ele>
        <time>2026-07-27T09:21:56.899Z</time>
      </trkpt>
      <trkpt lat="43.593972" lon="3.833613">
        <ele>42.375465</ele>
        <time>2026-07-27T09:22:17.276Z</time>
      </trkpt>
      <trkpt lat="43.593336" lon="3.830351">
        <ele>52.849157</ele>
        <time>2026-07-27T09:23:54.360Z</time>
      </trkpt>
      <trkpt lat="43.593246" lon="3.830007">
        <ele>53.755695</ele>
        <time>2026-07-27T09:24:03.467Z</time>
      </trkpt>
      <trkpt lat="43.592994" lon="3.829235">
        <ele>55.354174</ele>
        <time>2026-07-27T09:24:22.920Z</time>
      </trkpt>
      <trkpt lat="43.592909" lon="3.828976">
        <ele>55.612732</ele>
        <time>2026-07-27T09:24:28.690Z</time>
      </trkpt>
      <trkpt lat="43.592791" lon="3.828479">
        <ele>54.743420</ele>
        <time>2026-07-27T09:24:34.559Z</time>
      </trkpt>
      <trkpt lat="43.592771" lon="3.827930">
        <ele>53.135677</ele>
        <time>2026-07-27T09:24:40.301Z</time>
      </trkpt>
      <trkpt lat="43.593034" lon="3.825839">
        <ele>45.220944</ele>
        <time>2026-07-27T09:25:01.520Z</time>
      </trkpt>
      <trkpt lat="43.593138" lon="3.825619">
        <ele>44.169240</ele>
        <time>2026-07-27T09:25:04.179Z</time>
      </trkpt>
      <trkpt lat="43.593204" lon="3.825254">
        <ele>42.311246</ele>
        <time>2026-07-27T09:25:07.741Z</time>
      </trkpt>
      <trkpt lat="43.593243" lon="3.824832">
        <ele>40.097140</ele>
        <time>2026-07-27T09:25:11.781Z</time>
      </trkpt>
      <trkpt lat="43.593251" lon="3.824258">
        <ele>37.246747</ele>
        <time>2026-07-27T09:25:17.201Z</time>
      </trkpt>
      <trkpt lat="43.593221" lon="3.823735">
        <ele>35.429669</ele>
        <time>2026-07-27T09:25:22.652Z</time>
      </trkpt>
      <trkpt lat="43.593112" lon="3.822809">
        <ele>32.016651</ele>
        <time>2026-07-27T09:25:32.047Z</time>
      </trkpt>
      <trkpt lat="43.593059" lon="3.821973">
        <ele>29.030489</ele>
        <time>2026-07-27T09:25:40.495Z</time>
      </trkpt>
      <trkpt lat="43.593024" lon="3.821714">
        <ele>28.206719</ele>
        <time>2026-07-27T09:25:43.284Z</time>
      </trkpt>
      <trkpt lat="43.593048" lon="3.821508">
        <ele>27.657058</ele>
        <time>2026-07-27T09:25:45.480Z</time>
      </trkpt>
      <trkpt lat="43.593140" lon="3.821373">
        <ele>27.237859</ele>
        <time>2026-07-27T09:25:47.492Z</time>
      </trkpt>
      <trkpt lat="43.593215" lon="3.821217">
        <ele>26.903205</ele>
        <time>2026-07-27T09:25:49.603Z</time>
      </trkpt>
      <trkpt lat="43.593334" lon="3.820968">
        <ele>26.435959</ele>
        <time>2026-07-27T09:25:53.032Z</time>
      </trkpt>
      <trkpt lat="43.593444" lon="3.820857">
        <ele>26.253988</ele>
        <time>2026-07-27T09:25:55.364Z</time>
      </trkpt>
      <trkpt lat="43.593627" lon="3.820763">
        <ele>25.976963</ele>
        <time>2026-07-27T09:25:58.860Z</time>
      </trkpt>
      <trkpt lat="43.593644" lon="3.820671">
        <ele>25.826973</ele>
        <time>2026-07-27T09:25:59.925Z</time>
      </trkpt>
      <trkpt lat="43.593637" lon="3.820542">
        <ele>25.624431</ele>
        <time>2026-07-27T09:26:01.345Z</time>
      </trkpt>
      <trkpt lat="43.593595" lon="3.820454">
        <ele>25.486701</ele>
        <time>2026-07-27T09:26:02.534Z</time>
      </trkpt>
      <trkpt lat="43.593278" lon="3.820313">
        <ele>25.003212</ele>
        <time>2026-07-27T09:26:08.225Z</time>
      </trkpt>
      <trkpt lat="43.593259" lon="3.820305">
        <ele>24.979691</ele>
        <time>2026-07-27T09:26:08.565Z</time>
      </trkpt>
      <trkpt lat="43.593173" lon="3.820164">
        <ele>24.817575</ele>
        <time>2026-07-27T09:26:10.853Z</time>
      </trkpt>
      <trkpt lat="43.593088" lon="3.820124">
        <ele>24.708171</ele>
        <time>2026-07-27T09:26:12.384Z</time>
      </trkpt>
      <trkpt lat="43.592994" lon="3.820072">
        <ele>24.676916</ele>
        <time>2026-07-27T09:26:14.168Z</time>
      </trkpt>
      <trkpt lat="43.592603" lon="3.817932">
        <ele>24.511315</ele>
        <time>2026-07-27T09:26:45.541Z</time>
      </trkpt>
      <trkpt lat="43.592552" lon="3.817863">
        <ele>24.514274</ele>
        <time>2026-07-27T09:26:47.033Z</time>
      </trkpt>
      <trkpt lat="43.592213" lon="3.817823">
        <ele>24.623447</ele>
        <time>2026-07-27T09:26:54.431Z</time>
      </trkpt>
      <trkpt lat="43.592129" lon="3.817741">
        <ele>24.683966</ele>
        <time>2026-07-27T09:26:56.681Z</time>
      </trkpt>
      <trkpt lat="43.591939" lon="3.817048">
        <ele>24.884690</ele>
        <time>2026-07-27T09:27:08.506Z</time>
      </trkpt>
      <trkpt lat="43.591793" lon="3.816645">
        <ele>24.860877</ele>
        <time>2026-07-27T09:27:15.054Z</time>
      </trkpt>
      <trkpt lat="43.591599" lon="3.815927">
        <ele>24.500455</ele>
        <time>2026-07-27T09:27:25.003Z</time>
      </trkpt>
      <trkpt lat="43.591536" lon="3.815549">
        <ele>24.339557</ele>
        <time>2026-07-27T09:27:30.027Z</time>
      </trkpt>
      <trkpt lat="43.591282" lon="3.814604">
        <ele>24.256085</ele>
        <time>2026-07-27T09:27:44.385Z</time>
      </trkpt>
      <trkpt lat="43.591146" lon="3.814171">
        <ele>24.503852</ele>
        <time>2026-07-27T09:27:52.461Z</time>
      </trkpt>
      <trkpt lat="43.590837" lon="3.813440">
        <ele>25.087349</ele>
        <time>2026-07-27T09:28:07.325Z</time>
      </trkpt>
      <trkpt lat="43.590460" lon="3.812817">
        <ele>25.447410</ele>
        <time>2026-07-27T09:28:20.669Z</time>
      </trkpt>
      <trkpt lat="43.590041" lon="3.812308">
        <ele>25.500000</ele>
        <time>2026-07-27T09:28:31.757Z</time>
      </trkpt>
      <trkpt lat="43.588555" lon="3.810928">
        <ele>25.556195</ele>
        <time>2026-07-27T09:29:07.439Z</time>
      </trkpt>
      <trkpt lat="43.588360" lon="3.810676">
        <ele>25.951604</ele>
        <time>2026-07-27T09:29:14.626Z</time>
      </trkpt>
      <trkpt lat="43.588212" lon="3.810428">
        <ele>26.592792</ele>
        <time>2026-07-27T09:29:22.464Z</time>
      </trkpt>
      <trkpt lat="43.588144" lon="3.810100">
        <ele>27.241535</ele>
        <time>2026-07-27T09:29:30.313Z</time>
      </trkpt>
      <trkpt lat="43.588102" lon="3.809986">
        <ele>27.401186</ele>
        <time>2026-07-27T09:29:32.608Z</time>
      </trkpt>
      <trkpt lat="43.587992" lon="3.809802">
        <ele>27.668722</ele>
        <time>2026-07-27T09:29:36.382Z</time>
      </trkpt>
      <trkpt lat="43.587953" lon="3.809637">
        <ele>27.841893</ele>
        <time>2026-07-27T09:29:39.498Z</time>
      </trkpt>
      <trkpt lat="43.588017" lon="3.809296">
        <ele>28.468361</ele>
        <time>2026-07-27T09:29:46.784Z</time>
      </trkpt>
      <trkpt lat="43.588110" lon="3.809023">
        <ele>28.906512</ele>
        <time>2026-07-27T09:29:52.520Z</time>
      </trkpt>
      <trkpt lat="43.588303" lon="3.808714">
        <ele>29.479903</ele>
        <time>2026-07-27T09:30:00.269Z</time>
      </trkpt>
      <trkpt lat="43.589764" lon="3.806681">
        <ele>33.280569</ele>
        <time>2026-07-27T09:30:52.223Z</time>
      </trkpt>
      <trkpt lat="43.590382" lon="3.805795">
        <ele>36.149904</ele>
        <time>2026-07-27T09:31:20.555Z</time>
      </trkpt>
      <trkpt lat="43.590626" lon="3.805341">
        <ele>37.826448</ele>
        <time>2026-07-27T09:31:35.154Z</time>
      </trkpt>
      <trkpt lat="43.590741" lon="3.805055">
        <ele>38.885443</ele>
        <time>2026-07-27T09:31:44.019Z</time>
      </trkpt>
      <trkpt lat="43.590837" lon="3.804769">
        <ele>39.910837</ele>
        <time>2026-07-27T09:31:52.762Z</time>
      </trkpt>
      <trkpt lat="43.590913" lon="3.804454">
        <ele>41.035495</ele>
        <time>2026-07-27T09:32:01.884Z</time>
      </trkpt>
      <trkpt lat="43.590973" lon="3.803957">
        <ele>42.825533</ele>
        <time>2026-07-27T09:32:16.592Z</time>
      </trkpt>
      <trkpt lat="43.590977" lon="3.803637">
        <ele>43.583260</ele>
        <time>2026-07-27T09:32:23.917Z</time>
      </trkpt>
      <trkpt lat="43.590960" lon="3.803230">
        <ele>43.861951</ele>
        <time>2026-07-27T09:32:30.119Z</time>
      </trkpt>
      <trkpt lat="43.590898" lon="3.802831">
        <ele>43.883177</ele>
        <time>2026-07-27T09:32:35.199Z</time>
      </trkpt>
      <trkpt lat="43.590818" lon="3.802487">
        <ele>43.714317</ele>
        <time>2026-07-27T09:32:39.398Z</time>
      </trkpt>
      <trkpt lat="43.590693" lon="3.802130">
        <ele>42.957336</ele>
        <time>2026-07-27T09:32:43.043Z</time>
      </trkpt>
      <trkpt lat="43.590220" lon="3.801083">
        <ele>41.041610</ele>
        <time>2026-07-27T09:32:55.001Z</time>
      </trkpt>
      <trkpt lat="43.590157" lon="3.800961">
        <ele>40.897741</ele>
        <time>2026-07-27T09:32:56.592Z</time>
      </trkpt>
      <trkpt lat="43.590100" lon="3.800829">
        <ele>40.800418</ele>
        <time>2026-07-27T09:32:58.410Z</time>
      </trkpt>
      <trkpt lat="43.590077" lon="3.800771">
        <ele>40.791833</ele>
        <time>2026-07-27T09:32:59.211Z</time>
      </trkpt>
      <trkpt lat="43.590061" lon="3.800727">
        <ele>40.785441</ele>
        <time>2026-07-27T09:32:59.833Z</time>
      </trkpt>
      <trkpt lat="43.589530" lon="3.799694">
        <ele>40.384520</ele>
        <time>2026-07-27T09:33:17.093Z</time>
      </trkpt>
      <trkpt lat="43.587551" lon="3.795631">
        <ele>31.911339</ele>
        <time>2026-07-27T09:34:12.363Z</time>
      </trkpt>
      <trkpt lat="43.586723" lon="3.793910">
        <ele>33.058357</ele>
        <time>2026-07-27T09:34:48.826Z</time>
      </trkpt>
      <trkpt lat="43.586428" lon="3.793116">
        <ele>32.981290</ele>
        <time>2026-07-27T09:35:01.433Z</time>
      </trkpt>
      <trkpt lat="43.586277" lon="3.792594">
        <ele>32.676023</ele>
        <time>2026-07-27T09:35:08.821Z</time>
      </trkpt>
      <trkpt lat="43.586117" lon="3.791854">
        <ele>31.994764</ele>
        <time>2026-07-27T09:35:18.387Z</time>
      </trkpt>
      <trkpt lat="43.586057" lon="3.791457">
        <ele>31.632458</ele>
        <time>2026-07-27T09:35:23.328Z</time>
      </trkpt>
      <trkpt lat="43.586045" lon="3.791356">
        <ele>31.550710</ele>
        <time>2026-07-27T09:35:24.664Z</time>
      </trkpt>
      <trkpt lat="43.585997" lon="3.790894">
        <ele>31.557716</ele>
        <time>2026-07-27T09:35:31.227Z</time>
      </trkpt>
      <trkpt lat="43.585974" lon="3.790375">
        <ele>31.950532</ele>
        <time>2026-07-27T09:35:40.666Z</time>
      </trkpt>
      <trkpt lat="43.585973" lon="3.789999">
        <ele>32.572767</ele>
        <time>2026-07-27T09:35:49.324Z</time>
      </trkpt>
      <trkpt lat="43.586011" lon="3.789732">
        <ele>32.985833</ele>
        <time>2026-07-27T09:35:54.981Z</time>
      </trkpt>
      <trkpt lat="43.585995" lon="3.789584">
        <ele>33.169224</ele>
        <time>2026-07-27T09:35:57.843Z</time>
      </trkpt>
      <trkpt lat="43.585976" lon="3.789471">
        <ele>33.311127</ele>
        <time>2026-07-27T09:36:00.033Z</time>
      </trkpt>
      <trkpt lat="43.585993" lon="3.788705">
        <ele>34.276194</ele>
        <time>2026-07-27T09:36:14.998Z</time>
      </trkpt>
      <trkpt lat="43.585975" lon="3.788002">
        <ele>35.521610</ele>
        <time>2026-07-27T09:36:31.135Z</time>
      </trkpt>
      <trkpt lat="43.585907" lon="3.787412">
        <ele>36.722872</ele>
        <time>2026-07-27T09:36:45.600Z</time>
      </trkpt>
      <trkpt lat="43.585035" lon="3.783500">
        <ele>41.213807</ele>
        <time>2026-07-27T09:38:04.599Z</time>
      </trkpt>
      <trkpt lat="43.584930" lon="3.782874">
        <ele>40.957184</ele>
        <time>2026-07-27T09:38:13.155Z</time>
      </trkpt>
      <trkpt lat="43.584911" lon="3.782219">
        <ele>40.098487</ele>
        <time>2026-07-27T09:38:20.894Z</time>
      </trkpt>
      <trkpt lat="43.584890" lon="3.780940">
        <ele>38.371333</ele>
        <time>2026-07-27T09:38:35.835Z</time>
      </trkpt>
      <trkpt lat="43.584890" lon="3.780175">
        <ele>38.090491</ele>
        <time>2026-07-27T09:38:46.285Z</time>
      </trkpt>
      <trkpt lat="43.584976" lon="3.779414">
        <ele>37.805423</ele>
        <time>2026-07-27T09:38:56.573Z</time>
      </trkpt>
      <trkpt lat="43.585050" lon="3.779065">
        <ele>37.687657</ele>
        <time>2026-07-27T09:39:01.512Z</time>
      </trkpt>
      <trkpt lat="43.585017" lon="3.778947">
        <ele>37.640558</ele>
        <time>2026-07-27T09:39:03.226Z</time>
      </trkpt>
      <trkpt lat="43.584907" lon="3.778778">
        <ele>37.585377</ele>
        <time>2026-07-27T09:39:06.401Z</time>
      </trkpt>
      <trkpt lat="43.584939" lon="3.778689">
        <ele>37.570927</ele>
        <time>2026-07-27T09:39:07.814Z</time>
      </trkpt>
      <trkpt lat="43.584961" lon="3.778470">
        <ele>37.447239</ele>
        <time>2026-07-27T09:39:10.848Z</time>
      </trkpt>
      <trkpt lat="43.584929" lon="3.778351">
        <ele>37.345615</ele>
        <time>2026-07-27T09:39:12.398Z</time>
      </trkpt>
      <trkpt lat="43.584882" lon="3.778283">
        <ele>37.244773</ele>
        <time>2026-07-27T09:39:13.478Z</time>
      </trkpt>
      <trkpt lat="43.584850" lon="3.778256">
        <ele>37.176952</ele>
        <time>2026-07-27T09:39:14.078Z</time>
      </trkpt>
      <trkpt lat="43.584737" lon="3.778151">
        <ele>36.930625</ele>
        <time>2026-07-27T09:39:16.308Z</time>
      </trkpt>
      <trkpt lat="43.584691" lon="3.778062">
        <ele>36.847943</ele>
        <time>2026-07-27T09:39:17.681Z</time>
      </trkpt>
      <trkpt lat="43.584537" lon="3.777352">
        <ele>36.421035</ele>
        <time>2026-07-27T09:39:27.324Z</time>
      </trkpt>
      <trkpt lat="43.584248" lon="3.776639">
        <ele>36.207900</ele>
        <time>2026-07-27T09:39:38.532Z</time>
      </trkpt>
      <trkpt lat="43.582514" lon="3.773128">
        <ele>35.506431</ele>
        <time>2026-07-27T09:40:37.745Z</time>
      </trkpt>
      <trkpt lat="43.581368" lon="3.770862">
        <ele>35.479253</ele>
        <time>2026-07-27T09:41:17.400Z</time>
      </trkpt>
      <trkpt lat="43.580577" lon="3.769271">
        <ele>34.763320</ele>
        <time>2026-07-27T09:41:43.147Z</time>
      </trkpt>
      <trkpt lat="43.580233" lon="3.768581">
        <ele>35.365462</ele>
        <time>2026-07-27T09:41:57.849Z</time>
      </trkpt>
      <trkpt lat="43.580190" lon="3.768426">
        <ele>35.602364</ele>
        <time>2026-07-27T09:42:01.672Z</time>
      </trkpt>
      <trkpt lat="43.580188" lon="3.768335">
        <ele>35.753548</ele>
        <time>2026-07-27T09:42:03.854Z</time>
      </trkpt>
      <trkpt lat="43.580195" lon="3.767861">
        <ele>36.341847</ele>
        <time>2026-07-27T09:42:13.522Z</time>
      </trkpt>
      <trkpt lat="43.580166" lon="3.767760">
        <ele>36.373776</ele>
        <time>2026-07-27T09:42:15.264Z</time>
      </trkpt>
      <trkpt lat="43.580086" lon="3.767591">
        <ele>36.371315</ele>
        <time>2026-07-27T09:42:17.865Z</time>
      </trkpt>
      <trkpt lat="43.579975" lon="3.767485">
        <ele>36.213472</ele>
        <time>2026-07-27T09:42:20.163Z</time>
      </trkpt>
      <trkpt lat="43.579684" lon="3.767363">
        <ele>35.881219</ele>
        <time>2026-07-27T09:42:25.475Z</time>
      </trkpt>
      <trkpt lat="43.579580" lon="3.767251">
        <ele>35.702707</ele>
        <time>2026-07-27T09:42:27.750Z</time>
      </trkpt>
      <trkpt lat="43.579438" lon="3.767008">
        <ele>35.419142</ele>
        <time>2026-07-27T09:42:31.631Z</time>
      </trkpt>
      <trkpt lat="43.578795" lon="3.765665">
        <ele>34.356261</ele>
        <time>2026-07-27T09:42:52.147Z</time>
      </trkpt>
      <trkpt lat="43.578441" lon="3.764677">
        <ele>34.801424</ele>
        <time>2026-07-27T09:43:10.243Z</time>
      </trkpt>
      <trkpt lat="43.578330" lon="3.764282">
        <ele>34.997240</ele>
        <time>2026-07-27T09:43:17.182Z</time>
      </trkpt>
      <trkpt lat="43.578187" lon="3.763604">
        <ele>35.318892</ele>
        <time>2026-07-27T09:43:28.803Z</time>
      </trkpt>
      <trkpt lat="43.578111" lon="3.763116">
        <ele>35.707709</ele>
        <time>2026-07-27T09:43:37.578Z</time>
      </trkpt>
      <trkpt lat="43.578050" lon="3.762134">
        <ele>36.614300</ele>
        <time>2026-07-27T09:43:55.962Z</time>
      </trkpt>
      <trkpt lat="43.578085" lon="3.761631">
        <ele>37.263773</ele>
        <time>2026-07-27T09:44:05.791Z</time>
      </trkpt>
      <trkpt lat="43.578158" lon="3.761350">
        <ele>37.743079</ele>
        <time>2026-07-27T09:44:12.818Z</time>
      </trkpt>
      <trkpt lat="43.578129" lon="3.761235">
        <ele>37.940649</ele>
        <time>2026-07-27T09:44:15.429Z</time>
      </trkpt>
      <trkpt lat="43.578084" lon="3.760947">
        <ele>38.233989</ele>
        <time>2026-07-27T09:44:20.962Z</time>
      </trkpt>
      <trkpt lat="43.578130" lon="3.760418">
        <ele>38.920283</ele>
        <time>2026-07-27T09:44:31.507Z</time>
      </trkpt>
      <trkpt lat="43.578513" lon="3.757483">
        <ele>43.570735</ele>
        <time>2026-07-27T09:45:35.540Z</time>
      </trkpt>
      <trkpt lat="43.578560" lon="3.756814">
        <ele>44.227100</ele>
        <time>2026-07-27T09:45:48.421Z</time>
      </trkpt>
      <trkpt lat="43.578652" lon="3.756467">
        <ele>44.285135</ele>
        <time>2026-07-27T09:45:53.837Z</time>
      </trkpt>
      <trkpt lat="43.578678" lon="3.756389">
        <ele>44.276862</ele>
        <time>2026-07-27T09:45:54.989Z</time>
      </trkpt>
      <trkpt lat="43.578664" lon="3.756116">
        <ele>44.225041</ele>
        <time>2026-07-27T09:45:58.633Z</time>
      </trkpt>
      <trkpt lat="43.578644" lon="3.756077">
        <ele>44.214460</ele>
        <time>2026-07-27T09:45:59.324Z</time>
      </trkpt>
      <trkpt lat="43.578597" lon="3.755976">
        <ele>44.193093</ele>
        <time>2026-07-27T09:46:01.198Z</time>
      </trkpt>
      <trkpt lat="43.578453" lon="3.755805">
        <ele>44.145561</ele>
        <time>2026-07-27T09:46:04.970Z</time>
      </trkpt>
      <trkpt lat="43.578289" lon="3.755121">
        <ele>43.287946</ele>
        <time>2026-07-27T09:46:13.513Z</time>
      </trkpt>
      <trkpt lat="43.578063" lon="3.754465">
        <ele>42.319463</ele>
        <time>2026-07-27T09:46:22.079Z</time>
      </trkpt>
      <trkpt lat="43.577830" lon="3.753913">
        <ele>41.652053</ele>
        <time>2026-07-27T09:46:29.812Z</time>
      </trkpt>
      <trkpt lat="43.577771" lon="3.753575">
        <ele>41.473612</ele>
        <time>2026-07-27T09:46:34.555Z</time>
      </trkpt>
      <trkpt lat="43.577750" lon="3.753469">
        <ele>41.425939</ele>
        <time>2026-07-27T09:46:36.010Z</time>
      </trkpt>
      <trkpt lat="43.577590" lon="3.753316">
        <ele>41.318792</ele>
        <time>2026-07-27T09:46:39.566Z</time>
      </trkpt>
      <trkpt lat="43.577381" lon="3.752866">
        <ele>41.334611</ele>
        <time>2026-07-27T09:46:47.273Z</time>
      </trkpt>
      <trkpt lat="43.577296" lon="3.752759">
        <ele>41.386007</ele>
        <time>2026-07-27T09:46:49.760Z</time>
      </trkpt>
      <trkpt lat="43.577254" lon="3.752670">
        <ele>41.430851</ele>
        <time>2026-07-27T09:46:51.548Z</time>
      </trkpt>
      <trkpt lat="43.576971" lon="3.752068">
        <ele>41.896400</ele>
        <time>2026-07-27T09:47:04.019Z</time>
      </trkpt>
      <trkpt lat="43.576898" lon="3.751754">
        <ele>42.115719</ele>
        <time>2026-07-27T09:47:09.789Z</time>
      </trkpt>
      <trkpt lat="43.576185" lon="3.750114">
        <ele>43.918900</ele>
        <time>2026-07-27T09:47:45.248Z</time>
      </trkpt>
      <trkpt lat="43.575554" lon="3.748011">
        <ele>46.539710</ele>
        <time>2026-07-27T09:48:30.208Z</time>
      </trkpt>
      <trkpt lat="43.575342" lon="3.747327">
        <ele>46.913322</ele>
        <time>2026-07-27T09:48:42.301Z</time>
      </trkpt>
      <trkpt lat="43.575146" lon="3.746995">
        <ele>47.177826</ele>
        <time>2026-07-27T09:48:49.606Z</time>
      </trkpt>
      <trkpt lat="43.574981" lon="3.746536">
        <ele>47.394844</ele>
        <time>2026-07-27T09:48:58.255Z</time>
      </trkpt>
      <trkpt lat="43.574296" lon="3.745361">
        <ele>47.772659</ele>
        <time>2026-07-27T09:49:21.464Z</time>
      </trkpt>
      <trkpt lat="43.574103" lon="3.744981">
        <ele>47.707151</ele>
        <time>2026-07-27T09:49:27.898Z</time>
      </trkpt>
      <trkpt lat="43.573854" lon="3.744331">
        <ele>47.656955</ele>
        <time>2026-07-27T09:49:38.333Z</time>
      </trkpt>
      <trkpt lat="43.573481" lon="3.742814">
        <ele>48.715926</ele>
        <time>2026-07-27T09:50:06.129Z</time>
      </trkpt>
      <trkpt lat="43.573437" lon="3.742411">
        <ele>49.060941</ele>
        <time>2026-07-27T09:50:13.603Z</time>
      </trkpt>
      <trkpt lat="43.573387" lon="3.742174">
        <ele>49.170702</ele>
        <time>2026-07-27T09:50:17.888Z</time>
      </trkpt>
      <trkpt lat="43.573239" lon="3.741868">
        <ele>49.061310</ele>
        <time>2026-07-27T09:50:22.915Z</time>
      </trkpt>
      <trkpt lat="43.572773" lon="3.741093">
        <ele>48.216507</ele>
        <time>2026-07-27T09:50:35.463Z</time>
      </trkpt>
      <trkpt lat="43.572620" lon="3.740891">
        <ele>48.042657</ele>
        <time>2026-07-27T09:50:39.224Z</time>
      </trkpt>
      <trkpt lat="43.572104" lon="3.740333">
        <ele>47.792850</ele>
        <time>2026-07-27T09:50:51.605Z</time>
      </trkpt>
      <trkpt lat="43.571369" lon="3.739521">
        <ele>47.439899</ele>
        <time>2026-07-27T09:51:09.216Z</time>
      </trkpt>
      <trkpt lat="43.570366" lon="3.738211">
        <ele>47.389686</ele>
        <time>2026-07-27T09:51:36.509Z</time>
      </trkpt>
      <trkpt lat="43.569998" lon="3.737681">
        <ele>47.293707</ele>
        <time>2026-07-27T09:51:46.794Z</time>
      </trkpt>
      <trkpt lat="43.569160" lon="3.736323">
        <ele>46.869122</ele>
        <time>2026-07-27T09:52:11.161Z</time>
      </trkpt>
      <trkpt lat="43.568051" lon="3.734716">
        <ele>48.454178</ele>
        <time>2026-07-27T09:52:50.205Z</time>
      </trkpt>
      <trkpt lat="43.567431" lon="3.733834">
        <ele>50.406609</ele>
        <time>2026-07-27T09:53:17.593Z</time>
      </trkpt>
      <trkpt lat="43.567008" lon="3.733290">
        <ele>50.464837</ele>
        <time>2026-07-27T09:53:29.640Z</time>
      </trkpt>
      <trkpt lat="43.566251" lon="3.732400">
        <ele>49.123548</ele>
        <time>2026-07-27T09:53:46.196Z</time>
      </trkpt>
      <trkpt lat="43.566226" lon="3.732296">
        <ele>49.038926</ele>
        <time>2026-07-27T09:53:47.624Z</time>
      </trkpt>
      <trkpt lat="43.566242" lon="3.732190">
        <ele>48.982942</ele>
        <time>2026-07-27T09:53:49.125Z</time>
      </trkpt>
      <trkpt lat="43.566197" lon="3.732128">
        <ele>48.937568</ele>
        <time>2026-07-27T09:53:50.323Z</time>
      </trkpt>
      <trkpt lat="43.566155" lon="3.732077">
        <ele>48.891601</ele>
        <time>2026-07-27T09:53:51.282Z</time>
      </trkpt>
      <trkpt lat="43.566031" lon="3.732092">
        <ele>48.731463</ele>
        <time>2026-07-27T09:53:53.317Z</time>
      </trkpt>
      <trkpt lat="43.565967" lon="3.732067">
        <ele>48.645892</ele>
        <time>2026-07-27T09:53:54.443Z</time>
      </trkpt>
      <trkpt lat="43.565418" lon="3.731337">
        <ele>48.532081</ele>
        <time>2026-07-27T09:54:09.132Z</time>
      </trkpt>
      <trkpt lat="43.564900" lon="3.730652">
        <ele>49.616842</ele>
        <time>2026-07-27T09:54:29.705Z</time>
      </trkpt>
      <trkpt lat="43.564602" lon="3.730324">
        <ele>49.292983</ele>
        <time>2026-07-27T09:54:36.098Z</time>
      </trkpt>
      <trkpt lat="43.564015" lon="3.729840">
        <ele>48.261326</ele>
        <time>2026-07-27T09:54:47.680Z</time>
      </trkpt>
      <trkpt lat="43.563773" lon="3.729710">
        <ele>47.639434</ele>
        <time>2026-07-27T09:54:51.738Z</time>
      </trkpt>
      <trkpt lat="43.563597" lon="3.729755">
        <ele>47.051175</ele>
        <time>2026-07-27T09:54:54.374Z</time>
      </trkpt>
      <trkpt lat="43.562548" lon="3.729212">
        <ele>42.182721</ele>
        <time>2026-07-27T09:55:07.785Z</time>
      </trkpt>
      <trkpt lat="43.562263" lon="3.729128">
        <ele>40.875571</ele>
        <time>2026-07-27T09:55:11.213Z</time>
      </trkpt>
      <trkpt lat="43.561973" lon="3.729135">
        <ele>39.895898</ele>
        <time>2026-07-27T09:55:14.830Z</time>
      </trkpt>
      <trkpt lat="43.561962" lon="3.729055">
        <ele>39.726685</ele>
        <time>2026-07-27T09:55:15.651Z</time>
      </trkpt>
      <trkpt lat="43.561958" lon="3.728992">
        <ele>39.601385</ele>
        <time>2026-07-27T09:55:16.282Z</time>
      </trkpt>
      <trkpt lat="43.561624" lon="3.729030">
        <ele>38.678459</ele>
        <time>2026-07-27T09:55:20.486Z</time>
      </trkpt>
      <trkpt lat="43.561394" lon="3.729014">
        <ele>38.263921</ele>
        <time>2026-07-27T09:55:23.664Z</time>
      </trkpt>
      <trkpt lat="43.561197" lon="3.728922">
        <ele>38.230929</ele>
        <time>2026-07-27T09:55:26.987Z</time>
      </trkpt>
      <trkpt lat="43.561013" lon="3.728793">
        <ele>38.696917</ele>
        <time>2026-07-27T09:55:32.306Z</time>
      </trkpt>
      <trkpt lat="43.560864" lon="3.728644">
        <ele>39.500846</ele>
        <time>2026-07-27T09:55:40.689Z</time>
      </trkpt>
      <trkpt lat="43.560678" lon="3.728398">
        <ele>40.800481</ele>
        <time>2026-07-27T09:55:52.274Z</time>
      </trkpt>
      <trkpt lat="43.560533" lon="3.728124">
        <ele>41.719869</ele>
        <time>2026-07-27T09:56:01.128Z</time>
      </trkpt>
      <trkpt lat="43.560492" lon="3.728091">
        <ele>41.866258</ele>
        <time>2026-07-27T09:56:02.511Z</time>
      </trkpt>
      <trkpt lat="43.560407" lon="3.728089">
        <ele>42.041736</ele>
        <time>2026-07-27T09:56:05.008Z</time>
      </trkpt>
      <trkpt lat="43.560297" lon="3.728141">
        <ele>42.183368</ele>
        <time>2026-07-27T09:56:08.221Z</time>
      </trkpt>
      <trkpt lat="43.560265" lon="3.728203">
        <ele>42.250557</ele>
        <time>2026-07-27T09:56:09.355Z</time>
      </trkpt>
      <trkpt lat="43.560248" lon="3.728336">
        <ele>42.291576</ele>
        <time>2026-07-27T09:56:11.090Z</time>
      </trkpt>
      <trkpt lat="43.560258" lon="3.728428">
        <ele>42.315728</ele>
        <time>2026-07-27T09:56:12.437Z</time>
      </trkpt>
      <trkpt lat="43.560198" lon="3.728436">
        <ele>42.337324</ele>
        <time>2026-07-27T09:56:14.060Z</time>
      </trkpt>
      <trkpt lat="43.559521" lon="3.728552">
        <ele>43.905968</ele>
        <time>2026-07-27T09:56:34.771Z</time>
      </trkpt>
      <trkpt lat="43.559052" lon="3.728593">
        <ele>45.070841</ele>
        <time>2026-07-27T09:56:49.245Z</time>
      </trkpt>
      <trkpt lat="43.559002" lon="3.728568">
        <ele>45.166421</ele>
        <time>2026-07-27T09:56:50.851Z</time>
      </trkpt>
      <trkpt lat="43.557978" lon="3.728622">
        <ele>46.922411</ele>
        <time>2026-07-27T09:57:19.387Z</time>
      </trkpt>
      <trkpt lat="43.557679" lon="3.728592">
        <ele>46.909520</ele>
        <time>2026-07-27T09:57:25.166Z</time>
      </trkpt>
      <trkpt lat="43.557519" lon="3.728534">
        <ele>46.876206</ele>
        <time>2026-07-27T09:57:28.354Z</time>
      </trkpt>
      <trkpt lat="43.557518" lon="3.728590">
        <ele>46.850963</ele>
        <time>2026-07-27T09:57:28.981Z</time>
      </trkpt>
      <trkpt lat="43.557465" lon="3.728609">
        <ele>46.810467</ele>
        <time>2026-07-27T09:57:29.794Z</time>
      </trkpt>
      <trkpt lat="43.557424" lon="3.728704">
        <ele>46.751209</ele>
        <time>2026-07-27T09:57:30.981Z</time>
      </trkpt>
      <trkpt lat="43.557363" lon="3.728699">
        <ele>46.708046</ele>
        <time>2026-07-27T09:57:31.891Z</time>
      </trkpt>
      <trkpt lat="43.556921" lon="3.728596">
        <ele>46.681083</ele>
        <time>2026-07-27T09:57:39.532Z</time>
      </trkpt>
      <trkpt lat="43.556479" lon="3.728450">
        <ele>46.366698</ele>
        <time>2026-07-27T09:57:46.647Z</time>
      </trkpt>
      <trkpt lat="43.555925" lon="3.728235">
        <ele>45.252769</ele>
        <time>2026-07-27T09:57:54.653Z</time>
      </trkpt>
      <trkpt lat="43.555585" lon="3.728062">
        <ele>44.177388</ele>
        <time>2026-07-27T09:57:58.977Z</time>
      </trkpt>
      <trkpt lat="43.554857" lon="3.727661">
        <ele>46.088484</ele>
        <time>2026-07-27T09:58:22.592Z</time>
      </trkpt>
      <trkpt lat="43.554659" lon="3.727524">
        <ele>46.677321</ele>
        <time>2026-07-27T09:58:29.153Z</time>
      </trkpt>
      <trkpt lat="43.554503" lon="3.727415">
        <ele>46.940971</ele>
        <time>2026-07-27T09:58:33.789Z</time>
      </trkpt>
      <trkpt lat="43.554356" lon="3.727255">
        <ele>46.983642</ele>
        <time>2026-07-27T09:58:36.761Z</time>
      </trkpt>
      <trkpt lat="43.554156" lon="3.727117">
        <ele>46.856398</ele>
        <time>2026-07-27T09:58:40.091Z</time>
      </trkpt>
      <trkpt lat="43.554116" lon="3.727113">
        <ele>46.853697</ele>
        <time>2026-07-27T09:58:40.770Z</time>
      </trkpt>
      <trkpt lat="43.553347" lon="3.726438">
        <ele>46.868020</ele>
        <time>2026-07-27T09:58:56.661Z</time>
      </trkpt>
      <trkpt lat="43.553237" lon="3.726272">
        <ele>46.966421</ele>
        <time>2026-07-27T09:59:00.133Z</time>
      </trkpt>
      <trkpt lat="43.553165" lon="3.726176">
        <ele>47.028658</ele>
        <time>2026-07-27T09:59:02.205Z</time>
      </trkpt>
      <trkpt lat="43.553161" lon="3.726078">
        <ele>47.072877</ele>
        <time>2026-07-27T09:59:03.495Z</time>
      </trkpt>
      <trkpt lat="43.553184" lon="3.725908">
        <ele>46.967553</ele>
        <time>2026-07-27T09:59:05.466Z</time>
      </trkpt>
      <trkpt lat="43.553189" lon="3.725886">
        <ele>46.953297</ele>
        <time>2026-07-27T09:59:05.713Z</time>
      </trkpt>
      <trkpt lat="43.553146" lon="3.725836">
        <ele>46.905322</ele>
        <time>2026-07-27T09:59:06.679Z</time>
      </trkpt>
      <trkpt lat="43.552963" lon="3.725726">
        <ele>46.755245</ele>
        <time>2026-07-27T09:59:10.182Z</time>
      </trkpt>
      <trkpt lat="43.552503" lon="3.724965">
        <ele>46.806315</ele>
        <time>2026-07-27T09:59:24.715Z</time>
      </trkpt>
      <trkpt lat="43.552010" lon="3.723953">
        <ele>47.094722</ele>
        <time>2026-07-27T09:59:43.705Z</time>
      </trkpt>
      <trkpt lat="43.551771" lon="3.723338">
        <ele>47.216267</ele>
        <time>2026-07-27T09:59:54.364Z</time>
      </trkpt>
      <trkpt lat="43.551702" lon="3.722895">
        <ele>47.487568</ele>
        <time>2026-07-27T10:00:01.774Z</time>
      </trkpt>
      <trkpt lat="43.551615" lon="3.722678">
        <ele>47.738523</ele>
        <time>2026-07-27T10:00:06.753Z</time>
      </trkpt>
      <trkpt lat="43.551562" lon="3.722580">
        <ele>47.874521</ele>
        <time>2026-07-27T10:00:09.219Z</time>
      </trkpt>
      <trkpt lat="43.551473" lon="3.722336">
        <ele>48.086303</ele>
        <time>2026-07-27T10:00:14.000Z</time>
      </trkpt>
      <trkpt lat="43.551207" lon="3.721106">
        <ele>48.791108</ele>
        <time>2026-07-27T10:00:35.665Z</time>
      </trkpt>
      <trkpt lat="43.550932" lon="3.719640">
        <ele>49.415732</ele>
        <time>2026-07-27T10:01:00.042Z</time>
      </trkpt>
      <trkpt lat="43.550687" lon="3.718397">
        <ele>50.225332</ele>
        <time>2026-07-27T10:01:19.752Z</time>
      </trkpt>
      <trkpt lat="43.550650" lon="3.718356">
        <ele>50.271316</ele>
        <time>2026-07-27T10:01:20.761Z</time>
      </trkpt>
      <trkpt lat="43.550614" lon="3.718176">
        <ele>50.394719</ele>
        <time>2026-07-27T10:01:23.654Z</time>
      </trkpt>
      <trkpt lat="43.550611" lon="3.718006">
        <ele>50.511767</ele>
        <time>2026-07-27T10:01:26.319Z</time>
      </trkpt>
      <trkpt lat="43.550489" lon="3.717229">
        <ele>51.113364</ele>
        <time>2026-07-27T10:01:38.947Z</time>
      </trkpt>
      <trkpt lat="43.550489" lon="3.716918">
        <ele>51.385270</ele>
        <time>2026-07-27T10:01:44.153Z</time>
      </trkpt>
      <trkpt lat="43.550456" lon="3.716849">
        <ele>51.450339</ele>
        <time>2026-07-27T10:01:45.447Z</time>
      </trkpt>
      <trkpt lat="43.550392" lon="3.716826">
        <ele>51.465539</ele>
        <time>2026-07-27T10:01:46.714Z</time>
      </trkpt>
      <trkpt lat="43.550336" lon="3.716824">
        <ele>51.478414</ele>
        <time>2026-07-27T10:01:47.673Z</time>
      </trkpt>
      <trkpt lat="43.550268" lon="3.716849">
        <ele>51.494588</ele>
        <time>2026-07-27T10:01:48.842Z</time>
      </trkpt>
      <trkpt lat="43.550195" lon="3.716847">
        <ele>51.500000</ele>
        <time>2026-07-27T10:01:50.045Z</time>
      </trkpt>
      <trkpt lat="43.549952" lon="3.716628">
        <ele>51.464752</ele>
        <time>2026-07-27T10:01:54.954Z</time>
      </trkpt>
      <trkpt lat="43.549868" lon="3.716483">
        <ele>51.427624</ele>
        <time>2026-07-27T10:01:57.126Z</time>
      </trkpt>
      <trkpt lat="43.549846" lon="3.716291">
        <ele>51.408189</ele>
        <time>2026-07-27T10:01:59.467Z</time>
      </trkpt>
      <trkpt lat="43.549865" lon="3.716159">
        <ele>51.400150</ele>
        <time>2026-07-27T10:02:01.107Z</time>
      </trkpt>
      <trkpt lat="43.549949" lon="3.715968">
        <ele>51.400787</ele>
        <time>2026-07-27T10:02:03.772Z</time>
      </trkpt>
      <trkpt lat="43.549968" lon="3.715839">
        <ele>51.415940</ele>
        <time>2026-07-27T10:02:05.406Z</time>
      </trkpt>
      <trkpt lat="43.549689" lon="3.714066">
        <ele>51.708432</ele>
        <time>2026-07-27T10:02:29.438Z</time>
      </trkpt>
      <trkpt lat="43.549127" lon="3.711075">
        <ele>52.584545</ele>
        <time>2026-07-27T10:03:11.812Z</time>
      </trkpt>
      <trkpt lat="43.549036" lon="3.710697">
        <ele>52.568076</ele>
        <time>2026-07-27T10:03:16.704Z</time>
      </trkpt>
      <trkpt lat="43.548758" lon="3.709821">
        <ele>52.279637</ele>
        <time>2026-07-27T10:03:27.843Z</time>
      </trkpt>
      <trkpt lat="43.548663" lon="3.709699">
        <ele>52.195444</ele>
        <time>2026-07-27T10:03:29.873Z</time>
      </trkpt>
      <trkpt lat="43.548351" lon="3.709545">
        <ele>51.959680</ele>
        <time>2026-07-27T10:03:34.768Z</time>
      </trkpt>
      <trkpt lat="43.548318" lon="3.709486">
        <ele>51.937244</ele>
        <time>2026-07-27T10:03:35.703Z</time>
      </trkpt>
      <trkpt lat="43.548272" lon="3.709367">
        <ele>51.934903</ele>
        <time>2026-07-27T10:03:37.677Z</time>
      </trkpt>
      <trkpt lat="43.548248" lon="3.709303">
        <ele>51.954210</ele>
        <time>2026-07-27T10:03:38.719Z</time>
      </trkpt>
      <trkpt lat="43.548316" lon="3.708845">
        <ele>52.000000</ele>
        <time>2026-07-27T10:03:44.551Z</time>
      </trkpt>
      <trkpt lat="43.548269" lon="3.708724">
        <ele>52.000000</ele>
        <time>2026-07-27T10:03:46.193Z</time>
      </trkpt>
      <trkpt lat="43.547647" lon="3.707891">
        <ele>52.063792</ele>
        <time>2026-07-27T10:04:01.048Z</time>
      </trkpt>
      <trkpt lat="43.546747" lon="3.706956">
        <ele>53.139698</ele>
        <time>2026-07-27T10:04:25.742Z</time>
      </trkpt>
      <trkpt lat="43.545312" lon="3.705528">
        <ele>53.249162</ele>
        <time>2026-07-27T10:04:56.839Z</time>
      </trkpt>
      <trkpt lat="43.545249" lon="3.705519">
        <ele>53.045684</ele>
        <time>2026-07-27T10:04:57.675Z</time>
      </trkpt>
      <trkpt lat="43.545099" lon="3.705755">
        <ele>52.315374</ele>
        <time>2026-07-27T10:05:00.395Z</time>
      </trkpt>
      <trkpt lat="43.545032" lon="3.705765">
        <ele>52.099294</ele>
        <time>2026-07-27T10:05:01.225Z</time>
      </trkpt>
      <trkpt lat="43.545010" lon="3.705719">
        <ele>51.971211</ele>
        <time>2026-07-27T10:05:01.745Z</time>
      </trkpt>
      <trkpt lat="43.544998" lon="3.705480">
        <ele>51.802860</ele>
        <time>2026-07-27T10:05:04.301Z</time>
      </trkpt>
      <trkpt lat="43.544929" lon="3.705461">
        <ele>51.756473</ele>
        <time>2026-07-27T10:05:05.584Z</time>
      </trkpt>
      <trkpt lat="43.544835" lon="3.705264">
        <ele>51.982936</ele>
        <time>2026-07-27T10:05:09.723Z</time>
      </trkpt>
      <trkpt lat="43.544806" lon="3.705159">
        <ele>52.081182</ele>
        <time>2026-07-27T10:05:11.641Z</time>
      </trkpt>
      <trkpt lat="43.544786" lon="3.704829">
        <ele>52.277544</ele>
        <time>2026-07-27T10:05:16.568Z</time>
      </trkpt>
      <trkpt lat="43.544627" lon="3.704438">
        <ele>52.383468</ele>
        <time>2026-07-27T10:05:22.805Z</time>
      </trkpt>
      <trkpt lat="43.544458" lon="3.704220">
        <ele>52.338220</ele>
        <time>2026-07-27T10:05:26.751Z</time>
      </trkpt>
      <trkpt lat="43.543788" lon="3.703703">
        <ele>51.490696</ele>
        <time>2026-07-27T10:05:37.935Z</time>
      </trkpt>
      <trkpt lat="43.543624" lon="3.703534">
        <ele>51.209056</ele>
        <time>2026-07-27T10:05:40.876Z</time>
      </trkpt>
      <trkpt lat="43.542839" lon="3.702593">
        <ele>49.966423</ele>
        <time>2026-07-27T10:05:56.046Z</time>
      </trkpt>
      <trkpt lat="43.541729" lon="3.701267">
        <ele>47.497485</ele>
        <time>2026-07-27T10:06:16.331Z</time>
      </trkpt>
      <trkpt lat="43.540860" lon="3.700266">
        <ele>47.924582</ele>
        <time>2026-07-27T10:06:38.339Z</time>
      </trkpt>
      <trkpt lat="43.540614" lon="3.700048">
        <ele>48.191707</ele>
        <time>2026-07-27T10:06:44.417Z</time>
      </trkpt>
      <trkpt lat="43.540201" lon="3.699783">
        <ele>48.603194</ele>
        <time>2026-07-27T10:06:54.031Z</time>
      </trkpt>
      <trkpt lat="43.539164" lon="3.699285">
        <ele>49.435815</ele>
        <time>2026-07-27T10:07:17.249Z</time>
      </trkpt>
      <trkpt lat="43.536053" lon="3.698005">
        <ele>46.204517</ele>
        <time>2026-07-27T10:08:05.557Z</time>
      </trkpt>
      <trkpt lat="43.533638" lon="3.697054">
        <ele>38.169892</ele>
        <time>2026-07-27T10:08:37.034Z</time>
      </trkpt>
      <trkpt lat="43.533298" lon="3.696887">
        <ele>37.882434</ele>
        <time>2026-07-27T10:08:42.631Z</time>
      </trkpt>
      <trkpt lat="43.533193" lon="3.696787">
        <ele>37.872336</ele>
        <time>2026-07-27T10:08:44.928Z</time>
      </trkpt>
      <trkpt lat="43.532999" lon="3.696709">
        <ele>37.944432</ele>
        <time>2026-07-27T10:08:48.563Z</time>
      </trkpt>
      <trkpt lat="43.532897" lon="3.696724">
        <ele>38.112092</ele>
        <time>2026-07-27T10:08:50.673Z</time>
      </trkpt>
      <trkpt lat="43.531925" lon="3.696346">
        <ele>40.718902</ele>
        <time>2026-07-27T10:09:20.303Z</time>
      </trkpt>
      <trkpt lat="43.530509" lon="3.695762">
        <ele>45.600140</ele>
        <time>2026-07-27T10:10:07.474Z</time>
      </trkpt>
      <trkpt lat="43.529919" lon="3.695446">
        <ele>47.679903</ele>
        <time>2026-07-27T10:10:27.722Z</time>
      </trkpt>
      <trkpt lat="43.529742" lon="3.695306">
        <ele>48.308521</ele>
        <time>2026-07-27T10:10:34.249Z</time>
      </trkpt>
      <trkpt lat="43.529601" lon="3.695143">
        <ele>48.831145</ele>
        <time>2026-07-27T10:10:39.764Z</time>
      </trkpt>
      <trkpt lat="43.528891" lon="3.694115">
        <ele>50.532392</ele>
        <time>2026-07-27T10:11:05.204Z</time>
      </trkpt>
      <trkpt lat="43.528811" lon="3.694084">
        <ele>50.611919</ele>
        <time>2026-07-27T10:11:06.765Z</time>
      </trkpt>
      <trkpt lat="43.528748" lon="3.693986">
        <ele>50.602618</ele>
        <time>2026-07-27T10:11:08.575Z</time>
      </trkpt>
      <trkpt lat="43.528732" lon="3.693872">
        <ele>50.594372</ele>
        <time>2026-07-27T10:11:10.020Z</time>
      </trkpt>
      <trkpt lat="43.528626" lon="3.693700">
        <ele>50.230154</ele>
        <time>2026-07-27T10:11:12.230Z</time>
      </trkpt>
      <trkpt lat="43.527289" lon="3.691920">
        <ele>43.825869</ele>
        <time>2026-07-27T10:11:35.293Z</time>
      </trkpt>
      <trkpt lat="43.527161" lon="3.691697">
        <ele>42.862466</ele>
        <time>2026-07-27T10:11:37.694Z</time>
      </trkpt>
      <trkpt lat="43.527006" lon="3.691406">
        <ele>41.871437</ele>
        <time>2026-07-27T10:11:40.891Z</time>
      </trkpt>
      <trkpt lat="43.526787" lon="3.690905">
        <ele>41.136490</ele>
        <time>2026-07-27T10:11:46.762Z</time>
      </trkpt>
      <trkpt lat="43.526672" lon="3.690586">
        <ele>40.945211</ele>
        <time>2026-07-27T10:11:50.769Z</time>
      </trkpt>
      <trkpt lat="43.526531" lon="3.690066">
        <ele>41.471027</ele>
        <time>2026-07-27T10:11:58.985Z</time>
      </trkpt>
      <trkpt lat="43.526511" lon="3.690017">
        <ele>41.565046</ele>
        <time>2026-07-27T10:12:00.565Z</time>
      </trkpt>
      <trkpt lat="43.526321" lon="3.689550">
        <ele>44.399679</ele>
        <time>2026-07-27T10:12:21.097Z</time>
      </trkpt>
      <trkpt lat="43.526267" lon="3.689360">
        <ele>45.286946</ele>
        <time>2026-07-27T10:12:27.770Z</time>
      </trkpt>
      <trkpt lat="43.526294" lon="3.689220">
        <ele>45.784863</ele>
        <time>2026-07-27T10:12:31.678Z</time>
      </trkpt>
      <trkpt lat="43.526275" lon="3.689132">
        <ele>46.039860</ele>
        <time>2026-07-27T10:12:33.815Z</time>
      </trkpt>
      <trkpt lat="43.526133" lon="3.688810">
        <ele>46.522204</ele>
        <time>2026-07-27T10:12:40.995Z</time>
      </trkpt>
      <trkpt lat="43.525937" lon="3.688461">
        <ele>46.615604</ele>
        <time>2026-07-27T10:12:46.769Z</time>
      </trkpt>
      <trkpt lat="43.525777" lon="3.688279">
        <ele>46.306442</ele>
        <time>2026-07-27T10:12:49.756Z</time>
      </trkpt>
      <trkpt lat="43.524817" lon="3.687359">
        <ele>42.781584</ele>
        <time>2026-07-27T10:13:04.453Z</time>
      </trkpt>
      <trkpt lat="43.524485" lon="3.687146">
        <ele>42.308078</ele>
        <time>2026-07-27T10:13:10.831Z</time>
      </trkpt>
      <trkpt lat="43.524186" lon="3.687004">
        <ele>42.002255</ele>
        <time>2026-07-27T10:13:16.421Z</time>
      </trkpt>
      <trkpt lat="43.524081" lon="3.686985">
        <ele>41.990409</ele>
        <time>2026-07-27T10:13:18.423Z</time>
      </trkpt>
      <trkpt lat="43.523399" lon="3.686573">
        <ele>42.015866</ele>
        <time>2026-07-27T10:13:32.091Z</time>
      </trkpt>
      <trkpt lat="43.523165" lon="3.686332">
        <ele>41.673398</ele>
        <time>2026-07-27T10:13:36.271Z</time>
      </trkpt>
      <trkpt lat="43.522160" lon="3.686104">
        <ele>39.665522</ele>
        <time>2026-07-27T10:13:49.805Z</time>
      </trkpt>
      <trkpt lat="43.522114" lon="3.686097">
        <ele>39.668189</ele>
        <time>2026-07-27T10:13:50.715Z</time>
      </trkpt>
      <trkpt lat="43.520874" lon="3.685709">
        <ele>44.465080</ele>
        <time>2026-07-27T10:14:34.933Z</time>
      </trkpt>
      <trkpt lat="43.519845" lon="3.685312">
        <ele>49.232100</ele>
        <time>2026-07-27T10:15:16.172Z</time>
      </trkpt>
      <trkpt lat="43.518616" lon="3.684926">
        <ele>47.709370</ele>
        <time>2026-07-27T10:15:34.060Z</time>
      </trkpt>
      <trkpt lat="43.517964" lon="3.684685">
        <ele>48.099754</ele>
        <time>2026-07-27T10:15:47.657Z</time>
      </trkpt>
      <trkpt lat="43.517050" lon="3.684320">
        <ele>48.770111</ele>
        <time>2026-07-27T10:16:07.273Z</time>
      </trkpt>
      <trkpt lat="43.515805" lon="3.683692">
        <ele>48.459051</ele>
        <time>2026-07-27T10:16:28.992Z</time>
      </trkpt>
      <trkpt lat="43.515648" lon="3.683663">
        <ele>48.197972</ele>
        <time>2026-07-27T10:16:31.372Z</time>
      </trkpt>
      <trkpt lat="43.515349" lon="3.683720">
        <ele>47.304420</ele>
        <time>2026-07-27T10:16:35.198Z</time>
      </trkpt>
      <trkpt lat="43.515313" lon="3.683731">
        <ele>47.210700</ele>
        <time>2026-07-27T10:16:35.624Z</time>
      </trkpt>
      <trkpt lat="43.515230" lon="3.683751">
        <ele>47.093454</ele>
        <time>2026-07-27T10:16:36.588Z</time>
      </trkpt>
      <trkpt lat="43.513096" lon="3.683069">
        <ele>44.151163</ele>
        <time>2026-07-27T10:17:08.411Z</time>
      </trkpt>
      <trkpt lat="43.512871" lon="3.683005">
        <ele>44.091301</ele>
        <time>2026-07-27T10:17:12.645Z</time>
      </trkpt>
      <trkpt lat="43.512300" lon="3.682826">
        <ele>43.977462</ele>
        <time>2026-07-27T10:17:22.312Z</time>
      </trkpt>
      <trkpt lat="43.511872" lon="3.682758">
        <ele>43.702236</ele>
        <time>2026-07-27T10:17:28.923Z</time>
      </trkpt>
      <trkpt lat="43.511719" lon="3.682771">
        <ele>43.614192</ele>
        <time>2026-07-27T10:17:31.265Z</time>
      </trkpt>
      <trkpt lat="43.511001" lon="3.683354">
        <ele>43.240964</ele>
        <time>2026-07-27T10:17:44.600Z</time>
      </trkpt>
      <trkpt lat="43.510313" lon="3.683797">
        <ele>43.588205</ele>
        <time>2026-07-27T10:17:59.158Z</time>
      </trkpt>
      <trkpt lat="43.510015" lon="3.683940">
        <ele>43.699838</ele>
        <time>2026-07-27T10:18:05.382Z</time>
      </trkpt>
      <trkpt lat="43.509397" lon="3.684170">
        <ele>43.872890</ele>
        <time>2026-07-27T10:18:17.067Z</time>
      </trkpt>
      <trkpt lat="43.509014" lon="3.684252">
        <ele>43.794833</ele>
        <time>2026-07-27T10:18:23.302Z</time>
      </trkpt>
      <trkpt lat="43.508395" lon="3.684333">
        <ele>43.592694</ele>
        <time>2026-07-27T10:18:33.408Z</time>
      </trkpt>
      <trkpt lat="43.507977" lon="3.684349">
        <ele>43.354038</ele>
        <time>2026-07-27T10:18:40.069Z</time>
      </trkpt>
      <trkpt lat="43.507901" lon="3.684343">
        <ele>43.212359</ele>
        <time>2026-07-27T10:18:41.172Z</time>
      </trkpt>
      <trkpt lat="43.507696" lon="3.683754">
        <ele>42.223901</ele>
        <time>2026-07-27T10:18:47.568Z</time>
      </trkpt>
      <trkpt lat="43.507527" lon="3.683483">
        <ele>41.381015</ele>
        <time>2026-07-27T10:18:50.820Z</time>
      </trkpt>
      <trkpt lat="43.507166" lon="3.683018">
        <ele>39.556300</ele>
        <time>2026-07-27T10:18:56.807Z</time>
      </trkpt>
      <trkpt lat="43.507119" lon="3.682973">
        <ele>39.444383</ele>
        <time>2026-07-27T10:18:57.557Z</time>
      </trkpt>
      <trkpt lat="43.507029" lon="3.683002">
        <ele>39.369504</ele>
        <time>2026-07-27T10:18:59.018Z</time>
      </trkpt>
      <trkpt lat="43.506948" lon="3.683050">
        <ele>39.298077</ele>
        <time>2026-07-27T10:19:00.810Z</time>
      </trkpt>
      <trkpt lat="43.506000" lon="3.683007">
        <ele>38.929852</ele>
        <time>2026-07-27T10:19:16.148Z</time>
      </trkpt>
      <trkpt lat="43.501119" lon="3.682436">
        <ele>30.657345</ele>
        <time>2026-07-27T10:20:24.194Z</time>
      </trkpt>
      <trkpt lat="43.501039" lon="3.682426">
        <ele>30.701334</ele>
        <time>2026-07-27T10:20:25.509Z</time>
      </trkpt>
      <trkpt lat="43.498844" lon="3.682165">
        <ele>32.425764</ele>
        <time>2026-07-27T10:21:11.696Z</time>
      </trkpt>
      <trkpt lat="43.497096" lon="3.682011">
        <ele>30.911271</ele>
        <time>2026-07-27T10:21:38.066Z</time>
      </trkpt>
      <trkpt lat="43.494771" lon="3.681752">
        <ele>29.486968</ele>
        <time>2026-07-27T10:22:14.591Z</time>
      </trkpt>
      <trkpt lat="43.494318" lon="3.681623">
        <ele>29.106865</ele>
        <time>2026-07-27T10:22:21.632Z</time>
      </trkpt>
      <trkpt lat="43.493572" lon="3.681297">
        <ele>28.561706</ele>
        <time>2026-07-27T10:22:33.521Z</time>
      </trkpt>
      <trkpt lat="43.493430" lon="3.681238">
        <ele>28.915446</ele>
        <time>2026-07-27T10:22:36.355Z</time>
      </trkpt>
      <trkpt lat="43.491348" lon="3.680333">
        <ele>36.317777</ele>
        <time>2026-07-27T10:23:49.595Z</time>
      </trkpt>
      <trkpt lat="43.490792" lon="3.679952">
        <ele>36.434731</ele>
        <time>2026-07-27T10:23:59.849Z</time>
      </trkpt>
      <trkpt lat="43.489852" lon="3.679544">
        <ele>37.297227</ele>
        <time>2026-07-27T10:24:23.387Z</time>
      </trkpt>
      <trkpt lat="43.489508" lon="3.679464">
        <ele>37.607047</ele>
        <time>2026-07-27T10:24:31.889Z</time>
      </trkpt>
      <trkpt lat="43.489441" lon="3.679376">
        <ele>37.687396</ele>
        <time>2026-07-27T10:24:34.160Z</time>
      </trkpt>
      <trkpt lat="43.489373" lon="3.679033">
        <ele>37.898752</ele>
        <time>2026-07-27T10:24:40.249Z</time>
      </trkpt>
      <trkpt lat="43.489334" lon="3.678988">
        <ele>37.937331</ele>
        <time>2026-07-27T10:24:41.343Z</time>
      </trkpt>
      <trkpt lat="43.489170" lon="3.678914">
        <ele>38.021122</ele>
        <time>2026-07-27T10:24:44.918Z</time>
      </trkpt>
      <trkpt lat="43.489094" lon="3.678883">
        <ele>38.043286</ele>
        <time>2026-07-27T10:24:46.575Z</time>
      </trkpt>
      <trkpt lat="43.488992" lon="3.678911">
        <ele>38.120666</ele>
        <time>2026-07-27T10:24:48.976Z</time>
      </trkpt>
      <trkpt lat="43.488770" lon="3.679035">
        <ele>38.352264</ele>
        <time>2026-07-27T10:24:55.216Z</time>
      </trkpt>
      <trkpt lat="43.488750" lon="3.679139">
        <ele>38.397791</ele>
        <time>2026-07-27T10:24:56.953Z</time>
      </trkpt>
      <trkpt lat="43.488653" lon="3.679513">
        <ele>38.330527</ele>
        <time>2026-07-27T10:25:02.310Z</time>
      </trkpt>
      <trkpt lat="43.487929" lon="3.679077">
        <ele>38.576846</ele>
        <time>2026-07-27T10:25:18.609Z</time>
      </trkpt>
      <trkpt lat="43.487907" lon="3.678940">
        <ele>38.677807</ele>
        <time>2026-07-27T10:25:21.663Z</time>
      </trkpt>
      <trkpt lat="43.487603" lon="3.678754">
        <ele>38.968478</ele>
        <time>2026-07-27T10:25:33.715Z</time>
      </trkpt>
      <trkpt lat="43.486968" lon="3.678591">
        <ele>39.221613</ele>
        <time>2026-07-27T10:25:55.565Z</time>
      </trkpt>
      <trkpt lat="43.486622" lon="3.678566">
        <ele>38.824319</ele>
        <time>2026-07-27T10:26:05.501Z</time>
      </trkpt>
      <trkpt lat="43.485965" lon="3.678566">
        <ele>36.837103</ele>
        <time>2026-07-27T10:26:22.723Z</time>
      </trkpt>
      <trkpt lat="43.484705" lon="3.678744">
        <ele>29.130434</ele>
        <time>2026-07-27T10:26:52.126Z</time>
      </trkpt>
      <trkpt lat="43.484231" lon="3.678811">
        <ele>27.078812</ele>
        <time>2026-07-27T10:27:03.386Z</time>
      </trkpt>
      <trkpt lat="43.484326" lon="3.678855">
        <ele>27.138079</ele>
        <time>2026-07-27T10:27:07.287Z</time>
      </trkpt>
      <trkpt lat="43.484588" lon="3.679055">
        <ele>29.802589</ele>
        <time>2026-07-27T10:27:29.167Z</time>
      </trkpt>
      <trkpt lat="43.484648" lon="3.678905">
        <ele>30.325326</ele>
        <time>2026-07-27T10:27:32.743Z</time>
      </trkpt>
      <trkpt lat="43.484677" lon="3.678832">
        <ele>30.469672</ele>
        <time>2026-07-27T10:27:33.752Z</time>
      </trkpt>
      <trkpt lat="43.484728" lon="3.678676">
        <ele>30.248547</ele>
        <time>2026-07-27T10:27:35.941Z</time>
      </trkpt>
      <trkpt lat="43.484753" lon="3.678584">
        <ele>30.121588</ele>
        <time>2026-07-27T10:27:37.077Z</time>
      </trkpt>
      <trkpt lat="43.484413" lon="3.678647">
        <ele>28.835295</ele>
        <time>2026-07-27T10:27:41.884Z</time>
      </trkpt>
      <trkpt lat="43.484370" lon="3.678631">
        <ele>28.725322</ele>
        <time>2026-07-27T10:27:42.602Z</time>
      </trkpt>
      <trkpt lat="43.484272" lon="3.678597">
        <ele>28.602886</ele>
        <time>2026-07-27T10:27:44.732Z</time>
      </trkpt>
      <trkpt lat="43.483799" lon="3.677831">
        <ele>30.484299</ele>
        <time>2026-07-27T10:28:06.833Z</time>
      </trkpt>
      <trkpt lat="43.483459" lon="3.677037">
        <ele>34.382113</ele>
        <time>2026-07-27T10:28:39.538Z</time>
      </trkpt>
      <trkpt lat="43.483239" lon="3.676735">
        <ele>35.897188</ele>
        <time>2026-07-27T10:28:51.207Z</time>
      </trkpt>
      <trkpt lat="43.483192" lon="3.676629">
        <ele>36.411444</ele>
        <time>2026-07-27T10:28:55.607Z</time>
      </trkpt>
      <trkpt lat="43.483144" lon="3.676217">
        <ele>38.174049</ele>
        <time>2026-07-27T10:29:12.815Z</time>
      </trkpt>
      <trkpt lat="43.483017" lon="3.675053">
        <ele>39.728156</ele>
        <time>2026-07-27T10:29:34.850Z</time>
      </trkpt>
      <trkpt lat="43.482928" lon="3.675117">
        <ele>39.597926</ele>
        <time>2026-07-27T10:29:36.529Z</time>
      </trkpt>
      <trkpt lat="43.482478" lon="3.676153">
        <ele>35.793156</ele>
        <time>2026-07-27T10:29:49.051Z</time>
      </trkpt>
      <trkpt lat="43.482300" lon="3.676775">
        <ele>31.140746</ele>
        <time>2026-07-27T10:29:55.107Z</time>
      </trkpt>
      <trkpt lat="43.482208" lon="3.676883">
        <ele>29.584885</ele>
        <time>2026-07-27T10:29:56.553Z</time>
      </trkpt>
      <trkpt lat="43.481880" lon="3.677078">
        <ele>24.518763</ele>
        <time>2026-07-27T10:30:00.783Z</time>
      </trkpt>
      <trkpt lat="43.481803" lon="3.677082">
        <ele>23.652280</ele>
        <time>2026-07-27T10:30:01.741Z</time>
      </trkpt>
      <trkpt lat="43.481668" lon="3.677025">
        <ele>22.226290</ele>
        <time>2026-07-27T10:30:03.526Z</time>
      </trkpt>
      <trkpt lat="43.481666" lon="3.677024">
        <ele>22.204802</ele>
        <time>2026-07-27T10:30:03.556Z</time>
      </trkpt>
      <trkpt lat="43.481614" lon="3.677036">
        <ele>21.621405</ele>
        <time>2026-07-27T10:30:04.197Z</time>
      </trkpt>
      <trkpt lat="43.481261" lon="3.677519">
        <ele>15.962406</ele>
        <time>2026-07-27T10:30:10.219Z</time>
      </trkpt>
      <trkpt lat="43.481187" lon="3.677576">
        <ele>15.417514</ele>
        <time>2026-07-27T10:30:11.324Z</time>
      </trkpt>
      <trkpt lat="43.480955" lon="3.677173">
        <ele>15.249694</ele>
        <time>2026-07-27T10:30:19.943Z</time>
      </trkpt>
      <trkpt lat="43.480916" lon="3.677024">
        <ele>15.409020</ele>
        <time>2026-07-27T10:30:23.268Z</time>
      </trkpt>
      <trkpt lat="43.481018" lon="3.676649">
        <ele>15.856342</ele>
        <time>2026-07-27T10:30:30.991Z</time>
      </trkpt>
      <trkpt lat="43.481040" lon="3.676242">
        <ele>16.045595</ele>
        <time>2026-07-27T10:30:38.097Z</time>
      </trkpt>
      <trkpt lat="43.481242" lon="3.675000">
        <ele>16.173092</ele>
        <time>2026-07-27T10:30:56.621Z</time>
      </trkpt>
      <trkpt lat="43.481253" lon="3.674640">
        <ele>16.132439</ele>
        <time>2026-07-27T10:31:01.638Z</time>
      </trkpt>
      <trkpt lat="43.481182" lon="3.674206">
        <ele>16.292047</ele>
        <time>2026-07-27T10:31:08.695Z</time>
      </trkpt>
      <trkpt lat="43.481147" lon="3.673975">
        <ele>16.624448</ele>
        <time>2026-07-27T10:31:13.678Z</time>
      </trkpt>
      <trkpt lat="43.481102" lon="3.673653">
        <ele>17.313223</ele>
        <time>2026-07-27T10:31:21.591Z</time>
      </trkpt>
      <trkpt lat="43.481123" lon="3.673458">
        <ele>17.648796</ele>
        <time>2026-07-27T10:31:26.509Z</time>
      </trkpt>
      <trkpt lat="43.481235" lon="3.673247">
        <ele>17.807071</ele>
        <time>2026-07-27T10:31:31.067Z</time>
      </trkpt>
      <trkpt lat="43.481283" lon="3.673219">
        <ele>17.794204</ele>
        <time>2026-07-27T10:31:31.833Z</time>
      </trkpt>
      <trkpt lat="43.481346" lon="3.673108">
        <ele>17.749555</ele>
        <time>2026-07-27T10:31:33.275Z</time>
      </trkpt>
      <trkpt lat="43.481345" lon="3.672967">
        <ele>17.674830</ele>
        <time>2026-07-27T10:31:34.803Z</time>
      </trkpt>
      <trkpt lat="43.481270" lon="3.672852">
        <ele>17.627963</ele>
        <time>2026-07-27T10:31:36.670Z</time>
      </trkpt>
      <trkpt lat="43.481151" lon="3.672838">
        <ele>17.681228</ele>
        <time>2026-07-27T10:31:38.998Z</time>
      </trkpt>
      <trkpt lat="43.481077" lon="3.672911">
        <ele>17.714852</ele>
        <time>2026-07-27T10:31:40.863Z</time>
      </trkpt>
      <trkpt lat="43.480979" lon="3.673006">
        <ele>17.714200</ele>
        <time>2026-07-27T10:31:42.981Z</time>
      </trkpt>
      <trkpt lat="43.480778" lon="3.673102">
        <ele>17.684695</ele>
        <time>2026-07-27T10:31:46.284Z</time>
      </trkpt>
      <trkpt lat="43.480614" lon="3.673228">
        <ele>17.917105</ele>
        <time>2026-07-27T10:31:49.794Z</time>
      </trkpt>
      <trkpt lat="43.480310" lon="3.673473">
        <ele>19.312858</ele>
        <time>2026-07-27T10:32:02.929Z</time>
      </trkpt>
      <trkpt lat="43.480215" lon="3.673577">
        <ele>18.918584</ele>
        <time>2026-07-27T10:32:07.645Z</time>
      </trkpt>
      <trkpt lat="43.479627" lon="3.674036">
        <ele>15.872499</ele>
        <time>2026-07-27T10:32:15.117Z</time>
      </trkpt>
      <trkpt lat="43.479624" lon="3.673985">
        <ele>15.838842</ele>
        <time>2026-07-27T10:32:16.455Z</time>
      </trkpt>
      <trkpt lat="43.479578" lon="3.673916">
        <ele>15.777208</ele>
        <time>2026-07-27T10:32:19.750Z</time>
      </trkpt>
      <trkpt lat="43.479543" lon="3.673894">
        <ele>15.792401</ele>
        <time>2026-07-27T10:32:21.824Z</time>
      </trkpt>
      <trkpt lat="43.479481" lon="3.673908">
        <ele>15.840519</ele>
        <time>2026-07-27T10:32:24.184Z</time>
      </trkpt>
      <trkpt lat="43.479227" lon="3.674202">
        <ele>15.403810</ele>
        <time>2026-07-27T10:32:29.297Z</time>
      </trkpt>
      <trkpt lat="43.478960" lon="3.674409">
        <ele>14.617552</ele>
        <time>2026-07-27T10:32:34.073Z</time>
      </trkpt>
      <trkpt lat="43.477982" lon="3.675169">
        <ele>12.091045</ele>
        <time>2026-07-27T10:32:51.728Z</time>
      </trkpt>
      <trkpt lat="43.477927" lon="3.675185">
        <ele>12.049979</ele>
        <time>2026-07-27T10:32:52.725Z</time>
      </trkpt>
      <trkpt lat="43.477877" lon="3.675156">
        <ele>12.010349</ele>
        <time>2026-07-27T10:32:53.819Z</time>
      </trkpt>
      <trkpt lat="43.477248" lon="3.674302">
        <ele>12.713556</ele>
        <time>2026-07-27T10:33:15.399Z</time>
      </trkpt>
      <trkpt lat="43.477124" lon="3.674158">
        <ele>12.545849</ele>
        <time>2026-07-27T10:33:18.336Z</time>
      </trkpt>
      <trkpt lat="43.477067" lon="3.674129">
        <ele>12.404498</ele>
        <time>2026-07-27T10:33:19.270Z</time>
      </trkpt>
      <trkpt lat="43.477007" lon="3.674158">
        <ele>12.256580</ele>
        <time>2026-07-27T10:33:20.191Z</time>
      </trkpt>
      <trkpt lat="43.476677" lon="3.674604">
        <ele>10.142632</ele>
        <time>2026-07-27T10:33:26.655Z</time>
      </trkpt>
      <trkpt lat="43.476599" lon="3.674785">
        <ele>9.696045</ele>
        <time>2026-07-27T10:33:28.975Z</time>
      </trkpt>
      <trkpt lat="43.476525" lon="3.674911">
        <ele>9.414674</ele>
        <time>2026-07-27T10:33:30.903Z</time>
      </trkpt>
      <trkpt lat="43.476405" lon="3.674988">
        <ele>9.211960</ele>
        <time>2026-07-27T10:33:33.135Z</time>
      </trkpt>
      <trkpt lat="43.475750" lon="3.676393">
        <ele>7.670398</ele>
        <time>2026-07-27T10:33:53.661Z</time>
      </trkpt>
      <trkpt lat="43.475486" lon="3.676233">
        <ele>7.730135</ele>
        <time>2026-07-27T10:33:59.937Z</time>
      </trkpt>
      <trkpt lat="43.475364" lon="3.676200">
        <ele>7.810403</ele>
        <time>2026-07-27T10:34:02.984Z</time>
      </trkpt>
      <trkpt lat="43.475132" lon="3.676052">
        <ele>8.011457</ele>
        <time>2026-07-27T10:34:09.465Z</time>
      </trkpt>
      <trkpt lat="43.474457" lon="3.675790">
        <ele>7.474181</ele>
        <time>2026-07-27T10:34:21.978Z</time>
      </trkpt>
      <trkpt lat="43.473728" lon="3.675414">
        <ele>6.463123</ele>
        <time>2026-07-27T10:34:35.229Z</time>
      </trkpt>
      <trkpt lat="43.473646" lon="3.675337">
        <ele>6.291475</ele>
        <time>2026-07-27T10:34:36.850Z</time>
      </trkpt>
      <trkpt lat="43.473426" lon="3.675236">
        <ele>5.824050</ele>
        <time>2026-07-27T10:34:40.537Z</time>
      </trkpt>
      <trkpt lat="43.473056" lon="3.675179">
        <ele>5.202326</ele>
        <time>2026-07-27T10:34:46.671Z</time>
      </trkpt>
      <trkpt lat="43.472927" lon="3.675179">
        <ele>4.987160</ele>
        <time>2026-07-27T10:34:48.794Z</time>
      </trkpt>
      <trkpt lat="43.472602" lon="3.675291">
        <ele>4.386340</ele>
        <time>2026-07-27T10:34:54.390Z</time>
      </trkpt>
      <trkpt lat="43.472328" lon="3.675265">
        <ele>3.846369</ele>
        <time>2026-07-27T10:34:58.690Z</time>
      </trkpt>
      <trkpt lat="43.472140" lon="3.675268">
        <ele>3.613147</ele>
        <time>2026-07-27T10:35:01.934Z</time>
      </trkpt>
      <trkpt lat="43.471847" lon="3.675373">
        <ele>3.409918</ele>
        <time>2026-07-27T10:35:07.561Z</time>
      </trkpt>
      <trkpt lat="43.471434" lon="3.675521">
        <ele>3.193840</ele>
        <time>2026-07-27T10:35:15.520Z</time>
      </trkpt>
      <trkpt lat="43.471248" lon="3.675549">
        <ele>3.083544</ele>
        <time>2026-07-27T10:35:18.920Z</time>
      </trkpt>
      <trkpt lat="43.471166" lon="3.675522">
        <ele>3.022720</ele>
        <time>2026-07-27T10:35:20.442Z</time>
      </trkpt>
      <trkpt lat="43.470863" lon="3.675235">
        <ele>2.784112</ele>
        <time>2026-07-27T10:35:27.082Z</time>
      </trkpt>
      <trkpt lat="43.470769" lon="3.675182">
        <ele>2.684000</ele>
        <time>2026-07-27T10:35:28.867Z</time>
      </trkpt>
      <trkpt lat="43.470508" lon="3.675121">
        <ele>2.376258</ele>
        <time>2026-07-27T10:35:33.467Z</time>
      </trkpt>
      <trkpt lat="43.470389" lon="3.675128">
        <ele>2.228336</ele>
        <time>2026-07-27T10:35:35.542Z</time>
      </trkpt>
      <trkpt lat="43.470109" lon="3.675251">
        <ele>1.839087</ele>
        <time>2026-07-27T10:35:40.583Z</time>
      </trkpt>
      <trkpt lat="43.469899" lon="3.675403">
        <ele>1.477382</ele>
        <time>2026-07-27T10:35:44.412Z</time>
      </trkpt>
      <trkpt lat="43.469802" lon="3.675503">
        <ele>1.333188</ele>
        <time>2026-07-27T10:35:46.560Z</time>
      </trkpt>
      <trkpt lat="43.470593" lon="3.676904">
        <ele>1.224202</ele>
        <time>2026-07-27T10:36:10.581Z</time>
      </trkpt>
      <trkpt lat="43.470968" lon="3.677810">
        <ele>1.575895</ele>
        <time>2026-07-27T10:36:26.629Z</time>
      </trkpt>
      <trkpt lat="43.471108" lon="3.678213">
        <ele>1.689690</ele>
        <time>2026-07-27T10:36:32.735Z</time>
      </trkpt>
      <trkpt lat="43.471380" lon="3.678921">
        <ele>2.646856</ele>
        <time>2026-07-27T10:36:48.368Z</time>
      </trkpt>
      <trkpt lat="43.471546" lon="3.679194">
        <ele>3.294458</ele>
        <time>2026-07-27T10:36:56.134Z</time>
      </trkpt>
      <trkpt lat="43.471719" lon="3.679477">
        <ele>3.931400</ele>
        <time>2026-07-27T10:37:04.342Z</time>
      </trkpt>
      <trkpt lat="43.471780" lon="3.679629">
        <ele>4.104469</ele>
        <time>2026-07-27T10:37:07.681Z</time>
      </trkpt>
      <trkpt lat="43.471711" lon="3.679655">
        <ele>4.067817</ele>
        <time>2026-07-27T10:37:09.080Z</time>
      </trkpt>
      <trkpt lat="43.471311" lon="3.679872">
        <ele>3.481789</ele>
        <time>2026-07-27T10:37:16.276Z</time>
      </trkpt>
      <trkpt lat="43.471192" lon="3.679909">
        <ele>3.257515</ele>
        <time>2026-07-27T10:37:18.211Z</time>
      </trkpt>
      <trkpt lat="43.471129" lon="3.680025">
        <ele>3.039768</ele>
        <time>2026-07-27T10:37:19.848Z</time>
      </trkpt>
      <trkpt lat="43.471102" lon="3.680026">
        <ele>2.982687</ele>
        <time>2026-07-27T10:37:20.279Z</time>
      </trkpt>
      <trkpt lat="43.471090" lon="3.679994">
        <ele>2.927444</ele>
        <time>2026-07-27T10:37:20.693Z</time>
      </trkpt>
      <trkpt lat="43.471169" lon="3.679532">
        <ele>2.372176</ele>
        <time>2026-07-27T10:37:26.436Z</time>
      </trkpt>
      <trkpt lat="43.471113" lon="3.679509">
        <ele>2.349750</ele>
        <time>2026-07-27T10:37:27.468Z</time>
      </trkpt>
      <trkpt lat="43.471100" lon="3.679537">
        <ele>2.340492</ele>
        <time>2026-07-27T10:37:27.911Z</time>
      </trkpt>
      <trkpt lat="43.471050" lon="3.679822">
        <ele>2.337539</ele>
        <time>2026-07-27T10:37:32.315Z</time>
      </trkpt>
      <trkpt lat="43.470995" lon="3.680227">
        <ele>2.525091</ele>
        <time>2026-07-27T10:37:42.682Z</time>
      </trkpt>
      <trkpt lat="43.470968" lon="3.680779">
        <ele>2.948474</ele>
        <time>2026-07-27T10:37:57.563Z</time>
      </trkpt>
      <trkpt lat="43.470810" lon="3.681174">
        <ele>3.030605</ele>
        <time>2026-07-27T10:38:08.281Z</time>
      </trkpt>
      <trkpt lat="43.470798" lon="3.681308">
        <ele>2.920516</ele>
        <time>2026-07-27T10:38:11.071Z</time>
      </trkpt>
      <trkpt lat="43.470595" lon="3.681228">
        <ele>2.714330</ele>
        <time>2026-07-27T10:38:17.313Z</time>
      </trkpt>
      <trkpt lat="43.469672" lon="3.680613">
        <ele>1.894970</ele>
        <time>2026-07-27T10:38:47.799Z</time>
      </trkpt>
      <trkpt lat="43.469046" lon="3.680080">
        <ele>1.230948</ele>
        <time>2026-07-27T10:39:09.314Z</time>
      </trkpt>
      <trkpt lat="43.468756" lon="3.679869">
        <ele>1.108230</ele>
        <time>2026-07-27T10:39:19.494Z</time>
      </trkpt>
      <trkpt lat="43.467706" lon="3.678505">
        <ele>0.898626</ele>
        <time>2026-07-27T10:39:43.504Z</time>
      </trkpt>
      <trkpt lat="43.463834" lon="3.673477">
        <ele>-0.011374</ele>
        <time>2026-07-27T10:41:12.036Z</time>
      </trkpt>
      <trkpt lat="43.461450" lon="3.670378">
        <ele>-1.373833</ele>
        <time>2026-07-27T10:42:04.586Z</time>
      </trkpt>
      <trkpt lat="43.461340" lon="3.670236">
        <ele>-1.387828</ele>
        <time>2026-07-27T10:42:06.974Z</time>
      </trkpt>
      <trkpt lat="43.460122" lon="3.668696">
        <ele>-0.818836</ele>
        <time>2026-07-27T10:42:38.054Z</time>
      </trkpt>
      <trkpt lat="43.459477" lon="3.668042">
        <ele>-0.693847</ele>
        <time>2026-07-27T10:42:52.145Z</time>
      </trkpt>
      <trkpt lat="43.458957" lon="3.667575">
        <ele>-0.508638</ele>
        <time>2026-07-27T10:43:03.678Z</time>
      </trkpt>
      <trkpt lat="43.458350" lon="3.667136">
        <ele>-0.448501</ele>
        <time>2026-07-27T10:43:15.768Z</time>
      </trkpt>
      <trkpt lat="43.457753" lon="3.666753">
        <ele>-0.961727</ele>
        <time>2026-07-27T10:43:25.716Z</time>
      </trkpt>
      <trkpt lat="43.457649" lon="3.666686">
        <ele>-0.848434</ele>
        <time>2026-07-27T10:43:27.500Z</time>
      </trkpt>
      <trkpt lat="43.457322" lon="3.666477">
        <ele>0.615126</ele>
        <time>2026-07-27T10:43:41.332Z</time>
      </trkpt>
      <trkpt lat="43.457178" lon="3.666388">
        <ele>1.551924</ele>
        <time>2026-07-27T10:43:47.673Z</time>
      </trkpt>
      <trkpt lat="43.456744" lon="3.666112">
        <ele>4.848392</ele>
        <time>2026-07-27T10:44:12.445Z</time>
      </trkpt>
      <trkpt lat="43.453675" lon="3.664184">
        <ele>15.056351</ele>
        <time>2026-07-27T10:45:55.482Z</time>
      </trkpt>
      <trkpt lat="43.453360" lon="3.663948">
        <ele>15.440050</ele>
        <time>2026-07-27T10:46:02.322Z</time>
      </trkpt>
      <trkpt lat="43.453161" lon="3.663747">
        <ele>16.173015</ele>
        <time>2026-07-27T10:46:09.864Z</time>
      </trkpt>
      <trkpt lat="43.452858" lon="3.663367">
        <ele>17.853976</ele>
        <time>2026-07-27T10:46:25.596Z</time>
      </trkpt>
      <trkpt lat="43.452678" lon="3.663093">
        <ele>18.184290</ele>
        <time>2026-07-27T10:46:31.306Z</time>
      </trkpt>
      <trkpt lat="43.452408" lon="3.662502">
        <ele>17.894101</ele>
        <time>2026-07-27T10:46:39.361Z</time>
      </trkpt>
      <trkpt lat="43.452233" lon="3.661898">
        <ele>16.811943</ele>
        <time>2026-07-27T10:46:45.545Z</time>
      </trkpt>
      <trkpt lat="43.452134" lon="3.661193">
        <ele>15.610082</ele>
        <time>2026-07-27T10:46:52.490Z</time>
      </trkpt>
      <trkpt lat="43.452091" lon="3.659802">
        <ele>13.478366</ele>
        <time>2026-07-27T10:47:06.158Z</time>
      </trkpt>
      <trkpt lat="43.452035" lon="3.658043">
        <ele>8.508294</ele>
        <time>2026-07-27T10:47:21.582Z</time>
      </trkpt>
      <trkpt lat="43.452031" lon="3.657942">
        <ele>8.487720</ele>
        <time>2026-07-27T10:47:22.619Z</time>
      </trkpt>
      <trkpt lat="43.451953" lon="3.655659">
        <ele>12.221496</ele>
        <time>2026-07-27T10:48:09.398Z</time>
      </trkpt>
      <trkpt lat="43.451874" lon="3.655092">
        <ele>12.318510</ele>
        <time>2026-07-27T10:48:16.998Z</time>
      </trkpt>
      <trkpt lat="43.451826" lon="3.654922">
        <ele>12.121305</ele>
        <time>2026-07-27T10:48:18.862Z</time>
      </trkpt>
      <trkpt lat="43.451603" lon="3.655078">
        <ele>11.535041</ele>
        <time>2026-07-27T10:48:22.093Z</time>
      </trkpt>
      <trkpt lat="43.451265" lon="3.655278">
        <ele>10.714377</ele>
        <time>2026-07-27T10:48:27.081Z</time>
      </trkpt>
      <trkpt lat="43.450560" lon="3.655694">
        <ele>9.361704</ele>
        <time>2026-07-27T10:48:37.639Z</time>
      </trkpt>
      <trkpt lat="43.450418" lon="3.655774">
        <ele>9.135647</ele>
        <time>2026-07-27T10:48:40.037Z</time>
      </trkpt>
      <trkpt lat="43.450355" lon="3.655808">
        <ele>9.010634</ele>
        <time>2026-07-27T10:48:41.005Z</time>
      </trkpt>
      <trkpt lat="43.449795" lon="3.656109">
        <ele>7.587173</ele>
        <time>2026-07-27T10:48:48.780Z</time>
      </trkpt>
      <trkpt lat="43.449727" lon="3.656146">
        <ele>7.493502</ele>
        <time>2026-07-27T10:48:49.899Z</time>
      </trkpt>
      <trkpt lat="43.448565" lon="3.656847">
        <ele>5.817973</ele>
        <time>2026-07-27T10:49:08.172Z</time>
      </trkpt>
      <trkpt lat="43.448400" lon="3.656948">
        <ele>5.693176</ele>
        <time>2026-07-27T10:49:10.658Z</time>
      </trkpt>
      <trkpt lat="43.448514" lon="3.657581">
        <ele>7.488721</ele>
        <time>2026-07-27T10:49:28.225Z</time>
      </trkpt>
      <trkpt lat="43.448481" lon="3.657642">
        <ele>7.526339</ele>
        <time>2026-07-27T10:49:29.821Z</time>
      </trkpt>
      <trkpt lat="43.448404" lon="3.657671">
        <ele>7.580711</ele>
        <time>2026-07-27T10:49:31.447Z</time>
      </trkpt>
      <trkpt lat="43.448126" lon="3.657777">
        <ele>7.001734</ele>
        <time>2026-07-27T10:49:35.370Z</time>
      </trkpt>
      <trkpt lat="43.448096" lon="3.657475">
        <ele>5.512417</ele>
        <time>2026-07-27T10:49:50.772Z</time>
      </trkpt>
      <trkpt lat="43.447944" lon="3.657509">
        <ele>4.931396</ele>
        <time>2026-07-27T10:50:01.491Z</time>
      </trkpt>
      <trkpt lat="43.447870" lon="3.657551">
        <ele>4.658354</ele>
        <time>2026-07-27T10:50:02.653Z</time>
      </trkpt>
      <trkpt lat="43.447589" lon="3.657678">
        <ele>4.817759</ele>
        <time>2026-07-27T10:50:07.898Z</time>
      </trkpt>
      <trkpt lat="43.447561" lon="3.657754">
        <ele>5.011126</ele>
        <time>2026-07-27T10:50:09.663Z</time>
      </trkpt>
      <trkpt lat="43.447625" lon="3.658110">
        <ele>5.934822</ele>
        <time>2026-07-27T10:50:20.650Z</time>
      </trkpt>
      <trkpt lat="43.447630" lon="3.658166">
        <ele>6.085209</ele>
        <time>2026-07-27T10:50:22.041Z</time>
      </trkpt>
      <trkpt lat="43.447638" lon="3.658250">
        <ele>5.793083</ele>
        <time>2026-07-27T10:50:22.978Z</time>
      </trkpt>
      <trkpt lat="43.447453" lon="3.658392">
        <ele>4.157420</ele>
        <time>2026-07-27T10:50:25.186Z</time>
      </trkpt>
      <trkpt lat="43.447242" lon="3.658463">
        <ele>2.684600</ele>
        <time>2026-07-27T10:50:27.559Z</time>
      </trkpt>
      <trkpt lat="43.447244" lon="3.658590">
        <ele>2.597992</ele>
        <time>2026-07-27T10:50:29.131Z</time>
      </trkpt>
      <trkpt lat="43.447244" lon="3.658605">
        <ele>2.587765</ele>
        <time>2026-07-27T10:50:29.392Z</time>
      </trkpt>
      <trkpt lat="43.447246" lon="3.658755">
        <ele>2.467625</ele>
        <time>2026-07-27T10:50:31.985Z</time>
      </trkpt>
      <trkpt lat="43.447244" lon="3.658605">
        <ele>2.201231</ele>
        <time>2026-07-27T10:50:33.560Z</time>
      </trkpt>
      <trkpt lat="43.447156" lon="3.658586">
        <ele>1.983374</ele>
        <time>2026-07-27T10:50:35.356Z</time>
      </trkpt>
      <trkpt lat="43.447155" lon="3.658558">
        <ele>1.924727</ele>
        <time>2026-07-27T10:50:35.587Z</time>
      </trkpt>
      <trkpt lat="43.447152" lon="3.658476">
        <ele>1.680422</ele>
        <time>2026-07-27T10:50:36.273Z</time>
      </trkpt>
      <trkpt lat="43.447016" lon="3.658560">
        <ele>1.069552</ele>
        <time>2026-07-27T10:50:38.100Z</time>
      </trkpt>
      <trkpt lat="43.446876" lon="3.658654">
        <ele>0.393734</ele>
        <time>2026-07-27T10:50:39.979Z</time>
      </trkpt>
      <trkpt lat="43.446755" lon="3.658727">
        <ele>-0.094779</ele>
        <time>2026-07-27T10:50:41.527Z</time>
      </trkpt>
      <trkpt lat="43.446672" lon="3.658694">
        <ele>-0.327132</ele>
        <time>2026-07-27T10:50:42.624Z</time>
      </trkpt>
      <trkpt lat="43.446728" lon="3.658567">
        <ele>-0.562560</ele>
        <time>2026-07-27T10:50:44.295Z</time>
      </trkpt>
      <trkpt lat="43.446868" lon="3.658264">
        <ele>-0.566541</ele>
        <time>2026-07-27T10:50:48.539Z</time>
      </trkpt>
      <trkpt lat="43.447018" lon="3.657929">
        <ele>-0.366683</ele>
        <time>2026-07-27T10:50:54.544Z</time>
      </trkpt>
      <trkpt lat="43.447118" lon="3.657784">
        <ele>-0.236225</ele>
        <time>2026-07-27T10:50:57.977Z</time>
      </trkpt>
      <trkpt lat="43.448078" lon="3.656677">
        <ele>0.521719</ele>
        <time>2026-07-27T10:51:23.133Z</time>
      </trkpt>
      <trkpt lat="43.448147" lon="3.656556">
        <ele>0.499918</ele>
        <time>2026-07-27T10:51:24.769Z</time>
      </trkpt>
      <trkpt lat="43.448182" lon="3.656492">
        <ele>0.465557</ele>
        <time>2026-07-27T10:51:25.608Z</time>
      </trkpt>
      <trkpt lat="43.448341" lon="3.655833">
        <ele>0.209686</ele>
        <time>2026-07-27T10:51:33.609Z</time>
      </trkpt>
      <trkpt lat="43.448362" lon="3.655752">
        <ele>0.188196</ele>
        <time>2026-07-27T10:51:34.613Z</time>
      </trkpt>
      <trkpt lat="43.448489" lon="3.655211">
        <ele>0.029165</ele>
        <time>2026-07-27T10:51:41.182Z</time>
      </trkpt>
      <trkpt lat="43.448362" lon="3.655752">
        <ele>0.062981</ele>
        <time>2026-07-27T10:51:49.000Z</time>
      </trkpt>
      <trkpt lat="43.448489" lon="3.655211">
        <ele>-0.103478</ele>
        <time>2026-07-27T10:51:55.547Z</time>
      </trkpt>
      <trkpt lat="43.448652" lon="3.654489">
        <ele>-0.411220</ele>
        <time>2026-07-27T10:52:04.124Z</time>
      </trkpt>
      <trkpt lat="43.448707" lon="3.654041">
        <ele>-0.664888</ele>
        <time>2026-07-27T10:52:09.139Z</time>
      </trkpt>
      <trkpt lat="43.448724" lon="3.653544">
        <ele>-0.782085</ele>
        <time>2026-07-27T10:52:14.942Z</time>
      </trkpt>
      <trkpt lat="43.448628" lon="3.652044">
        <ele>-0.466154</ele>
        <time>2026-07-27T10:52:35.131Z</time>
      </trkpt>
      <trkpt lat="43.448619" lon="3.651933">
        <ele>-0.362920</ele>
        <time>2026-07-27T10:52:36.651Z</time>
      </trkpt>
      <trkpt lat="43.448612" lon="3.651806">
        <ele>-0.216805</ele>
        <time>2026-07-27T10:52:38.719Z</time>
      </trkpt>
      <trkpt lat="43.448505" lon="3.650198">
        <ele>2.723992</ele>
        <time>2026-07-27T10:53:12.742Z</time>
      </trkpt>
      <trkpt lat="43.448482" lon="3.649746">
        <ele>2.950313</ele>
        <time>2026-07-27T10:53:19.570Z</time>
      </trkpt>
      <trkpt lat="43.448430" lon="3.649337">
        <ele>2.862959</ele>
        <time>2026-07-27T10:53:24.454Z</time>
      </trkpt>
      <trkpt lat="43.448329" lon="3.648837">
        <ele>2.440481</ele>
        <time>2026-07-27T10:53:30.018Z</time>
      </trkpt>
      <trkpt lat="43.448283" lon="3.648462">
        <ele>1.925626</ele>
        <time>2026-07-27T10:53:33.671Z</time>
      </trkpt>
      <trkpt lat="43.448266" lon="3.648234">
        <ele>1.810061</ele>
        <time>2026-07-27T10:53:35.966Z</time>
      </trkpt>
      <trkpt lat="43.448377" lon="3.647211">
        <ele>2.495654</ele>
        <time>2026-07-27T10:53:52.787Z</time>
      </trkpt>
      <trkpt lat="43.448359" lon="3.646965">
        <ele>2.699061</ele>
        <time>2026-07-27T10:53:56.824Z</time>
      </trkpt>
      <trkpt lat="43.448263" lon="3.646482">
        <ele>3.136040</ele>
        <time>2026-07-27T10:54:05.006Z</time>
      </trkpt>
      <trkpt lat="43.448297" lon="3.646211">
        <ele>3.540214</ele>
        <time>2026-07-27T10:54:10.063Z</time>
      </trkpt>
      <trkpt lat="43.448353" lon="3.646110">
        <ele>3.916839</ele>
        <time>2026-07-27T10:54:13.090Z</time>
      </trkpt>
      <trkpt lat="43.448631" lon="3.645801">
        <ele>5.622236</ele>
        <time>2026-07-27T10:54:27.312Z</time>
      </trkpt>
      <trkpt lat="43.448715" lon="3.645681">
        <ele>6.244902</ele>
        <time>2026-07-27T10:54:32.451Z</time>
      </trkpt>
      <trkpt lat="43.448911" lon="3.645497">
        <ele>7.238667</ele>
        <time>2026-07-27T10:54:41.509Z</time>
      </trkpt>
      <trkpt lat="43.448843" lon="3.645424">
        <ele>7.530500</ele>
        <time>2026-07-27T10:54:43.600Z</time>
      </trkpt>
      <trkpt lat="43.448818" lon="3.645398">
        <ele>7.619285</ele>
        <time>2026-07-27T10:54:44.281Z</time>
      </trkpt>
      <trkpt lat="43.448796" lon="3.645178">
        <ele>8.035527</ele>
        <time>2026-07-27T10:54:48.830Z</time>
      </trkpt>
      <trkpt lat="43.448836" lon="3.644972">
        <ele>8.354082</ele>
        <time>2026-07-27T10:54:53.906Z</time>
      </trkpt>
      <trkpt lat="43.447651" lon="3.642517">
        <ele>9.696685</ele>
        <time>2026-07-27T10:55:35.968Z</time>
      </trkpt>
      <trkpt lat="43.446599" lon="3.640554">
        <ele>10.496281</ele>
        <time>2026-07-27T10:56:09.667Z</time>
      </trkpt>
      <trkpt lat="43.446478" lon="3.640197">
        <ele>10.617666</ele>
        <time>2026-07-27T10:56:15.041Z</time>
      </trkpt>
      <trkpt lat="43.445733" lon="3.638785">
        <ele>11.507071</ele>
        <time>2026-07-27T10:56:40.937Z</time>
      </trkpt>
      <trkpt lat="43.445515" lon="3.638419">
        <ele>11.701617</ele>
        <time>2026-07-27T10:56:48.335Z</time>
      </trkpt>
      <trkpt lat="43.445361" lon="3.638231">
        <ele>11.557848</ele>
        <time>2026-07-27T10:56:51.269Z</time>
      </trkpt>
      <trkpt lat="43.445121" lon="3.637831">
        <ele>10.978348</ele>
        <time>2026-07-27T10:56:56.532Z</time>
      </trkpt>
      <trkpt lat="43.444708" lon="3.637077">
        <ele>11.254482</ele>
        <time>2026-07-27T10:57:09.328Z</time>
      </trkpt>
      <trkpt lat="43.444527" lon="3.636730">
        <ele>11.934712</ele>
        <time>2026-07-27T10:57:18.063Z</time>
      </trkpt>
      <trkpt lat="43.444383" lon="3.636353">
        <ele>12.773741</ele>
        <time>2026-07-27T10:57:27.345Z</time>
      </trkpt>
      <trkpt lat="43.444181" lon="3.635980">
        <ele>13.531259</ele>
        <time>2026-07-27T10:57:36.549Z</time>
      </trkpt>
      <trkpt lat="43.444093" lon="3.635747">
        <ele>13.741285</ele>
        <time>2026-07-27T10:57:40.608Z</time>
      </trkpt>
      <trkpt lat="43.444017" lon="3.635522">
        <ele>13.668323</ele>
        <time>2026-07-27T10:57:43.542Z</time>
      </trkpt>
      <trkpt lat="43.443795" lon="3.634545">
        <ele>12.903927</ele>
        <time>2026-07-27T10:57:54.299Z</time>
      </trkpt>
      <trkpt lat="43.443812" lon="3.633845">
        <ele>13.275373</ele>
        <time>2026-07-27T10:58:05.827Z</time>
      </trkpt>
      <trkpt lat="43.443797" lon="3.633681">
        <ele>13.270839</ele>
        <time>2026-07-27T10:58:07.788Z</time>
      </trkpt>
      <trkpt lat="43.443716" lon="3.633569">
        <ele>12.997267</ele>
        <time>2026-07-27T10:58:09.343Z</time>
      </trkpt>
      <trkpt lat="43.443684" lon="3.633536">
        <ele>12.899578</ele>
        <time>2026-07-27T10:58:09.860Z</time>
      </trkpt>
      <trkpt lat="43.443649" lon="3.633383">
        <ele>12.494440</ele>
        <time>2026-07-27T10:58:11.304Z</time>
      </trkpt>
      <trkpt lat="43.443284" lon="3.632947">
        <ele>9.831550</ele>
        <time>2026-07-27T10:58:16.815Z</time>
      </trkpt>
      <trkpt lat="43.443140" lon="3.632846">
        <ele>9.024014</ele>
        <time>2026-07-27T10:58:18.645Z</time>
      </trkpt>
      <trkpt lat="43.443113" lon="3.632779">
        <ele>8.982746</ele>
        <time>2026-07-27T10:58:19.360Z</time>
      </trkpt>
      <trkpt lat="43.443144" lon="3.632722">
        <ele>8.944391</ele>
        <time>2026-07-27T10:58:20.178Z</time>
      </trkpt>
      <trkpt lat="43.443248" lon="3.632646">
        <ele>8.885647</ele>
        <time>2026-07-27T10:58:23.102Z</time>
      </trkpt>
      <trkpt lat="43.444086" lon="3.631679">
        <ele>10.302204</ele>
        <time>2026-07-27T10:58:48.426Z</time>
      </trkpt>
      <trkpt lat="43.444299" lon="3.631393">
        <ele>10.607911</ele>
        <time>2026-07-27T10:58:55.417Z</time>
      </trkpt>
      <trkpt lat="43.444336" lon="3.631284">
        <ele>10.596122</ele>
        <time>2026-07-27T10:58:56.804Z</time>
      </trkpt>
      <trkpt lat="43.444426" lon="3.630287">
        <ele>9.752033</ele>
        <time>2026-07-27T10:59:07.272Z</time>
      </trkpt>
      <trkpt lat="43.444418" lon="3.629728">
        <ele>9.864411</ele>
        <time>2026-07-27T10:59:14.060Z</time>
      </trkpt>
      <trkpt lat="43.444370" lon="3.629262">
        <ele>10.820461</ele>
        <time>2026-07-27T10:59:24.820Z</time>
      </trkpt>
      <trkpt lat="43.444314" lon="3.628896">
        <ele>11.747073</ele>
        <time>2026-07-27T10:59:34.209Z</time>
      </trkpt>
      <trkpt lat="43.444225" lon="3.628510">
        <ele>12.527497</ele>
        <time>2026-07-27T10:59:42.592Z</time>
      </trkpt>
      <trkpt lat="43.444033" lon="3.627901">
        <ele>13.143462</ele>
        <time>2026-07-27T10:59:53.849Z</time>
      </trkpt>
      <trkpt lat="43.443793" lon="3.627299">
        <ele>13.105489</ele>
        <time>2026-07-27T11:00:02.090Z</time>
      </trkpt>
      <trkpt lat="43.442927" lon="3.625130">
        <ele>13.042297</ele>
        <time>2026-07-27T11:00:32.355Z</time>
      </trkpt>
      <trkpt lat="43.442768" lon="3.624582">
        <ele>13.501065</ele>
        <time>2026-07-27T11:00:41.962Z</time>
      </trkpt>
      <trkpt lat="43.442689" lon="3.624020">
        <ele>13.949794</ele>
        <time>2026-07-27T11:00:51.675Z</time>
      </trkpt>
      <trkpt lat="43.442658" lon="3.623363">
        <ele>14.011092</ele>
        <time>2026-07-27T11:00:59.907Z</time>
      </trkpt>
      <trkpt lat="43.442684" lon="3.622972">
        <ele>14.083527</ele>
        <time>2026-07-27T11:01:04.822Z</time>
      </trkpt>
      <trkpt lat="43.442720" lon="3.622652">
        <ele>14.081929</ele>
        <time>2026-07-27T11:01:09.080Z</time>
      </trkpt>
      <trkpt lat="43.443071" lon="3.621309">
        <ele>13.710255</ele>
        <time>2026-07-27T11:01:25.909Z</time>
      </trkpt>
      <trkpt lat="43.443168" lon="3.620808">
        <ele>12.769256</ele>
        <time>2026-07-27T11:01:30.835Z</time>
      </trkpt>
      <trkpt lat="43.443195" lon="3.620552">
        <ele>12.125762</ele>
        <time>2026-07-27T11:01:33.183Z</time>
      </trkpt>
      <trkpt lat="43.443212" lon="3.619868">
        <ele>10.163744</ele>
        <time>2026-07-27T11:01:39.175Z</time>
      </trkpt>
      <trkpt lat="43.443210" lon="3.619811">
        <ele>10.008177</ele>
        <time>2026-07-27T11:01:39.691Z</time>
      </trkpt>
      <trkpt lat="43.443202" lon="3.619727">
        <ele>9.778868</ele>
        <time>2026-07-27T11:01:40.456Z</time>
      </trkpt>
      <trkpt lat="43.443165" lon="3.619287">
        <ele>8.827421</ele>
        <time>2026-07-27T11:01:44.433Z</time>
      </trkpt>
      <trkpt lat="43.443008" lon="3.618107">
        <ele>7.576017</ele>
        <time>2026-07-27T11:01:56.978Z</time>
      </trkpt>
      <trkpt lat="43.442931" lon="3.617225">
        <ele>7.416747</ele>
        <time>2026-07-27T11:02:07.723Z</time>
      </trkpt>
      <trkpt lat="43.442904" lon="3.616360">
        <ele>7.536655</ele>
        <time>2026-07-27T11:02:19.132Z</time>
      </trkpt>
      <trkpt lat="43.442870" lon="3.615541">
        <ele>8.435270</ele>
        <time>2026-07-27T11:02:32.664Z</time>
      </trkpt>
      <trkpt lat="43.442745" lon="3.613989">
        <ele>12.803796</ele>
        <time>2026-07-27T11:03:12.250Z</time>
      </trkpt>
      <trkpt lat="43.442662" lon="3.612940">
        <ele>15.899144</ele>
        <time>2026-07-27T11:03:39.504Z</time>
      </trkpt>
      <trkpt lat="43.442605" lon="3.612573">
        <ele>16.911896</ele>
        <time>2026-07-27T11:03:48.911Z</time>
      </trkpt>
      <trkpt lat="43.442392" lon="3.611811">
        <ele>18.538100</ele>
        <time>2026-07-27T11:04:06.460Z</time>
      </trkpt>
      <trkpt lat="43.442154" lon="3.611253">
        <ele>18.814901</ele>
        <time>2026-07-27T11:04:15.764Z</time>
      </trkpt>
      <trkpt lat="43.441797" lon="3.610713">
        <ele>17.811327</ele>
        <time>2026-07-27T11:04:23.084Z</time>
      </trkpt>
      <trkpt lat="43.441553" lon="3.610438">
        <ele>16.760500</ele>
        <time>2026-07-27T11:04:26.969Z</time>
      </trkpt>
      <trkpt lat="43.441285" lon="3.610207">
        <ele>15.421707</ele>
        <time>2026-07-27T11:04:30.758Z</time>
      </trkpt>
      <trkpt lat="43.441078" lon="3.610076">
        <ele>14.485552</ele>
        <time>2026-07-27T11:04:33.484Z</time>
      </trkpt>
      <trkpt lat="43.440559" lon="3.609843">
        <ele>12.249611</ele>
        <time>2026-07-27T11:04:40.055Z</time>
      </trkpt>
      <trkpt lat="43.440225" lon="3.609770">
        <ele>11.145552</ele>
        <time>2026-07-27T11:04:44.277Z</time>
      </trkpt>
      <trkpt lat="43.438405" lon="3.609525">
        <ele>6.842222</ele>
        <time>2026-07-27T11:05:08.559Z</time>
      </trkpt>
      <trkpt lat="43.436706" lon="3.609283">
        <ele>3.793434</ele>
        <time>2026-07-27T11:05:32.132Z</time>
      </trkpt>
      <trkpt lat="43.435904" lon="3.609020">
        <ele>2.227542</ele>
        <time>2026-07-27T11:05:43.412Z</time>
      </trkpt>
      <trkpt lat="43.435463" lon="3.608741">
        <ele>1.533763</ele>
        <time>2026-07-27T11:05:50.340Z</time>
      </trkpt>
      <trkpt lat="43.434902" lon="3.608231">
        <ele>1.052683</ele>
        <time>2026-07-27T11:06:00.726Z</time>
      </trkpt>
      <trkpt lat="43.434667" lon="3.607973">
        <ele>1.124301</ele>
        <time>2026-07-27T11:06:06.167Z</time>
      </trkpt>
      <trkpt lat="43.434556" lon="3.607764">
        <ele>1.302016</ele>
        <time>2026-07-27T11:06:10.648Z</time>
      </trkpt>
      <trkpt lat="43.433926" lon="3.606958">
        <ele>2.400152</ele>
        <time>2026-07-27T11:06:29.588Z</time>
      </trkpt>
      <trkpt lat="43.433624" lon="3.606501">
        <ele>4.352878</ele>
        <time>2026-07-27T11:06:47.571Z</time>
      </trkpt>
      <trkpt lat="43.432065" lon="3.604468">
        <ele>8.950071</ele>
        <time>2026-07-27T11:07:44.729Z</time>
      </trkpt>
      <trkpt lat="43.431423" lon="3.603619">
        <ele>8.785811</ele>
        <time>2026-07-27T11:07:59.128Z</time>
      </trkpt>
      <trkpt lat="43.431277" lon="3.603562">
        <ele>8.716843</ele>
        <time>2026-07-27T11:08:01.579Z</time>
      </trkpt>
      <trkpt lat="43.431236" lon="3.603581">
        <ele>8.755275</ele>
        <time>2026-07-27T11:08:02.577Z</time>
      </trkpt>
      <trkpt lat="43.431222" lon="3.603529">
        <ele>8.846486</ele>
        <time>2026-07-27T11:08:03.913Z</time>
      </trkpt>
      <trkpt lat="43.431204" lon="3.603484">
        <ele>8.930981</ele>
        <time>2026-07-27T11:08:05.181Z</time>
      </trkpt>
      <trkpt lat="43.431188" lon="3.603444">
        <ele>9.006087</ele>
        <time>2026-07-27T11:08:06.467Z</time>
      </trkpt>
      <trkpt lat="43.431230" lon="3.603403">
        <ele>9.122684</ele>
        <time>2026-07-27T11:08:08.051Z</time>
      </trkpt>
      <trkpt lat="43.431214" lon="3.603351">
        <ele>9.215566</ele>
        <time>2026-07-27T11:08:09.293Z</time>
      </trkpt>
      <trkpt lat="43.431097" lon="3.603242">
        <ele>9.700451</ele>
        <time>2026-07-27T11:08:14.002Z</time>
      </trkpt>
      <trkpt lat="43.430687" lon="3.602675">
        <ele>11.607029</ele>
        <time>2026-07-27T11:08:33.026Z</time>
      </trkpt>
      <trkpt lat="43.429964" lon="3.601745">
        <ele>13.306803</ele>
        <time>2026-07-27T11:08:57.592Z</time>
      </trkpt>
      <trkpt lat="43.429713" lon="3.601385">
        <ele>13.330909</ele>
        <time>2026-07-27T11:09:03.916Z</time>
      </trkpt>
      <trkpt lat="43.429677" lon="3.601334">
        <ele>13.260755</ele>
        <time>2026-07-27T11:09:04.656Z</time>
      </trkpt>
      <trkpt lat="43.429440" lon="3.601036">
        <ele>12.605305</ele>
        <time>2026-07-27T11:09:08.918Z</time>
      </trkpt>
      <trkpt lat="43.429358" lon="3.600981">
        <ele>12.376655</ele>
        <time>2026-07-27T11:09:10.089Z</time>
      </trkpt>
      <trkpt lat="43.429311" lon="3.600938">
        <ele>12.234246</ele>
        <time>2026-07-27T11:09:10.808Z</time>
      </trkpt>
      <trkpt lat="43.429274" lon="3.600831">
        <ele>12.017042</ele>
        <time>2026-07-27T11:09:11.932Z</time>
      </trkpt>
      <trkpt lat="43.429026" lon="3.600481">
        <ele>11.482747</ele>
        <time>2026-07-27T11:09:16.823Z</time>
      </trkpt>
      <trkpt lat="43.428790" lon="3.600199">
        <ele>11.695812</ele>
        <time>2026-07-27T11:09:23.693Z</time>
      </trkpt>
      <trkpt lat="43.428596" lon="3.599967">
        <ele>11.996333</ele>
        <time>2026-07-27T11:09:29.640Z</time>
      </trkpt>
      <trkpt lat="43.428542" lon="3.599938">
        <ele>11.995152</ele>
        <time>2026-07-27T11:09:30.901Z</time>
      </trkpt>
      <trkpt lat="43.428471" lon="3.599901">
        <ele>11.993606</ele>
        <time>2026-07-27T11:09:32.267Z</time>
      </trkpt>
      <trkpt lat="43.428177" lon="3.599742">
        <ele>11.636003</ele>
        <time>2026-07-27T11:09:41.295Z</time>
      </trkpt>
      <trkpt lat="43.428165" lon="3.599736">
        <ele>11.606360</ele>
        <time>2026-07-27T11:09:41.654Z</time>
      </trkpt>
      <trkpt lat="43.427863" lon="3.599671">
        <ele>10.868823</ele>
        <time>2026-07-27T11:09:49.907Z</time>
      </trkpt>
      <trkpt lat="43.427442" lon="3.599652">
        <ele>9.745983</ele>
        <time>2026-07-27T11:10:00.919Z</time>
      </trkpt>
      <trkpt lat="43.427040" lon="3.599754">
        <ele>9.018426</ele>
        <time>2026-07-27T11:10:12.161Z</time>
      </trkpt>
      <trkpt lat="43.426568" lon="3.599924">
        <ele>9.418043</ele>
        <time>2026-07-27T11:10:30.002Z</time>
      </trkpt>
      <trkpt lat="43.426520" lon="3.599942">
        <ele>9.479048</ele>
        <time>2026-07-27T11:10:31.671Z</time>
      </trkpt>
      <trkpt lat="43.426517" lon="3.599849">
        <ele>9.561954</ele>
        <time>2026-07-27T11:10:33.182Z</time>
      </trkpt>
      <trkpt lat="43.426499" lon="3.599789">
        <ele>9.649896</ele>
        <time>2026-07-27T11:10:34.386Z</time>
      </trkpt>
      <trkpt lat="43.426448" lon="3.599747">
        <ele>9.907278</ele>
        <time>2026-07-27T11:10:36.204Z</time>
      </trkpt>
      <trkpt lat="43.426215" lon="3.598491">
        <ele>14.047147</ele>
        <time>2026-07-27T11:11:14.906Z</time>
      </trkpt>
      <trkpt lat="43.426104" lon="3.597921">
        <ele>15.597121</ele>
        <time>2026-07-27T11:11:30.608Z</time>
      </trkpt>
      <trkpt lat="43.426068" lon="3.597934">
        <ele>15.694087</ele>
        <time>2026-07-27T11:11:33.174Z</time>
      </trkpt>
      <trkpt lat="43.426049" lon="3.597836">
        <ele>15.886016</ele>
        <time>2026-07-27T11:11:34.992Z</time>
      </trkpt>
      <trkpt lat="43.426030" lon="3.597725">
        <ele>15.943880</ele>
        <time>2026-07-27T11:11:36.566Z</time>
      </trkpt>
      <trkpt lat="43.426056" lon="3.597542">
        <ele>15.934743</ele>
        <time>2026-07-27T11:11:38.731Z</time>
      </trkpt>
      <trkpt lat="43.425903" lon="3.597739">
        <ele>15.918912</ele>
        <time>2026-07-27T11:11:42.943Z</time>
      </trkpt>
      <trkpt lat="43.425666" lon="3.597940">
        <ele>15.613406</ele>
        <time>2026-07-27T11:11:47.677Z</time>
      </trkpt>
      <trkpt lat="43.425590" lon="3.597967">
        <ele>15.575817</ele>
        <time>2026-07-27T11:11:48.895Z</time>
      </trkpt>
      <trkpt lat="43.425562" lon="3.597910">
        <ele>15.551883</ele>
        <time>2026-07-27T11:11:49.879Z</time>
      </trkpt>
      <trkpt lat="43.424644" lon="3.598226">
        <ele>15.590482</ele>
        <time>2026-07-27T11:12:06.419Z</time>
      </trkpt>
      <trkpt lat="43.424536" lon="3.598263">
        <ele>15.499426</ele>
        <time>2026-07-27T11:12:08.222Z</time>
      </trkpt>
      <trkpt lat="43.423829" lon="3.598519">
        <ele>14.506119</ele>
        <time>2026-07-27T11:12:18.608Z</time>
      </trkpt>
      <trkpt lat="43.423615" lon="3.598489">
        <ele>14.244413</ele>
        <time>2026-07-27T11:12:21.695Z</time>
      </trkpt>
      <trkpt lat="43.423497" lon="3.598610">
        <ele>14.088590</ele>
        <time>2026-07-27T11:12:24.072Z</time>
      </trkpt>
      <trkpt lat="43.423421" lon="3.598660">
        <ele>13.988773</ele>
        <time>2026-07-27T11:12:25.319Z</time>
      </trkpt>
      <trkpt lat="43.423326" lon="3.598666">
        <ele>13.876074</ele>
        <time>2026-07-27T11:12:26.631Z</time>
      </trkpt>
      <trkpt lat="43.423226" lon="3.598593">
        <ele>13.583378</ele>
        <time>2026-07-27T11:12:28.136Z</time>
      </trkpt>
      <trkpt lat="43.422764" lon="3.597733">
        <ele>11.530671</ele>
        <time>2026-07-27T11:12:38.181Z</time>
      </trkpt>
      <trkpt lat="43.422728" lon="3.597668">
        <ele>11.400187</ele>
        <time>2026-07-27T11:12:38.960Z</time>
      </trkpt>
      <trkpt lat="43.422588" lon="3.597401">
        <ele>10.938038</ele>
        <time>2026-07-27T11:12:42.196Z</time>
      </trkpt>
      <trkpt lat="43.422244" lon="3.596782">
        <ele>10.083048</ele>
        <time>2026-07-27T11:12:50.351Z</time>
      </trkpt>
      <trkpt lat="43.422083" lon="3.596567">
        <ele>9.737914</ele>
        <time>2026-07-27T11:12:53.469Z</time>
      </trkpt>
      <trkpt lat="43.422009" lon="3.596469">
        <ele>9.617901</ele>
        <time>2026-07-27T11:12:54.994Z</time>
      </trkpt>
      <trkpt lat="43.421597" lon="3.596001">
        <ele>9.177852</ele>
        <time>2026-07-27T11:13:03.126Z</time>
      </trkpt>
      <trkpt lat="43.421098" lon="3.595528">
        <ele>8.415110</ele>
        <time>2026-07-27T11:13:11.904Z</time>
      </trkpt>
      <trkpt lat="43.420752" lon="3.595116">
        <ele>7.177082</ele>
        <time>2026-07-27T11:13:17.824Z</time>
      </trkpt>
      <trkpt lat="43.420670" lon="3.594984">
        <ele>6.781789</ele>
        <time>2026-07-27T11:13:19.390Z</time>
      </trkpt>
      <trkpt lat="43.420597" lon="3.594868">
        <ele>6.382771</ele>
        <time>2026-07-27T11:13:20.763Z</time>
      </trkpt>
      <trkpt lat="43.419987" lon="3.593694">
        <ele>2.548900</ele>
        <time>2026-07-27T11:13:33.677Z</time>
      </trkpt>
      <trkpt lat="43.419667" lon="3.592966">
        <ele>1.159322</ele>
        <time>2026-07-27T11:13:41.838Z</time>
      </trkpt>
      <trkpt lat="43.419274" lon="3.591236">
        <ele>-0.081700</ele>
        <time>2026-07-27T11:14:01.669Z</time>
      </trkpt>
      <trkpt lat="43.418697" lon="3.588919">
        <ele>-1.078932</ele>
        <time>2026-07-27T11:14:29.613Z</time>
      </trkpt>
      <trkpt lat="43.418638" lon="3.588165">
        <ele>-1.194520</ele>
        <time>2026-07-27T11:14:38.698Z</time>
      </trkpt>
      <trkpt lat="43.418647" lon="3.587737">
        <ele>-1.122104</ele>
        <time>2026-07-27T11:14:44.221Z</time>
      </trkpt>
      <trkpt lat="43.418606" lon="3.587664">
        <ele>-1.065975</ele>
        <time>2026-07-27T11:14:45.557Z</time>
      </trkpt>
      <trkpt lat="43.418692" lon="3.587498">
        <ele>-0.883091</ele>
        <time>2026-07-27T11:14:49.059Z</time>
      </trkpt>
      <trkpt lat="43.418981" lon="3.586939">
        <ele>-0.136503</ele>
        <time>2026-07-27T11:15:01.472Z</time>
      </trkpt>
      <trkpt lat="43.418990" lon="3.586870">
        <ele>-0.069037</ele>
        <time>2026-07-27T11:15:02.545Z</time>
      </trkpt>
      <trkpt lat="43.418999" lon="3.586788">
        <ele>-0.003453</ele>
        <time>2026-07-27T11:15:03.725Z</time>
      </trkpt>
      <trkpt lat="43.418946" lon="3.586181">
        <ele>0.208643</ele>
        <time>2026-07-27T11:15:12.249Z</time>
      </trkpt>
      <trkpt lat="43.418765" lon="3.584449">
        <ele>1.227169</ele>
        <time>2026-07-27T11:15:38.033Z</time>
      </trkpt>
      <trkpt lat="43.418726" lon="3.584288">
        <ele>1.493913</ele>
        <time>2026-07-27T11:15:41.944Z</time>
      </trkpt>
      <trkpt lat="43.418662" lon="3.584139">
        <ele>1.863292</ele>
        <time>2026-07-27T11:15:45.863Z</time>
      </trkpt>
      <trkpt lat="43.418465" lon="3.583904">
        <ele>2.551318</ele>
        <time>2026-07-27T11:15:53.158Z</time>
      </trkpt>
      <trkpt lat="43.418449" lon="3.583884">
        <ele>2.621447</ele>
        <time>2026-07-27T11:15:53.811Z</time>
      </trkpt>
      <trkpt lat="43.418059" lon="3.583473">
        <ele>4.420300</ele>
        <time>2026-07-27T11:16:10.290Z</time>
      </trkpt>
      <trkpt lat="43.417794" lon="3.583232">
        <ele>5.719602</ele>
        <time>2026-07-27T11:16:21.630Z</time>
      </trkpt>
      <trkpt lat="43.417419" lon="3.582842">
        <ele>7.685814</ele>
        <time>2026-07-27T11:16:39.213Z</time>
      </trkpt>
      <trkpt lat="43.417195" lon="3.582488">
        <ele>8.544893</ele>
        <time>2026-07-27T11:16:48.277Z</time>
      </trkpt>
      <trkpt lat="43.417025" lon="3.582089">
        <ele>9.482875</ele>
        <time>2026-07-27T11:16:58.560Z</time>
      </trkpt>
      <trkpt lat="43.416939" lon="3.581739">
        <ele>10.174975</ele>
        <time>2026-07-27T11:17:05.939Z</time>
      </trkpt>
      <trkpt lat="43.416722" lon="3.580335">
        <ele>12.069183</ele>
        <time>2026-07-27T11:17:32.371Z</time>
      </trkpt>
      <trkpt lat="43.416665" lon="3.579684">
        <ele>12.699190</ele>
        <time>2026-07-27T11:17:43.123Z</time>
      </trkpt>
      <trkpt lat="43.416530" lon="3.578705">
        <ele>13.577855</ele>
        <time>2026-07-27T11:17:59.581Z</time>
      </trkpt>
      <trkpt lat="43.416525" lon="3.578676">
        <ele>13.600596</ele>
        <time>2026-07-27T11:18:00.040Z</time>
      </trkpt>
      <trkpt lat="43.416401" lon="3.578222">
        <ele>13.910379</ele>
        <time>2026-07-27T11:18:07.274Z</time>
      </trkpt>
      <trkpt lat="43.416138" lon="3.577516">
        <ele>14.440573</ele>
        <time>2026-07-27T11:18:19.851Z</time>
      </trkpt>
      <trkpt lat="43.415539" lon="3.576735">
        <ele>14.245464</ele>
        <time>2026-07-27T11:18:33.562Z</time>
      </trkpt>
      <trkpt lat="43.414785" lon="3.575754">
        <ele>12.659962</ele>
        <time>2026-07-27T11:18:48.185Z</time>
      </trkpt>
      <trkpt lat="43.414007" lon="3.574775">
        <ele>10.603792</ele>
        <time>2026-07-27T11:19:02.479Z</time>
      </trkpt>
      <trkpt lat="43.413731" lon="3.574437">
        <ele>9.917800</ele>
        <time>2026-07-27T11:19:07.586Z</time>
      </trkpt>
      <trkpt lat="43.413078" lon="3.573809">
        <ele>8.722543</ele>
        <time>2026-07-27T11:19:18.819Z</time>
      </trkpt>
      <trkpt lat="43.412916" lon="3.573654">
        <ele>8.458353</ele>
        <time>2026-07-27T11:19:21.728Z</time>
      </trkpt>
      <trkpt lat="43.412229" lon="3.573043">
        <ele>6.934697</ele>
        <time>2026-07-27T11:19:32.970Z</time>
      </trkpt>
      <trkpt lat="43.410986" lon="3.571436">
        <ele>1.301529</ele>
        <time>2026-07-27T11:19:54.250Z</time>
      </trkpt>
      <trkpt lat="43.410850" lon="3.571271">
        <ele>0.981713</ele>
        <time>2026-07-27T11:19:56.762Z</time>
      </trkpt>
      <trkpt lat="43.410065" lon="3.570249">
        <ele>0.674300</ele>
        <time>2026-07-27T11:20:14.580Z</time>
      </trkpt>
      <trkpt lat="43.410006" lon="3.570173">
        <ele>0.647722</ele>
        <time>2026-07-27T11:20:15.915Z</time>
      </trkpt>
      <trkpt lat="43.409629" lon="3.569706">
        <ele>0.510454</ele>
        <time>2026-07-27T11:20:24.231Z</time>
      </trkpt>
      <trkpt lat="43.409482" lon="3.569466">
        <ele>0.500159</ele>
        <time>2026-07-27T11:20:28.041Z</time>
      </trkpt>
      <trkpt lat="43.409258" lon="3.568973">
        <ele>0.576414</ele>
        <time>2026-07-27T11:20:35.221Z</time>
      </trkpt>
      <trkpt lat="43.408295" lon="3.566829">
        <ele>3.029993</ele>
        <time>2026-07-27T11:21:18.001Z</time>
      </trkpt>
      <trkpt lat="43.407526" lon="3.565693">
        <ele>5.040662</ele>
        <time>2026-07-27T11:21:46.985Z</time>
      </trkpt>
      <trkpt lat="43.407036" lon="3.565086">
        <ele>4.515138</ele>
        <time>2026-07-27T11:21:56.711Z</time>
      </trkpt>
      <trkpt lat="43.406243" lon="3.564104">
        <ele>5.384324</ele>
        <time>2026-07-27T11:22:19.227Z</time>
      </trkpt>
      <trkpt lat="43.403990" lon="3.561519">
        <ele>7.826916</ele>
        <time>2026-07-27T11:23:19.226Z</time>
      </trkpt>
      <trkpt lat="43.402538" lon="3.559889">
        <ele>13.575865</ele>
        <time>2026-07-27T11:24:19.019Z</time>
      </trkpt>
      <trkpt lat="43.401663" lon="3.558893">
        <ele>14.364236</ele>
        <time>2026-07-27T11:24:41.304Z</time>
      </trkpt>
      <trkpt lat="43.400893" lon="3.560622">
        <ele>14.150918</ele>
        <time>2026-07-27T11:25:09.690Z</time>
      </trkpt>
      <trkpt lat="43.400070" lon="3.562450">
        <ele>14.921363</ele>
        <time>2026-07-27T11:25:44.101Z</time>
      </trkpt>
      <trkpt lat="43.399445" lon="3.563728">
        <ele>17.008593</ele>
        <time>2026-07-27T11:26:17.328Z</time>
      </trkpt>
      <trkpt lat="43.399240" lon="3.563764">
        <ele>16.406984</ele>
        <time>2026-07-27T11:26:22.689Z</time>
      </trkpt>
      <trkpt lat="43.399000" lon="3.563691">
        <ele>14.749008</ele>
        <time>2026-07-27T11:26:28.164Z</time>
      </trkpt>
      <trkpt lat="43.398873" lon="3.563570">
        <ele>13.660834</ele>
        <time>2026-07-27T11:26:31.716Z</time>
      </trkpt>
      <trkpt lat="43.398694" lon="3.563454">
        <ele>12.596103</ele>
        <time>2026-07-27T11:26:36.418Z</time>
      </trkpt>
      <trkpt lat="43.398538" lon="3.563269">
        <ele>11.614536</ele>
        <time>2026-07-27T11:26:41.372Z</time>
      </trkpt>
      <trkpt lat="43.398472" lon="3.563254">
        <ele>11.342687</ele>
        <time>2026-07-27T11:26:43.041Z</time>
      </trkpt>
      <trkpt lat="43.397791" lon="3.564557">
        <ele>8.481715</ele>
        <time>2026-07-27T11:27:14.299Z</time>
      </trkpt>
      <trkpt lat="43.397551" lon="3.565110">
        <ele>7.149493</ele>
        <time>2026-07-27T11:27:26.659Z</time>
      </trkpt>
      <trkpt lat="43.397423" lon="3.565355">
        <ele>6.194766</ele>
        <time>2026-07-27T11:27:32.197Z</time>
      </trkpt>
      <trkpt lat="43.397291" lon="3.565541">
        <ele>4.889885</ele>
        <time>2026-07-27T11:27:36.485Z</time>
      </trkpt>
      <trkpt lat="43.397078" lon="3.565741">
        <ele>2.524258</ele>
        <time>2026-07-27T11:27:42.009Z</time>
      </trkpt>
      <trkpt lat="43.397000" lon="3.565856">
        <ele>1.565429</ele>
        <time>2026-07-27T11:27:44.513Z</time>
      </trkpt>
      <trkpt lat="43.396919" lon="3.565888">
        <ele>1.101203</ele>
        <time>2026-07-27T11:27:46.496Z</time>
      </trkpt>
      <trkpt lat="43.396820" lon="3.565817">
        <ele>0.781518</ele>
        <time>2026-07-27T11:27:49.474Z</time>
      </trkpt>
      <trkpt lat="43.395595" lon="3.564456">
        <ele>0.010763</ele>
        <time>2026-07-27T11:28:37.760Z</time>
      </trkpt>
      <trkpt lat="43.395113" lon="3.563981">
        <ele>-0.112466</ele>
        <time>2026-07-27T11:28:56.332Z</time>
      </trkpt>
      <trkpt lat="43.395068" lon="3.563909">
        <ele>-0.136164</ele>
        <time>2026-07-27T11:28:58.445Z</time>
      </trkpt>
      <trkpt lat="43.395057" lon="3.563757">
        <ele>-0.171189</ele>
        <time>2026-07-27T11:29:01.832Z</time>
      </trkpt>
      <trkpt lat="43.395447" lon="3.563154">
        <ele>-0.291816</ele>
        <time>2026-07-27T11:29:20.052Z</time>
      </trkpt>
      <trkpt lat="43.395624" lon="3.562919">
        <ele>-0.300479</ele>
        <time>2026-07-27T11:29:27.781Z</time>
      </trkpt>
      <trkpt lat="43.395652" lon="3.562857">
        <ele>-0.302540</ele>
        <time>2026-07-27T11:29:29.559Z</time>
      </trkpt>
      <trkpt lat="43.395641" lon="3.562803">
        <ele>-0.307026</ele>
        <time>2026-07-27T11:29:30.926Z</time>
      </trkpt>
      <trkpt lat="43.394149" lon="3.561561">
        <ele>-0.493266</ele>
        <time>2026-07-27T11:30:29.134Z</time>
      </trkpt>
      <trkpt lat="43.392838" lon="3.560086">
        <ele>-0.256406</ele>
        <time>2026-07-27T11:31:27.249Z</time>
      </trkpt>
      <trkpt lat="43.392756" lon="3.559978">
        <ele>-0.199030</ele>
        <time>2026-07-27T11:31:31.218Z</time>
      </trkpt>
      <trkpt lat="43.392701" lon="3.559855">
        <ele>-0.115461</ele>
        <time>2026-07-27T11:31:34.955Z</time>
      </trkpt>
      <trkpt lat="43.392905" lon="3.558413">
        <ele>0.690215</ele>
        <time>2026-07-27T11:32:12.138Z</time>
      </trkpt>
      <trkpt lat="43.392930" lon="3.557817">
        <ele>1.856810</ele>
        <time>2026-07-27T11:32:31.046Z</time>
      </trkpt>
      <trkpt lat="43.392896" lon="3.557557">
        <ele>2.871848</ele>
        <time>2026-07-27T11:32:42.450Z</time>
      </trkpt>
      <trkpt lat="43.392431" lon="3.556792">
        <ele>6.684393</ele>
        <time>2026-07-27T11:33:22.988Z</time>
      </trkpt>
      <trkpt lat="43.392233" lon="3.556545">
        <ele>7.554463</ele>
        <time>2026-07-27T11:33:35.219Z</time>
      </trkpt>
      <trkpt lat="43.391251" lon="3.555508">
        <ele>10.621191</ele>
        <time>2026-07-27T11:34:28.504Z</time>
      </trkpt>
      <trkpt lat="43.391068" lon="3.555270">
        <ele>10.691005</ele>
        <time>2026-07-27T11:34:36.503Z</time>
      </trkpt>
      <trkpt lat="43.390426" lon="3.554572">
        <ele>10.472239</ele>
        <time>2026-07-27T11:35:01.723Z</time>
      </trkpt>
      <trkpt lat="43.390054" lon="3.553891">
        <ele>10.052014</ele>
        <time>2026-07-27T11:35:16.920Z</time>
      </trkpt>
      <trkpt lat="43.389633" lon="3.553307">
        <ele>9.922552</ele>
        <time>2026-07-27T11:35:32.354Z</time>
      </trkpt>
      <trkpt lat="43.388702" lon="3.552416">
        <ele>10.161631</ele>
        <time>2026-07-27T11:36:04.588Z</time>
      </trkpt>
      <trkpt lat="43.388018" lon="3.551755">
        <ele>8.095032</ele>
        <time>2026-07-27T11:36:22.612Z</time>
      </trkpt>
      <trkpt lat="43.387619" lon="3.551213">
        <ele>5.195836</ele>
        <time>2026-07-27T11:36:33.438Z</time>
      </trkpt>
      <trkpt lat="43.387529" lon="3.551003">
        <ele>4.323095</ele>
        <time>2026-07-27T11:36:36.798Z</time>
      </trkpt>
      <trkpt lat="43.387172" lon="3.549761">
        <ele>1.423939</ele>
        <time>2026-07-27T11:36:57.163Z</time>
      </trkpt>
      <trkpt lat="43.386901" lon="3.548803">
        <ele>0.747479</ele>
        <time>2026-07-27T11:37:15.735Z</time>
      </trkpt>
      <trkpt lat="43.386939" lon="3.548491">
        <ele>0.816694</ele>
        <time>2026-07-27T11:37:22.357Z</time>
      </trkpt>
      <trkpt lat="43.387071" lon="3.548194">
        <ele>1.012664</ele>
        <time>2026-07-27T11:37:29.898Z</time>
      </trkpt>
      <trkpt lat="43.387064" lon="3.548071">
        <ele>1.198150</ele>
        <time>2026-07-27T11:37:32.686Z</time>
      </trkpt>
      <trkpt lat="43.386544" lon="3.545157">
        <ele>6.040599</ele>
        <time>2026-07-27T11:38:52.490Z</time>
      </trkpt>
      <trkpt lat="43.386429" lon="3.544625">
        <ele>7.353988</ele>
        <time>2026-07-27T11:39:09.525Z</time>
      </trkpt>
      <trkpt lat="43.386329" lon="3.544297">
        <ele>7.892417</ele>
        <time>2026-07-27T11:39:18.981Z</time>
      </trkpt>
      <trkpt lat="43.386134" lon="3.543909">
        <ele>7.386020</ele>
        <time>2026-07-27T11:39:24.828Z</time>
      </trkpt>
      <trkpt lat="43.385380" lon="3.542569">
        <ele>3.270176</ele>
        <time>2026-07-27T11:39:42.985Z</time>
      </trkpt>
      <trkpt lat="43.385037" lon="3.541945">
        <ele>2.596639</ele>
        <time>2026-07-27T11:39:52.968Z</time>
      </trkpt>
      <trkpt lat="43.384465" lon="3.540691">
        <ele>1.434210</ele>
        <time>2026-07-27T11:40:11.548Z</time>
      </trkpt>
      <trkpt lat="43.384328" lon="3.540451">
        <ele>1.299908</ele>
        <time>2026-07-27T11:40:15.752Z</time>
      </trkpt>
      <trkpt lat="43.384241" lon="3.541047">
        <ele>1.108400</ele>
        <time>2026-07-27T11:40:24.078Z</time>
      </trkpt>
      <trkpt lat="43.384197" lon="3.541212">
        <ele>1.062600</ele>
        <time>2026-07-27T11:40:26.423Z</time>
      </trkpt>
      <trkpt lat="43.384098" lon="3.541442">
        <ele>0.947549</ele>
        <time>2026-07-27T11:40:29.953Z</time>
      </trkpt>
      <trkpt lat="43.383974" lon="3.541610">
        <ele>0.888191</ele>
        <time>2026-07-27T11:40:33.225Z</time>
      </trkpt>
      <trkpt lat="43.383551" lon="3.542045">
        <ele>0.788657</ele>
        <time>2026-07-27T11:40:43.487Z</time>
      </trkpt>
      <trkpt lat="43.383391" lon="3.542248">
        <ele>0.716279</ele>
        <time>2026-07-27T11:40:47.696Z</time>
      </trkpt>
      <trkpt lat="43.383341" lon="3.542364">
        <ele>0.674533</ele>
        <time>2026-07-27T11:40:49.521Z</time>
      </trkpt>
      <trkpt lat="43.383074" lon="3.543329">
        <ele>0.296550</ele>
        <time>2026-07-27T11:41:03.480Z</time>
      </trkpt>
      <trkpt lat="43.382939" lon="3.543456">
        <ele>0.221998</ele>
        <time>2026-07-27T11:41:06.438Z</time>
      </trkpt>
      <trkpt lat="43.382694" lon="3.544420">
        <ele>-0.010136</ele>
        <time>2026-07-27T11:41:20.530Z</time>
      </trkpt>
      <trkpt lat="43.382588" lon="3.544685">
        <ele>-0.079740</ele>
        <time>2026-07-27T11:41:24.791Z</time>
      </trkpt>
      <trkpt lat="43.381944" lon="3.546001">
        <ele>-0.199433</ele>
        <time>2026-07-27T11:41:47.333Z</time>
      </trkpt>
      <trkpt lat="43.381887" lon="3.546046">
        <ele>-0.204897</ele>
        <time>2026-07-27T11:41:48.593Z</time>
      </trkpt>
      <trkpt lat="43.380851" lon="3.546355">
        <ele>-0.404496</ele>
        <time>2026-07-27T11:42:09.089Z</time>
      </trkpt>
      <trkpt lat="43.380528" lon="3.546568">
        <ele>-0.485855</ele>
        <time>2026-07-27T11:42:16.028Z</time>
      </trkpt>
      <trkpt lat="43.380124" lon="3.546778">
        <ele>-0.500000</ele>
        <time>2026-07-27T11:42:24.505Z</time>
      </trkpt>
      <trkpt lat="43.379826" lon="3.546991">
        <ele>-0.499842</ele>
        <time>2026-07-27T11:42:31.230Z</time>
      </trkpt>
      <trkpt lat="43.379678" lon="3.547030">
        <ele>-0.488382</ele>
        <time>2026-07-27T11:42:34.315Z</time>
      </trkpt>
      <trkpt lat="43.379066" lon="3.546918">
        <ele>-0.407123</ele>
        <time>2026-07-27T11:42:46.799Z</time>
      </trkpt>
      <trkpt lat="43.379013" lon="3.546940">
        <ele>-0.406669</ele>
        <time>2026-07-27T11:42:47.925Z</time>
      </trkpt>
      <trkpt lat="43.378370" lon="3.545763">
        <ele>-0.382756</ele>
        <time>2026-07-27T11:43:22.060Z</time>
      </trkpt>
      <trkpt lat="43.378350" lon="3.545729">
        <ele>-0.372837</ele>
        <time>2026-07-27T11:43:23.286Z</time>
      </trkpt>
      <trkpt lat="43.378304" lon="3.545652">
        <ele>-0.350232</ele>
        <time>2026-07-27T11:43:26.042Z</time>
      </trkpt>
      <trkpt lat="43.378301" lon="3.545647">
        <ele>-0.348762</ele>
        <time>2026-07-27T11:43:26.230Z</time>
      </trkpt>
      <trkpt lat="43.378268" lon="3.545552">
        <ele>-0.324883</ele>
        <time>2026-07-27T11:43:29.098Z</time>
      </trkpt>
      <trkpt lat="43.378275" lon="3.545342">
        <ele>-0.368813</ele>
        <time>2026-07-27T11:43:34.657Z</time>
      </trkpt>
      <trkpt lat="43.378251" lon="3.545226">
        <ele>-0.392759</ele>
        <time>2026-07-27T11:43:37.878Z</time>
      </trkpt>
      <trkpt lat="43.377903" lon="3.544645">
        <ele>-0.280401</ele>
        <time>2026-07-27T11:43:58.691Z</time>
      </trkpt>
      <trkpt lat="43.377776" lon="3.544021">
        <ele>-0.054684</ele>
        <time>2026-07-27T11:44:17.012Z</time>
      </trkpt>
      <trkpt lat="43.377754" lon="3.543967">
        <ele>-0.019550</ele>
        <time>2026-07-27T11:44:18.768Z</time>
      </trkpt>
      <trkpt lat="43.377604" lon="3.543898">
        <ele>0.118792</ele>
        <time>2026-07-27T11:44:24.352Z</time>
      </trkpt>
      <trkpt lat="43.377198" lon="3.543263">
        <ele>0.761508</ele>
        <time>2026-07-27T11:44:46.823Z</time>
      </trkpt>
      <trkpt lat="43.376155" lon="3.542057">
        <ele>3.633884</ele>
        <time>2026-07-27T11:45:43.054Z</time>
      </trkpt>
      <trkpt lat="43.375858" lon="3.541480">
        <ele>4.819260</ele>
        <time>2026-07-27T11:46:05.805Z</time>
      </trkpt>
      <trkpt lat="43.375730" lon="3.541276">
        <ele>4.872376</ele>
        <time>2026-07-27T11:46:11.796Z</time>
      </trkpt>
      <trkpt lat="43.375582" lon="3.541099">
        <ele>4.726887</ele>
        <time>2026-07-27T11:46:17.449Z</time>
      </trkpt>
      <trkpt lat="43.375409" lon="3.540993">
        <ele>4.620141</ele>
        <time>2026-07-27T11:46:23.278Z</time>
      </trkpt>
      <trkpt lat="43.375192" lon="3.540928">
        <ele>4.590053</ele>
        <time>2026-07-27T11:46:30.258Z</time>
      </trkpt>
      <trkpt lat="43.374811" lon="3.540857">
        <ele>4.530970</ele>
        <time>2026-07-27T11:46:37.430Z</time>
      </trkpt>
      <trkpt lat="43.374005" lon="3.540596">
        <ele>4.876195</ele>
        <time>2026-07-27T11:46:55.780Z</time>
      </trkpt>
      <trkpt lat="43.372441" lon="3.539723">
        <ele>4.996080</ele>
        <time>2026-07-27T11:47:29.701Z</time>
      </trkpt>
      <trkpt lat="43.372263" lon="3.539648">
        <ele>4.920069</ele>
        <time>2026-07-27T11:47:33.371Z</time>
      </trkpt>
      <trkpt lat="43.372123" lon="3.540389">
        <ele>3.914259</ele>
        <time>2026-07-27T11:47:42.364Z</time>
      </trkpt>
      <trkpt lat="43.371899" lon="3.541110">
        <ele>2.916505</ele>
        <time>2026-07-27T11:47:51.807Z</time>
      </trkpt>
      <trkpt lat="43.371879" lon="3.541314">
        <ele>2.674705</ele>
        <time>2026-07-27T11:47:54.272Z</time>
      </trkpt>
      <trkpt lat="43.371906" lon="3.542061">
        <ele>1.708251</ele>
        <time>2026-07-27T11:48:03.194Z</time>
      </trkpt>
      <trkpt lat="43.371898" lon="3.542234">
        <ele>1.522151</ele>
        <time>2026-07-27T11:48:05.223Z</time>
      </trkpt>
      <trkpt lat="43.371858" lon="3.542306">
        <ele>1.427184</ele>
        <time>2026-07-27T11:48:06.328Z</time>
      </trkpt>
      <trkpt lat="43.371783" lon="3.542293">
        <ele>1.353529</ele>
        <time>2026-07-27T11:48:07.697Z</time>
      </trkpt>
      <trkpt lat="43.371672" lon="3.542206">
        <ele>1.318379</ele>
        <time>2026-07-27T11:48:10.305Z</time>
      </trkpt>
      <trkpt lat="43.371436" lon="3.542022">
        <ele>1.213184</ele>
        <time>2026-07-27T11:48:15.734Z</time>
      </trkpt>
      <trkpt lat="43.371390" lon="3.542043">
        <ele>1.122042</ele>
        <time>2026-07-27T11:48:16.789Z</time>
      </trkpt>
      <trkpt lat="43.371347" lon="3.542115">
        <ele>0.923224</ele>
        <time>2026-07-27T11:48:18.167Z</time>
      </trkpt>
      <trkpt lat="43.371286" lon="3.542316">
        <ele>0.491565</ele>
        <time>2026-07-27T11:48:21.437Z</time>
      </trkpt>
      <trkpt lat="43.371186" lon="3.542532">
        <ele>0.154956</ele>
        <time>2026-07-27T11:48:25.658Z</time>
      </trkpt>
      <trkpt lat="43.371119" lon="3.542475">
        <ele>0.126322</ele>
        <time>2026-07-27T11:48:27.690Z</time>
      </trkpt>
      <trkpt lat="43.371043" lon="3.542403">
        <ele>0.110690</ele>
        <time>2026-07-27T11:48:30.225Z</time>
      </trkpt>
      <trkpt lat="43.370979" lon="3.542349">
        <ele>0.097090</ele>
        <time>2026-07-27T11:48:32.244Z</time>
      </trkpt>
      <trkpt lat="43.370940" lon="3.542317">
        <ele>0.086051</ele>
        <time>2026-07-27T11:48:33.425Z</time>
      </trkpt>
      <trkpt lat="43.370859" lon="3.542243">
        <ele>0.062415</ele>
        <time>2026-07-27T11:48:35.929Z</time>
      </trkpt>
      <trkpt lat="43.370759" lon="3.542153">
        <ele>0.020764</ele>
        <time>2026-07-27T11:48:38.988Z</time>
      </trkpt>
      <trkpt lat="43.370690" lon="3.542088">
        <ele>-0.020947</ele>
        <time>2026-07-27T11:48:41.054Z</time>
      </trkpt>
      <trkpt lat="43.370616" lon="3.542020">
        <ele>-0.065332</ele>
        <time>2026-07-27T11:48:43.240Z</time>
      </trkpt>
      <trkpt lat="43.370021" lon="3.541545">
        <ele>-0.004655</ele>
        <time>2026-07-27T11:49:02.030Z</time>
      </trkpt>
      <trkpt lat="43.369773" lon="3.541378">
        <ele>0.018327</ele>
        <time>2026-07-27T11:49:09.386Z</time>
      </trkpt>
      <trkpt lat="43.369733" lon="3.541349">
        <ele>0.031704</ele>
        <time>2026-07-27T11:49:10.612Z</time>
      </trkpt>
      <trkpt lat="43.369589" lon="3.541250">
        <ele>0.072980</ele>
        <time>2026-07-27T11:49:14.950Z</time>
      </trkpt>
      <trkpt lat="43.369355" lon="3.541124">
        <ele>0.099815</ele>
        <time>2026-07-27T11:49:21.807Z</time>
      </trkpt>
      <trkpt lat="43.369149" lon="3.540961">
        <ele>0.083999</ele>
        <time>2026-07-27T11:49:28.302Z</time>
      </trkpt>
      <trkpt lat="43.368844" lon="3.540773">
        <ele>0.012005</ele>
        <time>2026-07-27T11:49:36.814Z</time>
      </trkpt>
      <trkpt lat="43.368720" lon="3.540694">
        <ele>0.002262</ele>
        <time>2026-07-27T11:49:40.354Z</time>
      </trkpt>
      <trkpt lat="43.368625" lon="3.540639">
        <ele>0.000338</ele>
        <time>2026-07-27T11:49:43.083Z</time>
      </trkpt>
      <trkpt lat="43.368533" lon="3.540578">
        <ele>0.000000</ele>
        <time>2026-07-27T11:49:45.787Z</time>
      </trkpt>
      <trkpt lat="43.368473" lon="3.540539">
        <ele>0.000000</ele>
        <time>2026-07-27T11:49:47.569Z</time>
      </trkpt>
      <trkpt lat="43.368155" lon="3.540330">
        <ele>0.014042</ele>
        <time>2026-07-27T11:49:57.024Z</time>
      </trkpt>
      <trkpt lat="43.367851" lon="3.540148">
        <ele>0.111516</ele>
        <time>2026-07-27T11:50:05.956Z</time>
      </trkpt>
      <trkpt lat="43.367679" lon="3.540045">
        <ele>0.394814</ele>
        <time>2026-07-27T11:50:11.321Z</time>
      </trkpt>
      <trkpt lat="43.367807" lon="3.539382">
        <ele>2.029930</ele>
        <time>2026-07-27T11:50:33.691Z</time>
      </trkpt>
      <trkpt lat="43.366759" lon="3.538844">
        <ele>2.520249</ele>
        <time>2026-07-27T11:50:57.823Z</time>
      </trkpt>
      <trkpt lat="43.366545" lon="3.538725">
        <ele>2.287833</ele>
        <time>2026-07-27T11:51:01.667Z</time>
      </trkpt>
      <trkpt lat="43.366177" lon="3.538517">
        <ele>1.724850</ele>
        <time>2026-07-27T11:51:08.400Z</time>
      </trkpt>
      <trkpt lat="43.366003" lon="3.538212">
        <ele>1.404142</ele>
        <time>2026-07-27T11:51:13.377Z</time>
      </trkpt>
      <trkpt lat="43.365904" lon="3.537964">
        <ele>1.231990</ele>
        <time>2026-07-27T11:51:17.027Z</time>
      </trkpt>
      <trkpt lat="43.365903" lon="3.537851">
        <ele>1.168979</ele>
        <time>2026-07-27T11:51:18.496Z</time>
      </trkpt>
      <trkpt lat="43.365932" lon="3.537740">
        <ele>1.106379</ele>
        <time>2026-07-27T11:51:20.038Z</time>
      </trkpt>
      <trkpt lat="43.366227" lon="3.537082">
        <ele>0.700252</ele>
        <time>2026-07-27T11:51:30.147Z</time>
      </trkpt>
      <trkpt lat="43.366244" lon="3.536888">
        <ele>0.590482</ele>
        <time>2026-07-27T11:51:32.734Z</time>
      </trkpt>
      <trkpt lat="43.366206" lon="3.536766">
        <ele>0.516059</ele>
        <time>2026-07-27T11:51:34.505Z</time>
      </trkpt>
      <trkpt lat="43.365681" lon="3.536292">
        <ele>0.195661</ele>
        <time>2026-07-27T11:51:46.066Z</time>
      </trkpt>
      <trkpt lat="43.365363" lon="3.536102">
        <ele>0.082952</ele>
        <time>2026-07-27T11:51:52.572Z</time>
      </trkpt>
      <trkpt lat="43.365094" lon="3.536836">
        <ele>0.385388</ele>
        <time>2026-07-27T11:52:06.310Z</time>
      </trkpt>
      <trkpt lat="43.364851" lon="3.537647">
        <ele>0.493556</ele>
        <time>2026-07-27T11:52:19.102Z</time>
      </trkpt>
      <trkpt lat="43.364798" lon="3.537707">
        <ele>0.505280</ele>
        <time>2026-07-27T11:52:20.406Z</time>
      </trkpt>
      <trkpt lat="43.364746" lon="3.537700">
        <ele>0.516953</ele>
        <time>2026-07-27T11:52:21.491Z</time>
      </trkpt>
      <trkpt lat="43.364660" lon="3.537638">
        <ele>0.538644</ele>
        <time>2026-07-27T11:52:23.745Z</time>
      </trkpt>
      <trkpt lat="43.364459" lon="3.537508">
        <ele>0.641911</ele>
        <time>2026-07-27T11:52:28.867Z</time>
      </trkpt>
      <trkpt lat="43.363897" lon="3.537045">
        <ele>0.404234</ele>
        <time>2026-07-27T11:52:41.070Z</time>
      </trkpt>
      <trkpt lat="43.363157" lon="3.536610">
        <ele>0.106932</ele>
        <time>2026-07-27T11:52:56.174Z</time>
      </trkpt>
      <trkpt lat="43.363092" lon="3.536576">
        <ele>0.086430</ele>
        <time>2026-07-27T11:52:57.515Z</time>
      </trkpt>
      <trkpt lat="43.362882" lon="3.536457">
        <ele>0.023714</ele>
        <time>2026-07-27T11:53:01.912Z</time>
      </trkpt>
      <trkpt lat="43.362431" lon="3.536202">
        <ele>0.000000</ele>
        <time>2026-07-27T11:53:11.725Z</time>
      </trkpt>
      <trkpt lat="43.361688" lon="3.535838">
        <ele>0.000390</ele>
        <time>2026-07-27T11:53:27.284Z</time>
      </trkpt>
      <trkpt lat="43.361480" lon="3.535816">
        <ele>0.008184</ele>
        <time>2026-07-27T11:53:30.886Z</time>
      </trkpt>
      <trkpt lat="43.360165" lon="3.535426">
        <ele>0.170880</ele>
        <time>2026-07-27T11:53:54.652Z</time>
      </trkpt>
      <trkpt lat="43.359215" lon="3.535324">
        <ele>-0.155042</ele>
        <time>2026-07-27T11:54:09.845Z</time>
      </trkpt>
      <trkpt lat="43.358608" lon="3.535210">
        <ele>-0.088488</ele>
        <time>2026-07-27T11:54:21.201Z</time>
      </trkpt>
      <trkpt lat="43.358386" lon="3.535140">
        <ele>0.003156</ele>
        <time>2026-07-27T11:54:25.368Z</time>
      </trkpt>
      <trkpt lat="43.357831" lon="3.534856">
        <ele>0.294131</ele>
        <time>2026-07-27T11:54:36.744Z</time>
      </trkpt>
      <trkpt lat="43.357589" lon="3.534694">
        <ele>0.448362</ele>
        <time>2026-07-27T11:54:41.906Z</time>
      </trkpt>
      <trkpt lat="43.357394" lon="3.534497">
        <ele>0.856846</ele>
        <time>2026-07-27T11:54:48.057Z</time>
      </trkpt>
      <trkpt lat="43.357402" lon="3.534402">
        <ele>0.892716</ele>
        <time>2026-07-27T11:54:49.679Z</time>
      </trkpt>
      <trkpt lat="43.357119" lon="3.534067">
        <ele>0.940870</ele>
        <time>2026-07-27T11:54:56.909Z</time>
      </trkpt>
      <trkpt lat="43.356503" lon="3.533526">
        <ele>1.665663</ele>
        <time>2026-07-27T11:55:14.507Z</time>
      </trkpt>
      <trkpt lat="43.356658" lon="3.533309">
        <ele>2.095544</ele>
        <time>2026-07-27T11:55:21.208Z</time>
      </trkpt>
      <trkpt lat="43.356829" lon="3.532933">
        <ele>2.664278</ele>
        <time>2026-07-27T11:55:30.844Z</time>
      </trkpt>
      <trkpt lat="43.356238" lon="3.532468">
        <ele>2.439189</ele>
        <time>2026-07-27T11:55:43.407Z</time>
      </trkpt>
      <trkpt lat="43.356210" lon="3.532367">
        <ele>2.433917</ele>
        <time>2026-07-27T11:55:44.924Z</time>
      </trkpt>
      <trkpt lat="43.356353" lon="3.531912">
        <ele>2.817422</ele>
        <time>2026-07-27T11:55:53.428Z</time>
      </trkpt>
      <trkpt lat="43.356367" lon="3.531868">
        <ele>2.872482</ele>
        <time>2026-07-27T11:55:54.486Z</time>
      </trkpt>
      <trkpt lat="43.356975" lon="3.530493">
        <ele>6.550486</ele>
        <time>2026-07-27T11:56:35.247Z</time>
      </trkpt>
      <trkpt lat="43.356817" lon="3.530424">
        <ele>6.486547</ele>
        <time>2026-07-27T11:56:37.626Z</time>
      </trkpt>
      <trkpt lat="43.356327" lon="3.530210">
        <ele>6.094614</ele>
        <time>2026-07-27T11:56:45.626Z</time>
      </trkpt>
      <trkpt lat="43.355592" lon="3.529958">
        <ele>5.312162</ele>
        <time>2026-07-27T11:56:56.965Z</time>
      </trkpt>
      <trkpt lat="43.355507" lon="3.529930">
        <ele>5.156547</ele>
        <time>2026-07-27T11:56:58.142Z</time>
      </trkpt>
      <trkpt lat="43.355201" lon="3.529803">
        <ele>4.289290</ele>
        <time>2026-07-27T11:57:02.198Z</time>
      </trkpt>
      <trkpt lat="43.354791" lon="3.529634">
        <ele>3.127789</ele>
        <time>2026-07-27T11:57:07.649Z</time>
      </trkpt>
      <trkpt lat="43.354740" lon="3.529607">
        <ele>3.120189</ele>
        <time>2026-07-27T11:57:08.469Z</time>
      </trkpt>
      <trkpt lat="43.354633" lon="3.529504">
        <ele>3.102026</ele>
        <time>2026-07-27T11:57:11.373Z</time>
      </trkpt>
      <trkpt lat="43.354600" lon="3.529421">
        <ele>3.120784</ele>
        <time>2026-07-27T11:57:13.182Z</time>
      </trkpt>
      <trkpt lat="43.354548" lon="3.529393">
        <ele>3.136574</ele>
        <time>2026-07-27T11:57:14.458Z</time>
      </trkpt>
      <trkpt lat="43.354494" lon="3.529410">
        <ele>3.152237</ele>
        <time>2026-07-27T11:57:15.390Z</time>
      </trkpt>
      <trkpt lat="43.354449" lon="3.529500">
        <ele>3.110905</ele>
        <time>2026-07-27T11:57:16.482Z</time>
      </trkpt>
      <trkpt lat="43.354455" lon="3.529569">
        <ele>3.027457</ele>
        <time>2026-07-27T11:57:17.153Z</time>
      </trkpt>
      <trkpt lat="43.354403" lon="3.529671">
        <ele>2.877866</ele>
        <time>2026-07-27T11:57:18.379Z</time>
      </trkpt>
      <trkpt lat="43.353975" lon="3.530856">
        <ele>2.465890</ele>
        <time>2026-07-27T11:57:34.489Z</time>
      </trkpt>
      <trkpt lat="43.353850" lon="3.530763">
        <ele>2.702691</ele>
        <time>2026-07-27T11:57:38.179Z</time>
      </trkpt>
      <trkpt lat="43.353676" lon="3.530633">
        <ele>3.127737</ele>
        <time>2026-07-27T11:57:44.676Z</time>
      </trkpt>
      <trkpt lat="43.353643" lon="3.530608">
        <ele>3.218653</ele>
        <time>2026-07-27T11:57:45.757Z</time>
      </trkpt>
      <trkpt lat="43.353430" lon="3.530785">
        <ele>3.468110</ele>
        <time>2026-07-27T11:57:51.483Z</time>
      </trkpt>
      <trkpt lat="43.352988" lon="3.531128">
        <ele>2.685137</ele>
        <time>2026-07-27T11:57:58.336Z</time>
      </trkpt>
      <trkpt lat="43.352106" lon="3.530786">
        <ele>2.747052</ele>
        <time>2026-07-27T11:58:14.989Z</time>
      </trkpt>
      <trkpt lat="43.352053" lon="3.530807">
        <ele>2.689394</ele>
        <time>2026-07-27T11:58:15.874Z</time>
      </trkpt>
      <trkpt lat="43.351800" lon="3.531746">
        <ele>1.903968</ele>
        <time>2026-07-27T11:58:26.449Z</time>
      </trkpt>
      <trkpt lat="43.351789" lon="3.531788">
        <ele>1.864717</ele>
        <time>2026-07-27T11:58:26.992Z</time>
      </trkpt>
      <trkpt lat="43.351764" lon="3.531874">
        <ele>1.791293</ele>
        <time>2026-07-27T11:58:28.139Z</time>
      </trkpt>
      <trkpt lat="43.350786" lon="3.531409">
        <ele>0.931662</ele>
        <time>2026-07-27T11:58:58.881Z</time>
      </trkpt>
      <trkpt lat="43.350368" lon="3.531349">
        <ele>0.800588</ele>
        <time>2026-07-27T11:59:11.928Z</time>
      </trkpt>
      <trkpt lat="43.349489" lon="3.531298">
        <ele>0.654722</ele>
        <time>2026-07-27T11:59:39.231Z</time>
      </trkpt>
      <trkpt lat="43.349028" lon="3.531265">
        <ele>0.771422</ele>
        <time>2026-07-27T11:59:54.793Z</time>
      </trkpt>
      <trkpt lat="43.348927" lon="3.531261">
        <ele>0.791422</ele>
        <time>2026-07-27T11:59:58.062Z</time>
      </trkpt>
      <trkpt lat="43.348198" lon="3.531261">
        <ele>0.591229</ele>
        <time>2026-07-27T12:00:20.651Z</time>
      </trkpt>
      <trkpt lat="43.347769" lon="3.531319">
        <ele>0.398873</ele>
        <time>2026-07-27T12:00:33.735Z</time>
      </trkpt>
      <trkpt lat="43.346548" lon="3.531503">
        <ele>-0.197935</ele>
        <time>2026-07-27T12:01:11.177Z</time>
      </trkpt>
      <trkpt lat="43.344571" lon="3.531902">
        <ele>-1.038328</ele>
        <time>2026-07-27T12:02:12.086Z</time>
      </trkpt>
      <trkpt lat="43.344118" lon="3.532039">
        <ele>-0.813850</ele>
        <time>2026-07-27T12:02:28.354Z</time>
      </trkpt>
      <trkpt lat="43.343405" lon="3.532379">
        <ele>-0.501826</ele>
        <time>2026-07-27T12:02:53.761Z</time>
      </trkpt>
      <trkpt lat="43.342605" lon="3.532847">
        <ele>-0.200243</ele>
        <time>2026-07-27T12:03:22.693Z</time>
      </trkpt>
      <trkpt lat="43.342091" lon="3.533242">
        <ele>-0.004497</ele>
        <time>2026-07-27T12:03:42.237Z</time>
      </trkpt>
      <trkpt lat="43.340583" lon="3.534427">
        <ele>0.489399</ele>
        <time>2026-07-27T12:04:39.756Z</time>
      </trkpt>
      <trkpt lat="43.338936" lon="3.536236">
        <ele>0.621250</ele>
        <time>2026-07-27T12:05:46.881Z</time>
      </trkpt>
      <trkpt lat="43.338738" lon="3.536410">
        <ele>0.718701</ele>
        <time>2026-07-27T12:05:55.146Z</time>
      </trkpt>
      <trkpt lat="43.338680" lon="3.536333">
        <ele>0.765159</ele>
        <time>2026-07-27T12:05:57.890Z</time>
      </trkpt>
      <trkpt lat="43.338628" lon="3.536374">
        <ele>0.780864</ele>
        <time>2026-07-27T12:05:59.148Z</time>
      </trkpt>
      <trkpt lat="43.338588" lon="3.536410">
        <ele>0.785810</ele>
        <time>2026-07-27T12:06:00.130Z</time>
      </trkpt>
      <trkpt lat="43.338541" lon="3.536443">
        <ele>0.791269</ele>
        <time>2026-07-27T12:06:01.011Z</time>
      </trkpt>
      <trkpt lat="43.338365" lon="3.536570">
        <ele>0.800000</ele>
        <time>2026-07-27T12:06:04.324Z</time>
      </trkpt>
      <trkpt lat="43.338073" lon="3.536657">
        <ele>0.819954</ele>
        <time>2026-07-27T12:06:09.734Z</time>
      </trkpt>
      <trkpt lat="43.337867" lon="3.536686">
        <ele>0.820559</ele>
        <time>2026-07-27T12:06:13.673Z</time>
      </trkpt>
      <trkpt lat="43.337468" lon="3.536754">
        <ele>0.401065</ele>
        <time>2026-07-27T12:06:19.445Z</time>
      </trkpt>
      <trkpt lat="43.337322" lon="3.536782">
        <ele>0.269609</ele>
        <time>2026-07-27T12:06:21.569Z</time>
      </trkpt>
      <trkpt lat="43.337180" lon="3.536805">
        <ele>0.251932</ele>
        <time>2026-07-27T12:06:24.148Z</time>
      </trkpt>
      <trkpt lat="43.337096" lon="3.536812">
        <ele>0.252643</ele>
        <time>2026-07-27T12:06:25.778Z</time>
      </trkpt>
      <trkpt lat="43.336927" lon="3.536818">
        <ele>0.271029</ele>
        <time>2026-07-27T12:06:31.144Z</time>
      </trkpt>
      <trkpt lat="43.336354" lon="3.536831">
        <ele>-0.160473</ele>
        <time>2026-07-27T12:06:48.240Z</time>
      </trkpt>
      <trkpt lat="43.335771" lon="3.536688">
        <ele>-0.293214</ele>
        <time>2026-07-27T12:07:06.792Z</time>
      </trkpt>
      <trkpt lat="43.335446" lon="3.536533">
        <ele>-0.300000</ele>
        <time>2026-07-27T12:07:17.676Z</time>
      </trkpt>
      <trkpt lat="43.334825" lon="3.536345">
        <ele>-0.300000</ele>
        <time>2026-07-27T12:07:37.896Z</time>
      </trkpt>
      <trkpt lat="43.333971" lon="3.536050">
        <ele>-0.319027</ele>
        <time>2026-07-27T12:08:05.740Z</time>
      </trkpt>
      <trkpt lat="43.333697" lon="3.535918">
        <ele>-0.399878</ele>
        <time>2026-07-27T12:08:14.744Z</time>
      </trkpt>
      <trkpt lat="43.333410" lon="3.535841">
        <ele>-0.505418</ele>
        <time>2026-07-27T12:08:23.684Z</time>
      </trkpt>
      <trkpt lat="43.332677" lon="3.535559">
        <ele>-0.871292</ele>
        <time>2026-07-27T12:08:46.924Z</time>
      </trkpt>
      <trkpt lat="43.332393" lon="3.535489">
        <ele>-0.869182</ele>
        <time>2026-07-27T12:08:56.013Z</time>
      </trkpt>
      <trkpt lat="43.332229" lon="3.535506">
        <ele>-0.841546</ele>
        <time>2026-07-27T12:09:01.434Z</time>
      </trkpt>
      <trkpt lat="43.332082" lon="3.535454">
        <ele>-0.845884</ele>
        <time>2026-07-27T12:09:06.375Z</time>
      </trkpt>
      <trkpt lat="43.331298" lon="3.534427">
        <ele>-2.045327</ele>
        <time>2026-07-27T12:09:37.726Z</time>
      </trkpt>
      <trkpt lat="43.331067" lon="3.534142">
        <ele>-1.974662</ele>
        <time>2026-07-27T12:09:44.149Z</time>
      </trkpt>
      <trkpt lat="43.330540" lon="3.533575">
        <ele>-1.517639</ele>
        <time>2026-07-27T12:09:59.634Z</time>
      </trkpt>
      <trkpt lat="43.329324" lon="3.532359">
        <ele>-0.796412</ele>
        <time>2026-07-27T12:10:32.510Z</time>
      </trkpt>
      <trkpt lat="43.329267" lon="3.532134">
        <ele>-0.741298</ele>
        <time>2026-07-27T12:10:36.304Z</time>
      </trkpt>
      <trkpt lat="43.328911" lon="3.532068">
        <ele>-0.780639</ele>
        <time>2026-07-27T12:10:42.158Z</time>
      </trkpt>
      <trkpt lat="43.327921" lon="3.531543">
        <ele>-0.801942</ele>
        <time>2026-07-27T12:11:00.100Z</time>
      </trkpt>
      <trkpt lat="43.327824" lon="3.531499">
        <ele>-0.824196</ele>
        <time>2026-07-27T12:11:01.797Z</time>
      </trkpt>
      <trkpt lat="43.327095" lon="3.531172">
        <ele>-1.002411</ele>
        <time>2026-07-27T12:11:14.366Z</time>
      </trkpt>
      <trkpt lat="43.326498" lon="3.530998">
        <ele>-1.182300</ele>
        <time>2026-07-27T12:11:24.330Z</time>
      </trkpt>
      <trkpt lat="43.326267" lon="3.530969">
        <ele>-1.181256</ele>
        <time>2026-07-27T12:11:28.264Z</time>
      </trkpt>
      <trkpt lat="43.325133" lon="3.531083">
        <ele>-0.817563</ele>
        <time>2026-07-27T12:11:49.653Z</time>
      </trkpt>
      <trkpt lat="43.324560" lon="3.531194">
        <ele>-0.796502</ele>
        <time>2026-07-27T12:11:59.718Z</time>
      </trkpt>
      <trkpt lat="43.324443" lon="3.531193">
        <ele>-0.790042</ele>
        <time>2026-07-27T12:12:01.769Z</time>
      </trkpt>
      <trkpt lat="43.324002" lon="3.531191">
        <ele>-0.675761</ele>
        <time>2026-07-27T12:12:09.643Z</time>
      </trkpt>
      <trkpt lat="43.323066" lon="3.531231">
        <ele>0.003270</ele>
        <time>2026-07-27T12:12:28.938Z</time>
      </trkpt>
      <trkpt lat="43.321644" lon="3.531292">
        <ele>1.133767</ele>
        <time>2026-07-27T12:12:58.473Z</time>
      </trkpt>
      <trkpt lat="43.321602" lon="3.531390">
        <ele>1.116634</ele>
        <time>2026-07-27T12:12:59.972Z</time>
      </trkpt>
      <trkpt lat="43.321547" lon="3.531734">
        <ele>0.983172</ele>
        <time>2026-07-27T12:13:03.758Z</time>
      </trkpt>
      <trkpt lat="43.321500" lon="3.531777">
        <ele>0.948753</ele>
        <time>2026-07-27T12:13:04.724Z</time>
      </trkpt>
      <trkpt lat="43.321454" lon="3.531777">
        <ele>0.966346</ele>
        <time>2026-07-27T12:13:05.609Z</time>
      </trkpt>
      <trkpt lat="43.321317" lon="3.531715">
        <ele>1.021509</ele>
        <time>2026-07-27T12:13:08.420Z</time>
      </trkpt>
      <trkpt lat="43.321321" lon="3.531527">
        <ele>1.087843</ele>
        <time>2026-07-27T12:13:11.062Z</time>
      </trkpt>
      <trkpt lat="43.321360" lon="3.531406">
        <ele>1.137419</ele>
        <time>2026-07-27T12:13:12.890Z</time>
      </trkpt>
      <trkpt lat="43.321392" lon="3.531374">
        <ele>1.142938</ele>
        <time>2026-07-27T12:13:13.614Z</time>
      </trkpt>
      <trkpt lat="43.321421" lon="3.531382">
        <ele>1.131929</ele>
        <time>2026-07-27T12:13:14.123Z</time>
      </trkpt>
      <trkpt lat="43.321434" lon="3.531425">
        <ele>1.119319</ele>
        <time>2026-07-27T12:13:14.685Z</time>
      </trkpt>
      <trkpt lat="43.321374" lon="3.531704">
        <ele>1.020505</ele>
        <time>2026-07-27T12:13:17.993Z</time>
      </trkpt>
      <trkpt lat="43.321320" lon="3.531983">
        <ele>0.840201</ele>
        <time>2026-07-27T12:13:21.884Z</time>
      </trkpt>
      <trkpt lat="43.321257" lon="3.532285">
        <ele>0.493641</ele>
        <time>2026-07-27T12:13:25.615Z</time>
      </trkpt>
      <trkpt lat="43.321225" lon="3.532326">
        <ele>0.414928</ele>
        <time>2026-07-27T12:13:26.322Z</time>
      </trkpt>
      <trkpt lat="43.321168" lon="3.532549">
        <ele>0.142723</ele>
        <time>2026-07-27T12:13:29.026Z</time>
      </trkpt>
      <trkpt lat="43.321091" lon="3.533306">
        <ele>-0.337214</ele>
        <time>2026-07-27T12:13:38.296Z</time>
      </trkpt>
      <trkpt lat="43.320995" lon="3.534143">
        <ele>-0.170876</ele>
        <time>2026-07-27T12:13:50.673Z</time>
      </trkpt>
      <trkpt lat="43.320930" lon="3.534453">
        <ele>-0.033543</ele>
        <time>2026-07-27T12:13:56.280Z</time>
      </trkpt>
      <trkpt lat="43.320901" lon="3.534543">
        <ele>0.004697</ele>
        <time>2026-07-27T12:13:57.917Z</time>
      </trkpt>
      <trkpt lat="43.320850" lon="3.534588">
        <ele>0.028690</ele>
        <time>2026-07-27T12:13:59.183Z</time>
      </trkpt>
      <trkpt lat="43.320774" lon="3.534588">
        <ele>0.018421</ele>
        <time>2026-07-27T12:14:00.663Z</time>
      </trkpt>
      <trkpt lat="43.320641" lon="3.534562">
        <ele>0.000269</ele>
        <time>2026-07-27T12:14:03.241Z</time>
      </trkpt>
      <trkpt lat="43.320288" lon="3.534336">
        <ele>0.034789</ele>
        <time>2026-07-27T12:14:10.980Z</time>
      </trkpt>
      <trkpt lat="43.320273" lon="3.534354">
        <ele>0.039050</ele>
        <time>2026-07-27T12:14:11.406Z</time>
      </trkpt>
      <trkpt lat="43.320271" lon="3.534507">
        <ele>0.110142</ele>
        <time>2026-07-27T12:14:13.870Z</time>
      </trkpt>
      <trkpt lat="43.320337" lon="3.534925">
        <ele>0.386321</ele>
        <time>2026-07-27T12:14:21.025Z</time>
      </trkpt>
      <trkpt lat="43.320342" lon="3.535118">
        <ele>0.482685</ele>
        <time>2026-07-27T12:14:24.119Z</time>
      </trkpt>
      <trkpt lat="43.320456" lon="3.535436">
        <ele>0.578294</ele>
        <time>2026-07-27T12:14:29.454Z</time>
      </trkpt>
      <trkpt lat="43.320462" lon="3.535611">
        <ele>0.601333</ele>
        <time>2026-07-27T12:14:31.893Z</time>
      </trkpt>
      <trkpt lat="43.320546" lon="3.535783">
        <ele>0.631081</ele>
        <time>2026-07-27T12:14:34.757Z</time>
      </trkpt>
      <trkpt lat="43.320552" lon="3.535829">
        <ele>0.637792</ele>
        <time>2026-07-27T12:14:35.447Z</time>
      </trkpt>
      <trkpt lat="43.320505" lon="3.535853">
        <ele>0.660118</ele>
        <time>2026-07-27T12:14:36.538Z</time>
      </trkpt>
      <trkpt lat="43.320506" lon="3.535897">
        <ele>0.690173</ele>
        <time>2026-07-27T12:14:37.261Z</time>
      </trkpt>
      <trkpt lat="43.320509" lon="3.536035">
        <ele>0.784433</ele>
        <time>2026-07-27T12:14:39.659Z</time>
      </trkpt>
      <trkpt lat="43.320593" lon="3.536140">
        <ele>0.867545</ele>
        <time>2026-07-27T12:14:42.304Z</time>
      </trkpt>
      <trkpt lat="43.320638" lon="3.536254">
        <ele>0.897823</ele>
        <time>2026-07-27T12:14:44.300Z</time>
      </trkpt>
      <trkpt lat="43.320869" lon="3.536596">
        <ele>0.989303</ele>
        <time>2026-07-27T12:14:50.886Z</time>
      </trkpt>
      <trkpt lat="43.321040" lon="3.536952">
        <ele>0.970455</ele>
        <time>2026-07-27T12:14:56.683Z</time>
      </trkpt>
      <trkpt lat="43.321112" lon="3.537151">
        <ele>0.946314</ele>
        <time>2026-07-27T12:14:59.667Z</time>
      </trkpt>
      <trkpt lat="43.321221" lon="3.537764">
        <ele>1.110729</ele>
        <time>2026-07-27T12:15:08.972Z</time>
      </trkpt>
      <trkpt lat="43.321207" lon="3.538177">
        <ele>1.305034</ele>
        <time>2026-07-27T12:15:15.462Z</time>
      </trkpt>
      <trkpt lat="43.321168" lon="3.538351">
        <ele>1.398935</ele>
        <time>2026-07-27T12:15:18.407Z</time>
      </trkpt>
      <trkpt lat="43.321119" lon="3.538518">
        <ele>1.493543</ele>
        <time>2026-07-27T12:15:21.337Z</time>
      </trkpt>
      <trkpt lat="43.321029" lon="3.538700">
        <ele>1.601195</ele>
        <time>2026-07-27T12:15:24.923Z</time>
      </trkpt>
      <trkpt lat="43.320384" lon="3.539616">
        <ele>2.110772</ele>
        <time>2026-07-27T12:15:45.187Z</time>
      </trkpt>
      <trkpt lat="43.320174" lon="3.539925">
        <ele>1.921240</ele>
        <time>2026-07-27T12:15:49.800Z</time>
      </trkpt>
      <trkpt lat="43.319977" lon="3.540282">
        <ele>1.755923</ele>
        <time>2026-07-27T12:15:55.621Z</time>
      </trkpt>
      <trkpt lat="43.319893" lon="3.540497">
        <ele>1.608569</ele>
        <time>2026-07-27T12:15:58.554Z</time>
      </trkpt>
      <trkpt lat="43.319776" lon="3.540910">
        <ele>1.298185</ele>
        <time>2026-07-27T12:16:03.871Z</time>
      </trkpt>
      <trkpt lat="43.319648" lon="3.541747">
        <ele>0.720987</ele>
        <time>2026-07-27T12:16:14.184Z</time>
      </trkpt>
      <trkpt lat="43.319458" lon="3.542519">
        <ele>0.342060</ele>
        <time>2026-07-27T12:16:24.500Z</time>
      </trkpt>
      <trkpt lat="43.319326" lon="3.543094">
        <ele>0.579918</ele>
        <time>2026-07-27T12:16:33.759Z</time>
      </trkpt>
      <trkpt lat="43.319304" lon="3.543367">
        <ele>0.580064</ele>
        <time>2026-07-27T12:16:37.660Z</time>
      </trkpt>
      <trkpt lat="43.319324" lon="3.544866">
        <ele>0.090893</ele>
        <time>2026-07-27T12:16:56.855Z</time>
      </trkpt>
      <trkpt lat="43.319326" lon="3.545040">
        <ele>0.095585</ele>
        <time>2026-07-27T12:16:59.190Z</time>
      </trkpt>
      <trkpt lat="43.319437" lon="3.545489">
        <ele>0.375994</ele>
        <time>2026-07-27T12:17:07.444Z</time>
      </trkpt>
      <trkpt lat="43.319376" lon="3.545705">
        <ele>0.511875</ele>
        <time>2026-07-27T12:17:11.575Z</time>
      </trkpt>
      <trkpt lat="43.319395" lon="3.545759">
        <ele>0.544038</ele>
        <time>2026-07-27T12:17:12.579Z</time>
      </trkpt>
      <trkpt lat="43.319445" lon="3.545901">
        <ele>0.587471</ele>
        <time>2026-07-27T12:17:15.053Z</time>
      </trkpt>
      <trkpt lat="43.319466" lon="3.545947">
        <ele>0.590518</ele>
        <time>2026-07-27T12:17:15.873Z</time>
      </trkpt>
      <trkpt lat="43.319442" lon="3.545991">
        <ele>0.593604</ele>
        <time>2026-07-27T12:17:16.724Z</time>
      </trkpt>
      <trkpt lat="43.319416" lon="3.546184">
        <ele>0.607161</ele>
        <time>2026-07-27T12:17:19.650Z</time>
      </trkpt>
      <trkpt lat="43.319349" lon="3.546437">
        <ele>0.636760</ele>
        <time>2026-07-27T12:17:23.529Z</time>
      </trkpt>
      <trkpt lat="43.319362" lon="3.546492">
        <ele>0.650187</ele>
        <time>2026-07-27T12:17:24.422Z</time>
      </trkpt>
      <trkpt lat="43.319310" lon="3.546507">
        <ele>0.667143</ele>
        <time>2026-07-27T12:17:25.471Z</time>
      </trkpt>
      <trkpt lat="43.319227" lon="3.546547">
        <ele>0.695213</ele>
        <time>2026-07-27T12:17:27.178Z</time>
      </trkpt>
      <trkpt lat="43.319170" lon="3.546577">
        <ele>0.691134</ele>
        <time>2026-07-27T12:17:28.294Z</time>
      </trkpt>
      <trkpt lat="43.319695" lon="3.548164">
        <ele>0.502212</ele>
        <time>2026-07-27T12:17:49.335Z</time>
      </trkpt>
      <trkpt lat="43.320076" lon="3.549416">
        <ele>0.462264</ele>
        <time>2026-07-27T12:18:05.885Z</time>
      </trkpt>
      <trkpt lat="43.320148" lon="3.549653">
        <ele>0.644713</ele>
        <time>2026-07-27T12:18:09.880Z</time>
      </trkpt>
      <trkpt lat="43.320229" lon="3.549925">
        <ele>1.094399</ele>
        <time>2026-07-27T12:18:15.939Z</time>
      </trkpt>
      <trkpt lat="43.320314" lon="3.550208">
        <ele>1.513337</ele>
        <time>2026-07-27T12:18:22.092Z</time>
      </trkpt>
      <trkpt lat="43.320840" lon="3.551903">
        <ele>0.856335</ele>
        <time>2026-07-27T12:18:43.128Z</time>
      </trkpt>
      <trkpt lat="43.320869" lon="3.551953">
        <ele>0.778093</ele>
        <time>2026-07-27T12:18:43.760Z</time>
      </trkpt>
      <trkpt lat="43.321018" lon="3.552434">
        <ele>0.191699</ele>
        <time>2026-07-27T12:18:49.675Z</time>
      </trkpt>
      <trkpt lat="43.321086" lon="3.552632">
        <ele>0.234045</ele>
        <time>2026-07-27T12:18:52.544Z</time>
      </trkpt>
      <trkpt lat="43.321340" lon="3.553437">
        <ele>0.773942</ele>
        <time>2026-07-27T12:19:06.506Z</time>
      </trkpt>
      <trkpt lat="43.321653" lon="3.554241">
        <ele>1.167261</ele>
        <time>2026-07-27T12:19:19.330Z</time>
      </trkpt>
      <trkpt lat="43.321858" lon="3.554670">
        <ele>1.203092</ele>
        <time>2026-07-27T12:19:26.051Z</time>
      </trkpt>
      <trkpt lat="43.322513" lon="3.555863">
        <ele>1.306799</ele>
        <time>2026-07-27T12:19:45.046Z</time>
      </trkpt>
      <trkpt lat="43.323177" lon="3.557065">
        <ele>1.595096</ele>
        <time>2026-07-27T12:20:04.953Z</time>
      </trkpt>
      <trkpt lat="43.323895" lon="3.558384">
        <ele>1.793914</ele>
        <time>2026-07-27T12:20:26.367Z</time>
      </trkpt>
      <trkpt lat="43.324136" lon="3.558827">
        <ele>1.800000</ele>
        <time>2026-07-27T12:20:33.545Z</time>
      </trkpt>
      <trkpt lat="43.324270" lon="3.559138">
        <ele>1.795533</ele>
        <time>2026-07-27T12:20:38.074Z</time>
      </trkpt>
      <trkpt lat="43.324333" lon="3.559204">
        <ele>1.772181</ele>
        <time>2026-07-27T12:20:39.329Z</time>
      </trkpt>
      <trkpt lat="43.324437" lon="3.559401">
        <ele>1.734151</ele>
        <time>2026-07-27T12:20:42.020Z</time>
      </trkpt>
      <trkpt lat="43.324706" lon="3.559940">
        <ele>1.772253</ele>
        <time>2026-07-27T12:20:50.720Z</time>
      </trkpt>
      <trkpt lat="43.324717" lon="3.560119">
        <ele>1.750017</ele>
        <time>2026-07-27T12:20:52.923Z</time>
      </trkpt>
      <trkpt lat="43.324745" lon="3.560163">
        <ele>1.733667</ele>
        <time>2026-07-27T12:20:53.568Z</time>
      </trkpt>
      <trkpt lat="43.324790" lon="3.560240">
        <ele>1.687307</ele>
        <time>2026-07-27T12:20:54.624Z</time>
      </trkpt>
      <trkpt lat="43.324809" lon="3.560278">
        <ele>1.665664</ele>
        <time>2026-07-27T12:20:55.121Z</time>
      </trkpt>
      <trkpt lat="43.324945" lon="3.560322">
        <ele>1.600809</ele>
        <time>2026-07-27T12:20:57.340Z</time>
      </trkpt>
      <trkpt lat="43.325183" lon="3.560706">
        <ele>1.587856</ele>
        <time>2026-07-27T12:21:03.855Z</time>
      </trkpt>
      <trkpt lat="43.325394" lon="3.561104">
        <ele>1.490957</ele>
        <time>2026-07-27T12:21:09.563Z</time>
      </trkpt>
      <trkpt lat="43.325675" lon="3.561587">
        <ele>1.290621</ele>
        <time>2026-07-27T12:21:16.832Z</time>
      </trkpt>
      <trkpt lat="43.325972" lon="3.562180">
        <ele>1.065900</ele>
        <time>2026-07-27T12:21:25.115Z</time>
      </trkpt>
      <trkpt lat="43.326017" lon="3.562320">
        <ele>1.058841</ele>
        <time>2026-07-27T12:21:27.272Z</time>
      </trkpt>
      <trkpt lat="43.326028" lon="3.562525">
        <ele>1.068589</ele>
        <time>2026-07-27T12:21:30.092Z</time>
      </trkpt>
      <trkpt lat="43.326058" lon="3.562560">
        <ele>1.060880</ele>
        <time>2026-07-27T12:21:30.690Z</time>
      </trkpt>
      <trkpt lat="43.326128" lon="3.562579">
        <ele>1.017039</ele>
        <time>2026-07-27T12:21:31.720Z</time>
      </trkpt>
      <trkpt lat="43.326157" lon="3.562654">
        <ele>0.979074</ele>
        <time>2026-07-27T12:21:32.615Z</time>
      </trkpt>
      <trkpt lat="43.326562" lon="3.563712">
        <ele>1.208667</ele>
        <time>2026-07-27T12:21:48.429Z</time>
      </trkpt>
      <trkpt lat="43.326750" lon="3.564198">
        <ele>1.418791</ele>
        <time>2026-07-27T12:21:56.591Z</time>
      </trkpt>
      <trkpt lat="43.326985" lon="3.564803">
        <ele>1.704765</ele>
        <time>2026-07-27T12:22:06.614Z</time>
      </trkpt>
      <trkpt lat="43.327362" lon="3.565743">
        <ele>1.109262</ele>
        <time>2026-07-27T12:22:18.474Z</time>
      </trkpt>
      <trkpt lat="43.327546" lon="3.566156">
        <ele>0.931490</ele>
        <time>2026-07-27T12:22:23.872Z</time>
      </trkpt>
      <trkpt lat="43.327789" lon="3.566614">
        <ele>0.900000</ele>
        <time>2026-07-27T12:22:30.885Z</time>
      </trkpt>
      <trkpt lat="43.327812" lon="3.566659">
        <ele>0.900000</ele>
        <time>2026-07-27T12:22:31.627Z</time>
      </trkpt>
      <trkpt lat="43.328303" lon="3.567563">
        <ele>0.884468</ele>
        <time>2026-07-27T12:22:45.967Z</time>
      </trkpt>
      <trkpt lat="43.329097" lon="3.568591">
        <ele>0.604423</ele>
        <time>2026-07-27T12:23:03.775Z</time>
      </trkpt>
      <trkpt lat="43.330542" lon="3.570299">
        <ele>0.320398</ele>
        <time>2026-07-27T12:23:35.473Z</time>
      </trkpt>
      <trkpt lat="43.331287" lon="3.571125">
        <ele>0.495366</ele>
        <time>2026-07-27T12:23:52.570Z</time>
      </trkpt>
      <trkpt lat="43.332025" lon="3.572027">
        <ele>0.591537</ele>
        <time>2026-07-27T12:24:10.225Z</time>
      </trkpt>
      <trkpt lat="43.333421" lon="3.573689">
        <ele>0.529836</ele>
        <time>2026-07-27T12:24:41.325Z</time>
      </trkpt>
      <trkpt lat="43.333881" lon="3.574183">
        <ele>0.694517</ele>
        <time>2026-07-27T12:24:52.399Z</time>
      </trkpt>
      <trkpt lat="43.334347" lon="3.574770">
        <ele>0.793344</ele>
        <time>2026-07-27T12:25:03.553Z</time>
      </trkpt>
      <trkpt lat="43.334756" lon="3.575064">
        <ele>0.761701</ele>
        <time>2026-07-27T12:25:11.452Z</time>
      </trkpt>
      <trkpt lat="43.334837" lon="3.575089">
        <ele>0.735055</ele>
        <time>2026-07-27T12:25:12.776Z</time>
      </trkpt>
      <trkpt lat="43.334890" lon="3.575060">
        <ele>0.713260</ele>
        <time>2026-07-27T12:25:13.663Z</time>
      </trkpt>
      <trkpt lat="43.335148" lon="3.574677">
        <ele>0.587631</ele>
        <time>2026-07-27T12:25:19.751Z</time>
      </trkpt>
      <trkpt lat="43.335223" lon="3.574522">
        <ele>0.529063</ele>
        <time>2026-07-27T12:25:22.018Z</time>
      </trkpt>
      <trkpt lat="43.335251" lon="3.574501">
        <ele>0.515268</ele>
        <time>2026-07-27T12:25:22.573Z</time>
      </trkpt>
      <trkpt lat="43.335290" lon="3.574519">
        <ele>0.511657</ele>
        <time>2026-07-27T12:25:23.266Z</time>
      </trkpt>
      <trkpt lat="43.335919" lon="3.575348">
        <ele>0.596723</ele>
        <time>2026-07-27T12:25:38.344Z</time>
      </trkpt>
      <trkpt lat="43.336523" lon="3.576144">
        <ele>0.611986</ele>
        <time>2026-07-27T12:25:52.852Z</time>
      </trkpt>
      <trkpt lat="43.337415" lon="3.577325">
        <ele>0.888924</ele>
        <time>2026-07-27T12:26:15.164Z</time>
      </trkpt>
      <trkpt lat="43.337416" lon="3.577387">
        <ele>0.891787</ele>
        <time>2026-07-27T12:26:15.978Z</time>
      </trkpt>
      <trkpt lat="43.337311" lon="3.577567">
        <ele>0.904383</ele>
        <time>2026-07-27T12:26:19.046Z</time>
      </trkpt>
      <trkpt lat="43.337320" lon="3.577682">
        <ele>0.913973</ele>
        <time>2026-07-27T12:26:20.578Z</time>
      </trkpt>
      <trkpt lat="43.337048" lon="3.578085">
        <ele>0.977957</ele>
        <time>2026-07-27T12:26:27.874Z</time>
      </trkpt>
      <trkpt lat="43.337063" lon="3.578157">
        <ele>0.975736</ele>
        <time>2026-07-27T12:26:28.773Z</time>
      </trkpt>
      <trkpt lat="43.337575" lon="3.578802">
        <ele>0.795056</ele>
        <time>2026-07-27T12:26:39.928Z</time>
      </trkpt>
      <trkpt lat="43.337772" lon="3.579039">
        <ele>0.717798</ele>
        <time>2026-07-27T12:26:44.372Z</time>
      </trkpt>
      <trkpt lat="43.339873" lon="3.581562">
        <ele>0.802586</ele>
        <time>2026-07-27T12:27:32.223Z</time>
      </trkpt>
      <trkpt lat="43.340778" lon="3.582700">
        <ele>0.915257</ele>
        <time>2026-07-27T12:27:53.758Z</time>
      </trkpt>
      <trkpt lat="43.340995" lon="3.582907">
        <ele>0.989596</ele>
        <time>2026-07-27T12:27:58.531Z</time>
      </trkpt>
      <trkpt lat="43.342955" lon="3.585313">
        <ele>1.289229</ele>
        <time>2026-07-27T12:28:45.235Z</time>
      </trkpt>
      <trkpt lat="43.344847" lon="3.587663">
        <ele>1.094824</ele>
        <time>2026-07-27T12:29:28.110Z</time>
      </trkpt>
      <trkpt lat="43.346220" lon="3.589387">
        <ele>0.706202</ele>
        <time>2026-07-27T12:29:58.757Z</time>
      </trkpt>
      <trkpt lat="43.347136" lon="3.590518">
        <ele>0.604363</ele>
        <time>2026-07-27T12:30:19.628Z</time>
      </trkpt>
      <trkpt lat="43.347159" lon="3.590545">
        <ele>0.602842</ele>
        <time>2026-07-27T12:30:20.143Z</time>
      </trkpt>
      <trkpt lat="43.347269" lon="3.590658">
        <ele>0.622889</ele>
        <time>2026-07-27T12:30:22.504Z</time>
      </trkpt>
      <trkpt lat="43.347347" lon="3.590686">
        <ele>0.644774</ele>
        <time>2026-07-27T12:30:24.001Z</time>
      </trkpt>
      <trkpt lat="43.347416" lon="3.590673">
        <ele>0.660916</ele>
        <time>2026-07-27T12:30:25.311Z</time>
      </trkpt>
      <trkpt lat="43.347494" lon="3.590621">
        <ele>0.658364</ele>
        <time>2026-07-27T12:30:26.863Z</time>
      </trkpt>
      <trkpt lat="43.347691" lon="3.590340">
        <ele>0.617950</ele>
        <time>2026-07-27T12:30:31.617Z</time>
      </trkpt>
      <trkpt lat="43.347825" lon="3.590301">
        <ele>0.600992</ele>
        <time>2026-07-27T12:30:33.899Z</time>
      </trkpt>
      <trkpt lat="43.347905" lon="3.590351">
        <ele>0.600440</ele>
        <time>2026-07-27T12:30:35.368Z</time>
      </trkpt>
      <trkpt lat="43.348114" lon="3.590578">
        <ele>0.579770</ele>
        <time>2026-07-27T12:30:39.776Z</time>
      </trkpt>
      <trkpt lat="43.348301" lon="3.590628">
        <ele>0.523526</ele>
        <time>2026-07-27T12:30:42.929Z</time>
      </trkpt>
      <trkpt lat="43.348323" lon="3.590641">
        <ele>0.515649</ele>
        <time>2026-07-27T12:30:43.326Z</time>
      </trkpt>
      <trkpt lat="43.348390" lon="3.590681">
        <ele>0.502805</ele>
        <time>2026-07-27T12:30:44.548Z</time>
      </trkpt>
      <trkpt lat="43.349447" lon="3.592357">
        <ele>0.500000</ele>
        <time>2026-07-27T12:31:12.323Z</time>
      </trkpt>
      <trkpt lat="43.349775" lon="3.592602">
        <ele>0.496049</ele>
        <time>2026-07-27T12:31:18.543Z</time>
      </trkpt>
      <trkpt lat="43.350274" lon="3.593348">
        <ele>0.381642</ele>
        <time>2026-07-27T12:31:30.847Z</time>
      </trkpt>
      <trkpt lat="43.350427" lon="3.593427">
        <ele>0.317335</ele>
        <time>2026-07-27T12:31:33.572Z</time>
      </trkpt>
      <trkpt lat="43.350548" lon="3.593540">
        <ele>0.305961</ele>
        <time>2026-07-27T12:31:36.015Z</time>
      </trkpt>
      <trkpt lat="43.351052" lon="3.594333">
        <ele>0.300000</ele>
        <time>2026-07-27T12:31:49.061Z</time>
      </trkpt>
      <trkpt lat="43.351343" lon="3.594548">
        <ele>0.299221</ele>
        <time>2026-07-27T12:31:54.619Z</time>
      </trkpt>
      <trkpt lat="43.351452" lon="3.594683">
        <ele>0.294070</ele>
        <time>2026-07-27T12:31:57.096Z</time>
      </trkpt>
      <trkpt lat="43.351942" lon="3.595564">
        <ele>0.230914</ele>
        <time>2026-07-27T12:32:10.830Z</time>
      </trkpt>
      <trkpt lat="43.352545" lon="3.596543">
        <ele>0.688593</ele>
        <time>2026-07-27T12:32:28.712Z</time>
      </trkpt>
      <trkpt lat="43.352867" lon="3.596998">
        <ele>0.800342</ele>
        <time>2026-07-27T12:32:37.338Z</time>
      </trkpt>
      <trkpt lat="43.353137" lon="3.597475">
        <ele>0.892472</ele>
        <time>2026-07-27T12:32:45.226Z</time>
      </trkpt>
      <trkpt lat="43.353216" lon="3.597568">
        <ele>0.913183</ele>
        <time>2026-07-27T12:32:47.095Z</time>
      </trkpt>
      <trkpt lat="43.353523" lon="3.597764">
        <ele>0.988884</ele>
        <time>2026-07-27T12:32:53.185Z</time>
      </trkpt>
      <trkpt lat="43.354081" lon="3.598642">
        <ele>0.997209</ele>
        <time>2026-07-27T12:33:07.851Z</time>
      </trkpt>
      <trkpt lat="43.354110" lon="3.598689">
        <ele>0.996361</ele>
        <time>2026-07-27T12:33:08.610Z</time>
      </trkpt>
      <trkpt lat="43.354838" lon="3.599818">
        <ele>0.888301</ele>
        <time>2026-07-27T12:33:26.937Z</time>
      </trkpt>
      <trkpt lat="43.355135" lon="3.599876">
        <ele>0.811748</ele>
        <time>2026-07-27T12:33:31.950Z</time>
      </trkpt>
      <trkpt lat="43.355254" lon="3.599986">
        <ele>0.807797</ele>
        <time>2026-07-27T12:33:34.377Z</time>
      </trkpt>
      <trkpt lat="43.356039" lon="3.601194">
        <ele>0.897240</ele>
        <time>2026-07-27T12:33:54.703Z</time>
      </trkpt>
      <trkpt lat="43.356293" lon="3.601407">
        <ele>0.894195</ele>
        <time>2026-07-27T12:33:59.832Z</time>
      </trkpt>
      <trkpt lat="43.357776" lon="3.603699">
        <ele>0.692947</ele>
        <time>2026-07-27T12:34:37.505Z</time>
      </trkpt>
      <trkpt lat="43.357874" lon="3.603753">
        <ele>0.663984</ele>
        <time>2026-07-27T12:34:39.234Z</time>
      </trkpt>
      <trkpt lat="43.357994" lon="3.603731">
        <ele>0.625292</ele>
        <time>2026-07-27T12:34:41.174Z</time>
      </trkpt>
      <trkpt lat="43.358081" lon="3.603750">
        <ele>0.590433</ele>
        <time>2026-07-27T12:34:42.586Z</time>
      </trkpt>
      <trkpt lat="43.358144" lon="3.603778">
        <ele>0.564233</ele>
        <time>2026-07-27T12:34:43.648Z</time>
      </trkpt>
      <trkpt lat="43.358200" lon="3.603850">
        <ele>0.541965</ele>
        <time>2026-07-27T12:34:44.875Z</time>
      </trkpt>
      <trkpt lat="43.358893" lon="3.604951">
        <ele>0.306301</ele>
        <time>2026-07-27T12:35:02.353Z</time>
      </trkpt>
      <trkpt lat="43.360186" lon="3.607093">
        <ele>0.299624</ele>
        <time>2026-07-27T12:35:36.944Z</time>
      </trkpt>
      <trkpt lat="43.360266" lon="3.607205">
        <ele>0.256628</ele>
        <time>2026-07-27T12:35:38.775Z</time>
      </trkpt>
      <trkpt lat="43.360340" lon="3.607225">
        <ele>0.224466</ele>
        <time>2026-07-27T12:35:39.950Z</time>
      </trkpt>
      <trkpt lat="43.360409" lon="3.607213">
        <ele>0.195733</ele>
        <time>2026-07-27T12:35:41.039Z</time>
      </trkpt>
      <trkpt lat="43.360600" lon="3.607049">
        <ele>0.123985</ele>
        <time>2026-07-27T12:35:44.793Z</time>
      </trkpt>
      <trkpt lat="43.360679" lon="3.607017">
        <ele>0.147888</ele>
        <time>2026-07-27T12:35:46.246Z</time>
      </trkpt>
      <trkpt lat="43.360773" lon="3.607027">
        <ele>0.175251</ele>
        <time>2026-07-27T12:35:47.941Z</time>
      </trkpt>
      <trkpt lat="43.360866" lon="3.607104">
        <ele>0.194790</ele>
        <time>2026-07-27T12:35:49.874Z</time>
      </trkpt>
      <trkpt lat="43.363147" lon="3.610795">
        <ele>0.705252</ele>
        <time>2026-07-27T12:36:52.706Z</time>
      </trkpt>
      <trkpt lat="43.363353" lon="3.611128">
        <ele>0.782747</ele>
        <time>2026-07-27T12:36:58.372Z</time>
      </trkpt>
      <trkpt lat="43.363948" lon="3.612050">
        <ele>0.877387</ele>
        <time>2026-07-27T12:37:14.259Z</time>
      </trkpt>
      <trkpt lat="43.364870" lon="3.613552">
        <ele>0.690739</ele>
        <time>2026-07-27T12:37:38.167Z</time>
      </trkpt>
      <trkpt lat="43.365027" lon="3.613887">
        <ele>0.607557</ele>
        <time>2026-07-27T12:37:42.883Z</time>
      </trkpt>
      <trkpt lat="43.365504" lon="3.614688">
        <ele>0.510899</ele>
        <time>2026-07-27T12:37:55.213Z</time>
      </trkpt>
      <trkpt lat="43.366007" lon="3.615467">
        <ele>0.500000</ele>
        <time>2026-07-27T12:38:08.427Z</time>
      </trkpt>
      <trkpt lat="43.366137" lon="3.615738">
        <ele>0.500000</ele>
        <time>2026-07-27T12:38:12.607Z</time>
      </trkpt>
      <trkpt lat="43.366354" lon="3.616009">
        <ele>0.486858</ele>
        <time>2026-07-27T12:38:17.518Z</time>
      </trkpt>
      <trkpt lat="43.366591" lon="3.615748">
        <ele>0.397554</ele>
        <time>2026-07-27T12:38:22.918Z</time>
      </trkpt>
      <trkpt lat="43.366823" lon="3.615563">
        <ele>0.341193</ele>
        <time>2026-07-27T12:38:27.344Z</time>
      </trkpt>
      <trkpt lat="43.367017" lon="3.615734">
        <ele>0.397706</ele>
        <time>2026-07-27T12:38:35.367Z</time>
      </trkpt>
      <trkpt lat="43.367192" lon="3.616018">
        <ele>0.478968</ele>
        <time>2026-07-27T12:38:44.829Z</time>
      </trkpt>
      <trkpt lat="43.367489" lon="3.616462">
        <ele>0.397947</ele>
        <time>2026-07-27T12:38:59.465Z</time>
      </trkpt>
      <trkpt lat="43.367754" lon="3.616790">
        <ele>0.322122</ele>
        <time>2026-07-27T12:39:11.287Z</time>
      </trkpt>
      <trkpt lat="43.368303" lon="3.617165">
        <ele>0.301164</ele>
        <time>2026-07-27T12:39:31.762Z</time>
      </trkpt>
      <trkpt lat="43.368463" lon="3.617305">
        <ele>0.307713</ele>
        <time>2026-07-27T12:39:38.217Z</time>
      </trkpt>
      <trkpt lat="43.368996" lon="3.618103">
        <ele>0.459534</ele>
        <time>2026-07-27T12:40:05.569Z</time>
      </trkpt>
      <trkpt lat="43.369681" lon="3.619233">
        <ele>0.031759</ele>
        <time>2026-07-27T12:40:40.410Z</time>
      </trkpt>
      <trkpt lat="43.372707" lon="3.624036">
        <ele>0.043621</ele>
        <time>2026-07-27T12:43:15.811Z</time>
      </trkpt>
      <trkpt lat="43.372615" lon="3.624016">
        <ele>0.101501</ele>
        <time>2026-07-27T12:43:19.253Z</time>
      </trkpt>
      <trkpt lat="43.372422" lon="3.624177">
        <ele>0.302623</ele>
        <time>2026-07-27T12:43:27.700Z</time>
      </trkpt>
      <trkpt lat="43.372233" lon="3.624183">
        <ele>0.454320</ele>
        <time>2026-07-27T12:43:34.232Z</time>
      </trkpt>
      <trkpt lat="43.373381" lon="3.625840">
        <ele>0.306614</ele>
        <time>2026-07-27T12:44:02.302Z</time>
      </trkpt>
      <trkpt lat="43.374599" lon="3.627638">
        <ele>0.198456</ele>
        <time>2026-07-27T12:44:32.514Z</time>
      </trkpt>
      <trkpt lat="43.375575" lon="3.628968">
        <ele>0.116412</ele>
        <time>2026-07-27T12:44:55.776Z</time>
      </trkpt>
      <trkpt lat="43.375871" lon="3.629438">
        <ele>0.191426</ele>
        <time>2026-07-27T12:45:03.776Z</time>
      </trkpt>
      <trkpt lat="43.376847" lon="3.630987">
        <ele>0.311705</ele>
        <time>2026-07-27T12:45:29.606Z</time>
      </trkpt>
      <trkpt lat="43.377043" lon="3.631291">
        <ele>0.372132</ele>
        <time>2026-07-27T12:45:35.319Z</time>
      </trkpt>
      <trkpt lat="43.377458" lon="3.631954">
        <ele>0.319985</ele>
        <time>2026-07-27T12:45:45.863Z</time>
      </trkpt>
      <trkpt lat="43.377904" lon="3.632617">
        <ele>0.361784</ele>
        <time>2026-07-27T12:45:57.450Z</time>
      </trkpt>
      <trkpt lat="43.378211" lon="3.633086">
        <ele>0.155175</ele>
        <time>2026-07-27T12:46:04.546Z</time>
      </trkpt>
      <trkpt lat="43.378892" lon="3.634152">
        <ele>0.292147</ele>
        <time>2026-07-27T12:46:23.247Z</time>
      </trkpt>
      <trkpt lat="43.378958" lon="3.634259">
        <ele>0.286900</ele>
        <time>2026-07-27T12:46:25.184Z</time>
      </trkpt>
      <trkpt lat="43.379357" lon="3.634908">
        <ele>0.211095</ele>
        <time>2026-07-27T12:46:35.323Z</time>
      </trkpt>
      <trkpt lat="43.379814" lon="3.635628">
        <ele>0.299721</ele>
        <time>2026-07-27T12:46:47.515Z</time>
      </trkpt>
      <trkpt lat="43.380284" lon="3.636388">
        <ele>0.357190</ele>
        <time>2026-07-27T12:47:00.726Z</time>
      </trkpt>
      <trkpt lat="43.380763" lon="3.637153">
        <ele>0.137112</ele>
        <time>2026-07-27T12:47:12.457Z</time>
      </trkpt>
      <trkpt lat="43.381196" lon="3.637850">
        <ele>0.270174</ele>
        <time>2026-07-27T12:47:24.725Z</time>
      </trkpt>
      <trkpt lat="43.381708" lon="3.638673">
        <ele>0.093468</ele>
        <time>2026-07-27T12:47:37.722Z</time>
      </trkpt>
      <trkpt lat="43.382181" lon="3.639434">
        <ele>-0.169661</ele>
        <time>2026-07-27T12:47:49.278Z</time>
      </trkpt>
      <trkpt lat="43.382651" lon="3.640188">
        <ele>-0.160134</ele>
        <time>2026-07-27T12:48:01.683Z</time>
      </trkpt>
      <trkpt lat="43.383100" lon="3.640916">
        <ele>0.247763</ele>
        <time>2026-07-27T12:48:15.912Z</time>
      </trkpt>
      <trkpt lat="43.383567" lon="3.641670">
        <ele>0.132926</ele>
        <time>2026-07-27T12:48:27.709Z</time>
      </trkpt>
      <trkpt lat="43.384040" lon="3.642410">
        <ele>0.458593</ele>
        <time>2026-07-27T12:48:41.716Z</time>
      </trkpt>
      <trkpt lat="43.384505" lon="3.643163">
        <ele>0.022809</ele>
        <time>2026-07-27T12:48:52.788Z</time>
      </trkpt>
      <trkpt lat="43.384983" lon="3.643905">
        <ele>-0.246006</ele>
        <time>2026-07-27T12:49:04.626Z</time>
      </trkpt>
      <trkpt lat="43.385458" lon="3.644682">
        <ele>-0.760425</ele>
        <time>2026-07-27T12:49:15.817Z</time>
      </trkpt>
      <trkpt lat="43.385912" lon="3.645397">
        <ele>-0.842842</ele>
        <time>2026-07-27T12:49:27.505Z</time>
      </trkpt>
      <trkpt lat="43.386382" lon="3.646150">
        <ele>-1.420121</ele>
        <time>2026-07-27T12:49:38.326Z</time>
      </trkpt>
      <trkpt lat="43.386852" lon="3.646904">
        <ele>-0.275949</ele>
        <time>2026-07-27T12:49:56.312Z</time>
      </trkpt>
      <trkpt lat="43.387272" lon="3.647503">
        <ele>-0.011810</ele>
        <time>2026-07-27T12:50:07.700Z</time>
      </trkpt>
      <trkpt lat="43.387445" lon="3.647754">
        <ele>0.005526</ele>
        <time>2026-07-27T12:50:12.106Z</time>
      </trkpt>
      <trkpt lat="43.387856" lon="3.648256">
        <ele>0.042363</ele>
        <time>2026-07-27T12:50:21.742Z</time>
      </trkpt>
      <trkpt lat="43.387913" lon="3.648338">
        <ele>0.012600</ele>
        <time>2026-07-27T12:50:23.039Z</time>
      </trkpt>
      <trkpt lat="43.388638" lon="3.649693">
        <ele>-0.408322</ele>
        <time>2026-07-27T12:50:42.732Z</time>
      </trkpt>
      <trkpt lat="43.388721" lon="3.649831">
        <ele>-0.463147</ele>
        <time>2026-07-27T12:50:44.725Z</time>
      </trkpt>
      <trkpt lat="43.388952" lon="3.650247">
        <ele>-0.385180</ele>
        <time>2026-07-27T12:50:52.057Z</time>
      </trkpt>
      <trkpt lat="43.389398" lon="3.651089">
        <ele>-0.018564</ele>
        <time>2026-07-27T12:51:06.833Z</time>
      </trkpt>
      <trkpt lat="43.389592" lon="3.651453">
        <ele>-0.033268</ele>
        <time>2026-07-27T12:51:12.239Z</time>
      </trkpt>
      <trkpt lat="43.389781" lon="3.651814">
        <ele>-0.173312</ele>
        <time>2026-07-27T12:51:17.344Z</time>
      </trkpt>
      <trkpt lat="43.389980" lon="3.652183">
        <ele>-0.198352</ele>
        <time>2026-07-27T12:51:23.070Z</time>
      </trkpt>
      <trkpt lat="43.389990" lon="3.652189">
        <ele>-0.198083</ele>
        <time>2026-07-27T12:51:23.270Z</time>
      </trkpt>
      <trkpt lat="43.390040" lon="3.652308">
        <ele>-0.195627</ele>
        <time>2026-07-27T12:51:25.068Z</time>
      </trkpt>
      <trkpt lat="43.390531" lon="3.653542">
        <ele>-0.091329</ele>
        <time>2026-07-27T12:51:42.940Z</time>
      </trkpt>
      <trkpt lat="43.390964" lon="3.654632">
        <ele>-0.024766</ele>
        <time>2026-07-27T12:51:59.395Z</time>
      </trkpt>
      <trkpt lat="43.391378" lon="3.655674">
        <ele>-1.124166</ele>
        <time>2026-07-27T12:52:11.499Z</time>
      </trkpt>
      <trkpt lat="43.391780" lon="3.656680">
        <ele>-1.187094</ele>
        <time>2026-07-27T12:52:26.034Z</time>
      </trkpt>
      <trkpt lat="43.392044" lon="3.657362">
        <ele>-0.926283</ele>
        <time>2026-07-27T12:52:36.430Z</time>
      </trkpt>
      <trkpt lat="43.392099" lon="3.657503">
        <ele>-0.791499</ele>
        <time>2026-07-27T12:52:39.179Z</time>
      </trkpt>
      <trkpt lat="43.392269" lon="3.657939">
        <ele>-0.269249</ele>
        <time>2026-07-27T12:52:48.145Z</time>
      </trkpt>
      <trkpt lat="43.392706" lon="3.659050">
        <ele>0.176080</ele>
        <time>2026-07-27T12:53:05.640Z</time>
      </trkpt>
      <trkpt lat="43.392792" lon="3.659258">
        <ele>0.191869</ele>
        <time>2026-07-27T12:53:08.791Z</time>
      </trkpt>
      <trkpt lat="43.393274" lon="3.660479">
        <ele>0.111849</ele>
        <time>2026-07-27T12:53:27.433Z</time>
      </trkpt>
      <trkpt lat="43.393275" lon="3.660514">
        <ele>0.110881</ele>
        <time>2026-07-27T12:53:27.914Z</time>
      </trkpt>
      <trkpt lat="43.393283" lon="3.660973">
        <ele>0.233769</ele>
        <time>2026-07-27T12:53:34.572Z</time>
      </trkpt>
      <trkpt lat="43.393290" lon="3.661430">
        <ele>0.514880</ele>
        <time>2026-07-27T12:53:42.436Z</time>
      </trkpt>
      <trkpt lat="43.393291" lon="3.661480">
        <ele>0.530455</ele>
        <time>2026-07-27T12:53:43.261Z</time>
      </trkpt>
      <trkpt lat="43.393302" lon="3.661582">
        <ele>0.537438</ele>
        <time>2026-07-27T12:53:44.736Z</time>
      </trkpt>
      <trkpt lat="43.393104" lon="3.661795">
        <ele>0.515472</ele>
        <time>2026-07-27T12:53:48.825Z</time>
      </trkpt>
      <trkpt lat="43.393088" lon="3.661910">
        <ele>0.492240</ele>
        <time>2026-07-27T12:53:50.176Z</time>
      </trkpt>
      <trkpt lat="43.393105" lon="3.662022">
        <ele>0.452366</ele>
        <time>2026-07-27T12:53:51.514Z</time>
      </trkpt>
      <trkpt lat="43.393122" lon="3.662065">
        <ele>0.433580</ele>
        <time>2026-07-27T12:53:52.104Z</time>
      </trkpt>
      <trkpt lat="43.393306" lon="3.662547">
        <ele>0.236547</ele>
        <time>2026-07-27T12:53:58.481Z</time>
      </trkpt>
      <trkpt lat="43.393319" lon="3.662584">
        <ele>0.193459</ele>
        <time>2026-07-27T12:53:58.922Z</time>
      </trkpt>
      <trkpt lat="43.393289" lon="3.662604">
        <ele>0.145363</ele>
        <time>2026-07-27T12:53:59.704Z</time>
      </trkpt>
      <trkpt lat="43.393307" lon="3.662690">
        <ele>0.051532</ele>
        <time>2026-07-27T12:54:00.765Z</time>
      </trkpt>
      <trkpt lat="43.393357" lon="3.662849">
        <ele>-0.118857</ele>
        <time>2026-07-27T12:54:02.669Z</time>
      </trkpt>
      <trkpt lat="43.393522" lon="3.663354">
        <ele>-0.383548</ele>
        <time>2026-07-27T12:54:09.472Z</time>
      </trkpt>
      <trkpt lat="43.393541" lon="3.663414">
        <ele>-0.306830</ele>
        <time>2026-07-27T12:54:10.716Z</time>
      </trkpt>
      <trkpt lat="43.393587" lon="3.663553">
        <ele>-0.127796</ele>
        <time>2026-07-27T12:54:14.082Z</time>
      </trkpt>
      <trkpt lat="43.393648" lon="3.663741">
        <ele>-0.027961</ele>
        <time>2026-07-27T12:54:18.129Z</time>
      </trkpt>
      <trkpt lat="43.393637" lon="3.663804">
        <ele>-0.010363</ele>
        <time>2026-07-27T12:54:18.999Z</time>
      </trkpt>
      <trkpt lat="43.393573" lon="3.664003">
        <ele>-0.063373</ele>
        <time>2026-07-27T12:54:22.607Z</time>
      </trkpt>
      <trkpt lat="43.393633" lon="3.664515">
        <ele>-0.279165</ele>
        <time>2026-07-27T12:54:28.583Z</time>
      </trkpt>
      <trkpt lat="43.393659" lon="3.664795">
        <ele>-0.281888</ele>
        <time>2026-07-27T12:54:32.081Z</time>
      </trkpt>
      <trkpt lat="43.393738" lon="3.665444">
        <ele>0.029010</ele>
        <time>2026-07-27T12:54:41.714Z</time>
      </trkpt>
      <trkpt lat="43.393761" lon="3.665507">
        <ele>0.080480</ele>
        <time>2026-07-27T12:54:42.862Z</time>
      </trkpt>
      <trkpt lat="43.393866" lon="3.665788">
        <ele>0.287171</ele>
        <time>2026-07-27T12:54:47.782Z</time>
      </trkpt>
      <trkpt lat="43.393897" lon="3.666016">
        <ele>0.416168</ele>
        <time>2026-07-27T12:54:51.344Z</time>
      </trkpt>
      <trkpt lat="43.394029" lon="3.666986">
        <ele>1.027281</ele>
        <time>2026-07-27T12:55:06.456Z</time>
      </trkpt>
      <trkpt lat="43.394123" lon="3.667834">
        <ele>1.013304</ele>
        <time>2026-07-27T12:55:16.979Z</time>
      </trkpt>
      <trkpt lat="43.394192" lon="3.668490">
        <ele>1.110307</ele>
        <time>2026-07-27T12:55:25.552Z</time>
      </trkpt>
      <trkpt lat="43.394269" lon="3.669543">
        <ele>1.354133</ele>
        <time>2026-07-27T12:55:40.241Z</time>
      </trkpt>
      <trkpt lat="43.394266" lon="3.669590">
        <ele>1.356898</ele>
        <time>2026-07-27T12:55:40.765Z</time>
      </trkpt>
      <trkpt lat="43.394155" lon="3.670139">
        <ele>1.138137</ele>
        <time>2026-07-27T12:55:47.016Z</time>
      </trkpt>
      <trkpt lat="43.393923" lon="3.670988">
        <ele>1.070554</ele>
        <time>2026-07-27T12:55:58.533Z</time>
      </trkpt>
      <trkpt lat="43.393855" lon="3.671229">
        <ele>0.998503</ele>
        <time>2026-07-27T12:56:01.383Z</time>
      </trkpt>
      <trkpt lat="43.393818" lon="3.671379">
        <ele>0.936226</ele>
        <time>2026-07-27T12:56:03.188Z</time>
      </trkpt>
      <trkpt lat="43.393797" lon="3.671442">
        <ele>0.956653</ele>
        <time>2026-07-27T12:56:04.051Z</time>
      </trkpt>
      <trkpt lat="43.393733" lon="3.671607">
        <ele>1.067106</ele>
        <time>2026-07-27T12:56:06.930Z</time>
      </trkpt>
      <trkpt lat="43.393326" lon="3.672366">
        <ele>2.320318</ele>
        <time>2026-07-27T12:56:24.537Z</time>
      </trkpt>
      <trkpt lat="43.392674" lon="3.673584">
        <ele>5.487054</ele>
        <time>2026-07-27T12:56:55.146Z</time>
      </trkpt>
      <trkpt lat="43.392602" lon="3.673851">
        <ele>7.276226</ele>
        <time>2026-07-27T12:57:11.790Z</time>
      </trkpt>
      <trkpt lat="43.392608" lon="3.674479">
        <ele>9.391727</ele>
        <time>2026-07-27T12:57:27.739Z</time>
      </trkpt>
      <trkpt lat="43.392679" lon="3.674815">
        <ele>9.633363</ele>
        <time>2026-07-27T12:57:32.007Z</time>
      </trkpt>
      <trkpt lat="43.392691" lon="3.674915">
        <ele>9.714884</ele>
        <time>2026-07-27T12:57:33.249Z</time>
      </trkpt>
      <trkpt lat="43.392795" lon="3.675133">
        <ele>10.255106</ele>
        <time>2026-07-27T12:57:38.616Z</time>
      </trkpt>
      <trkpt lat="43.393072" lon="3.675602">
        <ele>13.257512</ele>
        <time>2026-07-27T12:58:00.659Z</time>
      </trkpt>
      <trkpt lat="43.393219" lon="3.675844">
        <ele>14.650207</ele>
        <time>2026-07-27T12:58:11.099Z</time>
      </trkpt>
      <trkpt lat="43.393564" lon="3.676277">
        <ele>16.886773</ele>
        <time>2026-07-27T12:58:28.756Z</time>
      </trkpt>
      <trkpt lat="43.394116" lon="3.676832">
        <ele>19.743155</ele>
        <time>2026-07-27T12:58:53.480Z</time>
      </trkpt>
      <trkpt lat="43.394234" lon="3.676945">
        <ele>20.007514</ele>
        <time>2026-07-27T12:58:58.019Z</time>
      </trkpt>
      <trkpt lat="43.394330" lon="3.677017">
        <ele>20.031871</ele>
        <time>2026-07-27T12:58:59.806Z</time>
      </trkpt>
      <trkpt lat="43.394418" lon="3.677080">
        <ele>19.747479</ele>
        <time>2026-07-27T12:59:00.997Z</time>
      </trkpt>
      <trkpt lat="43.394501" lon="3.677150">
        <ele>19.481618</ele>
        <time>2026-07-27T12:59:02.164Z</time>
      </trkpt>
      <trkpt lat="43.394491" lon="3.677182">
        <ele>19.445222</ele>
        <time>2026-07-27T12:59:02.539Z</time>
      </trkpt>
      <trkpt lat="43.394423" lon="3.677401">
        <ele>19.196386</ele>
        <time>2026-07-27T12:59:05.615Z</time>
      </trkpt>
      <trkpt lat="43.394414" lon="3.677432">
        <ele>19.151483</ele>
        <time>2026-07-27T12:59:06.025Z</time>
      </trkpt>
      <trkpt lat="43.394247" lon="3.677965">
        <ele>17.953418</ele>
        <time>2026-07-27T12:59:12.009Z</time>
      </trkpt>
      <trkpt lat="43.394197" lon="3.678123">
        <ele>17.804273</ele>
        <time>2026-07-27T12:59:13.986Z</time>
      </trkpt>
      <trkpt lat="43.394083" lon="3.678529">
        <ele>17.630554</ele>
        <time>2026-07-27T12:59:19.898Z</time>
      </trkpt>
      <trkpt lat="43.393945" lon="3.679113">
        <ele>16.858692</ele>
        <time>2026-07-27T12:59:26.690Z</time>
      </trkpt>
      <trkpt lat="43.393815" lon="3.679669">
        <ele>15.385592</ele>
        <time>2026-07-27T12:59:32.808Z</time>
      </trkpt>
      <trkpt lat="43.393803" lon="3.679724">
        <ele>15.189124</ele>
        <time>2026-07-27T12:59:33.324Z</time>
      </trkpt>
      <trkpt lat="43.393749" lon="3.679752">
        <ele>14.647503</ele>
        <time>2026-07-27T12:59:33.999Z</time>
      </trkpt>
      <trkpt lat="43.393708" lon="3.679882">
        <ele>13.497142</ele>
        <time>2026-07-27T12:59:35.174Z</time>
      </trkpt>
      <trkpt lat="43.393741" lon="3.680048">
        <ele>12.163039</ele>
        <time>2026-07-27T12:59:36.700Z</time>
      </trkpt>
      <trkpt lat="43.393739" lon="3.680105">
        <ele>11.757802</ele>
        <time>2026-07-27T12:59:37.131Z</time>
      </trkpt>
      <trkpt lat="43.393727" lon="3.680347">
        <ele>10.239950</ele>
        <time>2026-07-27T12:59:38.994Z</time>
      </trkpt>
      <trkpt lat="43.393800" lon="3.681824">
        <ele>5.704114</ele>
        <time>2026-07-27T12:59:51.983Z</time>
      </trkpt>
      <trkpt lat="43.393827" lon="3.682641">
        <ele>4.978781</ele>
        <time>2026-07-27T13:00:00.999Z</time>
      </trkpt>
      <trkpt lat="43.393789" lon="3.682864">
        <ele>4.555272</ele>
        <time>2026-07-27T13:00:03.098Z</time>
      </trkpt>
      <trkpt lat="43.393742" lon="3.683064">
        <ele>4.031233</ele>
        <time>2026-07-27T13:00:04.937Z</time>
      </trkpt>
      <trkpt lat="43.393421" lon="3.683782">
        <ele>4.062407</ele>
        <time>2026-07-27T13:00:15.148Z</time>
      </trkpt>
      <trkpt lat="43.393142" lon="3.684399">
        <ele>6.446444</ele>
        <time>2026-07-27T13:00:36.758Z</time>
      </trkpt>
      <trkpt lat="43.392961" lon="3.684900">
        <ele>6.704606</ele>
        <time>2026-07-27T13:00:45.658Z</time>
      </trkpt>
      <trkpt lat="43.392809" lon="3.685423">
        <ele>4.232457</ele>
        <time>2026-07-27T13:00:50.168Z</time>
      </trkpt>
      <trkpt lat="43.392637" lon="3.685899">
        <ele>2.503279</ele>
        <time>2026-07-27T13:00:54.781Z</time>
      </trkpt>
      <trkpt lat="43.392594" lon="3.686162">
        <ele>1.916687</ele>
        <time>2026-07-27T13:00:57.286Z</time>
      </trkpt>
      <trkpt lat="43.392600" lon="3.686657">
        <ele>1.191349</ele>
        <time>2026-07-27T13:01:02.154Z</time>
      </trkpt>
      <trkpt lat="43.392438" lon="3.689161">
        <ele>1.689861</ele>
        <time>2026-07-27T13:01:36.010Z</time>
      </trkpt>
      <trkpt lat="43.392397" lon="3.689907">
        <ele>1.822007</ele>
        <time>2026-07-27T13:01:45.319Z</time>
      </trkpt>
      <trkpt lat="43.392403" lon="3.690112">
        <ele>2.042269</ele>
        <time>2026-07-27T13:01:49.029Z</time>
      </trkpt>
      <trkpt lat="43.392423" lon="3.690361">
        <ele>2.556104</ele>
        <time>2026-07-27T13:01:55.289Z</time>
      </trkpt>
      <trkpt lat="43.392556" lon="3.690833">
        <ele>3.284739</ele>
        <time>2026-07-27T13:02:05.832Z</time>
      </trkpt>
      <trkpt lat="43.392637" lon="3.691063">
        <ele>3.648486</ele>
        <time>2026-07-27T13:02:10.798Z</time>
      </trkpt>
      <trkpt lat="43.392772" lon="3.691334">
        <ele>4.186487</ele>
        <time>2026-07-27T13:02:18.196Z</time>
      </trkpt>
      <trkpt lat="43.392805" lon="3.691395">
        <ele>4.318062</ele>
        <time>2026-07-27T13:02:20.008Z</time>
      </trkpt>
      <trkpt lat="43.392772" lon="3.691334">
        <ele>4.449637</ele>
        <time>2026-07-27T13:02:21.825Z</time>
      </trkpt>
      <trkpt lat="43.392807" lon="3.691300">
        <ele>4.508060</ele>
        <time>2026-07-27T13:02:23.079Z</time>
      </trkpt>
      <trkpt lat="43.393142" lon="3.691766">
        <ele>4.904126</ele>
        <time>2026-07-27T13:02:32.040Z</time>
      </trkpt>
      <trkpt lat="43.393269" lon="3.691880">
        <ele>5.232916</ele>
        <time>2026-07-27T13:02:35.523Z</time>
      </trkpt>
      <trkpt lat="43.393727" lon="3.692209">
        <ele>8.961754</ele>
        <time>2026-07-27T13:03:03.124Z</time>
      </trkpt>
      <trkpt lat="43.394024" lon="3.692396">
        <ele>10.444840</ele>
        <time>2026-07-27T13:03:15.810Z</time>
      </trkpt>
      <trkpt lat="43.394168" lon="3.692518">
        <ele>10.379031</ele>
        <time>2026-07-27T13:03:18.631Z</time>
      </trkpt>
      <trkpt lat="43.394266" lon="3.692649">
        <ele>9.900422</ele>
        <time>2026-07-27T13:03:20.262Z</time>
      </trkpt>
      <trkpt lat="43.394367" lon="3.692873">
        <ele>8.070832</ele>
        <time>2026-07-27T13:03:22.247Z</time>
      </trkpt>
      <trkpt lat="43.394692" lon="3.693870">
        <ele>1.638439</ele>
        <time>2026-07-27T13:03:30.773Z</time>
      </trkpt>
      <trkpt lat="43.394765" lon="3.694076">
        <ele>0.943060</ele>
        <time>2026-07-27T13:03:32.946Z</time>
      </trkpt>
      <trkpt lat="43.394879" lon="3.694452">
        <ele>0.585785</ele>
        <time>2026-07-27T13:03:37.240Z</time>
      </trkpt>
      <trkpt lat="43.394916" lon="3.694627">
        <ele>0.523100</ele>
        <time>2026-07-27T13:03:39.545Z</time>
      </trkpt>
      <trkpt lat="43.394973" lon="3.694743">
        <ele>0.537753</ele>
        <time>2026-07-27T13:03:41.611Z</time>
      </trkpt>
      <trkpt lat="43.395020" lon="3.694811">
        <ele>0.547573</ele>
        <time>2026-07-27T13:03:42.752Z</time>
      </trkpt>
      <trkpt lat="43.395022" lon="3.694944">
        <ele>0.548789</ele>
        <time>2026-07-27T13:03:44.237Z</time>
      </trkpt>
      <trkpt lat="43.395091" lon="3.695037">
        <ele>0.540818</ele>
        <time>2026-07-27T13:03:45.796Z</time>
      </trkpt>
      <trkpt lat="43.395163" lon="3.695047">
        <ele>0.534971</ele>
        <time>2026-07-27T13:03:47.235Z</time>
      </trkpt>
      <trkpt lat="43.395224" lon="3.695104">
        <ele>0.576279</ele>
        <time>2026-07-27T13:03:48.846Z</time>
      </trkpt>
      <trkpt lat="43.395466" lon="3.695156">
        <ele>0.643529</ele>
        <time>2026-07-27T13:03:53.524Z</time>
      </trkpt>
      <trkpt lat="43.395612" lon="3.695233">
        <ele>0.606853</ele>
        <time>2026-07-27T13:03:56.016Z</time>
      </trkpt>
      <trkpt lat="43.395818" lon="3.695342">
        <ele>0.497395</ele>
        <time>2026-07-27T13:03:59.444Z</time>
      </trkpt>
      <trkpt lat="43.396327" lon="3.695710">
        <ele>0.227488</ele>
        <time>2026-07-27T13:04:08.543Z</time>
      </trkpt>
      <trkpt lat="43.397171" lon="3.696081">
        <ele>0.243716</ele>
        <time>2026-07-27T13:04:23.685Z</time>
      </trkpt>
      <trkpt lat="43.397320" lon="3.696134">
        <ele>0.421178</ele>
        <time>2026-07-27T13:04:27.082Z</time>
      </trkpt>
      <trkpt lat="43.397610" lon="3.696326">
        <ele>1.145078</ele>
        <time>2026-07-27T13:04:36.721Z</time>
      </trkpt>
      <trkpt lat="43.397801" lon="3.696623">
        <ele>1.243973</ele>
        <time>2026-07-27T13:04:41.685Z</time>
      </trkpt>
      <trkpt lat="43.397949" lon="3.696686">
        <ele>1.070887</ele>
        <time>2026-07-27T13:04:43.802Z</time>
      </trkpt>
      <trkpt lat="43.398367" lon="3.696845">
        <ele>0.919949</ele>
        <time>2026-07-27T13:04:51.018Z</time>
      </trkpt>
      <trkpt lat="43.398480" lon="3.696874">
        <ele>0.928844</ele>
        <time>2026-07-27T13:04:52.888Z</time>
      </trkpt>
      <trkpt lat="43.399004" lon="3.696743">
        <ele>1.252730</ele>
        <time>2026-07-27T13:05:04.181Z</time>
      </trkpt>
      <trkpt lat="43.399542" lon="3.696590">
        <ele>1.392640</ele>
        <time>2026-07-27T13:05:13.760Z</time>
      </trkpt>
      <trkpt lat="43.399571" lon="3.696560">
        <ele>1.369029</ele>
        <time>2026-07-27T13:05:14.563Z</time>
      </trkpt>
      <trkpt lat="43.399596" lon="3.696524">
        <ele>1.324700</ele>
        <time>2026-07-27T13:05:15.247Z</time>
      </trkpt>
      <trkpt lat="43.399621" lon="3.696484">
        <ele>1.277732</ele>
        <time>2026-07-27T13:05:15.871Z</time>
      </trkpt>
      <trkpt lat="43.399710" lon="3.696535">
        <ele>1.159620</ele>
        <time>2026-07-27T13:05:17.168Z</time>
      </trkpt>
      <trkpt lat="43.399781" lon="3.696556">
        <ele>1.068839</ele>
        <time>2026-07-27T13:05:18.077Z</time>
      </trkpt>
      <trkpt lat="43.400408" lon="3.696693">
        <ele>0.346319</ele>
        <time>2026-07-27T13:05:27.476Z</time>
      </trkpt>
      <trkpt lat="43.400769" lon="3.696799">
        <ele>0.480722</ele>
        <time>2026-07-27T13:05:34.723Z</time>
      </trkpt>
      <trkpt lat="43.400810" lon="3.696813">
        <ele>0.497973</ele>
        <time>2026-07-27T13:05:35.502Z</time>
      </trkpt>
      <trkpt lat="43.401477" lon="3.697009">
        <ele>0.667779</ele>
        <time>2026-07-27T13:05:47.763Z</time>
      </trkpt>
      <trkpt lat="43.401666" lon="3.697033">
        <ele>0.647714</ele>
        <time>2026-07-27T13:05:50.897Z</time>
      </trkpt>
      <trkpt lat="43.401659" lon="3.697096">
        <ele>0.640746</ele>
        <time>2026-07-27T13:05:54.110Z</time>
      </trkpt>
      <trkpt lat="43.401720" lon="3.697137">
        <ele>0.787908</ele>
        <time>2026-07-27T13:05:55.259Z</time>
      </trkpt>
      <trkpt lat="43.401740" lon="3.697383">
        <ele>1.345719</ele>
        <time>2026-07-27T13:06:01.718Z</time>
      </trkpt>
      <trkpt lat="43.401742" lon="3.697529">
        <ele>1.739234</ele>
        <time>2026-07-27T13:06:06.178Z</time>
      </trkpt>
      <trkpt lat="43.401774" lon="3.697752">
        <ele>2.294802</ele>
        <time>2026-07-27T13:06:10.852Z</time>
      </trkpt>
      <trkpt lat="43.401779" lon="3.697786">
        <ele>2.359565</ele>
        <time>2026-07-27T13:06:11.492Z</time>
      </trkpt>
      <trkpt lat="43.401809" lon="3.698693">
        <ele>4.045021</ele>
        <time>2026-07-27T13:06:31.342Z</time>
      </trkpt>
      <trkpt lat="43.402633" lon="3.698655">
        <ele>5.529569</ele>
        <time>2026-07-27T13:06:51.959Z</time>
      </trkpt>
      <trkpt lat="43.402986" lon="3.698637">
        <ele>5.465826</ele>
        <time>2026-07-27T13:06:57.864Z</time>
      </trkpt>
      <trkpt lat="43.403871" lon="3.698430">
        <ele>4.578424</ele>
        <time>2026-07-27T13:07:11.433Z</time>
      </trkpt>
      <trkpt lat="43.404419" lon="3.698293">
        <ele>3.478898</ele>
        <time>2026-07-27T13:07:18.768Z</time>
      </trkpt>
      <trkpt lat="43.405774" lon="3.697965">
        <ele>3.783712</ele>
        <time>2026-07-27T13:07:47.828Z</time>
      </trkpt>
      <trkpt lat="43.406169" lon="3.698868">
        <ele>3.605703</ele>
        <time>2026-07-27T13:08:00.717Z</time>
      </trkpt>
      <trkpt lat="43.406373" lon="3.698986">
        <ele>3.105220</ele>
        <time>2026-07-27T13:08:03.753Z</time>
      </trkpt>
      <trkpt lat="43.406518" lon="3.698898">
        <ele>2.409086</ele>
        <time>2026-07-27T13:08:05.605Z</time>
      </trkpt>
      <trkpt lat="43.406609" lon="3.698821">
        <ele>1.708893</ele>
        <time>2026-07-27T13:08:06.980Z</time>
      </trkpt>
      <trkpt lat="43.406692" lon="3.698752">
        <ele>1.140704</ele>
        <time>2026-07-27T13:08:08.048Z</time>
      </trkpt>
      <trkpt lat="43.406733" lon="3.698669">
        <ele>0.886988</ele>
        <time>2026-07-27T13:08:08.914Z</time>
      </trkpt>
      <trkpt lat="43.406745" lon="3.698413">
        <ele>0.408459</ele>
        <time>2026-07-27T13:08:11.453Z</time>
      </trkpt>
      <trkpt lat="43.406455" lon="3.697804">
        <ele>0.508618</ele>
        <time>2026-07-27T13:08:20.319Z</time>
      </trkpt>
      <trkpt lat="43.406960" lon="3.697690">
        <ele>2.828992</ele>
        <time>2026-07-27T13:08:41.613Z</time>
      </trkpt>
      <trkpt lat="43.408880" lon="3.697254">
        <ele>4.895648</ele>
        <time>2026-07-27T13:09:23.646Z</time>
      </trkpt>
      <trkpt lat="43.408820" lon="3.696959">
        <ele>4.959959</ele>
        <time>2026-07-27T13:09:28.331Z</time>
      </trkpt>
      <trkpt lat="43.409850" lon="3.696590">
        <ele>3.470726</ele>
        <time>2026-07-27T13:09:45.979Z</time>
      </trkpt>
      <trkpt lat="43.409996" lon="3.696538">
        <ele>3.397378</ele>
        <time>2026-07-27T13:09:48.644Z</time>
      </trkpt>
      <trkpt lat="43.410187" lon="3.697498">
        <ele>4.761651</ele>
        <time>2026-07-27T13:10:09.427Z</time>
      </trkpt>
      <trkpt lat="43.410426" lon="3.698701">
        <ele>5.646912</ele>
        <time>2026-07-27T13:10:32.113Z</time>
      </trkpt>
      <trkpt lat="43.410612" lon="3.699685">
        <ele>2.918002</ele>
        <time>2026-07-27T13:10:42.666Z</time>
      </trkpt>
      <trkpt lat="43.410791" lon="3.700618">
        <ele>0.918045</ele>
        <time>2026-07-27T13:10:53.436Z</time>
      </trkpt>
      <trkpt lat="43.410640" lon="3.700623">
        <ele>0.681165</ele>
        <time>2026-07-27T13:10:55.674Z</time>
      </trkpt>
      <trkpt lat="43.410496" lon="3.700628">
        <ele>0.546731</ele>
        <time>2026-07-27T13:10:57.827Z</time>
      </trkpt>
      <trkpt lat="43.410353" lon="3.700633">
        <ele>0.481502</ele>
        <time>2026-07-27T13:11:00.040Z</time>
      </trkpt>
      <trkpt lat="43.410187" lon="3.700639">
        <ele>0.476686</ele>
        <time>2026-07-27T13:11:02.855Z</time>
      </trkpt>
      <trkpt lat="43.408911" lon="3.700666">
        <ele>1.162098</ele>
        <time>2026-07-27T13:11:27.919Z</time>
      </trkpt>
      <trkpt lat="43.408721" lon="3.700698">
        <ele>1.169029</ele>
        <time>2026-07-27T13:11:31.147Z</time>
      </trkpt>
      <trkpt lat="43.408690" lon="3.700700">
        <ele>1.169218</ele>
        <time>2026-07-27T13:11:31.715Z</time>
      </trkpt>
      <trkpt lat="43.408577" lon="3.700682">
        <ele>1.210009</ele>
        <time>2026-07-27T13:11:33.901Z</time>
      </trkpt>
      <trkpt lat="43.408487" lon="3.700683">
        <ele>1.247265</ele>
        <time>2026-07-27T13:11:35.814Z</time>
      </trkpt>
      <trkpt lat="43.408434" lon="3.700640">
        <ele>1.235965</ele>
        <time>2026-07-27T13:11:37.530Z</time>
      </trkpt>
      <trkpt lat="43.408071" lon="3.700658">
        <ele>0.750662</ele>
        <time>2026-07-27T13:11:46.065Z</time>
      </trkpt>
      <trkpt lat="43.408075" lon="3.700695">
        <ele>0.705049</ele>
        <time>2026-07-27T13:11:46.777Z</time>
      </trkpt>
      <trkpt lat="43.407995" lon="3.700723">
        <ele>0.549239</ele>
        <time>2026-07-27T13:11:47.822Z</time>
      </trkpt>
      <trkpt lat="43.407952" lon="3.700744">
        <ele>0.456354</ele>
        <time>2026-07-27T13:11:48.411Z</time>
      </trkpt>
      <trkpt lat="43.407850" lon="3.700693">
        <ele>0.235429</ele>
        <time>2026-07-27T13:11:49.913Z</time>
      </trkpt>
      <trkpt lat="43.407784" lon="3.700741">
        <ele>0.168554</ele>
        <time>2026-07-27T13:11:51.065Z</time>
      </trkpt>
      <trkpt lat="43.407760" lon="3.700796">
        <ele>0.149542</ele>
        <time>2026-07-27T13:11:51.835Z</time>
      </trkpt>
      <trkpt lat="43.407769" lon="3.700925">
        <ele>0.111139</ele>
        <time>2026-07-27T13:11:53.432Z</time>
      </trkpt>
      <trkpt lat="43.407861" lon="3.701003">
        <ele>0.072006</ele>
        <time>2026-07-27T13:11:55.223Z</time>
      </trkpt>
      <trkpt lat="43.407972" lon="3.701159">
        <ele>0.020086</ele>
        <time>2026-07-27T13:11:57.766Z</time>
      </trkpt>
      <trkpt lat="43.408081" lon="3.701288">
        <ele>0.006643</ele>
        <time>2026-07-27T13:12:00.184Z</time>
      </trkpt>
      <trkpt lat="43.408266" lon="3.701723">
        <ele>0.000000</ele>
        <time>2026-07-27T13:12:07.454Z</time>
      </trkpt>
      <trkpt lat="43.408546" lon="3.702336">
        <ele>-0.011533</ele>
        <time>2026-07-27T13:12:16.441Z</time>
      </trkpt>
      <trkpt lat="43.408786" lon="3.702871">
        <ele>-0.088794</ele>
        <time>2026-07-27T13:12:24.067Z</time>
      </trkpt>
      <trkpt lat="43.408839" lon="3.702990">
        <ele>-0.096327</ele>
        <time>2026-07-27T13:12:25.763Z</time>
      </trkpt>
      <trkpt lat="43.408890" lon="3.703228">
        <ele>-0.079506</ele>
        <time>2026-07-27T13:12:28.814Z</time>
      </trkpt>
      <trkpt lat="43.408966" lon="3.703427">
        <ele>0.004808</ele>
        <time>2026-07-27T13:12:31.978Z</time>
      </trkpt>
      <trkpt lat="43.408946" lon="3.703488">
        <ele>0.031858</ele>
        <time>2026-07-27T13:12:33.002Z</time>
      </trkpt>
      <trkpt lat="43.408956" lon="3.703554">
        <ele>0.018720</ele>
        <time>2026-07-27T13:12:33.967Z</time>
      </trkpt>
      <trkpt lat="43.409016" lon="3.703606">
        <ele>-0.072392</ele>
        <time>2026-07-27T13:12:35.179Z</time>
      </trkpt>
      <trkpt lat="43.409082" lon="3.703569">
        <ele>-0.163969</ele>
        <time>2026-07-27T13:12:36.172Z</time>
      </trkpt>
      <trkpt lat="43.409110" lon="3.703797">
        <ele>-0.421808</ele>
        <time>2026-07-27T13:12:38.379Z</time>
      </trkpt>
      <trkpt lat="43.409234" lon="3.703968">
        <ele>-0.590646</ele>
        <time>2026-07-27T13:12:40.926Z</time>
      </trkpt>
      <trkpt lat="43.409463" lon="3.704481">
        <ele>-0.154276</ele>
        <time>2026-07-27T13:12:50.566Z</time>
      </trkpt>
      <trkpt lat="43.409542" lon="3.704687">
        <ele>0.163740</ele>
        <time>2026-07-27T13:12:55.196Z</time>
      </trkpt>
      <trkpt lat="43.409464" lon="3.704747">
        <ele>0.257160</ele>
        <time>2026-07-27T13:12:57.359Z</time>
      </trkpt>
      <trkpt lat="43.409455" lon="3.704855">
        <ele>0.331511</ele>
        <time>2026-07-27T13:12:58.965Z</time>
      </trkpt>
      <trkpt lat="43.409915" lon="3.705855">
        <ele>0.396918</ele>
        <time>2026-07-27T13:13:13.638Z</time>
      </trkpt>
      <trkpt lat="43.414779" lon="3.716432">
        <ele>-0.065092</ele>
        <time>2026-07-27T13:15:47.949Z</time>
      </trkpt>
      <trkpt lat="43.414823" lon="3.716527">
        <ele>-0.065617</ele>
        <time>2026-07-27T13:15:49.475Z</time>
      </trkpt>
      <trkpt lat="43.415750" lon="3.718517">
        <ele>-0.098252</ele>
        <time>2026-07-27T13:16:18.721Z</time>
      </trkpt>
      <trkpt lat="43.415808" lon="3.718707">
        <ele>-0.086760</ele>
        <time>2026-07-27T13:16:21.354Z</time>
      </trkpt>
      <trkpt lat="43.416029" lon="3.719195">
        <ele>-0.006879</ele>
        <time>2026-07-27T13:16:28.725Z</time>
      </trkpt>
      <trkpt lat="43.416070" lon="3.719248">
        <ele>0.003150</ele>
        <time>2026-07-27T13:16:29.717Z</time>
      </trkpt>
      <trkpt lat="43.417611" lon="3.722600">
        <ele>0.625530</ele>
        <time>2026-07-27T13:17:21.772Z</time>
      </trkpt>
      <trkpt lat="43.417714" lon="3.722759">
        <ele>0.713687</ele>
        <time>2026-07-27T13:17:24.964Z</time>
      </trkpt>
      <trkpt lat="43.417801" lon="3.722835">
        <ele>0.800490</ele>
        <time>2026-07-27T13:17:27.148Z</time>
      </trkpt>
      <trkpt lat="43.417997" lon="3.723008">
        <ele>0.994392</ele>
        <time>2026-07-27T13:17:32.037Z</time>
      </trkpt>
      <trkpt lat="43.418040" lon="3.723147">
        <ele>1.035643</ele>
        <time>2026-07-27T13:17:34.203Z</time>
      </trkpt>
      <trkpt lat="43.418256" lon="3.723185">
        <ele>0.989622</ele>
        <time>2026-07-27T13:17:37.800Z</time>
      </trkpt>
      <trkpt lat="43.418350" lon="3.723062">
        <ele>0.909505</ele>
        <time>2026-07-27T13:17:39.662Z</time>
      </trkpt>
      <trkpt lat="43.418556" lon="3.723115">
        <ele>0.789307</ele>
        <time>2026-07-27T13:17:43.155Z</time>
      </trkpt>
      <trkpt lat="43.418693" lon="3.723115">
        <ele>0.721400</ele>
        <time>2026-07-27T13:17:45.282Z</time>
      </trkpt>
      <trkpt lat="43.418998" lon="3.722923">
        <ele>0.608081</ele>
        <time>2026-07-27T13:17:50.580Z</time>
      </trkpt>
      <trkpt lat="43.420754" lon="3.722259">
        <ele>0.449784</ele>
        <time>2026-07-27T13:18:21.326Z</time>
      </trkpt>
      <trkpt lat="43.420837" lon="3.722291">
        <ele>0.576223</ele>
        <time>2026-07-27T13:18:23.226Z</time>
      </trkpt>
      <trkpt lat="43.420893" lon="3.722567">
        <ele>0.929618</ele>
        <time>2026-07-27T13:18:28.736Z</time>
      </trkpt>
      <trkpt lat="43.420867" lon="3.722700">
        <ele>1.054300</ele>
        <time>2026-07-27T13:18:31.011Z</time>
      </trkpt>
      <trkpt lat="43.420880" lon="3.722720">
        <ele>1.078597</ele>
        <time>2026-07-27T13:18:31.407Z</time>
      </trkpt>
      <trkpt lat="43.420988" lon="3.722727">
        <ele>1.114422</ele>
        <time>2026-07-27T13:18:33.520Z</time>
      </trkpt>
      <trkpt lat="43.421035" lon="3.722734">
        <ele>1.085746</ele>
        <time>2026-07-27T13:18:34.338Z</time>
      </trkpt>
      <trkpt lat="43.421753" lon="3.722462">
        <ele>0.675027</ele>
        <time>2026-07-27T13:18:45.798Z</time>
      </trkpt>
      <trkpt lat="43.422000" lon="3.722403">
        <ele>0.751293</ele>
        <time>2026-07-27T13:18:50.863Z</time>
      </trkpt>
      <trkpt lat="43.422049" lon="3.722390">
        <ele>0.744313</ele>
        <time>2026-07-27T13:18:51.762Z</time>
      </trkpt>
      <trkpt lat="43.422530" lon="3.722262">
        <ele>0.209350</ele>
        <time>2026-07-27T13:18:58.915Z</time>
      </trkpt>
      <trkpt lat="43.422562" lon="3.722262">
        <ele>0.172379</ele>
        <time>2026-07-27T13:18:59.360Z</time>
      </trkpt>
      <trkpt lat="43.422619" lon="3.722340">
        <ele>0.079532</ele>
        <time>2026-07-27T13:19:00.480Z</time>
      </trkpt>
      <trkpt lat="43.422606" lon="3.722578">
        <ele>0.117799</ele>
        <time>2026-07-27T13:19:03.366Z</time>
      </trkpt>
      <trkpt lat="43.422640" lon="3.723002">
        <ele>0.594721</ele>
        <time>2026-07-27T13:19:11.472Z</time>
      </trkpt>
      <trkpt lat="43.422606" lon="3.723229">
        <ele>0.707347</ele>
        <time>2026-07-27T13:19:15.504Z</time>
      </trkpt>
      <trkpt lat="43.422678" lon="3.723647">
        <ele>0.299619</ele>
        <time>2026-07-27T13:19:19.798Z</time>
      </trkpt>
      <trkpt lat="43.422768" lon="3.723886">
        <ele>-0.044070</ele>
        <time>2026-07-27T13:19:22.427Z</time>
      </trkpt>
      <trkpt lat="43.422835" lon="3.724230">
        <ele>-0.196696</ele>
        <time>2026-07-27T13:19:26.512Z</time>
      </trkpt>
      <trkpt lat="43.423009" lon="3.725129">
        <ele>-0.375423</ele>
        <time>2026-07-27T13:19:37.622Z</time>
      </trkpt>
      <trkpt lat="43.423036" lon="3.725447">
        <ele>-0.333541</ele>
        <time>2026-07-27T13:19:41.920Z</time>
      </trkpt>
      <trkpt lat="43.423710" lon="3.728846">
        <ele>-1.114473</ele>
        <time>2026-07-27T13:20:23.464Z</time>
      </trkpt>
      <trkpt lat="43.423988" lon="3.729120">
        <ele>-0.829644</ele>
        <time>2026-07-27T13:20:30.706Z</time>
      </trkpt>
      <trkpt lat="43.424138" lon="3.729832">
        <ele>-0.685028</ele>
        <time>2026-07-27T13:20:40.686Z</time>
      </trkpt>
      <trkpt lat="43.424234" lon="3.729966">
        <ele>-0.627383</ele>
        <time>2026-07-27T13:20:43.123Z</time>
      </trkpt>
      <trkpt lat="43.424593" lon="3.729671">
        <ele>0.210240</ele>
        <time>2026-07-27T13:20:54.389Z</time>
      </trkpt>
      <trkpt lat="43.424687" lon="3.729655">
        <ele>0.277499</ele>
        <time>2026-07-27T13:20:56.195Z</time>
      </trkpt>
      <trkpt lat="43.424690" lon="3.729790">
        <ele>0.302496</ele>
        <time>2026-07-27T13:20:57.823Z</time>
      </trkpt>
      <trkpt lat="43.424909" lon="3.730208">
        <ele>0.382394</ele>
        <time>2026-07-27T13:21:04.839Z</time>
      </trkpt>
      <trkpt lat="43.424974" lon="3.730328">
        <ele>0.390907</ele>
        <time>2026-07-27T13:21:06.754Z</time>
      </trkpt>
      <trkpt lat="43.425319" lon="3.730964">
        <ele>0.243004</ele>
        <time>2026-07-27T13:21:16.295Z</time>
      </trkpt>
      <trkpt lat="43.425438" lon="3.731269">
        <ele>-0.108782</ele>
        <time>2026-07-27T13:21:19.987Z</time>
      </trkpt>
      <trkpt lat="43.425502" lon="3.731561">
        <ele>-0.647950</ele>
        <time>2026-07-27T13:21:22.756Z</time>
      </trkpt>
      <trkpt lat="43.425555" lon="3.731714">
        <ele>-0.951716</ele>
        <time>2026-07-27T13:21:24.385Z</time>
      </trkpt>
      <trkpt lat="43.425545" lon="3.731832">
        <ele>-1.069848</ele>
        <time>2026-07-27T13:21:25.622Z</time>
      </trkpt>
      <trkpt lat="43.425533" lon="3.732330">
        <ele>-1.490564</ele>
        <time>2026-07-27T13:21:30.996Z</time>
      </trkpt>
      <trkpt lat="43.425582" lon="3.732813">
        <ele>-1.836416</ele>
        <time>2026-07-27T13:21:36.366Z</time>
      </trkpt>
      <trkpt lat="43.425697" lon="3.733227">
        <ele>-2.223941</ele>
        <time>2026-07-27T13:21:40.846Z</time>
      </trkpt>
      <trkpt lat="43.425760" lon="3.733403">
        <ele>-2.227890</ele>
        <time>2026-07-27T13:21:43.663Z</time>
      </trkpt>
      <trkpt lat="43.426027" lon="3.734016">
        <ele>-2.414716</ele>
        <time>2026-07-27T13:21:52.023Z</time>
      </trkpt>
      <trkpt lat="43.426273" lon="3.734578">
        <ele>-2.730510</ele>
        <time>2026-07-27T13:21:59.410Z</time>
      </trkpt>
      <trkpt lat="43.426372" lon="3.734810">
        <ele>-2.667055</ele>
        <time>2026-07-27T13:22:03.534Z</time>
      </trkpt>
      <trkpt lat="43.426538" lon="3.735252">
        <ele>-2.978175</ele>
        <time>2026-07-27T13:22:08.885Z</time>
      </trkpt>
      <trkpt lat="43.426730" lon="3.735785">
        <ele>-3.221652</ele>
        <time>2026-07-27T13:22:15.410Z</time>
      </trkpt>
      <trkpt lat="43.427162" lon="3.736768">
        <ele>-2.751534</ele>
        <time>2026-07-27T13:22:32.372Z</time>
      </trkpt>
      <trkpt lat="43.427389" lon="3.737051">
        <ele>-2.800435</ele>
        <time>2026-07-27T13:22:37.439Z</time>
      </trkpt>
      <trkpt lat="43.427640" lon="3.737274">
        <ele>-2.889785</ele>
        <time>2026-07-27T13:22:42.283Z</time>
      </trkpt>
      <trkpt lat="43.427994" lon="3.737524">
        <ele>-2.878830</ele>
        <time>2026-07-27T13:22:49.124Z</time>
      </trkpt>
      <trkpt lat="43.428194" lon="3.737671">
        <ele>-2.862663</ele>
        <time>2026-07-27T13:22:53.256Z</time>
      </trkpt>
      <trkpt lat="43.428279" lon="3.737766">
        <ele>-2.899934</ele>
        <time>2026-07-27T13:22:55.009Z</time>
      </trkpt>
      <trkpt lat="43.428612" lon="3.738331">
        <ele>-3.280517</ele>
        <time>2026-07-27T13:23:03.123Z</time>
      </trkpt>
      <trkpt lat="43.428632" lon="3.738366">
        <ele>-3.300221</ele>
        <time>2026-07-27T13:23:03.632Z</time>
      </trkpt>
      <trkpt lat="43.429160" lon="3.739009">
        <ele>-3.677777</ele>
        <time>2026-07-27T13:23:14.715Z</time>
      </trkpt>
      <trkpt lat="43.429276" lon="3.739119">
        <ele>-3.736278</ele>
        <time>2026-07-27T13:23:16.962Z</time>
      </trkpt>
      <trkpt lat="43.430077" lon="3.739520">
        <ele>-4.044218</ele>
        <time>2026-07-27T13:23:30.666Z</time>
      </trkpt>
      <trkpt lat="43.430493" lon="3.739773">
        <ele>-3.761810</ele>
        <time>2026-07-27T13:23:39.616Z</time>
      </trkpt>
      <trkpt lat="43.430738" lon="3.739968">
        <ele>-3.392576</ele>
        <time>2026-07-27T13:23:46.290Z</time>
      </trkpt>
      <trkpt lat="43.430868" lon="3.740001">
        <ele>-3.191758</ele>
        <time>2026-07-27T13:23:49.585Z</time>
      </trkpt>
      <trkpt lat="43.430981" lon="3.739985">
        <ele>-3.003865</ele>
        <time>2026-07-27T13:23:52.435Z</time>
      </trkpt>
      <trkpt lat="43.431279" lon="3.739864">
        <ele>-2.513162</ele>
        <time>2026-07-27T13:23:59.872Z</time>
      </trkpt>
      <trkpt lat="43.431445" lon="3.739902">
        <ele>-2.301802</ele>
        <time>2026-07-27T13:24:03.769Z</time>
      </trkpt>
      <trkpt lat="43.431596" lon="3.739993">
        <ele>-2.089785</ele>
        <time>2026-07-27T13:24:07.523Z</time>
      </trkpt>
      <trkpt lat="43.431760" lon="3.740185">
        <ele>-1.847746</ele>
        <time>2026-07-27T13:24:12.255Z</time>
      </trkpt>
      <trkpt lat="43.432056" lon="3.740729">
        <ele>-1.405679</ele>
        <time>2026-07-27T13:24:22.506Z</time>
      </trkpt>
      <trkpt lat="43.432444" lon="3.741306">
        <ele>-1.020243</ele>
        <time>2026-07-27T13:24:34.279Z</time>
      </trkpt>
      <trkpt lat="43.432671" lon="3.741757">
        <ele>-0.907343</ele>
        <time>2026-07-27T13:24:41.456Z</time>
      </trkpt>
      <trkpt lat="43.432861" lon="3.742026">
        <ele>-0.917873</ele>
        <time>2026-07-27T13:24:46.222Z</time>
      </trkpt>
      <trkpt lat="43.434217" lon="3.743631">
        <ele>-1.486421</ele>
        <time>2026-07-27T13:25:15.255Z</time>
      </trkpt>
      <trkpt lat="43.434371" lon="3.743797">
        <ele>-1.499901</ele>
        <time>2026-07-27T13:25:18.478Z</time>
      </trkpt>
      <trkpt lat="43.434456" lon="3.743866">
        <ele>-1.497854</ele>
        <time>2026-07-27T13:25:20.146Z</time>
      </trkpt>
      <trkpt lat="43.434599" lon="3.743983">
        <ele>-1.479826</ele>
        <time>2026-07-27T13:25:23.009Z</time>
      </trkpt>
      <trkpt lat="43.434804" lon="3.744082">
        <ele>-1.401887</ele>
        <time>2026-07-27T13:25:27.076Z</time>
      </trkpt>
      <trkpt lat="43.435516" lon="3.743979">
        <ele>-1.103201</ele>
        <time>2026-07-27T13:25:40.658Z</time>
      </trkpt>
      <trkpt lat="43.435795" lon="3.743976">
        <ele>-0.951894</ele>
        <time>2026-07-27T13:25:46.155Z</time>
      </trkpt>
      <trkpt lat="43.436035" lon="3.744028">
        <ele>-0.729735</ele>
        <time>2026-07-27T13:25:51.371Z</time>
      </trkpt>
      <trkpt lat="43.436188" lon="3.743997">
        <ele>-0.583880</ele>
        <time>2026-07-27T13:25:54.731Z</time>
      </trkpt>
      <trkpt lat="43.436270" lon="3.744086">
        <ele>-0.493924</ele>
        <time>2026-07-27T13:25:57.036Z</time>
      </trkpt>
      <trkpt lat="43.436561" lon="3.744183">
        <ele>-0.232409</ele>
        <time>2026-07-27T13:26:03.330Z</time>
      </trkpt>
      <trkpt lat="43.437468" lon="3.744715">
        <ele>0.094949</ele>
        <time>2026-07-27T13:26:21.696Z</time>
      </trkpt>
      <trkpt lat="43.438751" lon="3.745493">
        <ele>0.444568</ele>
        <time>2026-07-27T13:26:46.833Z</time>
      </trkpt>
      <trkpt lat="43.438989" lon="3.745609">
        <ele>0.680804</ele>
        <time>2026-07-27T13:26:52.467Z</time>
      </trkpt>
      <trkpt lat="43.439131" lon="3.745699">
        <ele>0.781464</ele>
        <time>2026-07-27T13:26:55.463Z</time>
      </trkpt>
      <trkpt lat="43.439352" lon="3.745906">
        <ele>0.913362</ele>
        <time>2026-07-27T13:27:00.919Z</time>
      </trkpt>
      <trkpt lat="43.439678" lon="3.746328">
        <ele>1.169186</ele>
        <time>2026-07-27T13:27:09.771Z</time>
      </trkpt>
      <trkpt lat="43.440019" lon="3.746871">
        <ele>1.125266</ele>
        <time>2026-07-27T13:27:18.550Z</time>
      </trkpt>
      <trkpt lat="43.440147" lon="3.747144">
        <ele>0.751015</ele>
        <time>2026-07-27T13:27:21.706Z</time>
      </trkpt>
      <trkpt lat="43.440230" lon="3.747300">
        <ele>0.635228</ele>
        <time>2026-07-27T13:27:23.776Z</time>
      </trkpt>
      <trkpt lat="43.440326" lon="3.747459">
        <ele>0.667691</ele>
        <time>2026-07-27T13:27:27.084Z</time>
      </trkpt>
      <trkpt lat="43.440585" lon="3.747841">
        <ele>0.879920</ele>
        <time>2026-07-27T13:27:34.515Z</time>
      </trkpt>
      <trkpt lat="43.440634" lon="3.747915">
        <ele>0.887308</ele>
        <time>2026-07-27T13:27:35.751Z</time>
      </trkpt>
      <trkpt lat="43.440941" lon="3.748289">
        <ele>0.916122</ele>
        <time>2026-07-27T13:27:43.104Z</time>
      </trkpt>
      <trkpt lat="43.441143" lon="3.748596">
        <ele>1.024580</ele>
        <time>2026-07-27T13:27:48.587Z</time>
      </trkpt>
      <trkpt lat="43.441178" lon="3.748703">
        <ele>1.068296</ele>
        <time>2026-07-27T13:27:50.218Z</time>
      </trkpt>
      <trkpt lat="43.441134" lon="3.748794">
        <ele>1.080189</ele>
        <time>2026-07-27T13:27:51.759Z</time>
      </trkpt>
      <trkpt lat="43.441156" lon="3.748859">
        <ele>1.087114</ele>
        <time>2026-07-27T13:27:52.752Z</time>
      </trkpt>
      <trkpt lat="43.440904" lon="3.749121">
        <ele>1.089631</ele>
        <time>2026-07-27T13:27:58.098Z</time>
      </trkpt>
      <trkpt lat="43.440639" lon="3.749292">
        <ele>0.980061</ele>
        <time>2026-07-27T13:28:02.766Z</time>
      </trkpt>
      <trkpt lat="43.440512" lon="3.749427">
        <ele>0.877664</ele>
        <time>2026-07-27T13:28:05.199Z</time>
      </trkpt>
      <trkpt lat="43.440107" lon="3.749844">
        <ele>0.177865</ele>
        <time>2026-07-27T13:28:12.465Z</time>
      </trkpt>
      <trkpt lat="43.440070" lon="3.750029">
        <ele>-0.057219</ele>
        <time>2026-07-27T13:28:14.426Z</time>
      </trkpt>
      <trkpt lat="43.440095" lon="3.750161">
        <ele>-0.136833</ele>
        <time>2026-07-27T13:28:15.858Z</time>
      </trkpt>
      <trkpt lat="43.440257" lon="3.750382">
        <ele>-0.170834</ele>
        <time>2026-07-27T13:28:19.826Z</time>
      </trkpt>
      <trkpt lat="43.440359" lon="3.750494">
        <ele>-0.122275</ele>
        <time>2026-07-27T13:28:22.161Z</time>
      </trkpt>
      <trkpt lat="43.440836" lon="3.751018">
        <ele>-0.081910</ele>
        <time>2026-07-27T13:28:32.823Z</time>
      </trkpt>
      <trkpt lat="43.441068" lon="3.751282">
        <ele>-0.000787</ele>
        <time>2026-07-27T13:28:38.357Z</time>
      </trkpt>
      <trkpt lat="43.441294" lon="3.751604">
        <ele>0.123194</ele>
        <time>2026-07-27T13:28:44.387Z</time>
      </trkpt>
      <trkpt lat="43.441465" lon="3.751896">
        <ele>0.298053</ele>
        <time>2026-07-27T13:28:49.780Z</time>
      </trkpt>
      <trkpt lat="43.442111" lon="3.752951">
        <ele>0.981286</ele>
        <time>2026-07-27T13:29:10.085Z</time>
      </trkpt>
      <trkpt lat="43.442117" lon="3.753043">
        <ele>1.010716</ele>
        <time>2026-07-27T13:29:11.297Z</time>
      </trkpt>
      <trkpt lat="43.442057" lon="3.753141">
        <ele>1.051557</ele>
        <time>2026-07-27T13:29:13.074Z</time>
      </trkpt>
      <trkpt lat="43.441868" lon="3.753348">
        <ele>1.234010</ele>
        <time>2026-07-27T13:29:18.407Z</time>
      </trkpt>
      <trkpt lat="43.441692" lon="3.753571">
        <ele>1.083452</ele>
        <time>2026-07-27T13:29:22.243Z</time>
      </trkpt>
      <trkpt lat="43.441458" lon="3.754341">
        <ele>-0.911274</ele>
        <time>2026-07-27T13:29:29.725Z</time>
      </trkpt>
      <trkpt lat="43.441443" lon="3.754394">
        <ele>-1.034261</ele>
        <time>2026-07-27T13:29:30.262Z</time>
      </trkpt>
      <trkpt lat="43.441477" lon="3.754415">
        <ele>-1.145219</ele>
        <time>2026-07-27T13:29:30.769Z</time>
      </trkpt>
      <trkpt lat="43.441539" lon="3.754452">
        <ele>-1.161877</ele>
        <time>2026-07-27T13:29:31.754Z</time>
      </trkpt>
      <trkpt lat="43.442778" lon="3.755198">
        <ele>-0.824715</ele>
        <time>2026-07-27T13:29:57.208Z</time>
      </trkpt>
      <trkpt lat="43.442846" lon="3.755241">
        <ele>-0.824843</ele>
        <time>2026-07-27T13:29:58.293Z</time>
      </trkpt>
      <trkpt lat="43.443497" lon="3.755680">
        <ele>-0.947823</ele>
        <time>2026-07-27T13:30:10.258Z</time>
      </trkpt>
      <trkpt lat="43.443606" lon="3.755924">
        <ele>-0.872114</ele>
        <time>2026-07-27T13:30:14.650Z</time>
      </trkpt>
      <trkpt lat="43.443783" lon="3.756279">
        <ele>-0.983891</ele>
        <time>2026-07-27T13:30:19.629Z</time>
      </trkpt>
      <trkpt lat="43.443988" lon="3.756794">
        <ele>-1.047631</ele>
        <time>2026-07-27T13:30:26.462Z</time>
      </trkpt>
      <trkpt lat="43.444195" lon="3.757947">
        <ele>0.073314</ele>
        <time>2026-07-27T13:30:46.795Z</time>
      </trkpt>
      <trkpt lat="43.444261" lon="3.758331">
        <ele>0.272261</ele>
        <time>2026-07-27T13:30:52.500Z</time>
      </trkpt>
      <trkpt lat="43.444142" lon="3.758340">
        <ele>0.291065</ele>
        <time>2026-07-27T13:30:54.644Z</time>
      </trkpt>
      <trkpt lat="43.443990" lon="3.758335">
        <ele>0.362515</ele>
        <time>2026-07-27T13:30:57.361Z</time>
      </trkpt>
      <trkpt lat="43.443894" lon="3.758339">
        <ele>0.434792</ele>
        <time>2026-07-27T13:30:59.369Z</time>
      </trkpt>
      <trkpt lat="43.443930" lon="3.758385">
        <ele>0.471754</ele>
        <time>2026-07-27T13:31:00.450Z</time>
      </trkpt>
      <trkpt lat="43.444060" lon="3.758725">
        <ele>0.692784</ele>
        <time>2026-07-27T13:31:06.244Z</time>
      </trkpt>
      <trkpt lat="43.444111" lon="3.758891">
        <ele>0.782192</ele>
        <time>2026-07-27T13:31:08.713Z</time>
      </trkpt>
      <trkpt lat="43.444154" lon="3.759076">
        <ele>0.936274</ele>
        <time>2026-07-27T13:31:12.215Z</time>
      </trkpt>
      <trkpt lat="43.444176" lon="3.759154">
        <ele>1.012386</ele>
        <time>2026-07-27T13:31:13.660Z</time>
      </trkpt>
      <trkpt lat="43.444083" lon="3.759223">
        <ele>1.092686</ele>
        <time>2026-07-27T13:31:15.710Z</time>
      </trkpt>
      <trkpt lat="43.443683" lon="3.759160">
        <ele>1.105816</ele>
        <time>2026-07-27T13:31:22.407Z</time>
      </trkpt>
      <trkpt lat="43.443177" lon="3.759073">
        <ele>1.235569</ele>
        <time>2026-07-27T13:31:31.640Z</time>
      </trkpt>
      <trkpt lat="43.443166" lon="3.759071">
        <ele>1.244280</ele>
        <time>2026-07-27T13:31:31.852Z</time>
      </trkpt>
      <trkpt lat="43.442249" lon="3.758838">
        <ele>1.952178</ele>
        <time>2026-07-27T13:31:51.659Z</time>
      </trkpt>
      <trkpt lat="43.441958" lon="3.758861">
        <ele>1.926594</ele>
        <time>2026-07-27T13:31:56.415Z</time>
      </trkpt>
      <trkpt lat="43.441512" lon="3.758995">
        <ele>1.344111</ele>
        <time>2026-07-27T13:32:02.915Z</time>
      </trkpt>
      <trkpt lat="43.441342" lon="3.759050">
        <ele>1.225744</ele>
        <time>2026-07-27T13:32:05.656Z</time>
      </trkpt>
      <trkpt lat="43.441302" lon="3.759062">
        <ele>1.208154</ele>
        <time>2026-07-27T13:32:06.332Z</time>
      </trkpt>
      <trkpt lat="43.440941" lon="3.759177">
        <ele>1.077297</ele>
        <time>2026-07-27T13:32:12.484Z</time>
      </trkpt>
      <trkpt lat="43.440531" lon="3.759375">
        <ele>0.811173</ele>
        <time>2026-07-27T13:32:19.170Z</time>
      </trkpt>
      <trkpt lat="43.440407" lon="3.759432">
        <ele>0.742240</ele>
        <time>2026-07-27T13:32:21.085Z</time>
      </trkpt>
      <trkpt lat="43.440156" lon="3.759475">
        <ele>0.783747</ele>
        <time>2026-07-27T13:32:26.194Z</time>
      </trkpt>
      <trkpt lat="43.439508" lon="3.759769">
        <ele>0.708788</ele>
        <time>2026-07-27T13:32:37.423Z</time>
      </trkpt>
      <trkpt lat="43.439487" lon="3.759684">
        <ele>0.729042</ele>
        <time>2026-07-27T13:32:38.639Z</time>
      </trkpt>
      <trkpt lat="43.439469" lon="3.759618">
        <ele>0.744945</ele>
        <time>2026-07-27T13:32:39.650Z</time>
      </trkpt>
      <trkpt lat="43.438602" lon="3.759982">
        <ele>1.382012</ele>
        <time>2026-07-27T13:32:58.124Z</time>
      </trkpt>
      <trkpt lat="43.438162" lon="3.760124">
        <ele>1.575347</ele>
        <time>2026-07-27T13:33:06.841Z</time>
      </trkpt>
      <trkpt lat="43.438021" lon="3.760214">
        <ele>1.587070</ele>
        <time>2026-07-27T13:33:09.480Z</time>
      </trkpt>
      <trkpt lat="43.437691" lon="3.760537">
        <ele>1.442736</ele>
        <time>2026-07-27T13:33:16.214Z</time>
      </trkpt>
      <trkpt lat="43.437531" lon="3.760516">
        <ele>1.206216</ele>
        <time>2026-07-27T13:33:18.396Z</time>
      </trkpt>
      <trkpt lat="43.437418" lon="3.760449">
        <ele>1.120808</ele>
        <time>2026-07-27T13:33:20.161Z</time>
      </trkpt>
      <trkpt lat="43.437404" lon="3.760487">
        <ele>1.111169</ele>
        <time>2026-07-27T13:33:20.740Z</time>
      </trkpt>
      <trkpt lat="43.437357" lon="3.760591">
        <ele>1.083458</ele>
        <time>2026-07-27T13:33:22.567Z</time>
      </trkpt>
      <trkpt lat="43.437233" lon="3.760755">
        <ele>0.887648</ele>
        <time>2026-07-27T13:33:25.221Z</time>
      </trkpt>
      <trkpt lat="43.437190" lon="3.760902">
        <ele>0.692878</ele>
        <time>2026-07-27T13:33:26.707Z</time>
      </trkpt>
      <trkpt lat="43.437145" lon="3.760969">
        <ele>0.526669</ele>
        <time>2026-07-27T13:33:27.546Z</time>
      </trkpt>
      <trkpt lat="43.437124" lon="3.760996">
        <ele>0.454616</ele>
        <time>2026-07-27T13:33:27.919Z</time>
      </trkpt>
      <trkpt lat="43.437171" lon="3.761071">
        <ele>0.274198</ele>
        <time>2026-07-27T13:33:28.879Z</time>
      </trkpt>
      <trkpt lat="43.437210" lon="3.761256">
        <ele>0.167083</ele>
        <time>2026-07-27T13:33:31.012Z</time>
      </trkpt>
      <trkpt lat="43.437204" lon="3.761433">
        <ele>0.131860</ele>
        <time>2026-07-27T13:33:33.074Z</time>
      </trkpt>
      <trkpt lat="43.437113" lon="3.761718">
        <ele>0.267928</ele>
        <time>2026-07-27T13:33:37.981Z</time>
      </trkpt>
      <trkpt lat="43.436550" lon="3.762714">
        <ele>0.298467</ele>
        <time>2026-07-27T13:33:53.889Z</time>
      </trkpt>
      <trkpt lat="43.436181" lon="3.763296">
        <ele>-0.689806</ele>
        <time>2026-07-27T13:34:01.615Z</time>
      </trkpt>
      <trkpt lat="43.436074" lon="3.763382">
        <ele>-0.950467</ele>
        <time>2026-07-27T13:34:03.281Z</time>
      </trkpt>
      <trkpt lat="43.435946" lon="3.763342">
        <ele>-1.261680</ele>
        <time>2026-07-27T13:34:05.000Z</time>
      </trkpt>
      <trkpt lat="43.435881" lon="3.763224">
        <ele>-1.442012</ele>
        <time>2026-07-27T13:34:06.427Z</time>
      </trkpt>
      <trkpt lat="43.435919" lon="3.762772">
        <ele>-1.835267</ele>
        <time>2026-07-27T13:34:11.485Z</time>
      </trkpt>
      <trkpt lat="43.435859" lon="3.762769">
        <ele>-1.892105</ele>
        <time>2026-07-27T13:34:12.305Z</time>
      </trkpt>
      <trkpt lat="43.435831" lon="3.762767">
        <ele>-1.893029</ele>
        <time>2026-07-27T13:34:12.687Z</time>
      </trkpt>
      <trkpt lat="43.435771" lon="3.762764">
        <ele>-1.895007</ele>
        <time>2026-07-27T13:34:13.502Z</time>
      </trkpt>
      <trkpt lat="43.435673" lon="3.764865">
        <ele>-1.887999</ele>
        <time>2026-07-27T13:34:40.340Z</time>
      </trkpt>
      <trkpt lat="43.435700" lon="3.765209">
        <ele>-1.832264</ele>
        <time>2026-07-27T13:34:44.882Z</time>
      </trkpt>
      <trkpt lat="43.435668" lon="3.765853">
        <ele>-1.897128</ele>
        <time>2026-07-27T13:34:52.704Z</time>
      </trkpt>
      <trkpt lat="43.435557" lon="3.768116">
        <ele>-2.161883</ele>
        <time>2026-07-27T13:35:20.121Z</time>
      </trkpt>
      <trkpt lat="43.435504" lon="3.768765">
        <ele>-1.897938</ele>
        <time>2026-07-27T13:35:29.454Z</time>
      </trkpt>
      <trkpt lat="43.435423" lon="3.770368">
        <ele>-1.099434</ele>
        <time>2026-07-27T13:35:52.980Z</time>
      </trkpt>
      <trkpt lat="43.435406" lon="3.770582">
        <ele>-0.973824</ele>
        <time>2026-07-27T13:35:56.344Z</time>
      </trkpt>
      <trkpt lat="43.435351" lon="3.770798">
        <ele>-0.724805</ele>
        <time>2026-07-27T13:35:59.752Z</time>
      </trkpt>
      <trkpt lat="43.435128" lon="3.771113">
        <ele>0.046880</ele>
        <time>2026-07-27T13:36:09.108Z</time>
      </trkpt>
      <trkpt lat="43.435118" lon="3.771255">
        <ele>0.308541</ele>
        <time>2026-07-27T13:36:12.517Z</time>
      </trkpt>
      <trkpt lat="43.435131" lon="3.771337">
        <ele>0.459615</ele>
        <time>2026-07-27T13:36:14.411Z</time>
      </trkpt>
      <trkpt lat="43.435161" lon="3.771459">
        <ele>0.659348</ele>
        <time>2026-07-27T13:36:16.693Z</time>
      </trkpt>
      <trkpt lat="43.435301" lon="3.771577">
        <ele>0.691005</ele>
        <time>2026-07-27T13:36:19.369Z</time>
      </trkpt>
      <trkpt lat="43.435336" lon="3.771843">
        <ele>0.667713</ele>
        <time>2026-07-27T13:36:22.694Z</time>
      </trkpt>
      <trkpt lat="43.435289" lon="3.772952">
        <ele>0.156577</ele>
        <time>2026-07-27T13:36:35.307Z</time>
      </trkpt>
      <trkpt lat="43.435214" lon="3.773832">
        <ele>-0.665454</ele>
        <time>2026-07-27T13:36:44.482Z</time>
      </trkpt>
      <trkpt lat="43.435203" lon="3.773970">
        <ele>-0.698431</ele>
        <time>2026-07-27T13:36:46.114Z</time>
      </trkpt>
      <trkpt lat="43.435149" lon="3.774103">
        <ele>-0.728806</ele>
        <time>2026-07-27T13:36:48.135Z</time>
      </trkpt>
      <trkpt lat="43.435136" lon="3.774220">
        <ele>-0.717055</ele>
        <time>2026-07-27T13:36:49.706Z</time>
      </trkpt>
      <trkpt lat="43.435134" lon="3.774319">
        <ele>-0.707223</ele>
        <time>2026-07-27T13:36:50.957Z</time>
      </trkpt>
      <trkpt lat="43.435187" lon="3.774414">
        <ele>-0.694810</ele>
        <time>2026-07-27T13:36:52.421Z</time>
      </trkpt>
      <trkpt lat="43.435198" lon="3.774496">
        <ele>-0.685568</ele>
        <time>2026-07-27T13:36:53.440Z</time>
      </trkpt>
      <trkpt lat="43.435208" lon="3.775021">
        <ele>-0.598221</ele>
        <time>2026-07-27T13:37:00.451Z</time>
      </trkpt>
      <trkpt lat="43.435267" lon="3.775914">
        <ele>-0.363370</ele>
        <time>2026-07-27T13:37:12.555Z</time>
      </trkpt>
      <trkpt lat="43.435325" lon="3.776429">
        <ele>0.171760</ele>
        <time>2026-07-27T13:37:21.645Z</time>
      </trkpt>
      <trkpt lat="43.435350" lon="3.776694">
        <ele>0.379266</ele>
        <time>2026-07-27T13:37:25.818Z</time>
      </trkpt>
      <trkpt lat="43.435409" lon="3.777299">
        <ele>0.684220</ele>
        <time>2026-07-27T13:37:34.714Z</time>
      </trkpt>
      <trkpt lat="43.435460" lon="3.777640">
        <ele>0.779092</ele>
        <time>2026-07-27T13:37:39.471Z</time>
      </trkpt>
      <trkpt lat="43.435337" lon="3.778002">
        <ele>0.799350</ele>
        <time>2026-07-27T13:37:44.559Z</time>
      </trkpt>
      <trkpt lat="43.435354" lon="3.778078">
        <ele>0.764015</ele>
        <time>2026-07-27T13:37:45.588Z</time>
      </trkpt>
      <trkpt lat="43.435370" lon="3.778149">
        <ele>0.720824</ele>
        <time>2026-07-27T13:37:46.506Z</time>
      </trkpt>
      <trkpt lat="43.435392" lon="3.778243">
        <ele>0.663444</ele>
        <time>2026-07-27T13:37:47.626Z</time>
      </trkpt>
      <trkpt lat="43.435587" lon="3.778334">
        <ele>0.399096</ele>
        <time>2026-07-27T13:37:50.445Z</time>
      </trkpt>
      <trkpt lat="43.435667" lon="3.778460">
        <ele>0.264163</ele>
        <time>2026-07-27T13:37:52.160Z</time>
      </trkpt>
      <trkpt lat="43.435950" lon="3.779004">
        <ele>0.108803</ele>
        <time>2026-07-27T13:38:00.165Z</time>
      </trkpt>
      <trkpt lat="43.437559" lon="3.782487">
        <ele>-0.214304</ele>
        <time>2026-07-27T13:38:50.616Z</time>
      </trkpt>
      <trkpt lat="43.440893" lon="3.789717">
        <ele>-2.520203</ele>
        <time>2026-07-27T13:40:30.725Z</time>
      </trkpt>
      <trkpt lat="43.441008" lon="3.790189">
        <ele>-2.170004</ele>
        <time>2026-07-27T13:40:38.886Z</time>
      </trkpt>
      <trkpt lat="43.441092" lon="3.791101">
        <ele>-0.790475</ele>
        <time>2026-07-27T13:40:56.625Z</time>
      </trkpt>
      <trkpt lat="43.441096" lon="3.791274">
        <ele>-0.519135</ele>
        <time>2026-07-27T13:40:59.781Z</time>
      </trkpt>
      <trkpt lat="43.441041" lon="3.791402">
        <ele>-0.285766</ele>
        <time>2026-07-27T13:41:02.588Z</time>
      </trkpt>
      <trkpt lat="43.440929" lon="3.791484">
        <ele>-0.051225</ele>
        <time>2026-07-27T13:41:05.978Z</time>
      </trkpt>
      <trkpt lat="43.440932" lon="3.791556">
        <ele>0.045076</ele>
        <time>2026-07-27T13:41:07.318Z</time>
      </trkpt>
      <trkpt lat="43.440937" lon="3.791673">
        <ele>0.146314</ele>
        <time>2026-07-27T13:41:09.218Z</time>
      </trkpt>
      <trkpt lat="43.441043" lon="3.791753">
        <ele>0.180594</ele>
        <time>2026-07-27T13:41:11.443Z</time>
      </trkpt>
      <trkpt lat="43.441245" lon="3.792047">
        <ele>0.155900</ele>
        <time>2026-07-27T13:41:16.528Z</time>
      </trkpt>
      <trkpt lat="43.441306" lon="3.792062">
        <ele>0.075084</ele>
        <time>2026-07-27T13:41:17.431Z</time>
      </trkpt>
      <trkpt lat="43.441381" lon="3.792054">
        <ele>-0.023025</ele>
        <time>2026-07-27T13:41:18.453Z</time>
      </trkpt>
      <trkpt lat="43.441436" lon="3.791960">
        <ele>-0.136672</ele>
        <time>2026-07-27T13:41:19.655Z</time>
      </trkpt>
      <trkpt lat="43.441645" lon="3.791749">
        <ele>-0.184861</ele>
        <time>2026-07-27T13:41:24.050Z</time>
      </trkpt>
      <trkpt lat="43.441910" lon="3.791788">
        <ele>-0.114065</ele>
        <time>2026-07-27T13:41:28.964Z</time>
      </trkpt>
      <trkpt lat="43.442026" lon="3.791839">
        <ele>-0.089026</ele>
        <time>2026-07-27T13:41:31.148Z</time>
      </trkpt>
      <trkpt lat="43.442247" lon="3.792031">
        <ele>-0.000463</ele>
        <time>2026-07-27T13:41:36.094Z</time>
      </trkpt>
      <trkpt lat="43.442655" lon="3.792525">
        <ele>0.162345</ele>
        <time>2026-07-27T13:41:46.166Z</time>
      </trkpt>
      <trkpt lat="43.442917" lon="3.792797">
        <ele>0.103850</ele>
        <time>2026-07-27T13:41:51.663Z</time>
      </trkpt>
      <trkpt lat="43.443345" lon="3.793192">
        <ele>-0.009547</ele>
        <time>2026-07-27T13:42:00.051Z</time>
      </trkpt>
      <trkpt lat="43.443551" lon="3.793366">
        <ele>-0.080105</ele>
        <time>2026-07-27T13:42:04.076Z</time>
      </trkpt>
      <trkpt lat="43.448361" lon="3.797405">
        <ele>-0.708383</ele>
        <time>2026-07-27T13:43:38.378Z</time>
      </trkpt>
      <trkpt lat="43.448795" lon="3.797882">
        <ele>-0.179800</ele>
        <time>2026-07-27T13:43:51.099Z</time>
      </trkpt>
      <trkpt lat="43.449043" lon="3.798204">
        <ele>-0.361106</ele>
        <time>2026-07-27T13:43:56.348Z</time>
      </trkpt>
      <trkpt lat="43.449307" lon="3.798611">
        <ele>-0.999487</ele>
        <time>2026-07-27T13:44:01.805Z</time>
      </trkpt>
      <trkpt lat="43.449582" lon="3.799113">
        <ele>-1.725664</ele>
        <time>2026-07-27T13:44:08.116Z</time>
      </trkpt>
      <trkpt lat="43.453102" lon="3.806657">
        <ele>-1.985340</ele>
        <time>2026-07-27T13:45:58.965Z</time>
      </trkpt>
      <trkpt lat="43.455149" lon="3.810718">
        <ele>-0.700017</ele>
        <time>2026-07-27T13:47:06.232Z</time>
      </trkpt>
      <trkpt lat="43.455285" lon="3.811046">
        <ele>-0.641759</ele>
        <time>2026-07-27T13:47:11.518Z</time>
      </trkpt>
      <trkpt lat="43.455313" lon="3.811136">
        <ele>-0.663705</ele>
        <time>2026-07-27T13:47:12.664Z</time>
      </trkpt>
      <trkpt lat="43.455520" lon="3.811452">
        <ele>-0.863725</ele>
        <time>2026-07-27T13:47:17.219Z</time>
      </trkpt>
      <trkpt lat="43.456999" lon="3.814370">
        <ele>-0.512018</ele>
        <time>2026-07-27T13:48:03.271Z</time>
      </trkpt>
      <trkpt lat="43.457340" lon="3.814939">
        <ele>-0.535465</ele>
        <time>2026-07-27T13:48:12.392Z</time>
      </trkpt>
      <trkpt lat="43.457913" lon="3.815778">
        <ele>-1.133892</ele>
        <time>2026-07-27T13:48:25.114Z</time>
      </trkpt>
      <trkpt lat="43.459117" lon="3.817504">
        <ele>-0.613250</ele>
        <time>2026-07-27T13:48:57.573Z</time>
      </trkpt>
      <trkpt lat="43.459658" lon="3.818287">
        <ele>-0.505951</ele>
        <time>2026-07-27T13:49:11.528Z</time>
      </trkpt>
      <trkpt lat="43.460194" lon="3.818930">
        <ele>-0.478411</ele>
        <time>2026-07-27T13:49:23.533Z</time>
      </trkpt>
      <trkpt lat="43.460328" lon="3.819051">
        <ele>-0.400642</ele>
        <time>2026-07-27T13:49:26.811Z</time>
      </trkpt>
      <trkpt lat="43.460664" lon="3.819295">
        <ele>-0.227180</ele>
        <time>2026-07-27T13:49:34.153Z</time>
      </trkpt>
      <trkpt lat="43.460911" lon="3.819434">
        <ele>-0.200000</ele>
        <time>2026-07-27T13:49:38.850Z</time>
      </trkpt>
      <trkpt lat="43.461456" lon="3.819603">
        <ele>-0.206523</ele>
        <time>2026-07-27T13:49:48.366Z</time>
      </trkpt>
      <trkpt lat="43.461891" lon="3.819647">
        <ele>-0.292323</ele>
        <time>2026-07-27T13:49:55.623Z</time>
      </trkpt>
      <trkpt lat="43.462222" lon="3.819616">
        <ele>-0.320868</ele>
        <time>2026-07-27T13:50:01.174Z</time>
      </trkpt>
      <trkpt lat="43.462482" lon="3.819558">
        <ele>-0.364104</ele>
        <time>2026-07-27T13:50:05.615Z</time>
      </trkpt>
      <trkpt lat="43.462838" lon="3.819429">
        <ele>-0.343113</ele>
        <time>2026-07-27T13:50:12.082Z</time>
      </trkpt>
      <trkpt lat="43.462912" lon="3.819398">
        <ele>-0.367945</ele>
        <time>2026-07-27T13:50:13.331Z</time>
      </trkpt>
      <trkpt lat="43.462965" lon="3.819433">
        <ele>-0.386815</ele>
        <time>2026-07-27T13:50:14.371Z</time>
      </trkpt>
      <trkpt lat="43.463492" lon="3.819136">
        <ele>-0.359787</ele>
        <time>2026-07-27T13:50:25.156Z</time>
      </trkpt>
      <trkpt lat="43.463916" lon="3.818753">
        <ele>-0.096502</ele>
        <time>2026-07-27T13:50:36.321Z</time>
      </trkpt>
      <trkpt lat="43.464010" lon="3.818614">
        <ele>-0.033134</ele>
        <time>2026-07-27T13:50:39.390Z</time>
      </trkpt>
      <trkpt lat="43.464057" lon="3.818487">
        <ele>-0.013420</ele>
        <time>2026-07-27T13:50:41.618Z</time>
      </trkpt>
      <trkpt lat="43.464262" lon="3.818231">
        <ele>-0.027935</ele>
        <time>2026-07-27T13:50:46.764Z</time>
      </trkpt>
      <trkpt lat="43.464385" lon="3.818196">
        <ele>-0.163183</ele>
        <time>2026-07-27T13:50:48.880Z</time>
      </trkpt>
      <trkpt lat="43.464599" lon="3.818292">
        <ele>-0.364061</ele>
        <time>2026-07-27T13:50:55.553Z</time>
      </trkpt>
      <trkpt lat="43.468144" lon="3.821874">
        <ele>-2.580556</ele>
        <time>2026-07-27T13:53:18.040Z</time>
      </trkpt>
      <trkpt lat="43.469833" lon="3.823679">
        <ele>-2.300538</ele>
        <time>2026-07-27T13:55:46.638Z</time>
      </trkpt>
      <trkpt lat="43.472218" lon="3.826320">
        <ele>-1.901268</ele>
        <time>2026-07-27T13:59:19.249Z</time>
      </trkpt>
      <trkpt lat="43.473729" lon="3.827993">
        <ele>-1.704779</ele>
        <time>2026-07-27T14:01:33.957Z</time>
      </trkpt>
      <trkpt lat="43.474396" lon="3.828731">
        <ele>-1.702434</ele>
        <time>2026-07-27T14:02:33.421Z</time>
      </trkpt>
      <trkpt lat="43.479731" lon="3.834598">
        <ele>-2.000795</ele>
        <time>2026-07-27T14:10:27.767Z</time>
      </trkpt>
      <trkpt lat="43.483226" lon="3.838399">
        <ele>-2.280575</ele>
        <time>2026-07-27T14:15:37.175Z</time>
      </trkpt>
      <trkpt lat="43.483419" lon="3.838716">
        <ele>-2.211972</ele>
        <time>2026-07-27T14:15:58.009Z</time>
      </trkpt>
      <trkpt lat="43.484991" lon="3.840408">
        <ele>-2.197165</ele>
        <time>2026-07-27T14:18:16.669Z</time>
      </trkpt>
      <trkpt lat="43.485886" lon="3.841449">
        <ele>-2.104012</ele>
        <time>2026-07-27T14:19:38.058Z</time>
      </trkpt>
      <trkpt lat="43.491193" lon="3.847285">
        <ele>-2.079353</ele>
        <time>2026-07-27T14:27:29.872Z</time>
      </trkpt>
      <trkpt lat="43.491725" lon="3.847783">
        <ele>-1.884624</ele>
        <time>2026-07-27T14:28:14.576Z</time>
      </trkpt>
      <trkpt lat="43.491949" lon="3.848067">
        <ele>-1.735025</ele>
        <time>2026-07-27T14:28:21.386Z</time>
      </trkpt>
      <trkpt lat="43.497213" lon="3.854850">
        <ele>-1.504247</ele>
        <time>2026-07-27T14:36:42.122Z</time>
      </trkpt>
      <trkpt lat="43.500092" lon="3.858621">
        <ele>-1.697544</ele>
        <time>2026-07-27T14:41:18.120Z</time>
      </trkpt>
      <trkpt lat="43.500280" lon="3.858857">
        <ele>-1.700000</ele>
        <time>2026-07-27T14:41:23.000Z</time>
      </trkpt>
      <trkpt lat="43.502919" lon="3.862460">
        <ele>-1.694601</ele>
        <time>2026-07-27T14:45:41.118Z</time>
      </trkpt>
      <trkpt lat="43.507182" lon="3.867817">
        <ele>-0.817901</ele>
        <time>2026-07-27T14:52:21.949Z</time>
      </trkpt>
      <trkpt lat="43.508476" lon="3.869514">
        <ele>-1.112973</ele>
        <time>2026-07-27T14:54:26.082Z</time>
      </trkpt>
      <trkpt lat="43.508659" lon="3.869750">
        <ele>-1.177806</ele>
        <time>2026-07-27T14:54:30.634Z</time>
      </trkpt>
      <trkpt lat="43.513025" lon="3.875526">
        <ele>-1.094262</ele>
        <time>2026-07-27T15:01:31.147Z</time>
      </trkpt>
      <trkpt lat="43.515468" lon="3.878695">
        <ele>-0.697749</ele>
        <time>2026-07-27T15:05:24.194Z</time>
      </trkpt>
      <trkpt lat="43.515933" lon="3.879400">
        <ele>-0.608097</ele>
        <time>2026-07-27T15:06:12.256Z</time>
      </trkpt>
      <trkpt lat="43.516161" lon="3.879800">
        <ele>-0.590781</ele>
        <time>2026-07-27T15:06:37.897Z</time>
      </trkpt>
      <trkpt lat="43.516447" lon="3.880301">
        <ele>-0.472953</ele>
        <time>2026-07-27T15:07:10.043Z</time>
      </trkpt>
      <trkpt lat="43.516500" lon="3.880425">
        <ele>-0.408657</ele>
        <time>2026-07-27T15:07:17.262Z</time>
      </trkpt>
      <trkpt lat="43.516605" lon="3.880649">
        <ele>-0.358192</ele>
        <time>2026-07-27T15:07:24.038Z</time>
      </trkpt>
      <trkpt lat="43.516705" lon="3.880883">
        <ele>-0.504823</ele>
        <time>2026-07-27T15:07:30.392Z</time>
      </trkpt>
      <trkpt lat="43.516957" lon="3.881537">
        <ele>-1.407221</ele>
        <time>2026-07-27T15:08:07.727Z</time>
      </trkpt>
      <trkpt lat="43.517075" lon="3.881910">
        <ele>-1.907764</ele>
        <time>2026-07-27T15:08:28.233Z</time>
      </trkpt>
      <trkpt lat="43.517125" lon="3.882089">
        <ele>-1.911940</ele>
        <time>2026-07-27T15:08:37.887Z</time>
      </trkpt>
      <trkpt lat="43.517295" lon="3.882741">
        <ele>-1.336535</ele>
        <time>2026-07-27T15:09:12.820Z</time>
      </trkpt>
      <trkpt lat="43.518159" lon="3.887031">
        <ele>-0.922959</ele>
        <time>2026-07-27T15:12:57.204Z</time>
      </trkpt>
      <trkpt lat="43.520139" lon="3.892309">
        <ele>-1.589767</ele>
        <time>2026-07-27T15:17:56.696Z</time>
      </trkpt>
      <trkpt lat="43.523168" lon="3.897882">
        <ele>-1.497426</ele>
        <time>2026-07-27T15:23:47.659Z</time>
      </trkpt>
      <trkpt lat="43.523770" lon="3.898876">
        <ele>-1.366842</ele>
        <time>2026-07-27T15:24:52.929Z</time>
      </trkpt>
      <trkpt lat="43.523891" lon="3.899093">
        <ele>-1.233064</ele>
        <time>2026-07-27T15:25:00.195Z</time>
      </trkpt>
      <trkpt lat="43.526649" lon="3.904118">
        <ele>-1.200000</ele>
        <time>2026-07-27T15:30:17.785Z</time>
      </trkpt>
      <trkpt lat="43.529419" lon="3.909164">
        <ele>-1.200000</ele>
        <time>2026-07-27T15:35:36.682Z</time>
      </trkpt>
      <trkpt lat="43.529535" lon="3.909509">
        <ele>-1.210843</ele>
        <time>2026-07-27T15:35:45.319Z</time>
      </trkpt>
      <trkpt lat="43.529674" lon="3.909813">
        <ele>-1.269682</ele>
        <time>2026-07-27T15:35:53.324Z</time>
      </trkpt>
      <trkpt lat="43.531438" lon="3.912992">
        <ele>-0.601356</ele>
        <time>2026-07-27T15:37:28.827Z</time>
      </trkpt>
      <trkpt lat="43.532036" lon="3.914070">
        <ele>-0.449004</ele>
        <time>2026-07-27T15:38:01.127Z</time>
      </trkpt>
      <trkpt lat="43.532463" lon="3.915030">
        <ele>-0.695030</ele>
        <time>2026-07-27T15:38:57.894Z</time>
      </trkpt>
      <trkpt lat="43.532769" lon="3.916141">
        <ele>-0.863076</ele>
        <time>2026-07-27T15:39:57.793Z</time>
      </trkpt>
      <trkpt lat="43.533243" lon="3.917140">
        <ele>-0.152841</ele>
        <time>2026-07-27T15:40:57.893Z</time>
      </trkpt>
      <trkpt lat="43.533369" lon="3.917477">
        <ele>0.293173</ele>
        <time>2026-07-27T15:41:17.051Z</time>
      </trkpt>
      <trkpt lat="43.533513" lon="3.917307">
        <ele>0.629542</ele>
        <time>2026-07-27T15:41:21.640Z</time>
      </trkpt>
      <trkpt lat="43.533684" lon="3.917490">
        <ele>1.046149</ele>
        <time>2026-07-27T15:41:27.687Z</time>
      </trkpt>
      <trkpt lat="43.533707" lon="3.917433">
        <ele>1.138587</ele>
        <time>2026-07-27T15:41:28.909Z</time>
      </trkpt>
      <trkpt lat="43.533779" lon="3.917546">
        <ele>1.065896</ele>
        <time>2026-07-27T15:41:30.780Z</time>
      </trkpt>
      <trkpt lat="43.533831" lon="3.917680">
        <ele>0.992457</ele>
        <time>2026-07-27T15:41:32.411Z</time>
      </trkpt>
      <trkpt lat="43.533833" lon="3.917753">
        <ele>0.878587</ele>
        <time>2026-07-27T15:41:33.140Z</time>
      </trkpt>
      <trkpt lat="43.533875" lon="3.917806">
        <ele>0.746364</ele>
        <time>2026-07-27T15:41:33.989Z</time>
      </trkpt>
      <trkpt lat="43.533896" lon="3.917943">
        <ele>0.510561</ele>
        <time>2026-07-27T15:41:35.447Z</time>
      </trkpt>
      <trkpt lat="43.533939" lon="3.918040">
        <ele>0.335237</ele>
        <time>2026-07-27T15:41:36.634Z</time>
      </trkpt>
      <trkpt lat="43.534122" lon="3.918150">
        <ele>0.002900</ele>
        <time>2026-07-27T15:41:39.861Z</time>
      </trkpt>
      <trkpt lat="43.534173" lon="3.918199">
        <ele>0.005239</ele>
        <time>2026-07-27T15:41:41.842Z</time>
      </trkpt>
      <trkpt lat="43.534221" lon="3.918340">
        <ele>0.009488</ele>
        <time>2026-07-27T15:41:46.009Z</time>
      </trkpt>
      <trkpt lat="43.534320" lon="3.918791">
        <ele>0.280625</ele>
        <time>2026-07-27T15:41:53.016Z</time>
      </trkpt>
      <trkpt lat="43.534306" lon="3.919035">
        <ele>0.363500</ele>
        <time>2026-07-27T15:41:56.556Z</time>
      </trkpt>
      <trkpt lat="43.534321" lon="3.919116">
        <ele>0.363355</ele>
        <time>2026-07-27T15:41:57.654Z</time>
      </trkpt>
      <trkpt lat="43.534497" lon="3.918801">
        <ele>0.272234</ele>
        <time>2026-07-27T15:42:03.176Z</time>
      </trkpt>
      <trkpt lat="43.534675" lon="3.918461">
        <ele>0.040724</ele>
        <time>2026-07-27T15:42:08.486Z</time>
      </trkpt>
      <trkpt lat="43.534755" lon="3.918303">
        <ele>0.010531</ele>
        <time>2026-07-27T15:42:11.095Z</time>
      </trkpt>
      <trkpt lat="43.535107" lon="3.917632">
        <ele>-0.021115</ele>
        <time>2026-07-27T15:42:22.998Z</time>
      </trkpt>
      <trkpt lat="43.535243" lon="3.917319">
        <ele>-0.105566</ele>
        <time>2026-07-27T15:42:28.076Z</time>
      </trkpt>
      <trkpt lat="43.535579" lon="3.916272">
        <ele>-0.494169</ele>
        <time>2026-07-27T15:42:43.590Z</time>
      </trkpt>
      <trkpt lat="43.535830" lon="3.915286">
        <ele>-0.779890</ele>
        <time>2026-07-27T15:42:57.678Z</time>
      </trkpt>
      <trkpt lat="43.535944" lon="3.914675">
        <ele>-0.774846</ele>
        <time>2026-07-27T15:43:06.877Z</time>
      </trkpt>
      <trkpt lat="43.536029" lon="3.914152">
        <ele>-0.595160</ele>
        <time>2026-07-27T15:43:15.434Z</time>
      </trkpt>
      <trkpt lat="43.536094" lon="3.913439">
        <ele>-0.277667</ele>
        <time>2026-07-27T15:43:27.401Z</time>
      </trkpt>
      <trkpt lat="43.536098" lon="3.913380">
        <ele>-0.247399</ele>
        <time>2026-07-27T15:43:28.343Z</time>
      </trkpt>
      <trkpt lat="43.536100" lon="3.913253">
        <ele>-0.225026</ele>
        <time>2026-07-27T15:43:30.300Z</time>
      </trkpt>
      <trkpt lat="43.536103" lon="3.913187">
        <ele>-0.215590</ele>
        <time>2026-07-27T15:43:31.159Z</time>
      </trkpt>
      <trkpt lat="43.536037" lon="3.908469">
        <ele>-0.108449</ele>
        <time>2026-07-27T15:44:30.027Z</time>
      </trkpt>
      <trkpt lat="43.536079" lon="3.907624">
        <ele>-0.225123</ele>
        <time>2026-07-27T15:44:40.357Z</time>
      </trkpt>
      <trkpt lat="43.536182" lon="3.906962">
        <ele>-0.459313</ele>
        <time>2026-07-27T15:44:47.971Z</time>
      </trkpt>
      <trkpt lat="43.536346" lon="3.906347">
        <ele>-0.393317</ele>
        <time>2026-07-27T15:44:56.530Z</time>
      </trkpt>
      <trkpt lat="43.536603" lon="3.905690">
        <ele>-0.202513</ele>
        <time>2026-07-27T15:45:06.760Z</time>
      </trkpt>
      <trkpt lat="43.536785" lon="3.905332">
        <ele>-0.116719</ele>
        <time>2026-07-27T15:45:12.530Z</time>
      </trkpt>
      <trkpt lat="43.537043" lon="3.904928">
        <ele>-0.091440</ele>
        <time>2026-07-27T15:45:19.436Z</time>
      </trkpt>
      <trkpt lat="43.537703" lon="3.904104">
        <ele>0.015258</ele>
        <time>2026-07-27T15:45:34.923Z</time>
      </trkpt>
      <trkpt lat="43.538675" lon="3.903007">
        <ele>0.385396</ele>
        <time>2026-07-27T15:45:58.128Z</time>
      </trkpt>
      <trkpt lat="43.540797" lon="3.900513">
        <ele>0.105561</ele>
        <time>2026-07-27T15:46:45.111Z</time>
      </trkpt>
      <trkpt lat="43.541148" lon="3.900210">
        <ele>0.089720</ele>
        <time>2026-07-27T15:46:52.012Z</time>
      </trkpt>
      <trkpt lat="43.541460" lon="3.899853">
        <ele>0.007555</ele>
        <time>2026-07-27T15:46:58.789Z</time>
      </trkpt>
      <trkpt lat="43.541920" lon="3.899462">
        <ele>0.000259</ele>
        <time>2026-07-27T15:47:08.007Z</time>
      </trkpt>
      <trkpt lat="43.542089" lon="3.899254">
        <ele>0.030499</ele>
        <time>2026-07-27T15:47:12.552Z</time>
      </trkpt>
      <trkpt lat="43.542583" lon="3.898581">
        <ele>0.288173</ele>
        <time>2026-07-27T15:47:25.566Z</time>
      </trkpt>
      <trkpt lat="43.542953" lon="3.898222">
        <ele>0.368606</ele>
        <time>2026-07-27T15:47:33.771Z</time>
      </trkpt>
      <trkpt lat="43.543669" lon="3.897726">
        <ele>0.303971</ele>
        <time>2026-07-27T15:47:47.237Z</time>
      </trkpt>
      <trkpt lat="43.544060" lon="3.897561">
        <ele>0.300000</ele>
        <time>2026-07-27T15:47:54.199Z</time>
      </trkpt>
      <trkpt lat="43.544750" lon="3.897423">
        <ele>0.303489</ele>
        <time>2026-07-27T15:48:06.205Z</time>
      </trkpt>
      <trkpt lat="43.545639" lon="3.897307">
        <ele>0.392899</ele>
        <time>2026-07-27T15:48:21.887Z</time>
      </trkpt>
      <trkpt lat="43.547639" lon="3.897206">
        <ele>0.175620</ele>
        <time>2026-07-27T15:48:55.494Z</time>
      </trkpt>
      <trkpt lat="43.547781" lon="3.897166">
        <ele>0.151026</ele>
        <time>2026-07-27T15:48:57.926Z</time>
      </trkpt>
      <trkpt lat="43.548350" lon="3.897203">
        <ele>0.103358</ele>
        <time>2026-07-27T15:49:07.593Z</time>
      </trkpt>
      <trkpt lat="43.549230" lon="3.897324">
        <ele>0.198038</ele>
        <time>2026-07-27T15:49:22.858Z</time>
      </trkpt>
      <trkpt lat="43.551100" lon="3.897812">
        <ele>0.317897</ele>
        <time>2026-07-27T15:49:56.298Z</time>
      </trkpt>
      <trkpt lat="43.551810" lon="3.898049">
        <ele>0.467519</ele>
        <time>2026-07-27T15:50:09.400Z</time>
      </trkpt>
      <trkpt lat="43.551703" lon="3.896869">
        <ele>0.261386</ele>
        <time>2026-07-27T15:50:23.499Z</time>
      </trkpt>
      <trkpt lat="43.551734" lon="3.896772">
        <ele>0.276930</ele>
        <time>2026-07-27T15:50:24.978Z</time>
      </trkpt>
      <trkpt lat="43.551828" lon="3.896743">
        <ele>0.294222</ele>
        <time>2026-07-27T15:50:26.869Z</time>
      </trkpt>
      <trkpt lat="43.554263" lon="3.897163">
        <ele>0.691890</ele>
        <time>2026-07-27T15:51:10.288Z</time>
      </trkpt>
      <trkpt lat="43.555264" lon="3.897301">
        <ele>0.700000</ele>
        <time>2026-07-27T15:51:27.599Z</time>
      </trkpt>
      <trkpt lat="43.555568" lon="3.897263">
        <ele>0.712438</ele>
        <time>2026-07-27T15:51:32.970Z</time>
      </trkpt>
      <trkpt lat="43.555795" lon="3.897189">
        <ele>0.791015</ele>
        <time>2026-07-27T15:51:37.164Z</time>
      </trkpt>
      <trkpt lat="43.556398" lon="3.896925">
        <ele>0.893792</ele>
        <time>2026-07-27T15:51:48.664Z</time>
      </trkpt>
      <trkpt lat="43.556666" lon="3.896794">
        <ele>0.914318</ele>
        <time>2026-07-27T15:51:53.713Z</time>
      </trkpt>
      <trkpt lat="43.556833" lon="3.896666">
        <ele>0.955281</ele>
        <time>2026-07-27T15:51:57.030Z</time>
      </trkpt>
      <trkpt lat="43.556907" lon="3.896573">
        <ele>0.906275</ele>
        <time>2026-07-27T15:51:58.693Z</time>
      </trkpt>
      <trkpt lat="43.557081" lon="3.896732">
        <ele>0.806018</ele>
        <time>2026-07-27T15:52:05.031Z</time>
      </trkpt>
      <trkpt lat="43.557347" lon="3.896821">
        <ele>0.665591</ele>
        <time>2026-07-27T15:52:13.342Z</time>
      </trkpt>
      <trkpt lat="43.557444" lon="3.896822">
        <ele>0.604050</ele>
        <time>2026-07-27T15:52:16.222Z</time>
      </trkpt>
      <trkpt lat="43.557666" lon="3.896747">
        <ele>0.431391</ele>
        <time>2026-07-27T15:52:23.035Z</time>
      </trkpt>
      <trkpt lat="43.557719" lon="3.896746">
        <ele>0.446949</ele>
        <time>2026-07-27T15:52:24.737Z</time>
      </trkpt>
      <trkpt lat="43.558065" lon="3.896683">
        <ele>0.589249</ele>
        <time>2026-07-27T15:52:36.680Z</time>
      </trkpt>
      <trkpt lat="43.561977" lon="3.895703">
        <ele>1.899575</ele>
        <time>2026-07-27T15:54:48.852Z</time>
      </trkpt>
      <trkpt lat="43.562883" lon="3.895993">
        <ele>2.182663</ele>
        <time>2026-07-27T15:55:19.621Z</time>
      </trkpt>
      <trkpt lat="43.563367" lon="3.896148">
        <ele>2.206789</ele>
        <time>2026-07-27T15:55:35.525Z</time>
      </trkpt>
      <trkpt lat="43.564556" lon="3.896528">
        <ele>2.419258</ele>
        <time>2026-07-27T15:56:14.905Z</time>
      </trkpt>
      <trkpt lat="43.564621" lon="3.896574">
        <ele>2.456142</ele>
        <time>2026-07-27T15:56:17.552Z</time>
      </trkpt>
      <trkpt lat="43.564742" lon="3.896755">
        <ele>2.519385</ele>
        <time>2026-07-27T15:56:24.085Z</time>
      </trkpt>
      <trkpt lat="43.564749" lon="3.896684">
        <ele>2.529409</ele>
        <time>2026-07-27T15:56:25.686Z</time>
      </trkpt>
      <trkpt lat="43.564766" lon="3.896459">
        <ele>2.499259</ele>
        <time>2026-07-27T15:56:28.582Z</time>
      </trkpt>
      <trkpt lat="43.565563" lon="3.896728">
        <ele>2.006574</ele>
        <time>2026-07-27T15:56:41.549Z</time>
      </trkpt>
      <trkpt lat="43.566073" lon="3.896902">
        <ele>1.854045</ele>
        <time>2026-07-27T15:56:49.951Z</time>
      </trkpt>
      <trkpt lat="43.566798" lon="3.897113">
        <ele>2.089509</ele>
        <time>2026-07-27T15:57:03.977Z</time>
      </trkpt>
      <trkpt lat="43.567745" lon="3.897258">
        <ele>2.317593</ele>
        <time>2026-07-27T15:57:21.280Z</time>
      </trkpt>
      <trkpt lat="43.569245" lon="3.897625">
        <ele>3.269161</ele>
        <time>2026-07-27T15:57:51.528Z</time>
      </trkpt>
      <trkpt lat="43.570488" lon="3.898093">
        <ele>3.468506</ele>
        <time>2026-07-27T15:58:14.265Z</time>
      </trkpt>
      <trkpt lat="43.570532" lon="3.898132">
        <ele>3.513520</ele>
        <time>2026-07-27T15:58:15.411Z</time>
      </trkpt>
      <trkpt lat="43.570144" lon="3.898542">
        <ele>4.024660</ele>
        <time>2026-07-27T15:58:26.250Z</time>
      </trkpt>
      <trkpt lat="43.570164" lon="3.898600">
        <ele>4.078867</ele>
        <time>2026-07-27T15:58:27.215Z</time>
      </trkpt>
      <trkpt lat="43.570267" lon="3.898837">
        <ele>4.317302</ele>
        <time>2026-07-27T15:58:31.788Z</time>
      </trkpt>
      <trkpt lat="43.570578" lon="3.898990">
        <ele>4.761870</ele>
        <time>2026-07-27T15:58:39.506Z</time>
      </trkpt>
      <trkpt lat="43.570658" lon="3.899074">
        <ele>4.866045</ele>
        <time>2026-07-27T15:58:41.702Z</time>
      </trkpt>
      <trkpt lat="43.570799" lon="3.899326">
        <ele>4.984115</ele>
        <time>2026-07-27T15:58:46.093Z</time>
      </trkpt>
      <trkpt lat="43.570838" lon="3.899318">
        <ele>4.998914</ele>
        <time>2026-07-27T15:58:46.811Z</time>
      </trkpt>
      <trkpt lat="43.570859" lon="3.899267">
        <ele>5.011185</ele>
        <time>2026-07-27T15:58:47.583Z</time>
      </trkpt>
      <trkpt lat="43.570699" lon="3.898998">
        <ele>5.008799</ele>
        <time>2026-07-27T15:58:52.096Z</time>
      </trkpt>
      <trkpt lat="43.570732" lon="3.898934">
        <ele>4.962609</ele>
        <time>2026-07-27T15:58:53.007Z</time>
      </trkpt>
      <trkpt lat="43.570690" lon="3.898831">
        <ele>4.893110</ele>
        <time>2026-07-27T15:58:54.263Z</time>
      </trkpt>
      <trkpt lat="43.570653" lon="3.898749">
        <ele>4.844905</ele>
        <time>2026-07-27T15:58:55.276Z</time>
      </trkpt>
      <trkpt lat="43.570813" lon="3.898469">
        <ele>4.669988</ele>
        <time>2026-07-27T15:58:59.255Z</time>
      </trkpt>
      <trkpt lat="43.571062" lon="3.898192">
        <ele>4.416680</ele>
        <time>2026-07-27T15:59:04.170Z</time>
      </trkpt>
      <trkpt lat="43.571239" lon="3.898132">
        <ele>4.253752</ele>
        <time>2026-07-27T15:59:06.920Z</time>
      </trkpt>
      <trkpt lat="43.571447" lon="3.898146">
        <ele>3.975945</ele>
        <time>2026-07-27T15:59:09.905Z</time>
      </trkpt>
      <trkpt lat="43.571517" lon="3.898185">
        <ele>3.853611</ele>
        <time>2026-07-27T15:59:10.944Z</time>
      </trkpt>
      <trkpt lat="43.571595" lon="3.898334">
        <ele>3.824665</ele>
        <time>2026-07-27T15:59:12.876Z</time>
      </trkpt>
      <trkpt lat="43.571638" lon="3.898301">
        <ele>3.829759</ele>
        <time>2026-07-27T15:59:13.885Z</time>
      </trkpt>
      <trkpt lat="43.571755" lon="3.898162">
        <ele>3.880216</ele>
        <time>2026-07-27T15:59:17.824Z</time>
      </trkpt>
      <trkpt lat="43.571854" lon="3.898064">
        <ele>3.941027</ele>
        <time>2026-07-27T15:59:22.375Z</time>
      </trkpt>
      <trkpt lat="43.571918" lon="3.898009">
        <ele>3.877121</ele>
        <time>2026-07-27T15:59:23.615Z</time>
      </trkpt>
      <trkpt lat="43.571963" lon="3.897959">
        <ele>3.807420</ele>
        <time>2026-07-27T15:59:24.544Z</time>
      </trkpt>
      <trkpt lat="43.572091" lon="3.897816">
        <ele>3.658396</ele>
        <time>2026-07-27T15:59:27.378Z</time>
      </trkpt>
      <trkpt lat="43.572308" lon="3.897734">
        <ele>3.615648</ele>
        <time>2026-07-27T15:59:32.156Z</time>
      </trkpt>
      <trkpt lat="43.573057" lon="3.897711">
        <ele>3.785317</ele>
        <time>2026-07-27T15:59:47.813Z</time>
      </trkpt>
      <trkpt lat="43.573611" lon="3.897823">
        <ele>3.815371</ele>
        <time>2026-07-27T15:59:58.971Z</time>
      </trkpt>
      <trkpt lat="43.574036" lon="3.898027">
        <ele>3.998693</ele>
        <time>2026-07-27T16:00:08.572Z</time>
      </trkpt>
      <trkpt lat="43.574258" lon="3.898210">
        <ele>4.149245</ele>
        <time>2026-07-27T16:00:14.462Z</time>
      </trkpt>
      <trkpt lat="43.574512" lon="3.898529">
        <ele>4.625939</ele>
        <time>2026-07-27T16:00:23.362Z</time>
      </trkpt>
      <trkpt lat="43.574644" lon="3.898735">
        <ele>4.992153</ele>
        <time>2026-07-27T16:00:29.335Z</time>
      </trkpt>
      <trkpt lat="43.574649" lon="3.898878">
        <ele>5.158908</ele>
        <time>2026-07-27T16:00:32.177Z</time>
      </trkpt>
      <trkpt lat="43.574619" lon="3.898947">
        <ele>5.188918</ele>
        <time>2026-07-27T16:00:33.524Z</time>
      </trkpt>
      <trkpt lat="43.574328" lon="3.899291">
        <ele>5.164880</ele>
        <time>2026-07-27T16:00:40.846Z</time>
      </trkpt>
      <trkpt lat="43.574354" lon="3.899371">
        <ele>5.108896</ele>
        <time>2026-07-27T16:00:42.020Z</time>
      </trkpt>
      <trkpt lat="43.574534" lon="3.899596">
        <ele>4.984892</ele>
        <time>2026-07-27T16:00:46.330Z</time>
      </trkpt>
      <trkpt lat="43.574565" lon="3.899655">
        <ele>4.987536</ele>
        <time>2026-07-27T16:00:47.366Z</time>
      </trkpt>
      <trkpt lat="43.574577" lon="3.899774">
        <ele>5.008983</ele>
        <time>2026-07-27T16:00:49.350Z</time>
      </trkpt>
      <trkpt lat="43.574666" lon="3.899968">
        <ele>5.261061</ele>
        <time>2026-07-27T16:00:53.779Z</time>
      </trkpt>
      <trkpt lat="43.574711" lon="3.900050">
        <ele>5.393139</ele>
        <time>2026-07-27T16:00:55.923Z</time>
      </trkpt>
      <trkpt lat="43.574946" lon="3.900243">
        <ele>5.918716</ele>
        <time>2026-07-27T16:01:04.209Z</time>
      </trkpt>
      <trkpt lat="43.575384" lon="3.900471">
        <ele>6.208445</ele>
        <time>2026-07-27T16:01:14.938Z</time>
      </trkpt>
      <trkpt lat="43.575764" lon="3.900966">
        <ele>5.905065</ele>
        <time>2026-07-27T16:01:24.453Z</time>
      </trkpt>
      <trkpt lat="43.575899" lon="3.901073">
        <ele>5.635719</ele>
        <time>2026-07-27T16:01:26.509Z</time>
      </trkpt>
      <trkpt lat="43.576091" lon="3.900793">
        <ele>5.172945</ele>
        <time>2026-07-27T16:01:30.317Z</time>
      </trkpt>
      <trkpt lat="43.576138" lon="3.900809">
        <ele>5.109375</ele>
        <time>2026-07-27T16:01:31.178Z</time>
      </trkpt>
      <trkpt lat="43.576509" lon="3.901219">
        <ele>5.477155</ele>
        <time>2026-07-27T16:01:42.384Z</time>
      </trkpt>
      <trkpt lat="43.577943" lon="3.902869">
        <ele>5.981664</ele>
        <time>2026-07-27T16:02:19.690Z</time>
      </trkpt>
      <trkpt lat="43.578784" lon="3.903885">
        <ele>6.060976</ele>
        <time>2026-07-27T16:02:40.910Z</time>
      </trkpt>
      <trkpt lat="43.578936" lon="3.904141">
        <ele>6.233941</ele>
        <time>2026-07-27T16:02:46.815Z</time>
      </trkpt>
      <trkpt lat="43.579091" lon="3.904438">
        <ele>6.331176</ele>
        <time>2026-07-27T16:02:51.658Z</time>
      </trkpt>
      <trkpt lat="43.579246" lon="3.904886">
        <ele>6.473244</ele>
        <time>2026-07-27T16:02:59.310Z</time>
      </trkpt>
      <trkpt lat="43.580209" lon="3.906946">
        <ele>6.390914</ele>
        <time>2026-07-27T16:03:32.414Z</time>
      </trkpt>
      <trkpt lat="43.580618" lon="3.907498">
        <ele>6.198310</ele>
        <time>2026-07-27T16:03:42.749Z</time>
      </trkpt>
      <trkpt lat="43.580838" lon="3.907697">
        <ele>6.099504</ele>
        <time>2026-07-27T16:03:47.436Z</time>
      </trkpt>
      <trkpt lat="43.581075" lon="3.907831">
        <ele>6.006234</ele>
        <time>2026-07-27T16:03:52.047Z</time>
      </trkpt>
      <trkpt lat="43.581504" lon="3.907984">
        <ele>5.913235</ele>
        <time>2026-07-27T16:04:00.119Z</time>
      </trkpt>
      <trkpt lat="43.583428" lon="3.908148">
        <ele>6.094259</ele>
        <time>2026-07-27T16:04:37.040Z</time>
      </trkpt>
      <trkpt lat="43.583692" lon="3.908148">
        <ele>6.086240</ele>
        <time>2026-07-27T16:04:42.096Z</time>
      </trkpt>
      <trkpt lat="43.584083" lon="3.908054">
        <ele>6.013467</ele>
        <time>2026-07-27T16:04:49.382Z</time>
      </trkpt>
      <trkpt lat="43.584527" lon="3.907911">
        <ele>5.986263</ele>
        <time>2026-07-27T16:04:57.844Z</time>
      </trkpt>
      <trkpt lat="43.584895" lon="3.907708">
        <ele>5.922008</ele>
        <time>2026-07-27T16:05:05.239Z</time>
      </trkpt>
      <trkpt lat="43.585231" lon="3.907576">
        <ele>5.985745</ele>
        <time>2026-07-27T16:05:11.906Z</time>
      </trkpt>
      <trkpt lat="43.585752" lon="3.907434">
        <ele>5.987212</ele>
        <time>2026-07-27T16:05:22.034Z</time>
      </trkpt>
      <trkpt lat="43.586016" lon="3.907394">
        <ele>5.906824</ele>
        <time>2026-07-27T16:05:26.889Z</time>
      </trkpt>
      <trkpt lat="43.586443" lon="3.907445">
        <ele>5.809726</ele>
        <time>2026-07-27T16:05:34.694Z</time>
      </trkpt>
      <trkpt lat="43.586515" lon="3.907509">
        <ele>5.805691</ele>
        <time>2026-07-27T16:05:36.252Z</time>
      </trkpt>
      <trkpt lat="43.586575" lon="3.907651">
        <ele>5.804011</ele>
        <time>2026-07-27T16:05:38.433Z</time>
      </trkpt>
      <trkpt lat="43.586624" lon="3.907686">
        <ele>5.815130</ele>
        <time>2026-07-27T16:05:39.458Z</time>
      </trkpt>
      <trkpt lat="43.587990" lon="3.908037">
        <ele>6.093138</ele>
        <time>2026-07-27T16:06:07.069Z</time>
      </trkpt>
      <trkpt lat="43.588076" lon="3.907886">
        <ele>6.123942</ele>
        <time>2026-07-27T16:06:09.810Z</time>
      </trkpt>
      <trkpt lat="43.588390" lon="3.907893">
        <ele>6.290304</ele>
        <time>2026-07-27T16:06:16.616Z</time>
      </trkpt>
      <trkpt lat="43.589880" lon="3.907575">
        <ele>6.966239</ele>
        <time>2026-07-27T16:06:48.244Z</time>
      </trkpt>
      <trkpt lat="43.590370" lon="3.907316">
        <ele>6.815239</ele>
        <time>2026-07-27T16:06:57.642Z</time>
      </trkpt>
      <trkpt lat="43.590576" lon="3.907163">
        <ele>6.508019</ele>
        <time>2026-07-27T16:07:01.328Z</time>
      </trkpt>
      <trkpt lat="43.590727" lon="3.907001">
        <ele>6.355533</ele>
        <time>2026-07-27T16:07:04.410Z</time>
      </trkpt>
      <trkpt lat="43.591079" lon="3.906585">
        <ele>6.396754</ele>
        <time>2026-07-27T16:07:13.657Z</time>
      </trkpt>
      <trkpt lat="43.591436" lon="3.906035">
        <ele>6.649910</ele>
        <time>2026-07-27T16:07:24.721Z</time>
      </trkpt>
      <trkpt lat="43.591623" lon="3.905719">
        <ele>7.070039</ele>
        <time>2026-07-27T16:07:32.735Z</time>
      </trkpt>
      <trkpt lat="43.591898" lon="3.905324">
        <ele>7.492480</ele>
        <time>2026-07-27T16:07:42.055Z</time>
      </trkpt>
      <trkpt lat="43.592200" lon="3.904982">
        <ele>7.808949</ele>
        <time>2026-07-27T16:07:50.708Z</time>
      </trkpt>
      <trkpt lat="43.592376" lon="3.904820">
        <ele>8.009774</ele>
        <time>2026-07-27T16:07:55.357Z</time>
      </trkpt>
      <trkpt lat="43.592784" lon="3.904575">
        <ele>8.545272</ele>
        <time>2026-07-27T16:08:06.313Z</time>
      </trkpt>
      <trkpt lat="43.593604" lon="3.904188">
        <ele>9.976470</ele>
        <time>2026-07-27T16:08:29.959Z</time>
      </trkpt>
      <trkpt lat="43.593887" lon="3.904066">
        <ele>9.619867</ele>
        <time>2026-07-27T16:08:34.078Z</time>
      </trkpt>
      <trkpt lat="43.594121" lon="3.903932">
        <ele>9.223480</ele>
        <time>2026-07-27T16:08:37.542Z</time>
      </trkpt>
      <trkpt lat="43.594474" lon="3.903578">
        <ele>8.836397</ele>
        <time>2026-07-27T16:08:44.237Z</time>
      </trkpt>
      <trkpt lat="43.594758" lon="3.903281">
        <ele>8.722379</ele>
        <time>2026-07-27T16:08:50.315Z</time>
      </trkpt>
      <trkpt lat="43.595189" lon="3.902701">
        <ele>8.237924</ele>
        <time>2026-07-27T16:08:59.274Z</time>
      </trkpt>
      <trkpt lat="43.595252" lon="3.902617">
        <ele>8.221134</ele>
        <time>2026-07-27T16:09:00.592Z</time>
      </trkpt>
      <trkpt lat="43.595420" lon="3.902392">
        <ele>8.218611</ele>
        <time>2026-07-27T16:09:04.724Z</time>
      </trkpt>
      <trkpt lat="43.595636" lon="3.902105">
        <ele>8.305420</ele>
        <time>2026-07-27T16:09:10.245Z</time>
      </trkpt>
      <trkpt lat="43.595937" lon="3.901702">
        <ele>8.494491</ele>
        <time>2026-07-27T16:09:18.435Z</time>
      </trkpt>
      <trkpt lat="43.596136" lon="3.901436">
        <ele>8.564351</ele>
        <time>2026-07-27T16:09:23.857Z</time>
      </trkpt>
      <trkpt lat="43.596550" lon="3.900842">
        <ele>8.144691</ele>
        <time>2026-07-27T16:09:36.420Z</time>
      </trkpt>
      <trkpt lat="43.596568" lon="3.900761">
        <ele>8.112475</ele>
        <time>2026-07-27T16:09:37.742Z</time>
      </trkpt>
      <trkpt lat="43.597144" lon="3.899816">
        <ele>8.077808</ele>
        <time>2026-07-27T16:09:58.584Z</time>
      </trkpt>
      <trkpt lat="43.597572" lon="3.899444">
        <ele>7.805390</ele>
        <time>2026-07-27T16:10:09.543Z</time>
      </trkpt>
      <trkpt lat="43.597948" lon="3.899133">
        <ele>7.611551</ele>
        <time>2026-07-27T16:10:19.038Z</time>
      </trkpt>
      <trkpt lat="43.598598" lon="3.898798">
        <ele>7.576531</ele>
        <time>2026-07-27T16:10:34.829Z</time>
      </trkpt>
      <trkpt lat="43.598995" lon="3.898618">
        <ele>8.287191</ele>
        <time>2026-07-27T16:10:47.596Z</time>
      </trkpt>
      <trkpt lat="43.599524" lon="3.898284">
        <ele>10.470681</ele>
        <time>2026-07-27T16:11:13.112Z</time>
      </trkpt>
      <trkpt lat="43.599837" lon="3.898013">
        <ele>10.247070</ele>
        <time>2026-07-27T16:11:20.284Z</time>
      </trkpt>
      <trkpt lat="43.600097" lon="3.897781">
        <ele>10.034427</ele>
        <time>2026-07-27T16:11:26.952Z</time>
      </trkpt>
      <trkpt lat="43.600614" lon="3.897333">
        <ele>9.998309</ele>
        <time>2026-07-27T16:11:41.371Z</time>
      </trkpt>
      <trkpt lat="43.600689" lon="3.897401">
        <ele>9.993331</ele>
        <time>2026-07-27T16:11:43.901Z</time>
      </trkpt>
      <trkpt lat="43.600728" lon="3.897371">
        <ele>9.990854</ele>
        <time>2026-07-27T16:11:44.600Z</time>
      </trkpt>
      <trkpt lat="43.600629" lon="3.897131">
        <ele>9.747378</ele>
        <time>2026-07-27T16:11:47.152Z</time>
      </trkpt>
      <trkpt lat="43.600205" lon="3.896320">
        <ele>11.964715</ele>
        <time>2026-07-27T16:12:10.249Z</time>
      </trkpt>
      <trkpt lat="43.600164" lon="3.896248">
        <ele>12.238931</ele>
        <time>2026-07-27T16:12:13.294Z</time>
      </trkpt>
      <trkpt lat="43.599938" lon="3.895831">
        <ele>13.614136</ele>
        <time>2026-07-27T16:12:25.839Z</time>
      </trkpt>
      <trkpt lat="43.599921" lon="3.895790">
        <ele>13.655862</ele>
        <time>2026-07-27T16:12:26.659Z</time>
      </trkpt>
      <trkpt lat="43.599894" lon="3.895817">
        <ele>13.696518</ele>
        <time>2026-07-27T16:12:28.943Z</time>
      </trkpt>
      <trkpt lat="43.599899" lon="3.895874">
        <ele>13.747227</ele>
        <time>2026-07-27T16:12:30.069Z</time>
      </trkpt>
      <trkpt lat="43.599890" lon="3.896034">
        <ele>13.881834</ele>
        <time>2026-07-27T16:12:33.049Z</time>
      </trkpt>
      <trkpt lat="43.599581" lon="3.896291">
        <ele>13.970263</ele>
        <time>2026-07-27T16:12:41.999Z</time>
      </trkpt>
      <trkpt lat="43.599567" lon="3.896261">
        <ele>13.972098</ele>
        <time>2026-07-27T16:12:43.786Z</time>
      </trkpt>
      <trkpt lat="43.599794" lon="3.896070">
        <ele>13.886376</ele>
        <time>2026-07-27T16:12:50.484Z</time>
      </trkpt>
      <trkpt lat="43.599666" lon="3.895763">
        <ele>13.880516</ele>
        <time>2026-07-27T16:12:56.849Z</time>
      </trkpt>
    </trkseg>
  </trk>
</gpx>