<?xml version='1.0' encoding='UTF-8'?>
<gpx version="1.1" creator="https://www.komoot.de" xmlns="http://www.topografix.com/GPX/1/1" xmlns:xsi="http://www.w3.org/2001/XMLSchema-instance" xsi:schemaLocation="http://www.topografix.com/GPX/1/1 http://www.topografix.com/GPX/1/1/gpx.xsd">
  <metadata>
    <name>2026 - Tour de L'hortus par Viol le Fort</name>
    <author>
      <link href="https://www.komoot.de">
        <text>komoot</text>
        <type>text/html</type>
      </link>
    </author>
  </metadata>
  <trk>
    <name>2026 - Tour de L'hortus par Viol le Fort</name>
    <type>mtb_easy</type>
    <trkseg>
      <trkpt lat="43.659239" lon="3.893023">
        <ele>64.574231</ele>
        <time>2026-06-08T12:39:21.111Z</time>
      </trkpt>
      <trkpt lat="43.659131" lon="3.892699">
        <ele>64.822341</ele>
        <time>2026-06-08T12:39:27.344Z</time>
      </trkpt>
      <trkpt lat="43.659461" lon="3.892373">
        <ele>65.709865</ele>
        <time>2026-06-08T12:39:38.331Z</time>
      </trkpt>
      <trkpt lat="43.659492" lon="3.892273">
        <ele>65.949821</ele>
        <time>2026-06-08T12:39:40.846Z</time>
      </trkpt>
      <trkpt lat="43.659661" lon="3.891787">
        <ele>67.561612</ele>
        <time>2026-06-08T12:39:54.993Z</time>
      </trkpt>
      <trkpt lat="43.659672" lon="3.891749">
        <ele>67.698162</ele>
        <time>2026-06-08T12:39:56.234Z</time>
      </trkpt>
      <trkpt lat="43.659784" lon="3.891351">
        <ele>69.420906</ele>
        <time>2026-06-08T12:40:09.706Z</time>
      </trkpt>
      <trkpt lat="43.659748" lon="3.891166">
        <ele>70.303382</ele>
        <time>2026-06-08T12:40:16.213Z</time>
      </trkpt>
      <trkpt lat="43.659451" lon="3.890639">
        <ele>73.365853</ele>
        <time>2026-06-08T12:40:39.161Z</time>
      </trkpt>
      <trkpt lat="43.659234" lon="3.890250">
        <ele>75.358581</ele>
        <time>2026-06-08T12:40:54.369Z</time>
      </trkpt>
      <trkpt lat="43.659169" lon="3.890080">
        <ele>76.074881</ele>
        <time>2026-06-08T12:40:59.767Z</time>
      </trkpt>
      <trkpt lat="43.659114" lon="3.889933">
        <ele>76.559080</ele>
        <time>2026-06-08T12:41:04.149Z</time>
      </trkpt>
      <trkpt lat="43.659089" lon="3.889918">
        <ele>76.669297</ele>
        <time>2026-06-08T12:41:05.143Z</time>
      </trkpt>
      <trkpt lat="43.659010" lon="3.889880">
        <ele>76.995439</ele>
        <time>2026-06-08T12:41:08.052Z</time>
      </trkpt>
      <trkpt lat="43.658937" lon="3.889842">
        <ele>77.187762</ele>
        <time>2026-06-08T12:41:10.710Z</time>
      </trkpt>
      <trkpt lat="43.658899" lon="3.889844">
        <ele>77.281520</ele>
        <time>2026-06-08T12:41:11.943Z</time>
      </trkpt>
      <trkpt lat="43.658606" lon="3.889498">
        <ele>77.778414</ele>
        <time>2026-06-08T12:41:20.646Z</time>
      </trkpt>
      <trkpt lat="43.658601" lon="3.889489">
        <ele>77.774174</ele>
        <time>2026-06-08T12:41:20.806Z</time>
      </trkpt>
      <trkpt lat="43.658459" lon="3.889230">
        <ele>77.472199</ele>
        <time>2026-06-08T12:41:24.833Z</time>
      </trkpt>
      <trkpt lat="43.658283" lon="3.888854">
        <ele>76.319099</ele>
        <time>2026-06-08T12:41:29.577Z</time>
      </trkpt>
      <trkpt lat="43.658112" lon="3.888327">
        <ele>74.046247</ele>
        <time>2026-06-08T12:41:34.649Z</time>
      </trkpt>
      <trkpt lat="43.657817" lon="3.887707">
        <ele>70.596621</ele>
        <time>2026-06-08T12:41:41.006Z</time>
      </trkpt>
      <trkpt lat="43.657771" lon="3.887597">
        <ele>69.961305</ele>
        <time>2026-06-08T12:41:42.021Z</time>
      </trkpt>
      <trkpt lat="43.657564" lon="3.886992">
        <ele>66.600443</ele>
        <time>2026-06-08T12:41:47.360Z</time>
      </trkpt>
      <trkpt lat="43.657541" lon="3.886977">
        <ele>66.421943</ele>
        <time>2026-06-08T12:41:47.645Z</time>
      </trkpt>
      <trkpt lat="43.657438" lon="3.886705">
        <ele>64.929555</ele>
        <time>2026-06-08T12:41:50.110Z</time>
      </trkpt>
      <trkpt lat="43.657360" lon="3.886563">
        <ele>64.117477</ele>
        <time>2026-06-08T12:41:51.565Z</time>
      </trkpt>
      <trkpt lat="43.657292" lon="3.886436">
        <ele>63.435904</ele>
        <time>2026-06-08T12:41:52.867Z</time>
      </trkpt>
      <trkpt lat="43.657214" lon="3.886292">
        <ele>62.713764</ele>
        <time>2026-06-08T12:41:54.352Z</time>
      </trkpt>
      <trkpt lat="43.657053" lon="3.886063">
        <ele>61.493185</ele>
        <time>2026-06-08T12:41:57.024Z</time>
      </trkpt>
      <trkpt lat="43.656996" lon="3.885969">
        <ele>61.025947</ele>
        <time>2026-06-08T12:41:58.058Z</time>
      </trkpt>
      <trkpt lat="43.656872" lon="3.885780">
        <ele>60.135068</ele>
        <time>2026-06-08T12:42:00.224Z</time>
      </trkpt>
      <trkpt lat="43.656803" lon="3.885438">
        <ele>59.023758</ele>
        <time>2026-06-08T12:42:03.296Z</time>
      </trkpt>
      <trkpt lat="43.656697" lon="3.884873">
        <ele>57.472319</ele>
        <time>2026-06-08T12:42:08.480Z</time>
      </trkpt>
      <trkpt lat="43.656625" lon="3.884549">
        <ele>56.812547</ele>
        <time>2026-06-08T12:42:11.645Z</time>
      </trkpt>
      <trkpt lat="43.656508" lon="3.883944">
        <ele>55.825936</ele>
        <time>2026-06-08T12:42:17.773Z</time>
      </trkpt>
      <trkpt lat="43.656394" lon="3.883654">
        <ele>55.418573</ele>
        <time>2026-06-08T12:42:21.063Z</time>
      </trkpt>
      <trkpt lat="43.655990" lon="3.882600">
        <ele>54.293096</ele>
        <time>2026-06-08T12:42:33.528Z</time>
      </trkpt>
      <trkpt lat="43.655894" lon="3.882336">
        <ele>54.033486</ele>
        <time>2026-06-08T12:42:36.662Z</time>
      </trkpt>
      <trkpt lat="43.655481" lon="3.881261">
        <ele>53.295326</ele>
        <time>2026-06-08T12:42:50.075Z</time>
      </trkpt>
      <trkpt lat="43.655439" lon="3.881204">
        <ele>53.246071</ele>
        <time>2026-06-08T12:42:51.093Z</time>
      </trkpt>
      <trkpt lat="43.655382" lon="3.881072">
        <ele>53.130768</ele>
        <time>2026-06-08T12:42:53.022Z</time>
      </trkpt>
      <trkpt lat="43.655373" lon="3.881017">
        <ele>53.080671</ele>
        <time>2026-06-08T12:42:53.693Z</time>
      </trkpt>
      <trkpt lat="43.655435" lon="3.880924">
        <ele>52.968321</ele>
        <time>2026-06-08T12:42:55.241Z</time>
      </trkpt>
      <trkpt lat="43.655581" lon="3.880824">
        <ele>52.688187</ele>
        <time>2026-06-08T12:42:57.949Z</time>
      </trkpt>
      <trkpt lat="43.655567" lon="3.880689">
        <ele>52.505081</ele>
        <time>2026-06-08T12:42:59.574Z</time>
      </trkpt>
      <trkpt lat="43.655459" lon="3.880684">
        <ele>52.316932</ele>
        <time>2026-06-08T12:43:01.327Z</time>
      </trkpt>
      <trkpt lat="43.655417" lon="3.880530">
        <ele>52.109555</ele>
        <time>2026-06-08T12:43:03.286Z</time>
      </trkpt>
      <trkpt lat="43.655389" lon="3.880427">
        <ele>51.969650</ele>
        <time>2026-06-08T12:43:04.381Z</time>
      </trkpt>
      <trkpt lat="43.655233" lon="3.879834">
        <ele>51.101772</ele>
        <time>2026-06-08T12:43:10.631Z</time>
      </trkpt>
      <trkpt lat="43.655147" lon="3.879498">
        <ele>50.609063</ele>
        <time>2026-06-08T12:43:14.215Z</time>
      </trkpt>
      <trkpt lat="43.655091" lon="3.879278">
        <ele>50.301311</ele>
        <time>2026-06-08T12:43:16.542Z</time>
      </trkpt>
      <trkpt lat="43.654938" lon="3.878768">
        <ele>49.591313</ele>
        <time>2026-06-08T12:43:22.000Z</time>
      </trkpt>
      <trkpt lat="43.654886" lon="3.878675">
        <ele>49.458822</ele>
        <time>2026-06-08T12:43:23.200Z</time>
      </trkpt>
      <trkpt lat="43.654919" lon="3.878294">
        <ele>49.116618</ele>
        <time>2026-06-08T12:43:27.212Z</time>
      </trkpt>
      <trkpt lat="43.654970" lon="3.876465">
        <ele>48.103119</ele>
        <time>2026-06-08T12:43:47.511Z</time>
      </trkpt>
      <trkpt lat="43.654978" lon="3.875476">
        <ele>47.567901</ele>
        <time>2026-06-08T12:43:58.607Z</time>
      </trkpt>
      <trkpt lat="43.654929" lon="3.875399">
        <ele>47.491248</ele>
        <time>2026-06-08T12:44:00.738Z</time>
      </trkpt>
      <trkpt lat="43.654864" lon="3.874746">
        <ele>46.803920</ele>
        <time>2026-06-08T12:44:14.244Z</time>
      </trkpt>
      <trkpt lat="43.654848" lon="3.874708">
        <ele>46.753489</ele>
        <time>2026-06-08T12:44:15.134Z</time>
      </trkpt>
      <trkpt lat="43.654792" lon="3.874693">
        <ele>46.663058</ele>
        <time>2026-06-08T12:44:16.723Z</time>
      </trkpt>
      <trkpt lat="43.654451" lon="3.874803">
        <ele>45.985803</ele>
        <time>2026-06-08T12:44:22.348Z</time>
      </trkpt>
      <trkpt lat="43.654378" lon="3.874773">
        <ele>45.820674</ele>
        <time>2026-06-08T12:44:24.494Z</time>
      </trkpt>
      <trkpt lat="43.654201" lon="3.874351">
        <ele>45.077475</ele>
        <time>2026-06-08T12:44:34.101Z</time>
      </trkpt>
      <trkpt lat="43.653912" lon="3.873801">
        <ele>43.805073</ele>
        <time>2026-06-08T12:44:47.166Z</time>
      </trkpt>
      <trkpt lat="43.653795" lon="3.873663">
        <ele>43.411133</ele>
        <time>2026-06-08T12:44:49.431Z</time>
      </trkpt>
      <trkpt lat="43.653665" lon="3.873498">
        <ele>43.005528</ele>
        <time>2026-06-08T12:44:52.019Z</time>
      </trkpt>
      <trkpt lat="43.652962" lon="3.872696">
        <ele>41.038937</ele>
        <time>2026-06-08T12:45:05.675Z</time>
      </trkpt>
      <trkpt lat="43.652355" lon="3.871924">
        <ele>40.005166</ele>
        <time>2026-06-08T12:45:18.851Z</time>
      </trkpt>
      <trkpt lat="43.652077" lon="3.871393">
        <ele>39.955161</ele>
        <time>2026-06-08T12:45:27.969Z</time>
      </trkpt>
      <trkpt lat="43.651799" lon="3.870812">
        <ele>40.423795</ele>
        <time>2026-06-08T12:45:39.741Z</time>
      </trkpt>
      <trkpt lat="43.651580" lon="3.870259">
        <ele>41.109631</ele>
        <time>2026-06-08T12:45:57.433Z</time>
      </trkpt>
      <trkpt lat="43.651291" lon="3.869496">
        <ele>42.187112</ele>
        <time>2026-06-08T12:46:13.950Z</time>
      </trkpt>
      <trkpt lat="43.651113" lon="3.868913">
        <ele>42.870714</ele>
        <time>2026-06-08T12:46:25.826Z</time>
      </trkpt>
      <trkpt lat="43.650915" lon="3.868111">
        <ele>43.397928</ele>
        <time>2026-06-08T12:46:40.265Z</time>
      </trkpt>
      <trkpt lat="43.650776" lon="3.867087">
        <ele>43.197437</ele>
        <time>2026-06-08T12:46:53.606Z</time>
      </trkpt>
      <trkpt lat="43.650705" lon="3.866796">
        <ele>43.097574</ele>
        <time>2026-06-08T12:46:57.546Z</time>
      </trkpt>
      <trkpt lat="43.650614" lon="3.866548">
        <ele>42.994777</ele>
        <time>2026-06-08T12:47:01.023Z</time>
      </trkpt>
      <trkpt lat="43.650507" lon="3.866364">
        <ele>42.897385</ele>
        <time>2026-06-08T12:47:03.685Z</time>
      </trkpt>
      <trkpt lat="43.650427" lon="3.866239">
        <ele>42.823734</ele>
        <time>2026-06-08T12:47:05.575Z</time>
      </trkpt>
      <trkpt lat="43.650393" lon="3.866200">
        <ele>42.798379</ele>
        <time>2026-06-08T12:47:06.269Z</time>
      </trkpt>
      <trkpt lat="43.650365" lon="3.866172">
        <ele>42.779844</ele>
        <time>2026-06-08T12:47:06.832Z</time>
      </trkpt>
      <trkpt lat="43.650270" lon="3.866023">
        <ele>42.702780</ele>
        <time>2026-06-08T12:47:09.310Z</time>
      </trkpt>
      <trkpt lat="43.650262" lon="3.865996">
        <ele>42.691458</ele>
        <time>2026-06-08T12:47:09.697Z</time>
      </trkpt>
      <trkpt lat="43.650270" lon="3.865953">
        <ele>42.666410</ele>
        <time>2026-06-08T12:47:10.188Z</time>
      </trkpt>
      <trkpt lat="43.650281" lon="3.865859">
        <ele>42.610446</ele>
        <time>2026-06-08T12:47:11.227Z</time>
      </trkpt>
      <trkpt lat="43.650372" lon="3.865704">
        <ele>42.493528</ele>
        <time>2026-06-08T12:47:13.657Z</time>
      </trkpt>
      <trkpt lat="43.650545" lon="3.865528">
        <ele>42.329053</ele>
        <time>2026-06-08T12:47:17.364Z</time>
      </trkpt>
      <trkpt lat="43.650591" lon="3.865565">
        <ele>42.326045</ele>
        <time>2026-06-08T12:47:18.176Z</time>
      </trkpt>
      <trkpt lat="43.650624" lon="3.865587">
        <ele>42.323974</ele>
        <time>2026-06-08T12:47:18.769Z</time>
      </trkpt>
      <trkpt lat="43.650726" lon="3.865737">
        <ele>42.333656</ele>
        <time>2026-06-08T12:47:21.358Z</time>
      </trkpt>
      <trkpt lat="43.650949" lon="3.865749">
        <ele>42.525579</ele>
        <time>2026-06-08T12:47:26.301Z</time>
      </trkpt>
      <trkpt lat="43.651003" lon="3.865752">
        <ele>42.598633</ele>
        <time>2026-06-08T12:47:27.547Z</time>
      </trkpt>
      <trkpt lat="43.651069" lon="3.865930">
        <ele>42.794258</ele>
        <time>2026-06-08T12:47:30.861Z</time>
      </trkpt>
      <trkpt lat="43.651129" lon="3.865976">
        <ele>42.873615</ele>
        <time>2026-06-08T12:47:32.335Z</time>
      </trkpt>
      <trkpt lat="43.651183" lon="3.865985">
        <ele>42.935330</ele>
        <time>2026-06-08T12:47:33.562Z</time>
      </trkpt>
      <trkpt lat="43.651235" lon="3.865946">
        <ele>43.002459</ele>
        <time>2026-06-08T12:47:34.829Z</time>
      </trkpt>
      <trkpt lat="43.651279" lon="3.865867">
        <ele>43.087008</ele>
        <time>2026-06-08T12:47:36.488Z</time>
      </trkpt>
      <trkpt lat="43.651302" lon="3.865585">
        <ele>43.344906</ele>
        <time>2026-06-08T12:47:41.159Z</time>
      </trkpt>
      <trkpt lat="43.651303" lon="3.865575">
        <ele>43.354782</ele>
        <time>2026-06-08T12:47:41.326Z</time>
      </trkpt>
      <trkpt lat="43.651393" lon="3.865321">
        <ele>43.631469</ele>
        <time>2026-06-08T12:47:46.059Z</time>
      </trkpt>
      <trkpt lat="43.651416" lon="3.865191">
        <ele>43.777425</ele>
        <time>2026-06-08T12:47:48.396Z</time>
      </trkpt>
      <trkpt lat="43.651479" lon="3.864588">
        <ele>44.381806</ele>
        <time>2026-06-08T12:48:00.025Z</time>
      </trkpt>
      <trkpt lat="43.651636" lon="3.863726">
        <ele>45.074601</ele>
        <time>2026-06-08T12:48:15.835Z</time>
      </trkpt>
      <trkpt lat="43.651699" lon="3.863491">
        <ele>45.192299</ele>
        <time>2026-06-08T12:48:19.941Z</time>
      </trkpt>
      <trkpt lat="43.651942" lon="3.862111">
        <ele>45.482565</ele>
        <time>2026-06-08T12:48:41.617Z</time>
      </trkpt>
      <trkpt lat="43.651997" lon="3.861940">
        <ele>45.490612</ele>
        <time>2026-06-08T12:48:44.318Z</time>
      </trkpt>
      <trkpt lat="43.652178" lon="3.861341">
        <ele>45.409123</ele>
        <time>2026-06-08T12:48:53.528Z</time>
      </trkpt>
      <trkpt lat="43.652233" lon="3.861264">
        <ele>45.402430</ele>
        <time>2026-06-08T12:48:55.054Z</time>
      </trkpt>
      <trkpt lat="43.652328" lon="3.861195">
        <ele>45.390158</ele>
        <time>2026-06-08T12:48:57.113Z</time>
      </trkpt>
      <trkpt lat="43.652673" lon="3.861003">
        <ele>45.288000</ele>
        <time>2026-06-08T12:49:04.099Z</time>
      </trkpt>
      <trkpt lat="43.652836" lon="3.860866">
        <ele>45.179895</ele>
        <time>2026-06-08T12:49:07.621Z</time>
      </trkpt>
      <trkpt lat="43.652890" lon="3.860743">
        <ele>45.112070</ele>
        <time>2026-06-08T12:49:09.502Z</time>
      </trkpt>
      <trkpt lat="43.652902" lon="3.860518">
        <ele>45.011917</ele>
        <time>2026-06-08T12:49:12.460Z</time>
      </trkpt>
      <trkpt lat="43.652918" lon="3.860471">
        <ele>44.988859</ele>
        <time>2026-06-08T12:49:13.160Z</time>
      </trkpt>
      <trkpt lat="43.653004" lon="3.860309">
        <ele>44.933297</ele>
        <time>2026-06-08T12:49:15.921Z</time>
      </trkpt>
      <trkpt lat="43.653036" lon="3.860200">
        <ele>44.902024</ele>
        <time>2026-06-08T12:49:17.549Z</time>
      </trkpt>
      <trkpt lat="43.652926" lon="3.859217">
        <ele>44.906406</ele>
        <time>2026-06-08T12:49:31.834Z</time>
      </trkpt>
      <trkpt lat="43.652892" lon="3.859039">
        <ele>44.926647</ele>
        <time>2026-06-08T12:49:34.694Z</time>
      </trkpt>
      <trkpt lat="43.652795" lon="3.858845">
        <ele>45.008732</ele>
        <time>2026-06-08T12:49:38.525Z</time>
      </trkpt>
      <trkpt lat="43.652838" lon="3.858637">
        <ele>45.144658</ele>
        <time>2026-06-08T12:49:42.144Z</time>
      </trkpt>
      <trkpt lat="43.653293" lon="3.857556">
        <ele>46.382823</ele>
        <time>2026-06-08T12:50:05.757Z</time>
      </trkpt>
      <trkpt lat="43.653432" lon="3.857081">
        <ele>46.801844</ele>
        <time>2026-06-08T12:50:15.007Z</time>
      </trkpt>
      <trkpt lat="43.653494" lon="3.856852">
        <ele>47.017032</ele>
        <time>2026-06-08T12:50:19.395Z</time>
      </trkpt>
      <trkpt lat="43.653557" lon="3.856693">
        <ele>47.169906</ele>
        <time>2026-06-08T12:50:22.669Z</time>
      </trkpt>
      <trkpt lat="43.653651" lon="3.856538">
        <ele>47.329622</ele>
        <time>2026-06-08T12:50:26.390Z</time>
      </trkpt>
      <trkpt lat="43.653789" lon="3.856379">
        <ele>47.605535</ele>
        <time>2026-06-08T12:50:31.115Z</time>
      </trkpt>
      <trkpt lat="43.653943" lon="3.856251">
        <ele>47.873353</ele>
        <time>2026-06-08T12:50:35.946Z</time>
      </trkpt>
      <trkpt lat="43.654232" lon="3.856017">
        <ele>48.285994</ele>
        <time>2026-06-08T12:50:44.350Z</time>
      </trkpt>
      <trkpt lat="43.654457" lon="3.855792">
        <ele>48.508561</ele>
        <time>2026-06-08T12:50:50.955Z</time>
      </trkpt>
      <trkpt lat="43.654670" lon="3.855703">
        <ele>48.701864</ele>
        <time>2026-06-08T12:50:56.265Z</time>
      </trkpt>
      <trkpt lat="43.654880" lon="3.855636">
        <ele>48.906599</ele>
        <time>2026-06-08T12:51:01.477Z</time>
      </trkpt>
      <trkpt lat="43.655029" lon="3.855504">
        <ele>49.088710</ele>
        <time>2026-06-08T12:51:05.784Z</time>
      </trkpt>
      <trkpt lat="43.655200" lon="3.855213">
        <ele>49.299821</ele>
        <time>2026-06-08T12:51:12.195Z</time>
      </trkpt>
      <trkpt lat="43.655262" lon="3.855065">
        <ele>49.388451</ele>
        <time>2026-06-08T12:51:15.028Z</time>
      </trkpt>
      <trkpt lat="43.655355" lon="3.854575">
        <ele>49.607103</ele>
        <time>2026-06-08T12:51:23.263Z</time>
      </trkpt>
      <trkpt lat="43.655763" lon="3.853654">
        <ele>50.126702</ele>
        <time>2026-06-08T12:51:41.163Z</time>
      </trkpt>
      <trkpt lat="43.656047" lon="3.853023">
        <ele>50.786383</ele>
        <time>2026-06-08T12:51:54.904Z</time>
      </trkpt>
      <trkpt lat="43.656455" lon="3.852296">
        <ele>51.495935</ele>
        <time>2026-06-08T12:52:11.327Z</time>
      </trkpt>
      <trkpt lat="43.656767" lon="3.851914">
        <ele>51.900647</ele>
        <time>2026-06-08T12:52:21.310Z</time>
      </trkpt>
      <trkpt lat="43.657047" lon="3.851742">
        <ele>52.213710</ele>
        <time>2026-06-08T12:52:28.752Z</time>
      </trkpt>
      <trkpt lat="43.657514" lon="3.851437">
        <ele>52.795536</ele>
        <time>2026-06-08T12:52:41.406Z</time>
      </trkpt>
      <trkpt lat="43.657918" lon="3.851114">
        <ele>53.323729</ele>
        <time>2026-06-08T12:52:53.117Z</time>
      </trkpt>
      <trkpt lat="43.658018" lon="3.851014">
        <ele>53.485036</ele>
        <time>2026-06-08T12:52:56.365Z</time>
      </trkpt>
      <trkpt lat="43.658144" lon="3.850887">
        <ele>53.697194</ele>
        <time>2026-06-08T12:53:00.464Z</time>
      </trkpt>
      <trkpt lat="43.658851" lon="3.850071">
        <ele>54.753947</ele>
        <time>2026-06-08T12:53:23.781Z</time>
      </trkpt>
      <trkpt lat="43.659959" lon="3.848831">
        <ele>55.020621</ele>
        <time>2026-06-08T12:53:52.770Z</time>
      </trkpt>
      <trkpt lat="43.661086" lon="3.847624">
        <ele>55.533380</ele>
        <time>2026-06-08T12:54:23.596Z</time>
      </trkpt>
      <trkpt lat="43.661398" lon="3.847389">
        <ele>55.927112</ele>
        <time>2026-06-08T12:54:32.449Z</time>
      </trkpt>
      <trkpt lat="43.661635" lon="3.847296">
        <ele>56.292675</ele>
        <time>2026-06-08T12:54:38.851Z</time>
      </trkpt>
      <trkpt lat="43.662132" lon="3.847080">
        <ele>57.102843</ele>
        <time>2026-06-08T12:54:52.946Z</time>
      </trkpt>
      <trkpt lat="43.662303" lon="3.846974">
        <ele>57.423926</ele>
        <time>2026-06-08T12:54:58.264Z</time>
      </trkpt>
      <trkpt lat="43.662930" lon="3.846328">
        <ele>59.008597</ele>
        <time>2026-06-08T12:55:20.940Z</time>
      </trkpt>
      <trkpt lat="43.663265" lon="3.846036">
        <ele>59.907199</ele>
        <time>2026-06-08T12:55:32.892Z</time>
      </trkpt>
      <trkpt lat="43.663521" lon="3.845865">
        <ele>60.595233</ele>
        <time>2026-06-08T12:55:41.578Z</time>
      </trkpt>
      <trkpt lat="43.663711" lon="3.845732">
        <ele>61.097384</ele>
        <time>2026-06-08T12:55:47.963Z</time>
      </trkpt>
      <trkpt lat="43.664003" lon="3.845461">
        <ele>61.893311</ele>
        <time>2026-06-08T12:55:58.748Z</time>
      </trkpt>
      <trkpt lat="43.664243" lon="3.845156">
        <ele>62.591266</ele>
        <time>2026-06-08T12:56:08.395Z</time>
      </trkpt>
      <trkpt lat="43.664302" lon="3.844881">
        <ele>62.993530</ele>
        <time>2026-06-08T12:56:14.277Z</time>
      </trkpt>
      <trkpt lat="43.664347" lon="3.844819">
        <ele>63.109945</ele>
        <time>2026-06-08T12:56:16.057Z</time>
      </trkpt>
      <trkpt lat="43.664421" lon="3.844758">
        <ele>63.267816</ele>
        <time>2026-06-08T12:56:18.398Z</time>
      </trkpt>
      <trkpt lat="43.664631" lon="3.844724">
        <ele>63.599704</ele>
        <time>2026-06-08T12:56:24.091Z</time>
      </trkpt>
      <trkpt lat="43.664760" lon="3.844658">
        <ele>63.792272</ele>
        <time>2026-06-08T12:56:27.729Z</time>
      </trkpt>
      <trkpt lat="43.664929" lon="3.844436">
        <ele>64.106151</ele>
        <time>2026-06-08T12:56:33.804Z</time>
      </trkpt>
      <trkpt lat="43.666487" lon="3.842968">
        <ele>66.739842</ele>
        <time>2026-06-08T12:57:22.791Z</time>
      </trkpt>
      <trkpt lat="43.666894" lon="3.842538">
        <ele>67.856278</ele>
        <time>2026-06-08T12:57:38.049Z</time>
      </trkpt>
      <trkpt lat="43.667405" lon="3.841738">
        <ele>70.788293</ele>
        <time>2026-06-08T12:58:06.546Z</time>
      </trkpt>
      <trkpt lat="43.667546" lon="3.841565">
        <ele>71.463883</ele>
        <time>2026-06-08T12:58:13.618Z</time>
      </trkpt>
      <trkpt lat="43.667713" lon="3.841414">
        <ele>72.061415</ele>
        <time>2026-06-08T12:58:20.325Z</time>
      </trkpt>
      <trkpt lat="43.667942" lon="3.841263">
        <ele>72.594288</ele>
        <time>2026-06-08T12:58:27.797Z</time>
      </trkpt>
      <trkpt lat="43.668149" lon="3.841182">
        <ele>72.989022</ele>
        <time>2026-06-08T12:58:33.522Z</time>
      </trkpt>
      <trkpt lat="43.668391" lon="3.841165">
        <ele>73.336923</ele>
        <time>2026-06-08T12:58:40.100Z</time>
      </trkpt>
      <trkpt lat="43.668447" lon="3.841248">
        <ele>73.400740</ele>
        <time>2026-06-08T12:58:42.084Z</time>
      </trkpt>
      <trkpt lat="43.668474" lon="3.841288">
        <ele>73.431501</ele>
        <time>2026-06-08T12:58:42.958Z</time>
      </trkpt>
      <trkpt lat="43.668870" lon="3.841246">
        <ele>73.370671</ele>
        <time>2026-06-08T12:58:49.639Z</time>
      </trkpt>
      <trkpt lat="43.669122" lon="3.841189">
        <ele>73.169445</ele>
        <time>2026-06-08T12:58:53.483Z</time>
      </trkpt>
      <trkpt lat="43.669250" lon="3.841282">
        <ele>72.981464</ele>
        <time>2026-06-08T12:58:55.566Z</time>
      </trkpt>
      <trkpt lat="43.669293" lon="3.841327">
        <ele>72.897278</ele>
        <time>2026-06-08T12:58:56.302Z</time>
      </trkpt>
      <trkpt lat="43.669408" lon="3.841380">
        <ele>72.703544</ele>
        <time>2026-06-08T12:58:58.000Z</time>
      </trkpt>
      <trkpt lat="43.669467" lon="3.841312">
        <ele>72.572461</ele>
        <time>2026-06-08T12:58:59.056Z</time>
      </trkpt>
      <trkpt lat="43.669470" lon="3.841204">
        <ele>72.439051</ele>
        <time>2026-06-08T12:59:00.144Z</time>
      </trkpt>
      <trkpt lat="43.669459" lon="3.841165">
        <ele>72.387380</ele>
        <time>2026-06-08T12:59:00.565Z</time>
      </trkpt>
      <trkpt lat="43.669366" lon="3.841080">
        <ele>72.279827</ele>
        <time>2026-06-08T12:59:02.185Z</time>
      </trkpt>
      <trkpt lat="43.669255" lon="3.841086">
        <ele>72.179534</ele>
        <time>2026-06-08T12:59:03.913Z</time>
      </trkpt>
      <trkpt lat="43.669144" lon="3.841096">
        <ele>72.106660</ele>
        <time>2026-06-08T12:59:05.634Z</time>
      </trkpt>
      <trkpt lat="43.668959" lon="3.841057">
        <ele>71.961946</ele>
        <time>2026-06-08T12:59:08.536Z</time>
      </trkpt>
      <trkpt lat="43.668830" lon="3.840990">
        <ele>71.815747</ele>
        <time>2026-06-08T12:59:10.572Z</time>
      </trkpt>
      <trkpt lat="43.668802" lon="3.840970">
        <ele>71.779694</ele>
        <time>2026-06-08T12:59:11.055Z</time>
      </trkpt>
      <trkpt lat="43.668924" lon="3.840733">
        <ele>71.479889</ele>
        <time>2026-06-08T12:59:16.973Z</time>
      </trkpt>
      <trkpt lat="43.668980" lon="3.840625">
        <ele>71.323218</ele>
        <time>2026-06-08T12:59:19.639Z</time>
      </trkpt>
      <trkpt lat="43.669182" lon="3.840249">
        <ele>70.798238</ele>
        <time>2026-06-08T12:59:29.307Z</time>
      </trkpt>
      <trkpt lat="43.669479" lon="3.839892">
        <ele>70.155907</ele>
        <time>2026-06-08T12:59:40.299Z</time>
      </trkpt>
      <trkpt lat="43.669548" lon="3.839841">
        <ele>70.013088</ele>
        <time>2026-06-08T12:59:42.485Z</time>
      </trkpt>
      <trkpt lat="43.669691" lon="3.839777">
        <ele>69.714437</ele>
        <time>2026-06-08T12:59:46.614Z</time>
      </trkpt>
      <trkpt lat="43.670167" lon="3.839567">
        <ele>68.858748</ele>
        <time>2026-06-08T13:00:00.342Z</time>
      </trkpt>
      <trkpt lat="43.671510" lon="3.839146">
        <ele>68.562976</ele>
        <time>2026-06-08T13:00:43.414Z</time>
      </trkpt>
      <trkpt lat="43.672568" lon="3.839177">
        <ele>70.527312</ele>
        <time>2026-06-08T13:01:25.737Z</time>
      </trkpt>
      <trkpt lat="43.674366" lon="3.839220">
        <ele>74.817440</ele>
        <time>2026-06-08T13:02:42.685Z</time>
      </trkpt>
      <trkpt lat="43.674613" lon="3.839104">
        <ele>75.092250</ele>
        <time>2026-06-08T13:02:52.087Z</time>
      </trkpt>
      <trkpt lat="43.674782" lon="3.839092">
        <ele>75.198437</ele>
        <time>2026-06-08T13:02:57.990Z</time>
      </trkpt>
      <trkpt lat="43.674918" lon="3.838951">
        <ele>75.268931</ele>
        <time>2026-06-08T13:03:01.759Z</time>
      </trkpt>
      <trkpt lat="43.675549" lon="3.838777">
        <ele>75.412506</ele>
        <time>2026-06-08T13:03:14.822Z</time>
      </trkpt>
      <trkpt lat="43.676360" lon="3.838795">
        <ele>75.791889</ele>
        <time>2026-06-08T13:03:32.495Z</time>
      </trkpt>
      <trkpt lat="43.677324" lon="3.838708">
        <ele>78.284421</ele>
        <time>2026-06-08T13:04:03.253Z</time>
      </trkpt>
      <trkpt lat="43.677452" lon="3.838737">
        <ele>78.594656</ele>
        <time>2026-06-08T13:04:07.351Z</time>
      </trkpt>
      <trkpt lat="43.677749" lon="3.838648">
        <ele>79.282688</ele>
        <time>2026-06-08T13:04:20.565Z</time>
      </trkpt>
      <trkpt lat="43.677831" lon="3.838553">
        <ele>79.479432</ele>
        <time>2026-06-08T13:04:25.044Z</time>
      </trkpt>
      <trkpt lat="43.678066" lon="3.838281">
        <ele>80.014518</ele>
        <time>2026-06-08T13:04:37.713Z</time>
      </trkpt>
      <trkpt lat="43.678189" lon="3.838172">
        <ele>80.288864</ele>
        <time>2026-06-08T13:04:43.770Z</time>
      </trkpt>
      <trkpt lat="43.678311" lon="3.838014">
        <ele>80.588845</ele>
        <time>2026-06-08T13:04:47.983Z</time>
      </trkpt>
      <trkpt lat="43.678706" lon="3.837736">
        <ele>81.290795</ele>
        <time>2026-06-08T13:04:58.951Z</time>
      </trkpt>
      <trkpt lat="43.679027" lon="3.837515">
        <ele>81.791086</ele>
        <time>2026-06-08T13:05:08.028Z</time>
      </trkpt>
      <trkpt lat="43.679324" lon="3.837271">
        <ele>82.246469</ele>
        <time>2026-06-08T13:05:16.596Z</time>
      </trkpt>
      <trkpt lat="43.679472" lon="3.837083">
        <ele>82.615709</ele>
        <time>2026-06-08T13:05:22.099Z</time>
      </trkpt>
      <trkpt lat="43.679666" lon="3.836949">
        <ele>83.087927</ele>
        <time>2026-06-08T13:05:28.314Z</time>
      </trkpt>
      <trkpt lat="43.679803" lon="3.836673">
        <ele>83.571271</ele>
        <time>2026-06-08T13:05:35.453Z</time>
      </trkpt>
      <trkpt lat="43.680638" lon="3.835748">
        <ele>85.383290</ele>
        <time>2026-06-08T13:06:04.062Z</time>
      </trkpt>
      <trkpt lat="43.680971" lon="3.835432">
        <ele>85.907026</ele>
        <time>2026-06-08T13:06:13.930Z</time>
      </trkpt>
      <trkpt lat="43.681316" lon="3.834827">
        <ele>86.715061</ele>
        <time>2026-06-08T13:06:28.370Z</time>
      </trkpt>
      <trkpt lat="43.681575" lon="3.834501">
        <ele>87.301309</ele>
        <time>2026-06-08T13:06:37.913Z</time>
      </trkpt>
      <trkpt lat="43.681970" lon="3.833827">
        <ele>88.344693</ele>
        <time>2026-06-08T13:06:54.582Z</time>
      </trkpt>
      <trkpt lat="43.682093" lon="3.833675">
        <ele>88.475645</ele>
        <time>2026-06-08T13:06:58.343Z</time>
      </trkpt>
      <trkpt lat="43.682439" lon="3.833356">
        <ele>88.569296</ele>
        <time>2026-06-08T13:07:06.875Z</time>
      </trkpt>
      <trkpt lat="43.682631" lon="3.833073">
        <ele>88.475721</ele>
        <time>2026-06-08T13:07:11.911Z</time>
      </trkpt>
      <trkpt lat="43.682707" lon="3.832923">
        <ele>88.387861</ele>
        <time>2026-06-08T13:07:14.183Z</time>
      </trkpt>
      <trkpt lat="43.682968" lon="3.832537">
        <ele>87.965518</ele>
        <time>2026-06-08T13:07:25.255Z</time>
      </trkpt>
      <trkpt lat="43.683095" lon="3.832410">
        <ele>87.721200</ele>
        <time>2026-06-08T13:07:29.702Z</time>
      </trkpt>
      <trkpt lat="43.683120" lon="3.832407">
        <ele>87.679942</ele>
        <time>2026-06-08T13:07:30.404Z</time>
      </trkpt>
      <trkpt lat="43.683164" lon="3.832542">
        <ele>87.506461</ele>
        <time>2026-06-08T13:07:33.414Z</time>
      </trkpt>
      <trkpt lat="43.683221" lon="3.832533">
        <ele>87.416742</ele>
        <time>2026-06-08T13:07:35.036Z</time>
      </trkpt>
      <trkpt lat="43.683337" lon="3.832575">
        <ele>87.229219</ele>
        <time>2026-06-08T13:07:38.408Z</time>
      </trkpt>
      <trkpt lat="43.683459" lon="3.832562">
        <ele>87.100734</ele>
        <time>2026-06-08T13:07:41.899Z</time>
      </trkpt>
      <trkpt lat="43.683501" lon="3.832530">
        <ele>87.053927</ele>
        <time>2026-06-08T13:07:43.278Z</time>
      </trkpt>
      <trkpt lat="43.683615" lon="3.832108">
        <ele>86.912110</ele>
        <time>2026-06-08T13:07:53.259Z</time>
      </trkpt>
      <trkpt lat="43.683617" lon="3.831914">
        <ele>86.903344</ele>
        <time>2026-06-08T13:07:57.789Z</time>
      </trkpt>
      <trkpt lat="43.683585" lon="3.831849">
        <ele>86.900633</ele>
        <time>2026-06-08T13:07:59.573Z</time>
      </trkpt>
      <trkpt lat="43.683586" lon="3.831789">
        <ele>86.908752</ele>
        <time>2026-06-08T13:08:01.000Z</time>
      </trkpt>
      <trkpt lat="43.683631" lon="3.831714">
        <ele>86.921937</ele>
        <time>2026-06-08T13:08:03.362Z</time>
      </trkpt>
      <trkpt lat="43.683727" lon="3.831386">
        <ele>86.994881</ele>
        <time>2026-06-08T13:08:11.812Z</time>
      </trkpt>
      <trkpt lat="43.683785" lon="3.831340">
        <ele>87.018694</ele>
        <time>2026-06-08T13:08:14.085Z</time>
      </trkpt>
      <trkpt lat="43.683770" lon="3.831144">
        <ele>87.126592</ele>
        <time>2026-06-08T13:08:19.036Z</time>
      </trkpt>
      <trkpt lat="43.683921" lon="3.830818">
        <ele>87.404521</ele>
        <time>2026-06-08T13:08:29.075Z</time>
      </trkpt>
      <trkpt lat="43.684134" lon="3.830453">
        <ele>87.792354</ele>
        <time>2026-06-08T13:08:41.560Z</time>
      </trkpt>
      <trkpt lat="43.684104" lon="3.830380">
        <ele>87.860474</ele>
        <time>2026-06-08T13:08:43.874Z</time>
      </trkpt>
      <trkpt lat="43.684095" lon="3.830236">
        <ele>87.984826</ele>
        <time>2026-06-08T13:08:47.893Z</time>
      </trkpt>
      <trkpt lat="43.684055" lon="3.830152">
        <ele>88.095181</ele>
        <time>2026-06-08T13:08:50.704Z</time>
      </trkpt>
      <trkpt lat="43.684049" lon="3.830034">
        <ele>88.224973</ele>
        <time>2026-06-08T13:08:54.056Z</time>
      </trkpt>
      <trkpt lat="43.684204" lon="3.829836">
        <ele>88.576203</ele>
        <time>2026-06-08T13:09:02.397Z</time>
      </trkpt>
      <trkpt lat="43.684284" lon="3.829667">
        <ele>88.807318</ele>
        <time>2026-06-08T13:09:08.099Z</time>
      </trkpt>
      <trkpt lat="43.684457" lon="3.829399">
        <ele>89.218067</ele>
        <time>2026-06-08T13:09:18.006Z</time>
      </trkpt>
      <trkpt lat="43.684546" lon="3.829341">
        <ele>89.384546</ele>
        <time>2026-06-08T13:09:21.809Z</time>
      </trkpt>
      <trkpt lat="43.684614" lon="3.829341">
        <ele>89.490525</ele>
        <time>2026-06-08T13:09:24.444Z</time>
      </trkpt>
      <trkpt lat="43.684670" lon="3.829286">
        <ele>89.596378</ele>
        <time>2026-06-08T13:09:27.126Z</time>
      </trkpt>
      <trkpt lat="43.684759" lon="3.829296">
        <ele>89.733986</ele>
        <time>2026-06-08T13:09:30.675Z</time>
      </trkpt>
      <trkpt lat="43.684960" lon="3.829179">
        <ele>90.199407</ele>
        <time>2026-06-08T13:09:39.581Z</time>
      </trkpt>
      <trkpt lat="43.685043" lon="3.829131">
        <ele>90.399027</ele>
        <time>2026-06-08T13:09:43.416Z</time>
      </trkpt>
      <trkpt lat="43.685220" lon="3.829082">
        <ele>90.803280</ele>
        <time>2026-06-08T13:09:51.100Z</time>
      </trkpt>
      <trkpt lat="43.685525" lon="3.828850">
        <ele>91.623670</ele>
        <time>2026-06-08T13:10:05.900Z</time>
      </trkpt>
      <trkpt lat="43.685555" lon="3.828829">
        <ele>91.706066</ele>
        <time>2026-06-08T13:10:07.368Z</time>
      </trkpt>
      <trkpt lat="43.685726" lon="3.828552">
        <ele>92.387412</ele>
        <time>2026-06-08T13:10:14.814Z</time>
      </trkpt>
      <trkpt lat="43.685822" lon="3.828419">
        <ele>92.721401</ele>
        <time>2026-06-08T13:10:18.700Z</time>
      </trkpt>
      <trkpt lat="43.685836" lon="3.828431">
        <ele>92.761884</ele>
        <time>2026-06-08T13:10:19.184Z</time>
      </trkpt>
      <trkpt lat="43.685858" lon="3.828449">
        <ele>92.824710</ele>
        <time>2026-06-08T13:10:19.983Z</time>
      </trkpt>
      <trkpt lat="43.685963" lon="3.828463">
        <ele>93.082450</ele>
        <time>2026-06-08T13:10:22.962Z</time>
      </trkpt>
      <trkpt lat="43.686122" lon="3.828368">
        <ele>93.503341</ele>
        <time>2026-06-08T13:10:27.806Z</time>
      </trkpt>
      <trkpt lat="43.686323" lon="3.828303">
        <ele>93.994750</ele>
        <time>2026-06-08T13:10:33.594Z</time>
      </trkpt>
      <trkpt lat="43.686888" lon="3.828136">
        <ele>95.314034</ele>
        <time>2026-06-08T13:10:49.373Z</time>
      </trkpt>
      <trkpt lat="43.687967" lon="3.828078">
        <ele>97.970096</ele>
        <time>2026-06-08T13:11:19.794Z</time>
      </trkpt>
      <trkpt lat="43.688173" lon="3.828066">
        <ele>98.384992</ele>
        <time>2026-06-08T13:11:25.188Z</time>
      </trkpt>
      <trkpt lat="43.688416" lon="3.828113">
        <ele>98.779056</ele>
        <time>2026-06-08T13:11:31.174Z</time>
      </trkpt>
      <trkpt lat="43.688581" lon="3.828096">
        <ele>99.005692</ele>
        <time>2026-06-08T13:11:35.025Z</time>
      </trkpt>
      <trkpt lat="43.688852" lon="3.827953">
        <ele>99.359044</ele>
        <time>2026-06-08T13:11:41.432Z</time>
      </trkpt>
      <trkpt lat="43.688902" lon="3.827931">
        <ele>99.407160</ele>
        <time>2026-06-08T13:11:42.535Z</time>
      </trkpt>
      <trkpt lat="43.688987" lon="3.827905">
        <ele>99.486992</ele>
        <time>2026-06-08T13:11:44.400Z</time>
      </trkpt>
      <trkpt lat="43.689298" lon="3.827865">
        <ele>99.683745</ele>
        <time>2026-06-08T13:11:50.701Z</time>
      </trkpt>
      <trkpt lat="43.689581" lon="3.827981">
        <ele>99.748731</ele>
        <time>2026-06-08T13:11:56.079Z</time>
      </trkpt>
      <trkpt lat="43.689721" lon="3.827994">
        <ele>99.754760</ele>
        <time>2026-06-08T13:11:58.427Z</time>
      </trkpt>
      <trkpt lat="43.691566" lon="3.827800">
        <ele>99.915921</ele>
        <time>2026-06-08T13:12:30.591Z</time>
      </trkpt>
      <trkpt lat="43.692323" lon="3.827664">
        <ele>100.206066</ele>
        <time>2026-06-08T13:12:45.006Z</time>
      </trkpt>
      <trkpt lat="43.692670" lon="3.827676">
        <ele>100.395934</ele>
        <time>2026-06-08T13:12:51.961Z</time>
      </trkpt>
      <trkpt lat="43.692872" lon="3.827670">
        <ele>100.550829</ele>
        <time>2026-06-08T13:12:56.118Z</time>
      </trkpt>
      <trkpt lat="43.693721" lon="3.827462">
        <ele>101.553028</ele>
        <time>2026-06-08T13:13:15.309Z</time>
      </trkpt>
      <trkpt lat="43.694047" lon="3.827313">
        <ele>102.311580</ele>
        <time>2026-06-08T13:13:24.470Z</time>
      </trkpt>
      <trkpt lat="43.694352" lon="3.827076">
        <ele>103.199754</ele>
        <time>2026-06-08T13:13:34.500Z</time>
      </trkpt>
      <trkpt lat="43.694660" lon="3.827011">
        <ele>103.998828</ele>
        <time>2026-06-08T13:13:43.565Z</time>
      </trkpt>
      <trkpt lat="43.695129" lon="3.826943">
        <ele>105.180406</ele>
        <time>2026-06-08T13:13:56.874Z</time>
      </trkpt>
      <trkpt lat="43.695493" lon="3.826797">
        <ele>105.999913</ele>
        <time>2026-06-08T13:14:07.145Z</time>
      </trkpt>
      <trkpt lat="43.695585" lon="3.826800">
        <ele>106.194082</ele>
        <time>2026-06-08T13:14:09.662Z</time>
      </trkpt>
      <trkpt lat="43.696236" lon="3.826802">
        <ele>107.494623</ele>
        <time>2026-06-08T13:14:26.524Z</time>
      </trkpt>
      <trkpt lat="43.696539" lon="3.826663">
        <ele>108.091526</ele>
        <time>2026-06-08T13:14:34.819Z</time>
      </trkpt>
      <trkpt lat="43.697668" lon="3.826260">
        <ele>110.063806</ele>
        <time>2026-06-08T13:15:03.956Z</time>
      </trkpt>
      <trkpt lat="43.698025" lon="3.826069">
        <ele>110.463364</ele>
        <time>2026-06-08T13:15:12.094Z</time>
      </trkpt>
      <trkpt lat="43.698123" lon="3.826000">
        <ele>110.482912</ele>
        <time>2026-06-08T13:15:14.163Z</time>
      </trkpt>
      <trkpt lat="43.698389" lon="3.825812">
        <ele>110.462196</ele>
        <time>2026-06-08T13:15:19.085Z</time>
      </trkpt>
      <trkpt lat="43.698552" lon="3.825671">
        <ele>110.288466</ele>
        <time>2026-06-08T13:15:22.014Z</time>
      </trkpt>
      <trkpt lat="43.698723" lon="3.825414">
        <ele>110.008733</ele>
        <time>2026-06-08T13:15:25.704Z</time>
      </trkpt>
      <trkpt lat="43.698873" lon="3.825212">
        <ele>109.782463</ele>
        <time>2026-06-08T13:15:29.136Z</time>
      </trkpt>
      <trkpt lat="43.699248" lon="3.824737">
        <ele>109.109345</ele>
        <time>2026-06-08T13:15:37.456Z</time>
      </trkpt>
      <trkpt lat="43.699718" lon="3.823985">
        <ele>108.344065</ele>
        <time>2026-06-08T13:15:49.568Z</time>
      </trkpt>
      <trkpt lat="43.700400" lon="3.822596">
        <ele>107.782503</ele>
        <time>2026-06-08T13:16:11.304Z</time>
      </trkpt>
      <trkpt lat="43.700704" lon="3.821988">
        <ele>107.399186</ele>
        <time>2026-06-08T13:16:20.633Z</time>
      </trkpt>
      <trkpt lat="43.700952" lon="3.821576">
        <ele>107.099704</ele>
        <time>2026-06-08T13:16:27.339Z</time>
      </trkpt>
      <trkpt lat="43.701321" lon="3.821084">
        <ele>106.715492</ele>
        <time>2026-06-08T13:16:36.296Z</time>
      </trkpt>
      <trkpt lat="43.701588" lon="3.820805">
        <ele>106.643725</ele>
        <time>2026-06-08T13:16:42.380Z</time>
      </trkpt>
      <trkpt lat="43.702118" lon="3.820354">
        <ele>106.949489</ele>
        <time>2026-06-08T13:16:55.430Z</time>
      </trkpt>
      <trkpt lat="43.702671" lon="3.819958">
        <ele>107.712913</ele>
        <time>2026-06-08T13:17:11.103Z</time>
      </trkpt>
      <trkpt lat="43.702714" lon="3.819893">
        <ele>107.819777</ele>
        <time>2026-06-08T13:17:12.796Z</time>
      </trkpt>
      <trkpt lat="43.702555" lon="3.819681">
        <ele>108.208669</ele>
        <time>2026-06-08T13:17:18.445Z</time>
      </trkpt>
      <trkpt lat="43.702374" lon="3.819344">
        <ele>108.831234</ele>
        <time>2026-06-08T13:17:26.464Z</time>
      </trkpt>
      <trkpt lat="43.701211" lon="3.816760">
        <ele>114.599043</ele>
        <time>2026-06-08T13:18:29.659Z</time>
      </trkpt>
      <trkpt lat="43.700922" lon="3.816109">
        <ele>116.624032</ele>
        <time>2026-06-08T13:18:48.700Z</time>
      </trkpt>
      <trkpt lat="43.700805" lon="3.815679">
        <ele>118.109752</ele>
        <time>2026-06-08T13:19:00.943Z</time>
      </trkpt>
      <trkpt lat="43.700765" lon="3.815390">
        <ele>119.078484</ele>
        <time>2026-06-08T13:19:08.983Z</time>
      </trkpt>
      <trkpt lat="43.700725" lon="3.815310">
        <ele>119.391077</ele>
        <time>2026-06-08T13:19:11.636Z</time>
      </trkpt>
      <trkpt lat="43.700361" lon="3.815104">
        <ele>121.061464</ele>
        <time>2026-06-08T13:19:26.146Z</time>
      </trkpt>
      <trkpt lat="43.699990" lon="3.814955">
        <ele>122.454393</ele>
        <time>2026-06-08T13:19:38.976Z</time>
      </trkpt>
      <trkpt lat="43.699854" lon="3.814830">
        <ele>122.896783</ele>
        <time>2026-06-08T13:19:43.795Z</time>
      </trkpt>
      <trkpt lat="43.699778" lon="3.814708">
        <ele>123.165469</ele>
        <time>2026-06-08T13:19:46.948Z</time>
      </trkpt>
      <trkpt lat="43.699648" lon="3.814395">
        <ele>123.641299</ele>
        <time>2026-06-08T13:19:53.483Z</time>
      </trkpt>
      <trkpt lat="43.699563" lon="3.814098">
        <ele>123.884892</ele>
        <time>2026-06-08T13:19:58.568Z</time>
      </trkpt>
      <trkpt lat="43.699476" lon="3.813649">
        <ele>124.075836</ele>
        <time>2026-06-08T13:20:04.994Z</time>
      </trkpt>
      <trkpt lat="43.699492" lon="3.813523">
        <ele>124.057671</ele>
        <time>2026-06-08T13:20:06.568Z</time>
      </trkpt>
      <trkpt lat="43.699430" lon="3.813283">
        <ele>123.983828</ele>
        <time>2026-06-08T13:20:09.533Z</time>
      </trkpt>
      <trkpt lat="43.699414" lon="3.812962">
        <ele>123.784270</ele>
        <time>2026-06-08T13:20:13.076Z</time>
      </trkpt>
      <trkpt lat="43.699433" lon="3.812487">
        <ele>123.405546</ele>
        <time>2026-06-08T13:20:18.063Z</time>
      </trkpt>
      <trkpt lat="43.699490" lon="3.811952">
        <ele>123.055944</ele>
        <time>2026-06-08T13:20:23.984Z</time>
      </trkpt>
      <trkpt lat="43.699573" lon="3.811661">
        <ele>122.975638</ele>
        <time>2026-06-08T13:20:27.667Z</time>
      </trkpt>
      <trkpt lat="43.699804" lon="3.811144">
        <ele>122.771992</ele>
        <time>2026-06-08T13:20:34.681Z</time>
      </trkpt>
      <trkpt lat="43.699971" lon="3.810971">
        <ele>122.624880</ele>
        <time>2026-06-08T13:20:37.857Z</time>
      </trkpt>
      <trkpt lat="43.700397" lon="3.810742">
        <ele>122.310137</ele>
        <time>2026-06-08T13:20:44.815Z</time>
      </trkpt>
      <trkpt lat="43.700578" lon="3.810598">
        <ele>122.260268</ele>
        <time>2026-06-08T13:20:48.270Z</time>
      </trkpt>
      <trkpt lat="43.700695" lon="3.810443">
        <ele>122.293382</ele>
        <time>2026-06-08T13:20:51.247Z</time>
      </trkpt>
      <trkpt lat="43.700904" lon="3.809914">
        <ele>122.513292</ele>
        <time>2026-06-08T13:20:59.802Z</time>
      </trkpt>
      <trkpt lat="43.700976" lon="3.809748">
        <ele>122.628886</ele>
        <time>2026-06-08T13:21:02.729Z</time>
      </trkpt>
      <trkpt lat="43.701062" lon="3.809562">
        <ele>122.763610</ele>
        <time>2026-06-08T13:21:06.066Z</time>
      </trkpt>
      <trkpt lat="43.701212" lon="3.809498">
        <ele>122.896395</ele>
        <time>2026-06-08T13:21:09.292Z</time>
      </trkpt>
      <trkpt lat="43.701277" lon="3.809471">
        <ele>122.951259</ele>
        <time>2026-06-08T13:21:10.765Z</time>
      </trkpt>
      <trkpt lat="43.701345" lon="3.809394">
        <ele>123.022301</ele>
        <time>2026-06-08T13:21:12.537Z</time>
      </trkpt>
      <trkpt lat="43.701359" lon="3.809341">
        <ele>123.056908</ele>
        <time>2026-06-08T13:21:13.496Z</time>
      </trkpt>
      <trkpt lat="43.701376" lon="3.809254">
        <ele>123.148404</ele>
        <time>2026-06-08T13:21:14.948Z</time>
      </trkpt>
      <trkpt lat="43.701307" lon="3.809162">
        <ele>123.282989</ele>
        <time>2026-06-08T13:21:17.159Z</time>
      </trkpt>
      <trkpt lat="43.701247" lon="3.809074">
        <ele>123.405494</ele>
        <time>2026-06-08T13:21:19.091Z</time>
      </trkpt>
      <trkpt lat="43.701415" lon="3.808759">
        <ele>123.841082</ele>
        <time>2026-06-08T13:21:26.066Z</time>
      </trkpt>
      <trkpt lat="43.701460" lon="3.808761">
        <ele>123.925862</ele>
        <time>2026-06-08T13:21:27.175Z</time>
      </trkpt>
      <trkpt lat="43.701492" lon="3.808719">
        <ele>124.008928</ele>
        <time>2026-06-08T13:21:28.369Z</time>
      </trkpt>
      <trkpt lat="43.701586" lon="3.808740">
        <ele>124.186923</ele>
        <time>2026-06-08T13:21:30.997Z</time>
      </trkpt>
      <trkpt lat="43.701594" lon="3.808673">
        <ele>124.277914</ele>
        <time>2026-06-08T13:21:32.747Z</time>
      </trkpt>
      <trkpt lat="43.702114" lon="3.807992">
        <ele>125.611357</ele>
        <time>2026-06-08T13:21:57.673Z</time>
      </trkpt>
      <trkpt lat="43.702710" lon="3.807382">
        <ele>127.107691</ele>
        <time>2026-06-08T13:22:23.845Z</time>
      </trkpt>
      <trkpt lat="43.703037" lon="3.807056">
        <ele>128.016364</ele>
        <time>2026-06-08T13:22:38.890Z</time>
      </trkpt>
      <trkpt lat="43.703128" lon="3.806879">
        <ele>128.420112</ele>
        <time>2026-06-08T13:22:44.940Z</time>
      </trkpt>
      <trkpt lat="43.703206" lon="3.806614">
        <ele>129.000769</ele>
        <time>2026-06-08T13:22:52.996Z</time>
      </trkpt>
      <trkpt lat="43.703314" lon="3.806439">
        <ele>129.478714</ele>
        <time>2026-06-08T13:22:59.447Z</time>
      </trkpt>
      <trkpt lat="43.703780" lon="3.805931">
        <ele>130.899404</ele>
        <time>2026-06-08T13:23:21.645Z</time>
      </trkpt>
      <trkpt lat="43.704006" lon="3.805766">
        <ele>131.474231</ele>
        <time>2026-06-08T13:23:32.279Z</time>
      </trkpt>
      <trkpt lat="43.704097" lon="3.805664">
        <ele>131.727078</ele>
        <time>2026-06-08T13:23:37.153Z</time>
      </trkpt>
      <trkpt lat="43.704242" lon="3.805443">
        <ele>132.198561</ele>
        <time>2026-06-08T13:23:46.105Z</time>
      </trkpt>
      <trkpt lat="43.704624" lon="3.804864">
        <ele>133.508245</ele>
        <time>2026-06-08T13:24:10.068Z</time>
      </trkpt>
      <trkpt lat="43.705133" lon="3.804234">
        <ele>135.209382</ele>
        <time>2026-06-08T13:24:39.226Z</time>
      </trkpt>
      <trkpt lat="43.705456" lon="3.803682">
        <ele>136.617461</ele>
        <time>2026-06-08T13:25:01.960Z</time>
      </trkpt>
      <trkpt lat="43.705740" lon="3.803271">
        <ele>137.903286</ele>
        <time>2026-06-08T13:25:20.680Z</time>
      </trkpt>
      <trkpt lat="43.705962" lon="3.802716">
        <ele>139.399094</ele>
        <time>2026-06-08T13:25:42.009Z</time>
      </trkpt>
      <trkpt lat="43.705988" lon="3.802376">
        <ele>140.218344</ele>
        <time>2026-06-08T13:25:53.519Z</time>
      </trkpt>
      <trkpt lat="43.706632" lon="3.800637">
        <ele>145.417025</ele>
        <time>2026-06-08T13:27:02.103Z</time>
      </trkpt>
      <trkpt lat="43.706663" lon="3.800154">
        <ele>146.809578</ele>
        <time>2026-06-08T13:27:19.620Z</time>
      </trkpt>
      <trkpt lat="43.706660" lon="3.800055">
        <ele>147.126950</ele>
        <time>2026-06-08T13:27:23.262Z</time>
      </trkpt>
      <trkpt lat="43.706618" lon="3.799923">
        <ele>147.595763</ele>
        <time>2026-06-08T13:27:28.597Z</time>
      </trkpt>
      <trkpt lat="43.706488" lon="3.799494">
        <ele>149.123896</ele>
        <time>2026-06-08T13:27:41.306Z</time>
      </trkpt>
      <trkpt lat="43.706493" lon="3.799299">
        <ele>149.806743</ele>
        <time>2026-06-08T13:27:46.795Z</time>
      </trkpt>
      <trkpt lat="43.706574" lon="3.798760">
        <ele>151.871334</ele>
        <time>2026-06-08T13:28:02.739Z</time>
      </trkpt>
      <trkpt lat="43.706820" lon="3.797342">
        <ele>158.489443</ele>
        <time>2026-06-08T13:28:50.622Z</time>
      </trkpt>
      <trkpt lat="43.706917" lon="3.796960">
        <ele>160.253203</ele>
        <time>2026-06-08T13:29:03.936Z</time>
      </trkpt>
      <trkpt lat="43.707185" lon="3.796358">
        <ele>162.951535</ele>
        <time>2026-06-08T13:29:24.618Z</time>
      </trkpt>
      <trkpt lat="43.707168" lon="3.796290">
        <ele>163.183559</ele>
        <time>2026-06-08T13:29:26.708Z</time>
      </trkpt>
      <trkpt lat="43.707051" lon="3.796124">
        <ele>163.847680</ele>
        <time>2026-06-08T13:29:33.107Z</time>
      </trkpt>
      <trkpt lat="43.706436" lon="3.794951">
        <ele>166.879684</ele>
        <time>2026-06-08T13:30:07.683Z</time>
      </trkpt>
      <trkpt lat="43.706191" lon="3.794764">
        <ele>167.636415</ele>
        <time>2026-06-08T13:30:16.240Z</time>
      </trkpt>
      <trkpt lat="43.705893" lon="3.794288">
        <ele>169.123543</ele>
        <time>2026-06-08T13:30:31.868Z</time>
      </trkpt>
      <trkpt lat="43.704443" lon="3.793211">
        <ele>175.323629</ele>
        <time>2026-06-08T13:31:33.243Z</time>
      </trkpt>
      <trkpt lat="43.704280" lon="3.793015">
        <ele>175.776891</ele>
        <time>2026-06-08T13:31:39.159Z</time>
      </trkpt>
      <trkpt lat="43.704044" lon="3.793111">
        <ele>176.068144</ele>
        <time>2026-06-08T13:31:45.351Z</time>
      </trkpt>
      <trkpt lat="43.703964" lon="3.793130">
        <ele>176.131249</ele>
        <time>2026-06-08T13:31:47.256Z</time>
      </trkpt>
      <trkpt lat="43.703910" lon="3.793090">
        <ele>176.178870</ele>
        <time>2026-06-08T13:31:48.706Z</time>
      </trkpt>
      <trkpt lat="43.703727" lon="3.792655">
        <ele>176.393321</ele>
        <time>2026-06-08T13:31:56.903Z</time>
      </trkpt>
      <trkpt lat="43.703722" lon="3.792646">
        <ele>176.397281</ele>
        <time>2026-06-08T13:31:57.079Z</time>
      </trkpt>
      <trkpt lat="43.703601" lon="3.792395">
        <ele>176.520727</ele>
        <time>2026-06-08T13:32:02.006Z</time>
      </trkpt>
      <trkpt lat="43.703496" lon="3.792096">
        <ele>176.774500</ele>
        <time>2026-06-08T13:32:07.517Z</time>
      </trkpt>
      <trkpt lat="43.703277" lon="3.791531">
        <ele>177.818448</ele>
        <time>2026-06-08T13:32:26.776Z</time>
      </trkpt>
      <trkpt lat="43.702860" lon="3.790754">
        <ele>180.758393</ele>
        <time>2026-06-08T13:33:02.633Z</time>
      </trkpt>
      <trkpt lat="43.702849" lon="3.790743">
        <ele>180.821836</ele>
        <time>2026-06-08T13:33:03.354Z</time>
      </trkpt>
      <trkpt lat="43.702302" lon="3.790169">
        <ele>184.322762</ele>
        <time>2026-06-08T13:33:40.907Z</time>
      </trkpt>
      <trkpt lat="43.702274" lon="3.790081">
        <ele>184.696365</ele>
        <time>2026-06-08T13:33:44.886Z</time>
      </trkpt>
      <trkpt lat="43.702206" lon="3.789990">
        <ele>185.235891</ele>
        <time>2026-06-08T13:33:50.351Z</time>
      </trkpt>
      <trkpt lat="43.701769" lon="3.789713">
        <ele>188.139305</ele>
        <time>2026-06-08T13:34:18.733Z</time>
      </trkpt>
      <trkpt lat="43.701817" lon="3.789544">
        <ele>188.964694</ele>
        <time>2026-06-08T13:34:25.131Z</time>
      </trkpt>
      <trkpt lat="43.702022" lon="3.789130">
        <ele>191.216169</ele>
        <time>2026-06-08T13:34:42.484Z</time>
      </trkpt>
      <trkpt lat="43.702305" lon="3.788735">
        <ele>193.827551</ele>
        <time>2026-06-08T13:35:01.966Z</time>
      </trkpt>
      <trkpt lat="43.702350" lon="3.788656">
        <ele>194.311671</ele>
        <time>2026-06-08T13:35:05.686Z</time>
      </trkpt>
      <trkpt lat="43.702441" lon="3.788606">
        <ele>195.014113</ele>
        <time>2026-06-08T13:35:10.742Z</time>
      </trkpt>
      <trkpt lat="43.702604" lon="3.788593">
        <ele>196.188387</ele>
        <time>2026-06-08T13:35:19.455Z</time>
      </trkpt>
      <trkpt lat="43.702758" lon="3.788581">
        <ele>197.277529</ele>
        <time>2026-06-08T13:35:27.467Z</time>
      </trkpt>
      <trkpt lat="43.703145" lon="3.788412">
        <ele>199.951189</ele>
        <time>2026-06-08T13:35:47.735Z</time>
      </trkpt>
      <trkpt lat="43.703350" lon="3.788358">
        <ele>201.078854</ele>
        <time>2026-06-08T13:35:57.322Z</time>
      </trkpt>
      <trkpt lat="43.703719" lon="3.788088">
        <ele>202.648212</ele>
        <time>2026-06-08T13:36:12.474Z</time>
      </trkpt>
      <trkpt lat="43.704228" lon="3.787941">
        <ele>204.255409</ele>
        <time>2026-06-08T13:36:29.702Z</time>
      </trkpt>
      <trkpt lat="43.704353" lon="3.787955">
        <ele>204.713653</ele>
        <time>2026-06-08T13:36:34.223Z</time>
      </trkpt>
      <trkpt lat="43.704672" lon="3.788182">
        <ele>206.246097</ele>
        <time>2026-06-08T13:36:48.290Z</time>
      </trkpt>
      <trkpt lat="43.704766" lon="3.788185">
        <ele>206.726259</ele>
        <time>2026-06-08T13:36:52.280Z</time>
      </trkpt>
      <trkpt lat="43.704827" lon="3.788138">
        <ele>207.104968</ele>
        <time>2026-06-08T13:36:55.289Z</time>
      </trkpt>
      <trkpt lat="43.704860" lon="3.788009">
        <ele>207.651297</ele>
        <time>2026-06-08T13:36:59.895Z</time>
      </trkpt>
      <trkpt lat="43.704651" lon="3.787847">
        <ele>209.275693</ele>
        <time>2026-06-08T13:37:11.661Z</time>
      </trkpt>
      <trkpt lat="43.704112" lon="3.787215">
        <ele>215.420294</ele>
        <time>2026-06-08T13:37:53.322Z</time>
      </trkpt>
      <trkpt lat="43.703677" lon="3.786805">
        <ele>221.014109</ele>
        <time>2026-06-08T13:38:29.342Z</time>
      </trkpt>
      <trkpt lat="43.703100" lon="3.786482">
        <ele>227.953951</ele>
        <time>2026-06-08T13:39:13.260Z</time>
      </trkpt>
      <trkpt lat="43.702880" lon="3.786324">
        <ele>230.913432</ele>
        <time>2026-06-08T13:39:31.893Z</time>
      </trkpt>
      <trkpt lat="43.702755" lon="3.786166">
        <ele>232.959081</ele>
        <time>2026-06-08T13:39:44.422Z</time>
      </trkpt>
      <trkpt lat="43.702698" lon="3.786033">
        <ele>234.265924</ele>
        <time>2026-06-08T13:39:52.519Z</time>
      </trkpt>
      <trkpt lat="43.702716" lon="3.785932">
        <ele>235.149121</ele>
        <time>2026-06-08T13:39:57.937Z</time>
      </trkpt>
      <trkpt lat="43.703130" lon="3.785481">
        <ele>241.592485</ele>
        <time>2026-06-08T13:40:37.637Z</time>
      </trkpt>
      <trkpt lat="43.703184" lon="3.785397">
        <ele>242.587838</ele>
        <time>2026-06-08T13:40:43.877Z</time>
      </trkpt>
      <trkpt lat="43.703204" lon="3.785181">
        <ele>244.401008</ele>
        <time>2026-06-08T13:40:55.818Z</time>
      </trkpt>
      <trkpt lat="43.703063" lon="3.784072">
        <ele>253.254285</ele>
        <time>2026-06-08T13:41:51.994Z</time>
      </trkpt>
      <trkpt lat="43.703067" lon="3.783446">
        <ele>256.322679</ele>
        <time>2026-06-08T13:42:14.597Z</time>
      </trkpt>
      <trkpt lat="43.703070" lon="3.782976">
        <ele>257.838732</ele>
        <time>2026-06-08T13:42:28.338Z</time>
      </trkpt>
      <trkpt lat="43.703016" lon="3.782692">
        <ele>258.569849</ele>
        <time>2026-06-08T13:42:35.736Z</time>
      </trkpt>
      <trkpt lat="43.702958" lon="3.782516">
        <ele>258.960319</ele>
        <time>2026-06-08T13:42:40.147Z</time>
      </trkpt>
      <trkpt lat="43.702899" lon="3.782338">
        <ele>259.246808</ele>
        <time>2026-06-08T13:42:44.262Z</time>
      </trkpt>
      <trkpt lat="43.702886" lon="3.782247">
        <ele>259.350024</ele>
        <time>2026-06-08T13:42:46.161Z</time>
      </trkpt>
      <trkpt lat="43.702915" lon="3.778219">
        <ele>260.391527</ele>
        <time>2026-06-08T13:43:48.539Z</time>
      </trkpt>
      <trkpt lat="43.702884" lon="3.778159">
        <ele>260.408108</ele>
        <time>2026-06-08T13:43:49.619Z</time>
      </trkpt>
      <trkpt lat="43.702809" lon="3.778111">
        <ele>260.433810</ele>
        <time>2026-06-08T13:43:51.294Z</time>
      </trkpt>
      <trkpt lat="43.702745" lon="3.778132">
        <ele>260.454266</ele>
        <time>2026-06-08T13:43:52.621Z</time>
      </trkpt>
      <trkpt lat="43.702220" lon="3.778478">
        <ele>260.257122</ele>
        <time>2026-06-08T13:44:03.672Z</time>
      </trkpt>
      <trkpt lat="43.702048" lon="3.778483">
        <ele>260.120218</ele>
        <time>2026-06-08T13:44:06.744Z</time>
      </trkpt>
      <trkpt lat="43.702011" lon="3.778419">
        <ele>260.064516</ele>
        <time>2026-06-08T13:44:07.793Z</time>
      </trkpt>
      <trkpt lat="43.701996" lon="3.778308">
        <ele>259.987761</ele>
        <time>2026-06-08T13:44:10.164Z</time>
      </trkpt>
      <trkpt lat="43.702033" lon="3.778116">
        <ele>259.793677</ele>
        <time>2026-06-08T13:44:14.283Z</time>
      </trkpt>
      <trkpt lat="43.702029" lon="3.777919">
        <ele>259.571286</ele>
        <time>2026-06-08T13:44:18.315Z</time>
      </trkpt>
      <trkpt lat="43.701944" lon="3.777607">
        <ele>259.104211</ele>
        <time>2026-06-08T13:44:24.991Z</time>
      </trkpt>
      <trkpt lat="43.701943" lon="3.777459">
        <ele>258.887530</ele>
        <time>2026-06-08T13:44:27.882Z</time>
      </trkpt>
      <trkpt lat="43.701984" lon="3.777214">
        <ele>258.451730</ele>
        <time>2026-06-08T13:44:32.752Z</time>
      </trkpt>
      <trkpt lat="43.701954" lon="3.777031">
        <ele>258.070725</ele>
        <time>2026-06-08T13:44:36.316Z</time>
      </trkpt>
      <trkpt lat="43.701655" lon="3.776494">
        <ele>256.256039</ele>
        <time>2026-06-08T13:44:48.736Z</time>
      </trkpt>
      <trkpt lat="43.701573" lon="3.776346">
        <ele>255.685093</ele>
        <time>2026-06-08T13:44:52.062Z</time>
      </trkpt>
      <trkpt lat="43.701413" lon="3.775840">
        <ele>253.747621</ele>
        <time>2026-06-08T13:45:01.702Z</time>
      </trkpt>
      <trkpt lat="43.701388" lon="3.775532">
        <ele>252.449828</ele>
        <time>2026-06-08T13:45:06.977Z</time>
      </trkpt>
      <trkpt lat="43.701439" lon="3.774923">
        <ele>249.447872</ele>
        <time>2026-06-08T13:45:17.137Z</time>
      </trkpt>
      <trkpt lat="43.701584" lon="3.774546">
        <ele>247.066502</ele>
        <time>2026-06-08T13:45:24.034Z</time>
      </trkpt>
      <trkpt lat="43.701609" lon="3.774378">
        <ele>246.003868</ele>
        <time>2026-06-08T13:45:26.761Z</time>
      </trkpt>
      <trkpt lat="43.701584" lon="3.774218">
        <ele>244.979711</ele>
        <time>2026-06-08T13:45:29.364Z</time>
      </trkpt>
      <trkpt lat="43.701488" lon="3.773990">
        <ele>243.275256</ele>
        <time>2026-06-08T13:45:33.530Z</time>
      </trkpt>
      <trkpt lat="43.701462" lon="3.773852">
        <ele>242.283140</ele>
        <time>2026-06-08T13:45:35.771Z</time>
      </trkpt>
      <trkpt lat="43.701413" lon="3.773249">
        <ele>237.982167</ele>
        <time>2026-06-08T13:45:45.216Z</time>
      </trkpt>
      <trkpt lat="43.701373" lon="3.772995">
        <ele>236.087033</ele>
        <time>2026-06-08T13:45:49.253Z</time>
      </trkpt>
      <trkpt lat="43.701338" lon="3.772872">
        <ele>235.101700</ele>
        <time>2026-06-08T13:45:51.295Z</time>
      </trkpt>
      <trkpt lat="43.700912" lon="3.772426">
        <ele>229.588405</ele>
        <time>2026-06-08T13:46:02.686Z</time>
      </trkpt>
      <trkpt lat="43.700668" lon="3.772335">
        <ele>226.886656</ele>
        <time>2026-06-08T13:46:08.054Z</time>
      </trkpt>
      <trkpt lat="43.700580" lon="3.772270">
        <ele>225.794433</ele>
        <time>2026-06-08T13:46:10.179Z</time>
      </trkpt>
      <trkpt lat="43.700404" lon="3.772016">
        <ele>222.966578</ele>
        <time>2026-06-08T13:46:15.547Z</time>
      </trkpt>
      <trkpt lat="43.700360" lon="3.771886">
        <ele>221.772872</ele>
        <time>2026-06-08T13:46:17.715Z</time>
      </trkpt>
      <trkpt lat="43.700347" lon="3.771752">
        <ele>220.603744</ele>
        <time>2026-06-08T13:46:19.761Z</time>
      </trkpt>
      <trkpt lat="43.700370" lon="3.771650">
        <ele>219.679811</ele>
        <time>2026-06-08T13:46:21.382Z</time>
      </trkpt>
      <trkpt lat="43.700533" lon="3.771264">
        <ele>215.656581</ele>
        <time>2026-06-08T13:46:28.103Z</time>
      </trkpt>
      <trkpt lat="43.700862" lon="3.770594">
        <ele>208.100417</ele>
        <time>2026-06-08T13:46:40.161Z</time>
      </trkpt>
      <trkpt lat="43.700942" lon="3.770387">
        <ele>205.903166</ele>
        <time>2026-06-08T13:46:43.671Z</time>
      </trkpt>
      <trkpt lat="43.700984" lon="3.770215">
        <ele>204.271996</ele>
        <time>2026-06-08T13:46:46.382Z</time>
      </trkpt>
      <trkpt lat="43.701070" lon="3.769525">
        <ele>198.319275</ele>
        <time>2026-06-08T13:46:56.965Z</time>
      </trkpt>
      <trkpt lat="43.701186" lon="3.769097">
        <ele>195.054647</ele>
        <time>2026-06-08T13:47:04.090Z</time>
      </trkpt>
      <trkpt lat="43.701313" lon="3.768742">
        <ele>192.772575</ele>
        <time>2026-06-08T13:47:10.460Z</time>
      </trkpt>
      <trkpt lat="43.701339" lon="3.768542">
        <ele>191.727971</ele>
        <time>2026-06-08T13:47:13.833Z</time>
      </trkpt>
      <trkpt lat="43.701326" lon="3.768379">
        <ele>191.036255</ele>
        <time>2026-06-08T13:47:16.600Z</time>
      </trkpt>
      <trkpt lat="43.701301" lon="3.768265">
        <ele>190.537023</ele>
        <time>2026-06-08T13:47:18.642Z</time>
      </trkpt>
      <trkpt lat="43.701234" lon="3.768160">
        <ele>190.049137</ele>
        <time>2026-06-08T13:47:21.057Z</time>
      </trkpt>
      <trkpt lat="43.701105" lon="3.768093">
        <ele>189.426037</ele>
        <time>2026-06-08T13:47:24.456Z</time>
      </trkpt>
      <trkpt lat="43.700912" lon="3.768069">
        <ele>188.718355</ele>
        <time>2026-06-08T13:47:29.357Z</time>
      </trkpt>
      <trkpt lat="43.700697" lon="3.768073">
        <ele>188.035716</ele>
        <time>2026-06-08T13:47:34.932Z</time>
      </trkpt>
      <trkpt lat="43.699912" lon="3.768300">
        <ele>186.100661</ele>
        <time>2026-06-08T13:47:56.295Z</time>
      </trkpt>
      <trkpt lat="43.699297" lon="3.768336">
        <ele>185.487681</ele>
        <time>2026-06-08T13:48:14.423Z</time>
      </trkpt>
      <trkpt lat="43.698912" lon="3.768426">
        <ele>186.054966</ele>
        <time>2026-06-08T13:48:29.470Z</time>
      </trkpt>
      <trkpt lat="43.698850" lon="3.768399">
        <ele>186.217632</ele>
        <time>2026-06-08T13:48:32.316Z</time>
      </trkpt>
      <trkpt lat="43.698808" lon="3.768356">
        <ele>186.407481</ele>
        <time>2026-06-08T13:48:34.671Z</time>
      </trkpt>
      <trkpt lat="43.698741" lon="3.768115">
        <ele>187.155602</ele>
        <time>2026-06-08T13:48:43.988Z</time>
      </trkpt>
      <trkpt lat="43.698639" lon="3.767919">
        <ele>188.109222</ele>
        <time>2026-06-08T13:48:53.661Z</time>
      </trkpt>
      <trkpt lat="43.698183" lon="3.767395">
        <ele>193.223423</ele>
        <time>2026-06-08T13:49:35.053Z</time>
      </trkpt>
      <trkpt lat="43.697838" lon="3.766856">
        <ele>199.559339</ele>
        <time>2026-06-08T13:50:20.987Z</time>
      </trkpt>
      <trkpt lat="43.697837" lon="3.766855">
        <ele>199.575112</ele>
        <time>2026-06-08T13:50:21.092Z</time>
      </trkpt>
      <trkpt lat="43.697439" lon="3.766601">
        <ele>205.848516</ele>
        <time>2026-06-08T13:51:04.085Z</time>
      </trkpt>
      <trkpt lat="43.697347" lon="3.766504">
        <ele>207.634455</ele>
        <time>2026-06-08T13:51:15.842Z</time>
      </trkpt>
      <trkpt lat="43.697273" lon="3.766366">
        <ele>209.592443</ele>
        <time>2026-06-08T13:51:28.778Z</time>
      </trkpt>
      <trkpt lat="43.697205" lon="3.766101">
        <ele>212.829546</ele>
        <time>2026-06-08T13:51:50.142Z</time>
      </trkpt>
      <trkpt lat="43.697176" lon="3.765759">
        <ele>216.881346</ele>
        <time>2026-06-08T13:52:16.503Z</time>
      </trkpt>
      <trkpt lat="43.697105" lon="3.765480">
        <ele>220.273545</ele>
        <time>2026-06-08T13:52:38.984Z</time>
      </trkpt>
      <trkpt lat="43.696744" lon="3.765117">
        <ele>227.010404</ele>
        <time>2026-06-08T13:53:23.996Z</time>
      </trkpt>
      <trkpt lat="43.696618" lon="3.764680">
        <ele>231.353252</ele>
        <time>2026-06-08T13:53:54.752Z</time>
      </trkpt>
      <trkpt lat="43.696577" lon="3.764601">
        <ele>232.146232</ele>
        <time>2026-06-08T13:54:00.452Z</time>
      </trkpt>
      <trkpt lat="43.696406" lon="3.764483">
        <ele>234.097001</ele>
        <time>2026-06-08T13:54:15.270Z</time>
      </trkpt>
      <trkpt lat="43.696343" lon="3.764387">
        <ele>234.997418</ele>
        <time>2026-06-08T13:54:21.998Z</time>
      </trkpt>
      <trkpt lat="43.696301" lon="3.764276">
        <ele>235.741474</ele>
        <time>2026-06-08T13:54:28.527Z</time>
      </trkpt>
      <trkpt lat="43.696237" lon="3.763870">
        <ele>237.998253</ele>
        <time>2026-06-08T13:54:48.403Z</time>
      </trkpt>
      <trkpt lat="43.696120" lon="3.763595">
        <ele>239.311903</ele>
        <time>2026-06-08T13:55:01.804Z</time>
      </trkpt>
      <trkpt lat="43.695859" lon="3.763109">
        <ele>241.063239</ele>
        <time>2026-06-08T13:55:23.438Z</time>
      </trkpt>
      <trkpt lat="43.695782" lon="3.762986">
        <ele>241.425010</ele>
        <time>2026-06-08T13:55:28.641Z</time>
      </trkpt>
      <trkpt lat="43.695558" lon="3.762729">
        <ele>241.961433</ele>
        <time>2026-06-08T13:55:40.271Z</time>
      </trkpt>
      <trkpt lat="43.695316" lon="3.762310">
        <ele>242.417759</ele>
        <time>2026-06-08T13:55:54.560Z</time>
      </trkpt>
      <trkpt lat="43.695216" lon="3.762194">
        <ele>242.587983</ele>
        <time>2026-06-08T13:55:59.435Z</time>
      </trkpt>
      <trkpt lat="43.694834" lon="3.761884">
        <ele>243.027546</ele>
        <time>2026-06-08T13:56:15.702Z</time>
      </trkpt>
      <trkpt lat="43.694458" lon="3.761511">
        <ele>242.873043</ele>
        <time>2026-06-08T13:56:29.946Z</time>
      </trkpt>
      <trkpt lat="43.694279" lon="3.761212">
        <ele>242.554671</ele>
        <time>2026-06-08T13:56:37.978Z</time>
      </trkpt>
      <trkpt lat="43.694051" lon="3.760661">
        <ele>241.446051</ele>
        <time>2026-06-08T13:56:50.364Z</time>
      </trkpt>
      <trkpt lat="43.693672" lon="3.759145">
        <ele>237.199892</ele>
        <time>2026-06-08T13:57:19.589Z</time>
      </trkpt>
      <trkpt lat="43.693579" lon="3.758880">
        <ele>236.445008</ele>
        <time>2026-06-08T13:57:24.993Z</time>
      </trkpt>
      <trkpt lat="43.693517" lon="3.758598">
        <ele>235.835252</ele>
        <time>2026-06-08T13:57:30.569Z</time>
      </trkpt>
      <trkpt lat="43.693485" lon="3.758323">
        <ele>235.405975</ele>
        <time>2026-06-08T13:57:36.070Z</time>
      </trkpt>
      <trkpt lat="43.693493" lon="3.757939">
        <ele>234.857526</ele>
        <time>2026-06-08T13:57:43.891Z</time>
      </trkpt>
      <trkpt lat="43.693470" lon="3.757417">
        <ele>233.886922</ele>
        <time>2026-06-08T13:57:53.888Z</time>
      </trkpt>
      <trkpt lat="43.693727" lon="3.756955">
        <ele>232.599902</ele>
        <time>2026-06-08T13:58:04.825Z</time>
      </trkpt>
      <trkpt lat="43.693754" lon="3.756780">
        <ele>232.216928</ele>
        <time>2026-06-08T13:58:08.178Z</time>
      </trkpt>
      <trkpt lat="43.693738" lon="3.756627">
        <ele>231.890757</ele>
        <time>2026-06-08T13:58:11.089Z</time>
      </trkpt>
      <trkpt lat="43.693599" lon="3.756433">
        <ele>231.297997</ele>
        <time>2026-06-08T13:58:16.229Z</time>
      </trkpt>
      <trkpt lat="43.693512" lon="3.756241">
        <ele>230.819687</ele>
        <time>2026-06-08T13:58:20.512Z</time>
      </trkpt>
      <trkpt lat="43.693499" lon="3.756127">
        <ele>230.578777</ele>
        <time>2026-06-08T13:58:22.708Z</time>
      </trkpt>
      <trkpt lat="43.693519" lon="3.755565">
        <ele>229.295136</ele>
        <time>2026-06-08T13:58:33.240Z</time>
      </trkpt>
      <trkpt lat="43.693499" lon="3.755434">
        <ele>228.962578</ele>
        <time>2026-06-08T13:58:35.716Z</time>
      </trkpt>
      <trkpt lat="43.693377" lon="3.755099">
        <ele>227.974128</ele>
        <time>2026-06-08T13:58:42.523Z</time>
      </trkpt>
      <trkpt lat="43.693349" lon="3.754842">
        <ele>227.403530</ele>
        <time>2026-06-08T13:58:47.391Z</time>
      </trkpt>
      <trkpt lat="43.693396" lon="3.754472">
        <ele>226.679417</ele>
        <time>2026-06-08T13:58:54.602Z</time>
      </trkpt>
      <trkpt lat="43.693546" lon="3.753950">
        <ele>225.463302</ele>
        <time>2026-06-08T13:59:05.245Z</time>
      </trkpt>
      <trkpt lat="43.693579" lon="3.753684">
        <ele>224.726853</ele>
        <time>2026-06-08T13:59:10.161Z</time>
      </trkpt>
      <trkpt lat="43.693454" lon="3.752871">
        <ele>221.241720</ele>
        <time>2026-06-08T13:59:24.367Z</time>
      </trkpt>
      <trkpt lat="43.693199" lon="3.752049">
        <ele>215.503876</ele>
        <time>2026-06-08T13:59:38.485Z</time>
      </trkpt>
      <trkpt lat="43.693028" lon="3.751681">
        <ele>212.195897</ele>
        <time>2026-06-08T13:59:45.210Z</time>
      </trkpt>
      <trkpt lat="43.692636" lon="3.751145">
        <ele>206.217412</ele>
        <time>2026-06-08T13:59:56.875Z</time>
      </trkpt>
      <trkpt lat="43.692565" lon="3.750993">
        <ele>204.826310</ele>
        <time>2026-06-08T13:59:59.661Z</time>
      </trkpt>
      <trkpt lat="43.692544" lon="3.750844">
        <ele>203.744835</ele>
        <time>2026-06-08T14:00:02.025Z</time>
      </trkpt>
      <trkpt lat="43.692549" lon="3.750565">
        <ele>201.860253</ele>
        <time>2026-06-08T14:00:06.394Z</time>
      </trkpt>
      <trkpt lat="43.692498" lon="3.750190">
        <ele>199.557679</ele>
        <time>2026-06-08T14:00:12.494Z</time>
      </trkpt>
      <trkpt lat="43.692427" lon="3.750077">
        <ele>198.742545</ele>
        <time>2026-06-08T14:00:14.949Z</time>
      </trkpt>
      <trkpt lat="43.692143" lon="3.749811">
        <ele>196.554821</ele>
        <time>2026-06-08T14:00:22.857Z</time>
      </trkpt>
      <trkpt lat="43.691872" lon="3.749284">
        <ele>194.000108</ele>
        <time>2026-06-08T14:00:33.990Z</time>
      </trkpt>
      <trkpt lat="43.691849" lon="3.749131">
        <ele>193.385487</ele>
        <time>2026-06-08T14:00:36.705Z</time>
      </trkpt>
      <trkpt lat="43.691881" lon="3.748890">
        <ele>192.406727</ele>
        <time>2026-06-08T14:00:40.912Z</time>
      </trkpt>
      <trkpt lat="43.691880" lon="3.748711">
        <ele>191.691717</ele>
        <time>2026-06-08T14:00:43.963Z</time>
      </trkpt>
      <trkpt lat="43.691846" lon="3.748495">
        <ele>190.822490</ele>
        <time>2026-06-08T14:00:47.747Z</time>
      </trkpt>
      <trkpt lat="43.691788" lon="3.748330">
        <ele>190.113694</ele>
        <time>2026-06-08T14:00:50.919Z</time>
      </trkpt>
      <trkpt lat="43.691701" lon="3.748175">
        <ele>189.405789</ele>
        <time>2026-06-08T14:00:54.309Z</time>
      </trkpt>
      <trkpt lat="43.691167" lon="3.747603">
        <ele>186.182860</ele>
        <time>2026-06-08T14:01:10.689Z</time>
      </trkpt>
      <trkpt lat="43.691108" lon="3.747525">
        <ele>185.837492</ele>
        <time>2026-06-08T14:01:11.854Z</time>
      </trkpt>
      <trkpt lat="43.690887" lon="3.746992">
        <ele>184.550442</ele>
        <time>2026-06-08T14:01:18.576Z</time>
      </trkpt>
      <trkpt lat="43.690789" lon="3.746758">
        <ele>184.258214</ele>
        <time>2026-06-08T14:01:21.895Z</time>
      </trkpt>
      <trkpt lat="43.690701" lon="3.746429">
        <ele>184.115304</ele>
        <time>2026-06-08T14:01:26.574Z</time>
      </trkpt>
      <trkpt lat="43.690670" lon="3.746231">
        <ele>184.135603</ele>
        <time>2026-06-08T14:01:29.666Z</time>
      </trkpt>
      <trkpt lat="43.690675" lon="3.745986">
        <ele>184.224329</ele>
        <time>2026-06-08T14:01:33.766Z</time>
      </trkpt>
      <trkpt lat="43.690644" lon="3.745875">
        <ele>184.298135</ele>
        <time>2026-06-08T14:01:35.799Z</time>
      </trkpt>
      <trkpt lat="43.690578" lon="3.745747">
        <ele>184.389604</ele>
        <time>2026-06-08T14:01:38.450Z</time>
      </trkpt>
      <trkpt lat="43.690736" lon="3.745404">
        <ele>184.524612</ele>
        <time>2026-06-08T14:01:44.377Z</time>
      </trkpt>
      <trkpt lat="43.690898" lon="3.744179">
        <ele>183.892851</ele>
        <time>2026-06-08T14:01:58.357Z</time>
      </trkpt>
      <trkpt lat="43.690963" lon="3.743929">
        <ele>183.641276</ele>
        <time>2026-06-08T14:02:00.859Z</time>
      </trkpt>
      <trkpt lat="43.691378" lon="3.742778">
        <ele>182.749190</ele>
        <time>2026-06-08T14:02:14.870Z</time>
      </trkpt>
      <trkpt lat="43.691484" lon="3.742587">
        <ele>182.723350</ele>
        <time>2026-06-08T14:02:17.945Z</time>
      </trkpt>
      <trkpt lat="43.691700" lon="3.742486">
        <ele>182.848326</ele>
        <time>2026-06-08T14:02:22.449Z</time>
      </trkpt>
      <trkpt lat="43.691990" lon="3.742470">
        <ele>183.259822</ele>
        <time>2026-06-08T14:02:28.941Z</time>
      </trkpt>
      <trkpt lat="43.692836" lon="3.742426">
        <ele>185.287622</ele>
        <time>2026-06-08T14:02:53.096Z</time>
      </trkpt>
      <trkpt lat="43.693001" lon="3.742370">
        <ele>185.661893</ele>
        <time>2026-06-08T14:02:57.578Z</time>
      </trkpt>
      <trkpt lat="43.693436" lon="3.742007">
        <ele>186.389254</ele>
        <time>2026-06-08T14:03:09.491Z</time>
      </trkpt>
      <trkpt lat="43.693764" lon="3.741889">
        <ele>186.786480</ele>
        <time>2026-06-08T14:03:17.076Z</time>
      </trkpt>
      <trkpt lat="43.693835" lon="3.741748">
        <ele>186.924594</ele>
        <time>2026-06-08T14:03:19.792Z</time>
      </trkpt>
      <trkpt lat="43.693850" lon="3.741563">
        <ele>187.067997</ele>
        <time>2026-06-08T14:03:22.712Z</time>
      </trkpt>
      <trkpt lat="43.693768" lon="3.740019">
        <ele>187.695320</ele>
        <time>2026-06-08T14:03:44.679Z</time>
      </trkpt>
      <trkpt lat="43.693605" lon="3.739333">
        <ele>187.948202</ele>
        <time>2026-06-08T14:03:54.456Z</time>
      </trkpt>
      <trkpt lat="43.693407" lon="3.738630">
        <ele>188.525316</ele>
        <time>2026-06-08T14:04:06.436Z</time>
      </trkpt>
      <trkpt lat="43.693345" lon="3.738307">
        <ele>188.938237</ele>
        <time>2026-06-08T14:04:12.691Z</time>
      </trkpt>
      <trkpt lat="43.693355" lon="3.738147">
        <ele>189.216604</ele>
        <time>2026-06-08T14:04:15.926Z</time>
      </trkpt>
      <trkpt lat="43.693392" lon="3.738005">
        <ele>189.502875</ele>
        <time>2026-06-08T14:04:19.059Z</time>
      </trkpt>
      <trkpt lat="43.693531" lon="3.737839">
        <ele>190.032316</ele>
        <time>2026-06-08T14:04:24.612Z</time>
      </trkpt>
      <trkpt lat="43.693652" lon="3.737816">
        <ele>190.427573</ele>
        <time>2026-06-08T14:04:28.483Z</time>
      </trkpt>
      <trkpt lat="43.693779" lon="3.737841">
        <ele>190.900907</ele>
        <time>2026-06-08T14:04:32.678Z</time>
      </trkpt>
      <trkpt lat="43.694125" lon="3.738039">
        <ele>192.339281</ele>
        <time>2026-06-08T14:04:45.614Z</time>
      </trkpt>
      <trkpt lat="43.694233" lon="3.738152">
        <ele>192.902159</ele>
        <time>2026-06-08T14:04:50.491Z</time>
      </trkpt>
      <trkpt lat="43.694503" lon="3.738679">
        <ele>195.002667</ele>
        <time>2026-06-08T14:05:07.912Z</time>
      </trkpt>
      <trkpt lat="43.694976" lon="3.739476">
        <ele>198.378438</ele>
        <time>2026-06-08T14:05:35.973Z</time>
      </trkpt>
      <trkpt lat="43.695199" lon="3.739727">
        <ele>199.581539</ele>
        <time>2026-06-08T14:05:46.232Z</time>
      </trkpt>
      <trkpt lat="43.695677" lon="3.740112">
        <ele>201.664785</ele>
        <time>2026-06-08T14:06:05.137Z</time>
      </trkpt>
      <trkpt lat="43.696457" lon="3.740837">
        <ele>204.576943</ele>
        <time>2026-06-08T14:06:34.624Z</time>
      </trkpt>
      <trkpt lat="43.696771" lon="3.741014">
        <ele>205.509343</ele>
        <time>2026-06-08T14:06:44.489Z</time>
      </trkpt>
      <trkpt lat="43.697065" lon="3.741153">
        <ele>206.320667</ele>
        <time>2026-06-08T14:06:53.446Z</time>
      </trkpt>
      <trkpt lat="43.698193" lon="3.741687">
        <ele>208.184390</ele>
        <time>2026-06-08T14:07:22.526Z</time>
      </trkpt>
      <trkpt lat="43.699015" lon="3.741814">
        <ele>207.858184</ele>
        <time>2026-06-08T14:07:35.809Z</time>
      </trkpt>
      <trkpt lat="43.699729" lon="3.741794">
        <ele>207.014032</ele>
        <time>2026-06-08T14:07:46.020Z</time>
      </trkpt>
      <trkpt lat="43.700329" lon="3.741437">
        <ele>206.326079</ele>
        <time>2026-06-08T14:07:55.665Z</time>
      </trkpt>
      <trkpt lat="43.700935" lon="3.741449">
        <ele>205.919346</ele>
        <time>2026-06-08T14:08:05.211Z</time>
      </trkpt>
      <trkpt lat="43.701273" lon="3.741457">
        <ele>205.921889</ele>
        <time>2026-06-08T14:08:10.932Z</time>
      </trkpt>
      <trkpt lat="43.701528" lon="3.741418">
        <ele>205.979583</ele>
        <time>2026-06-08T14:08:15.546Z</time>
      </trkpt>
      <trkpt lat="43.701753" lon="3.741245">
        <ele>206.016021</ele>
        <time>2026-06-08T14:08:20.307Z</time>
      </trkpt>
      <trkpt lat="43.701932" lon="3.740966">
        <ele>206.106282</ele>
        <time>2026-06-08T14:08:25.403Z</time>
      </trkpt>
      <trkpt lat="43.702203" lon="3.740687">
        <ele>206.289863</ele>
        <time>2026-06-08T14:08:31.834Z</time>
      </trkpt>
      <trkpt lat="43.702847" lon="3.740215">
        <ele>206.580418</ele>
        <time>2026-06-08T14:08:45.715Z</time>
      </trkpt>
      <trkpt lat="43.703289" lon="3.739840">
        <ele>206.575251</ele>
        <time>2026-06-08T14:08:54.476Z</time>
      </trkpt>
      <trkpt lat="43.703468" lon="3.739561">
        <ele>206.312308</ele>
        <time>2026-06-08T14:08:58.607Z</time>
      </trkpt>
      <trkpt lat="43.703724" lon="3.738509">
        <ele>204.533929</ele>
        <time>2026-06-08T14:09:09.312Z</time>
      </trkpt>
      <trkpt lat="43.703886" lon="3.738134">
        <ele>203.374371</ele>
        <time>2026-06-08T14:09:13.197Z</time>
      </trkpt>
      <trkpt lat="43.704080" lon="3.738037">
        <ele>202.502279</ele>
        <time>2026-06-08T14:09:15.682Z</time>
      </trkpt>
      <trkpt lat="43.704313" lon="3.738048">
        <ele>201.482844</ele>
        <time>2026-06-08T14:09:18.460Z</time>
      </trkpt>
      <trkpt lat="43.704546" lon="3.738306">
        <ele>200.073422</ele>
        <time>2026-06-08T14:09:21.967Z</time>
      </trkpt>
      <trkpt lat="43.704709" lon="3.738391">
        <ele>199.202401</ele>
        <time>2026-06-08T14:09:23.995Z</time>
      </trkpt>
      <trkpt lat="43.704895" lon="3.738241">
        <ele>198.090392</ele>
        <time>2026-06-08T14:09:26.496Z</time>
      </trkpt>
      <trkpt lat="43.705158" lon="3.737833">
        <ele>196.017909</ele>
        <time>2026-06-08T14:09:31.081Z</time>
      </trkpt>
      <trkpt lat="43.705298" lon="3.737501">
        <ele>194.697656</ele>
        <time>2026-06-08T14:09:34.328Z</time>
      </trkpt>
      <trkpt lat="43.705507" lon="3.737362">
        <ele>193.622127</ele>
        <time>2026-06-08T14:09:37.078Z</time>
      </trkpt>
      <trkpt lat="43.705872" lon="3.737254">
        <ele>192.009412</ele>
        <time>2026-06-08T14:09:41.539Z</time>
      </trkpt>
      <trkpt lat="43.706128" lon="3.737040">
        <ele>190.821087</ele>
        <time>2026-06-08T14:09:45.164Z</time>
      </trkpt>
      <trkpt lat="43.706213" lon="3.736471">
        <ele>189.319098</ele>
        <time>2026-06-08T14:09:50.341Z</time>
      </trkpt>
      <trkpt lat="43.706361" lon="3.736235">
        <ele>188.624388</ele>
        <time>2026-06-08T14:09:53.203Z</time>
      </trkpt>
      <trkpt lat="43.706553" lon="3.736221">
        <ele>188.138638</ele>
        <time>2026-06-08T14:09:55.728Z</time>
      </trkpt>
      <trkpt lat="43.706979" lon="3.736679">
        <ele>187.471686</ele>
        <time>2026-06-08T14:10:03.552Z</time>
      </trkpt>
      <trkpt lat="43.707073" lon="3.736726">
        <ele>187.422645</ele>
        <time>2026-06-08T14:10:05.206Z</time>
      </trkpt>
      <trkpt lat="43.707175" lon="3.736733">
        <ele>187.431469</ele>
        <time>2026-06-08T14:10:07.002Z</time>
      </trkpt>
      <trkpt lat="43.707309" lon="3.736679">
        <ele>187.492138</ele>
        <time>2026-06-08T14:10:09.621Z</time>
      </trkpt>
      <trkpt lat="43.707506" lon="3.736419">
        <ele>187.613175</ele>
        <time>2026-06-08T14:10:15.049Z</time>
      </trkpt>
      <trkpt lat="43.707623" lon="3.736339">
        <ele>187.694041</ele>
        <time>2026-06-08T14:10:17.642Z</time>
      </trkpt>
      <trkpt lat="43.707979" lon="3.736221">
        <ele>187.901920</ele>
        <time>2026-06-08T14:10:24.934Z</time>
      </trkpt>
      <trkpt lat="43.708044" lon="3.736074">
        <ele>187.971726</ele>
        <time>2026-06-08T14:10:27.335Z</time>
      </trkpt>
      <trkpt lat="43.708051" lon="3.735816">
        <ele>188.020859</ele>
        <time>2026-06-08T14:10:30.714Z</time>
      </trkpt>
      <trkpt lat="43.708079" lon="3.735752">
        <ele>188.032323</ele>
        <time>2026-06-08T14:10:31.660Z</time>
      </trkpt>
      <trkpt lat="43.708150" lon="3.735693">
        <ele>188.014003</ele>
        <time>2026-06-08T14:10:33.094Z</time>
      </trkpt>
      <trkpt lat="43.708716" lon="3.735530">
        <ele>187.777984</ele>
        <time>2026-06-08T14:10:42.337Z</time>
      </trkpt>
      <trkpt lat="43.708882" lon="3.735432">
        <ele>187.601542</ele>
        <time>2026-06-08T14:10:45.054Z</time>
      </trkpt>
      <trkpt lat="43.709022" lon="3.735241">
        <ele>187.354919</ele>
        <time>2026-06-08T14:10:47.909Z</time>
      </trkpt>
      <trkpt lat="43.709090" lon="3.734954">
        <ele>186.942014</ele>
        <time>2026-06-08T14:10:50.936Z</time>
      </trkpt>
      <trkpt lat="43.709021" lon="3.734090">
        <ele>185.163568</ele>
        <time>2026-06-08T14:10:59.022Z</time>
      </trkpt>
      <trkpt lat="43.709033" lon="3.733819">
        <ele>184.497328</ele>
        <time>2026-06-08T14:11:01.440Z</time>
      </trkpt>
      <trkpt lat="43.709083" lon="3.733596">
        <ele>183.885125</ele>
        <time>2026-06-08T14:11:03.500Z</time>
      </trkpt>
      <trkpt lat="43.709700" lon="3.732264">
        <ele>179.280648</ele>
        <time>2026-06-08T14:11:17.341Z</time>
      </trkpt>
      <trkpt lat="43.709768" lon="3.732048">
        <ele>178.533540</ele>
        <time>2026-06-08T14:11:19.383Z</time>
      </trkpt>
      <trkpt lat="43.709791" lon="3.731834">
        <ele>177.876575</ele>
        <time>2026-06-08T14:11:21.255Z</time>
      </trkpt>
      <trkpt lat="43.709768" lon="3.731610">
        <ele>177.169667</ele>
        <time>2026-06-08T14:11:23.209Z</time>
      </trkpt>
      <trkpt lat="43.709574" lon="3.731184">
        <ele>175.393996</ele>
        <time>2026-06-08T14:11:27.483Z</time>
      </trkpt>
      <trkpt lat="43.709544" lon="3.731026">
        <ele>174.784931</ele>
        <time>2026-06-08T14:11:28.852Z</time>
      </trkpt>
      <trkpt lat="43.709717" lon="3.730626">
        <ele>172.982564</ele>
        <time>2026-06-08T14:11:32.763Z</time>
      </trkpt>
      <trkpt lat="43.709981" lon="3.730123">
        <ele>170.381779</ele>
        <time>2026-06-08T14:11:37.868Z</time>
      </trkpt>
      <trkpt lat="43.710051" lon="3.729852">
        <ele>169.113955</ele>
        <time>2026-06-08T14:11:40.207Z</time>
      </trkpt>
      <trkpt lat="43.710086" lon="3.729504">
        <ele>167.665907</ele>
        <time>2026-06-08T14:11:43.104Z</time>
      </trkpt>
      <trkpt lat="43.710103" lon="3.728852">
        <ele>165.740415</ele>
        <time>2026-06-08T14:11:48.771Z</time>
      </trkpt>
      <trkpt lat="43.710199" lon="3.728700">
        <ele>165.422895</ele>
        <time>2026-06-08T14:11:50.722Z</time>
      </trkpt>
      <trkpt lat="43.710330" lon="3.728655">
        <ele>165.270632</ele>
        <time>2026-06-08T14:11:52.681Z</time>
      </trkpt>
      <trkpt lat="43.710791" lon="3.728829">
        <ele>165.632533</ele>
        <time>2026-06-08T14:12:02.317Z</time>
      </trkpt>
      <trkpt lat="43.710868" lon="3.728861">
        <ele>165.802173</ele>
        <time>2026-06-08T14:12:04.561Z</time>
      </trkpt>
      <trkpt lat="43.711310" lon="3.728995">
        <ele>167.468145</ele>
        <time>2026-06-08T14:12:19.819Z</time>
      </trkpt>
      <trkpt lat="43.711864" lon="3.728927">
        <ele>170.328510</ele>
        <time>2026-06-08T14:12:42.691Z</time>
      </trkpt>
      <trkpt lat="43.712060" lon="3.728839">
        <ele>171.499988</ele>
        <time>2026-06-08T14:12:51.539Z</time>
      </trkpt>
      <trkpt lat="43.712208" lon="3.728682">
        <ele>172.580345</ele>
        <time>2026-06-08T14:12:59.468Z</time>
      </trkpt>
      <trkpt lat="43.712573" lon="3.728178">
        <ele>175.282711</ele>
        <time>2026-06-08T14:13:20.611Z</time>
      </trkpt>
      <trkpt lat="43.712774" lon="3.727620">
        <ele>177.457741</ele>
        <time>2026-06-08T14:13:38.228Z</time>
      </trkpt>
      <trkpt lat="43.712797" lon="3.727105">
        <ele>178.967775</ele>
        <time>2026-06-08T14:13:51.408Z</time>
      </trkpt>
      <trkpt lat="43.712611" lon="3.726332">
        <ele>180.751853</ele>
        <time>2026-06-08T14:14:09.595Z</time>
      </trkpt>
      <trkpt lat="43.712573" lon="3.725957">
        <ele>181.392281</ele>
        <time>2026-06-08T14:14:17.168Z</time>
      </trkpt>
      <trkpt lat="43.712790" lon="3.725678">
        <ele>182.007848</ele>
        <time>2026-06-08T14:14:24.937Z</time>
      </trkpt>
      <trkpt lat="43.713701" lon="3.724671">
        <ele>184.601637</ele>
        <time>2026-06-08T14:14:56.281Z</time>
      </trkpt>
      <trkpt lat="43.713822" lon="3.724575">
        <ele>184.917283</ele>
        <time>2026-06-08T14:15:00.284Z</time>
      </trkpt>
      <trkpt lat="43.714493" lon="3.724404">
        <ele>186.694061</ele>
        <time>2026-06-08T14:15:19.764Z</time>
      </trkpt>
      <trkpt lat="43.714798" lon="3.724249">
        <ele>187.411784</ele>
        <time>2026-06-08T14:15:28.959Z</time>
      </trkpt>
      <trkpt lat="43.717995" lon="3.720591">
        <ele>193.422667</ele>
        <time>2026-06-08T14:17:06.805Z</time>
      </trkpt>
      <trkpt lat="43.718078" lon="3.720510">
        <ele>193.602169</ele>
        <time>2026-06-08T14:17:09.315Z</time>
      </trkpt>
      <trkpt lat="43.718400" lon="3.720142">
        <ele>194.403563</ele>
        <time>2026-06-08T14:17:19.795Z</time>
      </trkpt>
      <trkpt lat="43.718863" lon="3.719510">
        <ele>195.709666</ele>
        <time>2026-06-08T14:17:36.992Z</time>
      </trkpt>
      <trkpt lat="43.719007" lon="3.719368">
        <ele>196.140830</ele>
        <time>2026-06-08T14:17:41.912Z</time>
      </trkpt>
      <trkpt lat="43.719185" lon="3.719282">
        <ele>196.714763</ele>
        <time>2026-06-08T14:17:47.595Z</time>
      </trkpt>
      <trkpt lat="43.719448" lon="3.719236">
        <ele>197.603157</ele>
        <time>2026-06-08T14:17:56.179Z</time>
      </trkpt>
      <trkpt lat="43.719734" lon="3.719186">
        <ele>198.630546</ele>
        <time>2026-06-08T14:18:05.925Z</time>
      </trkpt>
      <trkpt lat="43.719916" lon="3.719121">
        <ele>199.407131</ele>
        <time>2026-06-08T14:18:12.482Z</time>
      </trkpt>
      <trkpt lat="43.720633" lon="3.718529">
        <ele>203.149468</ele>
        <time>2026-06-08T14:18:43.732Z</time>
      </trkpt>
      <trkpt lat="43.720947" lon="3.718370">
        <ele>204.896444</ele>
        <time>2026-06-08T14:18:57.379Z</time>
      </trkpt>
      <trkpt lat="43.721174" lon="3.718358">
        <ele>206.113036</ele>
        <time>2026-06-08T14:19:06.778Z</time>
      </trkpt>
      <trkpt lat="43.721877" lon="3.718563">
        <ele>210.096977</ele>
        <time>2026-06-08T14:19:36.822Z</time>
      </trkpt>
      <trkpt lat="43.722017" lon="3.718604">
        <ele>210.888295</ele>
        <time>2026-06-08T14:19:42.860Z</time>
      </trkpt>
      <trkpt lat="43.722190" lon="3.718628">
        <ele>211.803446</ele>
        <time>2026-06-08T14:19:50.085Z</time>
      </trkpt>
      <trkpt lat="43.722396" lon="3.718597">
        <ele>212.863943</ele>
        <time>2026-06-08T14:19:58.489Z</time>
      </trkpt>
      <trkpt lat="43.722847" lon="3.718373">
        <ele>215.078000</ele>
        <time>2026-06-08T14:20:16.733Z</time>
      </trkpt>
      <trkpt lat="43.723132" lon="3.718269">
        <ele>216.294375</ele>
        <time>2026-06-08T14:20:27.266Z</time>
      </trkpt>
      <trkpt lat="43.723462" lon="3.718234">
        <ele>217.572592</ele>
        <time>2026-06-08T14:20:38.550Z</time>
      </trkpt>
      <trkpt lat="43.723723" lon="3.718277">
        <ele>218.477552</ele>
        <time>2026-06-08T14:20:47.088Z</time>
      </trkpt>
      <trkpt lat="43.724142" lon="3.718475">
        <ele>219.788825</ele>
        <time>2026-06-08T14:21:00.645Z</time>
      </trkpt>
      <trkpt lat="43.724747" lon="3.718861">
        <ele>221.604367</ele>
        <time>2026-06-08T14:21:20.086Z</time>
      </trkpt>
      <trkpt lat="43.725166" lon="3.718996">
        <ele>222.839264</ele>
        <time>2026-06-08T14:21:33.105Z</time>
      </trkpt>
      <trkpt lat="43.725332" lon="3.719049">
        <ele>223.385673</ele>
        <time>2026-06-08T14:21:38.378Z</time>
      </trkpt>
      <trkpt lat="43.726028" lon="3.719052">
        <ele>225.713363</ele>
        <time>2026-06-08T14:22:00.593Z</time>
      </trkpt>
      <trkpt lat="43.726512" lon="3.718945">
        <ele>227.406572</ele>
        <time>2026-06-08T14:22:16.952Z</time>
      </trkpt>
      <trkpt lat="43.727165" lon="3.718751">
        <ele>229.777260</ele>
        <time>2026-06-08T14:22:39.054Z</time>
      </trkpt>
      <trkpt lat="43.727462" lon="3.718604">
        <ele>230.802646</ele>
        <time>2026-06-08T14:22:49.142Z</time>
      </trkpt>
      <trkpt lat="43.727614" lon="3.718589">
        <ele>231.283052</ele>
        <time>2026-06-08T14:22:53.909Z</time>
      </trkpt>
      <trkpt lat="43.728056" lon="3.718660">
        <ele>232.571389</ele>
        <time>2026-06-08T14:23:07.308Z</time>
      </trkpt>
      <trkpt lat="43.729017" lon="3.718879">
        <ele>234.868493</ele>
        <time>2026-06-08T14:23:34.412Z</time>
      </trkpt>
      <trkpt lat="43.730071" lon="3.719107">
        <ele>236.221174</ele>
        <time>2026-06-08T14:23:59.041Z</time>
      </trkpt>
      <trkpt lat="43.730333" lon="3.719146">
        <ele>236.193126</ele>
        <time>2026-06-08T14:24:03.277Z</time>
      </trkpt>
      <trkpt lat="43.730511" lon="3.719121">
        <ele>236.038580</ele>
        <time>2026-06-08T14:24:05.944Z</time>
      </trkpt>
      <trkpt lat="43.730666" lon="3.719036">
        <ele>235.650407</ele>
        <time>2026-06-08T14:24:08.306Z</time>
      </trkpt>
      <trkpt lat="43.731646" lon="3.718307">
        <ele>232.114995</ele>
        <time>2026-06-08T14:24:22.240Z</time>
      </trkpt>
      <trkpt lat="43.731848" lon="3.718157">
        <ele>231.392406</ele>
        <time>2026-06-08T14:24:25.101Z</time>
      </trkpt>
      <trkpt lat="43.732116" lon="3.718035">
        <ele>230.553278</ele>
        <time>2026-06-08T14:24:28.708Z</time>
      </trkpt>
      <trkpt lat="43.732533" lon="3.717954">
        <ele>229.633734</ele>
        <time>2026-06-08T14:24:34.343Z</time>
      </trkpt>
      <trkpt lat="43.733375" lon="3.717791">
        <ele>228.315666</ele>
        <time>2026-06-08T14:24:46.389Z</time>
      </trkpt>
      <trkpt lat="43.733567" lon="3.717584">
        <ele>227.989664</ele>
        <time>2026-06-08T14:24:49.899Z</time>
      </trkpt>
      <trkpt lat="43.733649" lon="3.717540">
        <ele>227.871860</ele>
        <time>2026-06-08T14:24:52.368Z</time>
      </trkpt>
      <trkpt lat="43.733837" lon="3.717389">
        <ele>227.487800</ele>
        <time>2026-06-08T14:24:58.431Z</time>
      </trkpt>
      <trkpt lat="43.734344" lon="3.716879">
        <ele>226.198780</ele>
        <time>2026-06-08T14:25:15.525Z</time>
      </trkpt>
      <trkpt lat="43.734443" lon="3.716742">
        <ele>225.934240</ele>
        <time>2026-06-08T14:25:19.345Z</time>
      </trkpt>
      <trkpt lat="43.734467" lon="3.716668">
        <ele>225.847382</ele>
        <time>2026-06-08T14:25:20.962Z</time>
      </trkpt>
      <trkpt lat="43.735009" lon="3.716329">
        <ele>225.049763</ele>
        <time>2026-06-08T14:25:38.054Z</time>
      </trkpt>
      <trkpt lat="43.735313" lon="3.716321">
        <ele>225.065103</ele>
        <time>2026-06-08T14:25:47.687Z</time>
      </trkpt>
      <trkpt lat="43.735486" lon="3.716394">
        <ele>225.254384</ele>
        <time>2026-06-08T14:25:54.093Z</time>
      </trkpt>
      <trkpt lat="43.735883" lon="3.716798">
        <ele>226.366401</ele>
        <time>2026-06-08T14:26:14.586Z</time>
      </trkpt>
      <trkpt lat="43.735928" lon="3.716844">
        <ele>226.527614</ele>
        <time>2026-06-08T14:26:17.213Z</time>
      </trkpt>
      <trkpt lat="43.735941" lon="3.716928">
        <ele>226.706481</ele>
        <time>2026-06-08T14:26:20.149Z</time>
      </trkpt>
      <trkpt lat="43.735918" lon="3.717346">
        <ele>228.040240</ele>
        <time>2026-06-08T14:26:35.683Z</time>
      </trkpt>
      <trkpt lat="43.735959" lon="3.717724">
        <ele>229.444853</ele>
        <time>2026-06-08T14:26:50.991Z</time>
      </trkpt>
      <trkpt lat="43.735926" lon="3.718003">
        <ele>230.594708</ele>
        <time>2026-06-08T14:27:02.677Z</time>
      </trkpt>
      <trkpt lat="43.735988" lon="3.718523">
        <ele>232.781744</ele>
        <time>2026-06-08T14:27:24.812Z</time>
      </trkpt>
      <trkpt lat="43.735994" lon="3.718572">
        <ele>232.974860</ele>
        <time>2026-06-08T14:27:26.872Z</time>
      </trkpt>
      <trkpt lat="43.735957" lon="3.719207">
        <ele>235.325008</ele>
        <time>2026-06-08T14:27:52.189Z</time>
      </trkpt>
      <trkpt lat="43.735992" lon="3.719567">
        <ele>236.350091</ele>
        <time>2026-06-08T14:28:05.312Z</time>
      </trkpt>
      <trkpt lat="43.735998" lon="3.720041">
        <ele>237.337888</ele>
        <time>2026-06-08T14:28:20.570Z</time>
      </trkpt>
      <trkpt lat="43.735934" lon="3.720573">
        <ele>237.753490</ele>
        <time>2026-06-08T14:28:34.831Z</time>
      </trkpt>
      <trkpt lat="43.735992" lon="3.720742">
        <ele>237.766071</ele>
        <time>2026-06-08T14:28:39.102Z</time>
      </trkpt>
      <trkpt lat="43.736156" lon="3.720921">
        <ele>237.627085</ele>
        <time>2026-06-08T14:28:45.349Z</time>
      </trkpt>
      <trkpt lat="43.736383" lon="3.721106">
        <ele>237.193167</ele>
        <time>2026-06-08T14:28:52.762Z</time>
      </trkpt>
      <trkpt lat="43.736486" lon="3.721114">
        <ele>236.990980</ele>
        <time>2026-06-08T14:28:55.576Z</time>
      </trkpt>
      <trkpt lat="43.736693" lon="3.720988">
        <ele>236.493700</ele>
        <time>2026-06-08T14:29:01.680Z</time>
      </trkpt>
      <trkpt lat="43.736937" lon="3.720913">
        <ele>235.907147</ele>
        <time>2026-06-08T14:29:08.376Z</time>
      </trkpt>
      <trkpt lat="43.737439" lon="3.720881">
        <ele>234.830220</ele>
        <time>2026-06-08T14:29:22.079Z</time>
      </trkpt>
      <trkpt lat="43.737567" lon="3.720846">
        <ele>234.597049</ele>
        <time>2026-06-08T14:29:25.706Z</time>
      </trkpt>
      <trkpt lat="43.737718" lon="3.720736">
        <ele>234.329015</ele>
        <time>2026-06-08T14:29:30.509Z</time>
      </trkpt>
      <trkpt lat="43.737967" lon="3.720676">
        <ele>234.018073</ele>
        <time>2026-06-08T14:29:37.727Z</time>
      </trkpt>
      <trkpt lat="43.738078" lon="3.720589">
        <ele>233.886713</ele>
        <time>2026-06-08T14:29:41.685Z</time>
      </trkpt>
      <trkpt lat="43.738205" lon="3.720747">
        <ele>233.727767</ele>
        <time>2026-06-08T14:29:47.078Z</time>
      </trkpt>
      <trkpt lat="43.738430" lon="3.720879">
        <ele>233.622505</ele>
        <time>2026-06-08T14:29:55.035Z</time>
      </trkpt>
      <trkpt lat="43.738513" lon="3.720884">
        <ele>233.625032</ele>
        <time>2026-06-08T14:29:57.803Z</time>
      </trkpt>
      <trkpt lat="43.738756" lon="3.720514">
        <ele>233.724692</ele>
        <time>2026-06-08T14:30:10.483Z</time>
      </trkpt>
      <trkpt lat="43.738934" lon="3.720347">
        <ele>233.869762</ele>
        <time>2026-06-08T14:30:18.305Z</time>
      </trkpt>
      <trkpt lat="43.739400" lon="3.719858">
        <ele>233.954177</ele>
        <time>2026-06-08T14:30:38.528Z</time>
      </trkpt>
      <trkpt lat="43.739467" lon="3.719723">
        <ele>233.896873</ele>
        <time>2026-06-08T14:30:42.284Z</time>
      </trkpt>
      <trkpt lat="43.739467" lon="3.719645">
        <ele>233.844755</ele>
        <time>2026-06-08T14:30:44.060Z</time>
      </trkpt>
      <trkpt lat="43.739439" lon="3.719553">
        <ele>233.778051</ele>
        <time>2026-06-08T14:30:46.301Z</time>
      </trkpt>
      <trkpt lat="43.739830" lon="3.719344">
        <ele>233.150007</ele>
        <time>2026-06-08T14:30:53.319Z</time>
      </trkpt>
      <trkpt lat="43.740024" lon="3.719239">
        <ele>232.712037</ele>
        <time>2026-06-08T14:30:56.668Z</time>
      </trkpt>
      <trkpt lat="43.740471" lon="3.718898">
        <ele>231.611774</ele>
        <time>2026-06-08T14:31:04.765Z</time>
      </trkpt>
      <trkpt lat="43.740675" lon="3.718799">
        <ele>231.220403</ele>
        <time>2026-06-08T14:31:08.258Z</time>
      </trkpt>
      <trkpt lat="43.741036" lon="3.718751">
        <ele>230.759282</ele>
        <time>2026-06-08T14:31:14.397Z</time>
      </trkpt>
      <trkpt lat="43.741314" lon="3.718962">
        <ele>230.659604</ele>
        <time>2026-06-08T14:31:20.592Z</time>
      </trkpt>
      <trkpt lat="43.741386" lon="3.719174">
        <ele>230.875111</ele>
        <time>2026-06-08T14:31:24.772Z</time>
      </trkpt>
      <trkpt lat="43.741481" lon="3.719733">
        <ele>231.966399</ele>
        <time>2026-06-08T14:31:37.565Z</time>
      </trkpt>
      <trkpt lat="43.741652" lon="3.720495">
        <ele>234.423457</ele>
        <time>2026-06-08T14:32:00.442Z</time>
      </trkpt>
      <trkpt lat="43.741791" lon="3.720924">
        <ele>236.236788</ele>
        <time>2026-06-08T14:32:15.678Z</time>
      </trkpt>
      <trkpt lat="43.741916" lon="3.721503">
        <ele>238.782134</ele>
        <time>2026-06-08T14:32:35.770Z</time>
      </trkpt>
      <trkpt lat="43.741921" lon="3.721697">
        <ele>239.584640</ele>
        <time>2026-06-08T14:32:42.136Z</time>
      </trkpt>
      <trkpt lat="43.741866" lon="3.722003">
        <ele>240.800631</ele>
        <time>2026-06-08T14:32:52.224Z</time>
      </trkpt>
      <trkpt lat="43.741877" lon="3.722153">
        <ele>241.358813</ele>
        <time>2026-06-08T14:32:56.908Z</time>
      </trkpt>
      <trkpt lat="43.742009" lon="3.722557">
        <ele>242.871684</ele>
        <time>2026-06-08T14:33:10.133Z</time>
      </trkpt>
      <trkpt lat="43.742218" lon="3.723033">
        <ele>244.359501</ele>
        <time>2026-06-08T14:33:24.996Z</time>
      </trkpt>
      <trkpt lat="43.742215" lon="3.723330">
        <ele>244.960104</ele>
        <time>2026-06-08T14:33:32.030Z</time>
      </trkpt>
      <trkpt lat="43.742334" lon="3.723788">
        <ele>245.666653</ele>
        <time>2026-06-08T14:33:42.230Z</time>
      </trkpt>
      <trkpt lat="43.742386" lon="3.724193">
        <ele>246.044201</ele>
        <time>2026-06-08T14:33:49.644Z</time>
      </trkpt>
      <trkpt lat="43.742698" lon="3.725043">
        <ele>246.284311</ele>
        <time>2026-06-08T14:34:04.242Z</time>
      </trkpt>
      <trkpt lat="43.742791" lon="3.725162">
        <ele>246.283641</ele>
        <time>2026-06-08T14:34:06.715Z</time>
      </trkpt>
      <trkpt lat="43.743095" lon="3.725301">
        <ele>246.193702</ele>
        <time>2026-06-08T14:34:12.859Z</time>
      </trkpt>
      <trkpt lat="43.743322" lon="3.725339">
        <ele>246.093590</ele>
        <time>2026-06-08T14:34:17.119Z</time>
      </trkpt>
      <trkpt lat="43.743497" lon="3.725299">
        <ele>245.997557</ele>
        <time>2026-06-08T14:34:20.371Z</time>
      </trkpt>
      <trkpt lat="43.743665" lon="3.725333">
        <ele>245.892861</ele>
        <time>2026-06-08T14:34:23.487Z</time>
      </trkpt>
      <trkpt lat="43.743779" lon="3.725402">
        <ele>245.807350</ele>
        <time>2026-06-08T14:34:25.782Z</time>
      </trkpt>
      <trkpt lat="43.743877" lon="3.725602">
        <ele>245.709011</ele>
        <time>2026-06-08T14:34:29.036Z</time>
      </trkpt>
      <trkpt lat="43.743944" lon="3.725912">
        <ele>245.622980</ele>
        <time>2026-06-08T14:34:33.447Z</time>
      </trkpt>
      <trkpt lat="43.743793" lon="3.726045">
        <ele>245.600469</ele>
        <time>2026-06-08T14:34:38.998Z</time>
      </trkpt>
      <trkpt lat="43.743702" lon="3.726179">
        <ele>245.600002</ele>
        <time>2026-06-08T14:34:43.143Z</time>
      </trkpt>
      <trkpt lat="43.743676" lon="3.726379">
        <ele>245.600002</ele>
        <time>2026-06-08T14:34:47.773Z</time>
      </trkpt>
      <trkpt lat="43.743695" lon="3.726701">
        <ele>245.640538</ele>
        <time>2026-06-08T14:34:55.352Z</time>
      </trkpt>
      <trkpt lat="43.743846" lon="3.727702">
        <ele>246.198824</ele>
        <time>2026-06-08T14:35:21.390Z</time>
      </trkpt>
      <trkpt lat="43.743974" lon="3.727673">
        <ele>246.352047</ele>
        <time>2026-06-08T14:35:26.487Z</time>
      </trkpt>
      <trkpt lat="43.744075" lon="3.727717">
        <ele>246.478461</ele>
        <time>2026-06-08T14:35:30.697Z</time>
      </trkpt>
      <trkpt lat="43.744197" lon="3.728022">
        <ele>246.793502</ele>
        <time>2026-06-08T14:35:40.157Z</time>
      </trkpt>
      <trkpt lat="43.744530" lon="3.728667">
        <ele>247.355430</ele>
        <time>2026-06-08T14:36:00.960Z</time>
      </trkpt>
      <trkpt lat="43.744979" lon="3.729322">
        <ele>247.473609</ele>
        <time>2026-06-08T14:36:22.389Z</time>
      </trkpt>
      <trkpt lat="43.745242" lon="3.729523">
        <ele>247.378765</ele>
        <time>2026-06-08T14:36:31.454Z</time>
      </trkpt>
      <trkpt lat="43.745544" lon="3.729580">
        <ele>247.101709</ele>
        <time>2026-06-08T14:36:40.483Z</time>
      </trkpt>
      <trkpt lat="43.745545" lon="3.729697">
        <ele>247.021709</ele>
        <time>2026-06-08T14:36:42.990Z</time>
      </trkpt>
      <trkpt lat="43.745615" lon="3.729880">
        <ele>246.897068</ele>
        <time>2026-06-08T14:36:47.419Z</time>
      </trkpt>
      <trkpt lat="43.745994" lon="3.730063">
        <ele>246.629308</ele>
        <time>2026-06-08T14:36:59.431Z</time>
      </trkpt>
      <trkpt lat="43.746165" lon="3.730330">
        <ele>246.626343</ele>
        <time>2026-06-08T14:37:07.443Z</time>
      </trkpt>
      <trkpt lat="43.746661" lon="3.730942">
        <ele>246.971681</ele>
        <time>2026-06-08T14:37:30.215Z</time>
      </trkpt>
      <trkpt lat="43.747111" lon="3.731393">
        <ele>247.933146</ele>
        <time>2026-06-08T14:37:52.219Z</time>
      </trkpt>
      <trkpt lat="43.747312" lon="3.731435">
        <ele>248.398784</ele>
        <time>2026-06-08T14:38:00.784Z</time>
      </trkpt>
      <trkpt lat="43.747731" lon="3.731682">
        <ele>249.526810</ele>
        <time>2026-06-08T14:38:20.513Z</time>
      </trkpt>
      <trkpt lat="43.747994" lon="3.731790">
        <ele>250.281135</ele>
        <time>2026-06-08T14:38:32.546Z</time>
      </trkpt>
      <trkpt lat="43.748320" lon="3.731832">
        <ele>251.098369</ele>
        <time>2026-06-08T14:38:46.767Z</time>
      </trkpt>
      <trkpt lat="43.748520" lon="3.731898">
        <ele>251.582090</ele>
        <time>2026-06-08T14:38:55.559Z</time>
      </trkpt>
      <trkpt lat="43.748877" lon="3.732123">
        <ele>252.402797</ele>
        <time>2026-06-08T14:39:11.683Z</time>
      </trkpt>
      <trkpt lat="43.749025" lon="3.732283">
        <ele>252.754350</ele>
        <time>2026-06-08T14:39:19.101Z</time>
      </trkpt>
      <trkpt lat="43.749126" lon="3.732498">
        <ele>253.000117</ele>
        <time>2026-06-08T14:39:26.173Z</time>
      </trkpt>
      <trkpt lat="43.749219" lon="3.732959">
        <ele>253.380440</ele>
        <time>2026-06-08T14:39:38.795Z</time>
      </trkpt>
      <trkpt lat="43.749242" lon="3.733163">
        <ele>253.498940</ele>
        <time>2026-06-08T14:39:43.975Z</time>
      </trkpt>
      <trkpt lat="43.749227" lon="3.733345">
        <ele>253.558964</ele>
        <time>2026-06-08T14:39:48.465Z</time>
      </trkpt>
      <trkpt lat="43.749475" lon="3.733442">
        <ele>253.588131</ele>
        <time>2026-06-08T14:39:56.903Z</time>
      </trkpt>
      <trkpt lat="43.749940" lon="3.733517">
        <ele>253.482516</ele>
        <time>2026-06-08T14:40:11.546Z</time>
      </trkpt>
      <trkpt lat="43.750296" lon="3.733646">
        <ele>253.297143</ele>
        <time>2026-06-08T14:40:22.720Z</time>
      </trkpt>
      <trkpt lat="43.750474" lon="3.733665">
        <ele>253.187687</ele>
        <time>2026-06-08T14:40:28.071Z</time>
      </trkpt>
      <trkpt lat="43.750800" lon="3.733699">
        <ele>252.924859</ele>
        <time>2026-06-08T14:40:37.739Z</time>
      </trkpt>
      <trkpt lat="43.750985" lon="3.733840">
        <ele>252.763126</ele>
        <time>2026-06-08T14:40:43.990Z</time>
      </trkpt>
      <trkpt lat="43.751148" lon="3.733904">
        <ele>252.630677</ele>
        <time>2026-06-08T14:40:49.039Z</time>
      </trkpt>
      <trkpt lat="43.751481" lon="3.734194">
        <ele>252.390410</ele>
        <time>2026-06-08T14:41:00.807Z</time>
      </trkpt>
      <trkpt lat="43.751640" lon="3.734448">
        <ele>252.197725</ele>
        <time>2026-06-08T14:41:08.043Z</time>
      </trkpt>
      <trkpt lat="43.751803" lon="3.733871">
        <ele>251.807029</ele>
        <time>2026-06-08T14:41:21.348Z</time>
      </trkpt>
      <trkpt lat="43.751875" lon="3.733471">
        <ele>251.588184</ele>
        <time>2026-06-08T14:41:30.142Z</time>
      </trkpt>
      <trkpt lat="43.751892" lon="3.732851">
        <ele>251.197822</ele>
        <time>2026-06-08T14:41:43.427Z</time>
      </trkpt>
      <trkpt lat="43.751975" lon="3.732269">
        <ele>250.790638</ele>
        <time>2026-06-08T14:41:55.999Z</time>
      </trkpt>
      <trkpt lat="43.752074" lon="3.731797">
        <ele>250.394937</ele>
        <time>2026-06-08T14:42:06.237Z</time>
      </trkpt>
      <trkpt lat="43.752110" lon="3.731246">
        <ele>249.882482</ele>
        <time>2026-06-08T14:42:17.694Z</time>
      </trkpt>
      <trkpt lat="43.752067" lon="3.730546">
        <ele>249.110372</ele>
        <time>2026-06-08T14:42:24.932Z</time>
      </trkpt>
      <trkpt lat="43.752024" lon="3.730233">
        <ele>248.793910</ele>
        <time>2026-06-08T14:42:28.189Z</time>
      </trkpt>
      <trkpt lat="43.751690" lon="3.729317">
        <ele>247.721569</ele>
        <time>2026-06-08T14:42:38.742Z</time>
      </trkpt>
      <trkpt lat="43.751572" lon="3.728933">
        <ele>247.393342</ele>
        <time>2026-06-08T14:42:43.143Z</time>
      </trkpt>
      <trkpt lat="43.751490" lon="3.728578">
        <ele>247.143792</ele>
        <time>2026-06-08T14:42:47.221Z</time>
      </trkpt>
      <trkpt lat="43.751401" lon="3.727911">
        <ele>247.007134</ele>
        <time>2026-06-08T14:42:55.238Z</time>
      </trkpt>
      <trkpt lat="43.751386" lon="3.727692">
        <ele>247.052930</ele>
        <time>2026-06-08T14:42:58.161Z</time>
      </trkpt>
      <trkpt lat="43.751400" lon="3.727403">
        <ele>247.272394</ele>
        <time>2026-06-08T14:43:02.461Z</time>
      </trkpt>
      <trkpt lat="43.751687" lon="3.726365">
        <ele>249.053153</ele>
        <time>2026-06-08T14:43:24.287Z</time>
      </trkpt>
      <trkpt lat="43.751706" lon="3.726264">
        <ele>249.291291</ele>
        <time>2026-06-08T14:43:26.698Z</time>
      </trkpt>
      <trkpt lat="43.751815" lon="3.726092">
        <ele>249.831561</ele>
        <time>2026-06-08T14:43:32.573Z</time>
      </trkpt>
      <trkpt lat="43.751942" lon="3.725767">
        <ele>250.783075</ele>
        <time>2026-06-08T14:43:42.103Z</time>
      </trkpt>
      <trkpt lat="43.751990" lon="3.725725">
        <ele>250.984909</ele>
        <time>2026-06-08T14:43:44.176Z</time>
      </trkpt>
      <trkpt lat="43.752225" lon="3.725681">
        <ele>251.787381</ele>
        <time>2026-06-08T14:43:52.590Z</time>
      </trkpt>
      <trkpt lat="43.752690" lon="3.725844">
        <ele>253.253504</ele>
        <time>2026-06-08T14:44:09.051Z</time>
      </trkpt>
      <trkpt lat="43.753357" lon="3.726092">
        <ele>254.630676</ele>
        <time>2026-06-08T14:44:33.359Z</time>
      </trkpt>
      <trkpt lat="43.754050" lon="3.726387">
        <ele>254.772285</ele>
        <time>2026-06-08T14:44:53.109Z</time>
      </trkpt>
      <trkpt lat="43.754537" lon="3.726594">
        <ele>254.497508</ele>
        <time>2026-06-08T14:45:05.847Z</time>
      </trkpt>
      <trkpt lat="43.754672" lon="3.726644">
        <ele>254.412019</ele>
        <time>2026-06-08T14:45:10.086Z</time>
      </trkpt>
      <trkpt lat="43.754973" lon="3.726846">
        <ele>254.342192</ele>
        <time>2026-06-08T14:45:20.382Z</time>
      </trkpt>
      <trkpt lat="43.755413" lon="3.727147">
        <ele>254.439090</ele>
        <time>2026-06-08T14:45:36.466Z</time>
      </trkpt>
      <trkpt lat="43.755659" lon="3.727411">
        <ele>254.723413</ele>
        <time>2026-06-08T14:45:47.621Z</time>
      </trkpt>
      <trkpt lat="43.755953" lon="3.727498">
        <ele>255.211702</ele>
        <time>2026-06-08T14:45:59.135Z</time>
      </trkpt>
      <trkpt lat="43.756379" lon="3.727481">
        <ele>256.007049</ele>
        <time>2026-06-08T14:46:16.382Z</time>
      </trkpt>
      <trkpt lat="43.756618" lon="3.727726">
        <ele>256.594371</ele>
        <time>2026-06-08T14:46:28.505Z</time>
      </trkpt>
      <trkpt lat="43.756762" lon="3.727805">
        <ele>256.874759</ele>
        <time>2026-06-08T14:46:34.732Z</time>
      </trkpt>
      <trkpt lat="43.757039" lon="3.727783">
        <ele>257.291232</ele>
        <time>2026-06-08T14:46:45.504Z</time>
      </trkpt>
      <trkpt lat="43.757272" lon="3.727804">
        <ele>257.567813</ele>
        <time>2026-06-08T14:46:54.243Z</time>
      </trkpt>
      <trkpt lat="43.757689" lon="3.727935">
        <ele>257.875611</ele>
        <time>2026-06-08T14:47:09.336Z</time>
      </trkpt>
      <trkpt lat="43.758063" lon="3.727950">
        <ele>257.977092</ele>
        <time>2026-06-08T14:47:21.504Z</time>
      </trkpt>
      <trkpt lat="43.758385" lon="3.728046">
        <ele>257.875684</ele>
        <time>2026-06-08T14:47:31.707Z</time>
      </trkpt>
      <trkpt lat="43.758637" lon="3.728164">
        <ele>257.683242</ele>
        <time>2026-06-08T14:47:39.662Z</time>
      </trkpt>
      <trkpt lat="43.759257" lon="3.728224">
        <ele>256.978247</ele>
        <time>2026-06-08T14:47:57.732Z</time>
      </trkpt>
      <trkpt lat="43.759572" lon="3.728358">
        <ele>256.491308</ele>
        <time>2026-06-08T14:48:07.031Z</time>
      </trkpt>
      <trkpt lat="43.759789" lon="3.728416">
        <ele>256.105779</ele>
        <time>2026-06-08T14:48:13.176Z</time>
      </trkpt>
      <trkpt lat="43.759897" lon="3.728505">
        <ele>255.866890</ele>
        <time>2026-06-08T14:48:16.644Z</time>
      </trkpt>
      <trkpt lat="43.760523" lon="3.728837">
        <ele>254.411201</ele>
        <time>2026-06-08T14:48:34.755Z</time>
      </trkpt>
      <trkpt lat="43.761161" lon="3.728859">
        <ele>253.113000</ele>
        <time>2026-06-08T14:48:52.161Z</time>
      </trkpt>
      <trkpt lat="43.761319" lon="3.728799">
        <ele>252.810780</ele>
        <time>2026-06-08T14:48:56.748Z</time>
      </trkpt>
      <trkpt lat="43.761641" lon="3.728755">
        <ele>252.352747</ele>
        <time>2026-06-08T14:49:05.953Z</time>
      </trkpt>
      <trkpt lat="43.761715" lon="3.728539">
        <ele>252.174254</ele>
        <time>2026-06-08T14:49:10.992Z</time>
      </trkpt>
      <trkpt lat="43.761842" lon="3.728369">
        <ele>252.017007</ele>
        <time>2026-06-08T14:49:16.225Z</time>
      </trkpt>
      <trkpt lat="43.762135" lon="3.728308">
        <ele>251.822827</ele>
        <time>2026-06-08T14:49:25.171Z</time>
      </trkpt>
      <trkpt lat="43.762499" lon="3.728153">
        <ele>251.709997</ele>
        <time>2026-06-08T14:49:37.026Z</time>
      </trkpt>
      <trkpt lat="43.762702" lon="3.728108">
        <ele>251.700002</ele>
        <time>2026-06-08T14:49:43.517Z</time>
      </trkpt>
      <trkpt lat="43.762827" lon="3.728113">
        <ele>251.700002</ele>
        <time>2026-06-08T14:49:47.467Z</time>
      </trkpt>
      <trkpt lat="43.763276" lon="3.727993">
        <ele>251.698289</ele>
        <time>2026-06-08T14:50:01.836Z</time>
      </trkpt>
      <trkpt lat="43.763429" lon="3.728010">
        <ele>251.672639</ele>
        <time>2026-06-08T14:50:06.667Z</time>
      </trkpt>
      <trkpt lat="43.763565" lon="3.728103">
        <ele>251.618657</ele>
        <time>2026-06-08T14:50:11.400Z</time>
      </trkpt>
      <trkpt lat="43.763859" lon="3.728112">
        <ele>251.613543</ele>
        <time>2026-06-08T14:50:20.710Z</time>
      </trkpt>
      <trkpt lat="43.764225" lon="3.728059">
        <ele>251.722041</ele>
        <time>2026-06-08T14:50:32.800Z</time>
      </trkpt>
      <trkpt lat="43.764333" lon="3.728081">
        <ele>251.807807</ele>
        <time>2026-06-08T14:50:36.558Z</time>
      </trkpt>
      <trkpt lat="43.764769" lon="3.728060">
        <ele>252.225818</ele>
        <time>2026-06-08T14:50:52.228Z</time>
      </trkpt>
      <trkpt lat="43.765090" lon="3.727847">
        <ele>252.699909</ele>
        <time>2026-06-08T14:51:05.739Z</time>
      </trkpt>
      <trkpt lat="43.765283" lon="3.727719">
        <ele>253.015918</ele>
        <time>2026-06-08T14:51:14.171Z</time>
      </trkpt>
      <trkpt lat="43.765600" lon="3.727601">
        <ele>253.583681</ele>
        <time>2026-06-08T14:51:27.105Z</time>
      </trkpt>
      <trkpt lat="43.765874" lon="3.727348">
        <ele>254.097506</ele>
        <time>2026-06-08T14:51:39.993Z</time>
      </trkpt>
      <trkpt lat="43.765940" lon="3.727318">
        <ele>254.201865</ele>
        <time>2026-06-08T14:51:42.691Z</time>
      </trkpt>
      <trkpt lat="43.766255" lon="3.727175">
        <ele>254.670787</ele>
        <time>2026-06-08T14:51:55.351Z</time>
      </trkpt>
      <trkpt lat="43.766238" lon="3.727312">
        <ele>254.796830</ele>
        <time>2026-06-08T14:51:59.242Z</time>
      </trkpt>
      <trkpt lat="43.766249" lon="3.727919">
        <ele>255.173836</ele>
        <time>2026-06-08T14:52:15.609Z</time>
      </trkpt>
      <trkpt lat="43.766270" lon="3.728077">
        <ele>255.229022</ele>
        <time>2026-06-08T14:52:19.812Z</time>
      </trkpt>
      <trkpt lat="43.766333" lon="3.728204">
        <ele>255.281335</ele>
        <time>2026-06-08T14:52:23.760Z</time>
      </trkpt>
      <trkpt lat="43.766660" lon="3.728553">
        <ele>255.406124</ele>
        <time>2026-06-08T14:52:38.156Z</time>
      </trkpt>
      <trkpt lat="43.766821" lon="3.728828">
        <ele>255.488310</ele>
        <time>2026-06-08T14:52:47.085Z</time>
      </trkpt>
      <trkpt lat="43.766902" lon="3.729069">
        <ele>255.536860</ele>
        <time>2026-06-08T14:52:53.869Z</time>
      </trkpt>
      <trkpt lat="43.766923" lon="3.729204">
        <ele>255.574337</ele>
        <time>2026-06-08T14:52:57.451Z</time>
      </trkpt>
      <trkpt lat="43.766911" lon="3.729673">
        <ele>255.713205</ele>
        <time>2026-06-08T14:53:09.581Z</time>
      </trkpt>
      <trkpt lat="43.766991" lon="3.730132">
        <ele>255.896016</ele>
        <time>2026-06-08T14:53:21.787Z</time>
      </trkpt>
      <trkpt lat="43.766962" lon="3.730928">
        <ele>256.201066</ele>
        <time>2026-06-08T14:53:42.362Z</time>
      </trkpt>
      <trkpt lat="43.766931" lon="3.731177">
        <ele>256.282495</ele>
        <time>2026-06-08T14:53:48.964Z</time>
      </trkpt>
      <trkpt lat="43.766920" lon="3.731271">
        <ele>256.312019</ele>
        <time>2026-06-08T14:53:51.479Z</time>
      </trkpt>
      <trkpt lat="43.766958" lon="3.731531">
        <ele>256.428691</ele>
        <time>2026-06-08T14:53:58.502Z</time>
      </trkpt>
      <trkpt lat="43.766930" lon="3.731767">
        <ele>256.571195</ele>
        <time>2026-06-08T14:54:04.905Z</time>
      </trkpt>
      <trkpt lat="43.766930" lon="3.732008">
        <ele>256.704168</ele>
        <time>2026-06-08T14:54:11.404Z</time>
      </trkpt>
      <trkpt lat="43.766866" lon="3.732226">
        <ele>256.824167</ele>
        <time>2026-06-08T14:54:17.794Z</time>
      </trkpt>
      <trkpt lat="43.766837" lon="3.732445">
        <ele>256.997266</ele>
        <time>2026-06-08T14:54:23.884Z</time>
      </trkpt>
      <trkpt lat="43.766891" lon="3.733482">
        <ele>257.796809</ele>
        <time>2026-06-08T14:54:52.750Z</time>
      </trkpt>
      <trkpt lat="43.766978" lon="3.733735">
        <ele>258.005270</ele>
        <time>2026-06-08T14:55:00.638Z</time>
      </trkpt>
      <trkpt lat="43.766974" lon="3.733871">
        <ele>258.127662</ele>
        <time>2026-06-08T14:55:04.472Z</time>
      </trkpt>
      <trkpt lat="43.766923" lon="3.734034">
        <ele>258.288155</ele>
        <time>2026-06-08T14:55:09.508Z</time>
      </trkpt>
      <trkpt lat="43.766679" lon="3.734487">
        <ele>258.776649</ele>
        <time>2026-06-08T14:55:25.362Z</time>
      </trkpt>
      <trkpt lat="43.766645" lon="3.734722">
        <ele>258.900413</ele>
        <time>2026-06-08T14:55:31.994Z</time>
      </trkpt>
      <trkpt lat="43.766737" lon="3.735973">
        <ele>259.497072</ele>
        <time>2026-06-08T14:56:05.268Z</time>
      </trkpt>
      <trkpt lat="43.766702" lon="3.736197">
        <ele>259.552318</ele>
        <time>2026-06-08T14:56:11.060Z</time>
      </trkpt>
      <trkpt lat="43.766428" lon="3.736865">
        <ele>259.579175</ele>
        <time>2026-06-08T14:56:29.927Z</time>
      </trkpt>
      <trkpt lat="43.766230" lon="3.737508">
        <ele>259.297761</ele>
        <time>2026-06-08T14:56:46.201Z</time>
      </trkpt>
      <trkpt lat="43.766198" lon="3.738147">
        <ele>258.993157</ele>
        <time>2026-06-08T14:57:00.800Z</time>
      </trkpt>
      <trkpt lat="43.766274" lon="3.738832">
        <ele>258.614754</ele>
        <time>2026-06-08T14:57:16.725Z</time>
      </trkpt>
      <trkpt lat="43.766331" lon="3.739045">
        <ele>258.537061</ele>
        <time>2026-06-08T14:57:22.047Z</time>
      </trkpt>
      <trkpt lat="43.766577" lon="3.739722">
        <ele>258.620308</ele>
        <time>2026-06-08T14:57:40.556Z</time>
      </trkpt>
      <trkpt lat="43.766692" lon="3.739919">
        <ele>258.774041</ele>
        <time>2026-06-08T14:57:47.505Z</time>
      </trkpt>
      <trkpt lat="43.766697" lon="3.740141">
        <ele>259.014521</ele>
        <time>2026-06-08T14:57:54.041Z</time>
      </trkpt>
      <trkpt lat="43.766734" lon="3.740346">
        <ele>259.364974</ele>
        <time>2026-06-08T14:58:00.676Z</time>
      </trkpt>
      <trkpt lat="43.766925" lon="3.741059">
        <ele>261.237039</ele>
        <time>2026-06-08T14:58:27.506Z</time>
      </trkpt>
      <trkpt lat="43.767019" lon="3.741259">
        <ele>261.937288</ele>
        <time>2026-06-08T14:58:36.806Z</time>
      </trkpt>
      <trkpt lat="43.767106" lon="3.741548">
        <ele>263.087561</ele>
        <time>2026-06-08T14:58:49.463Z</time>
      </trkpt>
      <trkpt lat="43.767185" lon="3.741680">
        <ele>263.726233</ele>
        <time>2026-06-08T14:58:56.559Z</time>
      </trkpt>
      <trkpt lat="43.767421" lon="3.741924">
        <ele>265.294101</ele>
        <time>2026-06-08T14:59:13.680Z</time>
      </trkpt>
      <trkpt lat="43.767784" lon="3.742151">
        <ele>267.373905</ele>
        <time>2026-06-08T14:59:36.821Z</time>
      </trkpt>
      <trkpt lat="43.767967" lon="3.742345">
        <ele>268.470540</ele>
        <time>2026-06-08T14:59:49.481Z</time>
      </trkpt>
      <trkpt lat="43.768079" lon="3.742558">
        <ele>269.266878</ele>
        <time>2026-06-08T14:59:59.406Z</time>
      </trkpt>
      <trkpt lat="43.768091" lon="3.742695">
        <ele>269.660254</ele>
        <time>2026-06-08T15:00:04.393Z</time>
      </trkpt>
      <trkpt lat="43.768315" lon="3.743101">
        <ele>270.653023</ele>
        <time>2026-06-08T15:00:21.517Z</time>
      </trkpt>
      <trkpt lat="43.768464" lon="3.743320">
        <ele>271.057686</ele>
        <time>2026-06-08T15:00:30.518Z</time>
      </trkpt>
      <trkpt lat="43.768609" lon="3.743473">
        <ele>271.251091</ele>
        <time>2026-06-08T15:00:37.582Z</time>
      </trkpt>
      <trkpt lat="43.768671" lon="3.743488">
        <ele>271.286894</ele>
        <time>2026-06-08T15:00:39.914Z</time>
      </trkpt>
      <trkpt lat="43.768886" lon="3.743712">
        <ele>271.373512</ele>
        <time>2026-06-08T15:00:49.292Z</time>
      </trkpt>
      <trkpt lat="43.769061" lon="3.744074">
        <ele>271.260809</ele>
        <time>2026-06-08T15:00:59.461Z</time>
      </trkpt>
      <trkpt lat="43.769244" lon="3.744344">
        <ele>270.986474</ele>
        <time>2026-06-08T15:01:07.783Z</time>
      </trkpt>
      <trkpt lat="43.769413" lon="3.744676">
        <ele>270.583836</ele>
        <time>2026-06-08T15:01:16.671Z</time>
      </trkpt>
      <trkpt lat="43.769487" lon="3.744896">
        <ele>270.301574</ele>
        <time>2026-06-08T15:01:21.951Z</time>
      </trkpt>
      <trkpt lat="43.769523" lon="3.745143">
        <ele>269.971626</ele>
        <time>2026-06-08T15:01:27.334Z</time>
      </trkpt>
      <trkpt lat="43.769669" lon="3.745387">
        <ele>269.502049</ele>
        <time>2026-06-08T15:01:34.029Z</time>
      </trkpt>
      <trkpt lat="43.769753" lon="3.745688">
        <ele>268.988677</ele>
        <time>2026-06-08T15:01:40.730Z</time>
      </trkpt>
      <trkpt lat="43.769757" lon="3.745866">
        <ele>268.697126</ele>
        <time>2026-06-08T15:01:44.450Z</time>
      </trkpt>
      <trkpt lat="43.769680" lon="3.745829">
        <ele>268.533767</ele>
        <time>2026-06-08T15:01:46.709Z</time>
      </trkpt>
      <trkpt lat="43.769583" lon="3.745826">
        <ele>268.340763</ele>
        <time>2026-06-08T15:01:49.380Z</time>
      </trkpt>
      <trkpt lat="43.769286" lon="3.745923">
        <ele>267.902196</ele>
        <time>2026-06-08T15:01:57.989Z</time>
      </trkpt>
      <trkpt lat="43.769185" lon="3.745780">
        <ele>267.729054</ele>
        <time>2026-06-08T15:02:00.498Z</time>
      </trkpt>
      <trkpt lat="43.769057" lon="3.745712">
        <ele>267.597873</ele>
        <time>2026-06-08T15:02:02.920Z</time>
      </trkpt>
      <trkpt lat="43.768954" lon="3.745751">
        <ele>267.510893</ele>
        <time>2026-06-08T15:02:04.832Z</time>
      </trkpt>
      <trkpt lat="43.768921" lon="3.745805">
        <ele>267.477722</ele>
        <time>2026-06-08T15:02:05.753Z</time>
      </trkpt>
      <trkpt lat="43.768917" lon="3.745885">
        <ele>267.455819</ele>
        <time>2026-06-08T15:02:06.819Z</time>
      </trkpt>
      <trkpt lat="43.768952" lon="3.746124">
        <ele>267.400002</ele>
        <time>2026-06-08T15:02:10.118Z</time>
      </trkpt>
      <trkpt lat="43.769317" lon="3.746490">
        <ele>267.434609</ele>
        <time>2026-06-08T15:02:19.265Z</time>
      </trkpt>
      <trkpt lat="43.769530" lon="3.746633">
        <ele>267.650353</ele>
        <time>2026-06-08T15:02:25.061Z</time>
      </trkpt>
      <trkpt lat="43.769963" lon="3.746781">
        <ele>268.498264</ele>
        <time>2026-06-08T15:02:37.806Z</time>
      </trkpt>
      <trkpt lat="43.770102" lon="3.747075">
        <ele>269.021303</ele>
        <time>2026-06-08T15:02:45.220Z</time>
      </trkpt>
      <trkpt lat="43.770844" lon="3.748645">
        <ele>272.072030</ele>
        <time>2026-06-08T15:03:25.970Z</time>
      </trkpt>
      <trkpt lat="43.771681" lon="3.750413">
        <ele>274.973009</ele>
        <time>2026-06-08T15:04:09.364Z</time>
      </trkpt>
      <trkpt lat="43.771903" lon="3.751047">
        <ele>275.527412</ele>
        <time>2026-06-08T15:04:22.032Z</time>
      </trkpt>
      <trkpt lat="43.772458" lon="3.752858">
        <ele>275.961713</ele>
        <time>2026-06-08T15:04:51.866Z</time>
      </trkpt>
      <trkpt lat="43.773043" lon="3.754734">
        <ele>275.318198</ele>
        <time>2026-06-08T15:05:19.453Z</time>
      </trkpt>
      <trkpt lat="43.773104" lon="3.754917">
        <ele>275.287003</ele>
        <time>2026-06-08T15:05:22.247Z</time>
      </trkpt>
      <trkpt lat="43.773200" lon="3.755201">
        <ele>275.222882</ele>
        <time>2026-06-08T15:05:26.675Z</time>
      </trkpt>
      <trkpt lat="43.773550" lon="3.755584">
        <ele>275.308846</ele>
        <time>2026-06-08T15:05:35.811Z</time>
      </trkpt>
      <trkpt lat="43.773718" lon="3.755770">
        <ele>275.388978</ele>
        <time>2026-06-08T15:05:40.436Z</time>
      </trkpt>
      <trkpt lat="43.774150" lon="3.756289">
        <ele>275.460003</ele>
        <time>2026-06-08T15:05:52.510Z</time>
      </trkpt>
      <trkpt lat="43.774551" lon="3.756769">
        <ele>275.255517</ele>
        <time>2026-06-08T15:06:02.308Z</time>
      </trkpt>
      <trkpt lat="43.774765" lon="3.757066">
        <ele>274.871607</ele>
        <time>2026-06-08T15:06:07.487Z</time>
      </trkpt>
      <trkpt lat="43.774849" lon="3.757119">
        <ele>274.695984</ele>
        <time>2026-06-08T15:06:09.023Z</time>
      </trkpt>
      <trkpt lat="43.775002" lon="3.757135">
        <ele>274.398583</ele>
        <time>2026-06-08T15:06:11.515Z</time>
      </trkpt>
      <trkpt lat="43.775106" lon="3.757078">
        <ele>274.171772</ele>
        <time>2026-06-08T15:06:13.317Z</time>
      </trkpt>
      <trkpt lat="43.775200" lon="3.756886">
        <ele>273.648100</ele>
        <time>2026-06-08T15:06:15.978Z</time>
      </trkpt>
      <trkpt lat="43.775380" lon="3.755920">
        <ele>270.735051</ele>
        <time>2026-06-08T15:06:26.280Z</time>
      </trkpt>
      <trkpt lat="43.775439" lon="3.755788">
        <ele>270.198389</ele>
        <time>2026-06-08T15:06:27.817Z</time>
      </trkpt>
      <trkpt lat="43.775531" lon="3.755709">
        <ele>269.632153</ele>
        <time>2026-06-08T15:06:29.302Z</time>
      </trkpt>
      <trkpt lat="43.775674" lon="3.755683">
        <ele>268.886369</ele>
        <time>2026-06-08T15:06:31.296Z</time>
      </trkpt>
      <trkpt lat="43.775790" lon="3.755721">
        <ele>268.280313</ele>
        <time>2026-06-08T15:06:32.954Z</time>
      </trkpt>
      <trkpt lat="43.775818" lon="3.755742">
        <ele>268.118417</ele>
        <time>2026-06-08T15:06:33.391Z</time>
      </trkpt>
      <trkpt lat="43.775874" lon="3.755820">
        <ele>267.760301</ele>
        <time>2026-06-08T15:06:34.510Z</time>
      </trkpt>
      <trkpt lat="43.775912" lon="3.755935">
        <ele>267.360553</ele>
        <time>2026-06-08T15:06:35.793Z</time>
      </trkpt>
      <trkpt lat="43.776163" lon="3.756500">
        <ele>265.594143</ele>
        <time>2026-06-08T15:06:42.836Z</time>
      </trkpt>
      <trkpt lat="43.776233" lon="3.756567">
        <ele>265.263215</ele>
        <time>2026-06-08T15:06:44.069Z</time>
      </trkpt>
      <trkpt lat="43.776531" lon="3.756561">
        <ele>264.013887</ele>
        <time>2026-06-08T15:06:48.357Z</time>
      </trkpt>
      <trkpt lat="43.776767" lon="3.756735">
        <ele>262.918507</ele>
        <time>2026-06-08T15:06:52.201Z</time>
      </trkpt>
      <trkpt lat="43.776938" lon="3.756913">
        <ele>262.229673</ele>
        <time>2026-06-08T15:06:55.313Z</time>
      </trkpt>
      <trkpt lat="43.776973" lon="3.756978">
        <ele>262.060433</ele>
        <time>2026-06-08T15:06:56.226Z</time>
      </trkpt>
      <trkpt lat="43.777178" lon="3.757454">
        <ele>261.800061</ele>
        <time>2026-06-08T15:07:03.388Z</time>
      </trkpt>
      <trkpt lat="43.777445" lon="3.758254">
        <ele>262.535613</ele>
        <time>2026-06-08T15:07:19.957Z</time>
      </trkpt>
      <trkpt lat="43.777581" lon="3.758356">
        <ele>262.802795</ele>
        <time>2026-06-08T15:07:24.113Z</time>
      </trkpt>
      <trkpt lat="43.777654" lon="3.758350">
        <ele>262.955307</ele>
        <time>2026-06-08T15:07:26.372Z</time>
      </trkpt>
      <trkpt lat="43.778119" lon="3.757992">
        <ele>264.314709</ele>
        <time>2026-06-08T15:07:42.887Z</time>
      </trkpt>
      <trkpt lat="43.778190" lon="3.757899">
        <ele>264.585766</ele>
        <time>2026-06-08T15:07:46.300Z</time>
      </trkpt>
      <trkpt lat="43.778253" lon="3.757722">
        <ele>264.983291</ele>
        <time>2026-06-08T15:07:50.998Z</time>
      </trkpt>
      <trkpt lat="43.778304" lon="3.757295">
        <ele>265.542960</ele>
        <time>2026-06-08T15:08:00.344Z</time>
      </trkpt>
      <trkpt lat="43.778485" lon="3.756970">
        <ele>265.438397</ele>
        <time>2026-06-08T15:08:05.762Z</time>
      </trkpt>
      <trkpt lat="43.778574" lon="3.756884">
        <ele>265.264157</ele>
        <time>2026-06-08T15:08:07.533Z</time>
      </trkpt>
      <trkpt lat="43.778667" lon="3.756887">
        <ele>265.029378</ele>
        <time>2026-06-08T15:08:08.992Z</time>
      </trkpt>
      <trkpt lat="43.778744" lon="3.756964">
        <ele>264.786473</ele>
        <time>2026-06-08T15:08:10.452Z</time>
      </trkpt>
      <trkpt lat="43.778910" lon="3.757410">
        <ele>263.454703</ele>
        <time>2026-06-08T15:08:15.740Z</time>
      </trkpt>
      <trkpt lat="43.778994" lon="3.757555">
        <ele>262.904361</ele>
        <time>2026-06-08T15:08:17.658Z</time>
      </trkpt>
      <trkpt lat="43.779086" lon="3.757602">
        <ele>262.471008</ele>
        <time>2026-06-08T15:08:19.039Z</time>
      </trkpt>
      <trkpt lat="43.779147" lon="3.757585">
        <ele>262.196027</ele>
        <time>2026-06-08T15:08:19.915Z</time>
      </trkpt>
      <trkpt lat="43.779217" lon="3.757517">
        <ele>261.784963</ele>
        <time>2026-06-08T15:08:21.114Z</time>
      </trkpt>
      <trkpt lat="43.779493" lon="3.757040">
        <ele>259.662365</ele>
        <time>2026-06-08T15:08:27.277Z</time>
      </trkpt>
      <trkpt lat="43.779723" lon="3.756782">
        <ele>258.543023</ele>
        <time>2026-06-08T15:08:31.568Z</time>
      </trkpt>
      <trkpt lat="43.779764" lon="3.756658">
        <ele>258.214043</ele>
        <time>2026-06-08T15:08:33.044Z</time>
      </trkpt>
      <trkpt lat="43.779827" lon="3.756243">
        <ele>257.412838</ele>
        <time>2026-06-08T15:08:37.780Z</time>
      </trkpt>
      <trkpt lat="43.779823" lon="3.756200">
        <ele>257.335828</ele>
        <time>2026-06-08T15:08:38.281Z</time>
      </trkpt>
      <trkpt lat="43.779811" lon="3.756120">
        <ele>257.190692</ele>
        <time>2026-06-08T15:08:39.243Z</time>
      </trkpt>
      <trkpt lat="43.779764" lon="3.756031">
        <ele>256.996020</ele>
        <time>2026-06-08T15:08:40.493Z</time>
      </trkpt>
      <trkpt lat="43.779537" lon="3.755901">
        <ele>256.383163</ele>
        <time>2026-06-08T15:08:44.358Z</time>
      </trkpt>
      <trkpt lat="43.779457" lon="3.755712">
        <ele>255.949952</ele>
        <time>2026-06-08T15:08:46.760Z</time>
      </trkpt>
      <trkpt lat="43.779466" lon="3.755405">
        <ele>255.072483</ele>
        <time>2026-06-08T15:08:49.992Z</time>
      </trkpt>
      <trkpt lat="43.779532" lon="3.754836">
        <ele>253.078962</ele>
        <time>2026-06-08T15:08:55.795Z</time>
      </trkpt>
      <trkpt lat="43.779632" lon="3.754678">
        <ele>252.310175</ele>
        <time>2026-06-08T15:08:57.892Z</time>
      </trkpt>
      <trkpt lat="43.779688" lon="3.754647">
        <ele>252.000536</ele>
        <time>2026-06-08T15:08:58.728Z</time>
      </trkpt>
      <trkpt lat="43.780403" lon="3.754492">
        <ele>248.311524</ele>
        <time>2026-06-08T15:09:08.761Z</time>
      </trkpt>
      <trkpt lat="43.780645" lon="3.754394">
        <ele>247.092239</ele>
        <time>2026-06-08T15:09:12.292Z</time>
      </trkpt>
      <trkpt lat="43.780836" lon="3.754244">
        <ele>246.013354</ele>
        <time>2026-06-08T15:09:15.327Z</time>
      </trkpt>
      <trkpt lat="43.780880" lon="3.754139">
        <ele>245.601383</ele>
        <time>2026-06-08T15:09:16.547Z</time>
      </trkpt>
      <trkpt lat="43.780889" lon="3.754026">
        <ele>245.215605</ele>
        <time>2026-06-08T15:09:17.734Z</time>
      </trkpt>
      <trkpt lat="43.780851" lon="3.753562">
        <ele>243.663956</ele>
        <time>2026-06-08T15:09:22.486Z</time>
      </trkpt>
      <trkpt lat="43.780845" lon="3.753477">
        <ele>243.358265</ele>
        <time>2026-06-08T15:09:23.339Z</time>
      </trkpt>
      <trkpt lat="43.780878" lon="3.753329">
        <ele>242.793435</ele>
        <time>2026-06-08T15:09:24.896Z</time>
      </trkpt>
      <trkpt lat="43.780931" lon="3.753226">
        <ele>242.280658</ele>
        <time>2026-06-08T15:09:26.156Z</time>
      </trkpt>
      <trkpt lat="43.781053" lon="3.753059">
        <ele>241.283103</ele>
        <time>2026-06-08T15:09:28.472Z</time>
      </trkpt>
      <trkpt lat="43.781110" lon="3.753036">
        <ele>240.911807</ele>
        <time>2026-06-08T15:09:29.269Z</time>
      </trkpt>
      <trkpt lat="43.781008" lon="3.753424">
        <ele>238.848221</ele>
        <time>2026-06-08T15:09:33.190Z</time>
      </trkpt>
      <trkpt lat="43.781035" lon="3.753604">
        <ele>237.772860</ele>
        <time>2026-06-08T15:09:34.898Z</time>
      </trkpt>
      <trkpt lat="43.781103" lon="3.753687">
        <ele>237.009846</ele>
        <time>2026-06-08T15:09:36.049Z</time>
      </trkpt>
      <trkpt lat="43.781775" lon="3.753955">
        <ele>230.096290</ele>
        <time>2026-06-08T15:09:44.768Z</time>
      </trkpt>
      <trkpt lat="43.781955" lon="3.754098">
        <ele>228.030718</ele>
        <time>2026-06-08T15:09:47.351Z</time>
      </trkpt>
      <trkpt lat="43.782176" lon="3.754356">
        <ele>225.337276</ele>
        <time>2026-06-08T15:09:50.975Z</time>
      </trkpt>
      <trkpt lat="43.782251" lon="3.754500">
        <ele>224.245463</ele>
        <time>2026-06-08T15:09:52.608Z</time>
      </trkpt>
      <trkpt lat="43.782240" lon="3.754710">
        <ele>223.066856</ele>
        <time>2026-06-08T15:09:54.569Z</time>
      </trkpt>
      <trkpt lat="43.782192" lon="3.754970">
        <ele>221.735196</ele>
        <time>2026-06-08T15:09:57.119Z</time>
      </trkpt>
      <trkpt lat="43.782221" lon="3.755068">
        <ele>221.268400</ele>
        <time>2026-06-08T15:09:58.134Z</time>
      </trkpt>
      <trkpt lat="43.782816" lon="3.755809">
        <ele>216.943963</ele>
        <time>2026-06-08T15:10:09.134Z</time>
      </trkpt>
      <trkpt lat="43.783221" lon="3.756131">
        <ele>214.876415</ele>
        <time>2026-06-08T15:10:15.801Z</time>
      </trkpt>
      <trkpt lat="43.783416" lon="3.756238">
        <ele>213.880618</ele>
        <time>2026-06-08T15:10:18.734Z</time>
      </trkpt>
      <trkpt lat="43.783647" lon="3.756366">
        <ele>212.580142</ele>
        <time>2026-06-08T15:10:22.163Z</time>
      </trkpt>
      <trkpt lat="43.783706" lon="3.756414">
        <ele>212.204249</ele>
        <time>2026-06-08T15:10:23.082Z</time>
      </trkpt>
      <trkpt lat="43.783725" lon="3.756429">
        <ele>212.084108</ele>
        <time>2026-06-08T15:10:23.380Z</time>
      </trkpt>
      <trkpt lat="43.783723" lon="3.756470">
        <ele>211.921127</ele>
        <time>2026-06-08T15:10:23.788Z</time>
      </trkpt>
      <trkpt lat="43.783761" lon="3.756458">
        <ele>211.707016</ele>
        <time>2026-06-08T15:10:24.330Z</time>
      </trkpt>
      <trkpt lat="43.784228" lon="3.756549">
        <ele>209.219144</ele>
        <time>2026-06-08T15:10:30.836Z</time>
      </trkpt>
      <trkpt lat="43.784346" lon="3.756600">
        <ele>208.641257</ele>
        <time>2026-06-08T15:10:32.565Z</time>
      </trkpt>
      <trkpt lat="43.784453" lon="3.756674">
        <ele>208.100421</ele>
        <time>2026-06-08T15:10:34.255Z</time>
      </trkpt>
      <trkpt lat="43.784576" lon="3.756819">
        <ele>207.431907</ele>
        <time>2026-06-08T15:10:36.573Z</time>
      </trkpt>
      <trkpt lat="43.784667" lon="3.756918">
        <ele>206.953025</ele>
        <time>2026-06-08T15:10:38.235Z</time>
      </trkpt>
      <trkpt lat="43.785058" lon="3.757217">
        <ele>205.017993</ele>
        <time>2026-06-08T15:10:44.609Z</time>
      </trkpt>
      <trkpt lat="43.785387" lon="3.757324">
        <ele>203.628709</ele>
        <time>2026-06-08T15:10:49.445Z</time>
      </trkpt>
      <trkpt lat="43.785563" lon="3.757345">
        <ele>202.981850</ele>
        <time>2026-06-08T15:10:52.026Z</time>
      </trkpt>
      <trkpt lat="43.785604" lon="3.757350">
        <ele>202.833760</ele>
        <time>2026-06-08T15:10:52.641Z</time>
      </trkpt>
      <trkpt lat="43.785810" lon="3.757463">
        <ele>202.095736</ele>
        <time>2026-06-08T15:10:55.955Z</time>
      </trkpt>
      <trkpt lat="43.785896" lon="3.757430">
        <ele>201.800924</ele>
        <time>2026-06-08T15:10:57.289Z</time>
      </trkpt>
      <trkpt lat="43.785995" lon="3.757597">
        <ele>201.282802</ele>
        <time>2026-06-08T15:10:59.220Z</time>
      </trkpt>
      <trkpt lat="43.786121" lon="3.757737">
        <ele>200.679992</ele>
        <time>2026-06-08T15:11:01.217Z</time>
      </trkpt>
      <trkpt lat="43.786392" lon="3.757910">
        <ele>199.510963</ele>
        <time>2026-06-08T15:11:04.840Z</time>
      </trkpt>
      <trkpt lat="43.787538" lon="3.758517">
        <ele>195.052161</ele>
        <time>2026-06-08T15:11:19.922Z</time>
      </trkpt>
      <trkpt lat="43.788329" lon="3.758975">
        <ele>192.413233</ele>
        <time>2026-06-08T15:11:30.812Z</time>
      </trkpt>
      <trkpt lat="43.788639" lon="3.759239">
        <ele>191.405649</ele>
        <time>2026-06-08T15:11:35.500Z</time>
      </trkpt>
      <trkpt lat="43.788876" lon="3.759509">
        <ele>190.593870</ele>
        <time>2026-06-08T15:11:39.469Z</time>
      </trkpt>
      <trkpt lat="43.789293" lon="3.759917">
        <ele>189.205182</ele>
        <time>2026-06-08T15:11:46.057Z</time>
      </trkpt>
      <trkpt lat="43.789489" lon="3.760074">
        <ele>188.619581</ele>
        <time>2026-06-08T15:11:49.006Z</time>
      </trkpt>
      <trkpt lat="43.790083" lon="3.760479">
        <ele>187.021711</ele>
        <time>2026-06-08T15:11:57.792Z</time>
      </trkpt>
      <trkpt lat="43.790693" lon="3.760810">
        <ele>185.597797</ele>
        <time>2026-06-08T15:12:06.578Z</time>
      </trkpt>
      <trkpt lat="43.790721" lon="3.760759">
        <ele>185.497711</ele>
        <time>2026-06-08T15:12:07.333Z</time>
      </trkpt>
      <trkpt lat="43.790764" lon="3.760754">
        <ele>185.404338</ele>
        <time>2026-06-08T15:12:08.014Z</time>
      </trkpt>
      <trkpt lat="43.791285" lon="3.760753">
        <ele>184.301572</ele>
        <time>2026-06-08T15:12:16.368Z</time>
      </trkpt>
      <trkpt lat="43.793120" lon="3.760889">
        <ele>180.512395</ele>
        <time>2026-06-08T15:12:45.830Z</time>
      </trkpt>
      <trkpt lat="43.793381" lon="3.761018">
        <ele>180.019604</ele>
        <time>2026-06-08T15:12:50.380Z</time>
      </trkpt>
      <trkpt lat="43.793685" lon="3.761240">
        <ele>179.510099</ele>
        <time>2026-06-08T15:12:56.095Z</time>
      </trkpt>
      <trkpt lat="43.793776" lon="3.761262">
        <ele>179.388937</ele>
        <time>2026-06-08T15:12:57.650Z</time>
      </trkpt>
      <trkpt lat="43.793908" lon="3.761227">
        <ele>179.213297</ele>
        <time>2026-06-08T15:12:59.933Z</time>
      </trkpt>
      <trkpt lat="43.794341" lon="3.760927">
        <ele>178.705520</ele>
        <time>2026-06-08T15:13:08.438Z</time>
      </trkpt>
      <trkpt lat="43.794420" lon="3.760873">
        <ele>178.630562</ele>
        <time>2026-06-08T15:13:10.028Z</time>
      </trkpt>
      <trkpt lat="43.794596" lon="3.760806">
        <ele>178.509339</ele>
        <time>2026-06-08T15:13:13.336Z</time>
      </trkpt>
      <trkpt lat="43.795301" lon="3.760774">
        <ele>178.222959</ele>
        <time>2026-06-08T15:13:26.539Z</time>
      </trkpt>
      <trkpt lat="43.795486" lon="3.760705">
        <ele>178.161331</ele>
        <time>2026-06-08T15:13:30.194Z</time>
      </trkpt>
      <trkpt lat="43.795601" lon="3.760661">
        <ele>178.106988</ele>
        <time>2026-06-08T15:13:32.464Z</time>
      </trkpt>
      <trkpt lat="43.795825" lon="3.760636">
        <ele>177.981582</ele>
        <time>2026-06-08T15:13:36.733Z</time>
      </trkpt>
      <trkpt lat="43.796757" lon="3.760785">
        <ele>177.076284</ele>
        <time>2026-06-08T15:13:53.239Z</time>
      </trkpt>
      <trkpt lat="43.797671" lon="3.760313">
        <ele>175.484660</ele>
        <time>2026-06-08T15:14:09.301Z</time>
      </trkpt>
      <trkpt lat="43.798580" lon="3.760038">
        <ele>173.823777</ele>
        <time>2026-06-08T15:14:24.545Z</time>
      </trkpt>
      <trkpt lat="43.799077" lon="3.759973">
        <ele>173.116978</ele>
        <time>2026-06-08T15:14:33.052Z</time>
      </trkpt>
      <trkpt lat="43.799558" lon="3.759973">
        <ele>172.597313</ele>
        <time>2026-06-08T15:14:41.392Z</time>
      </trkpt>
      <trkpt lat="43.800269" lon="3.760118">
        <ele>171.803259</ele>
        <time>2026-06-08T15:14:53.938Z</time>
      </trkpt>
      <trkpt lat="43.800562" lon="3.760096">
        <ele>171.487028</ele>
        <time>2026-06-08T15:14:59.002Z</time>
      </trkpt>
      <trkpt lat="43.801617" lon="3.760857">
        <ele>170.095160</ele>
        <time>2026-06-08T15:15:19.449Z</time>
      </trkpt>
      <trkpt lat="43.801847" lon="3.760929">
        <ele>169.792059</ele>
        <time>2026-06-08T15:15:23.525Z</time>
      </trkpt>
      <trkpt lat="43.802056" lon="3.760929">
        <ele>169.527811</ele>
        <time>2026-06-08T15:15:27.142Z</time>
      </trkpt>
      <trkpt lat="43.802276" lon="3.760987">
        <ele>169.325667</ele>
        <time>2026-06-08T15:15:31.031Z</time>
      </trkpt>
      <trkpt lat="43.803226" lon="3.760705">
        <ele>168.930130</ele>
        <time>2026-06-08T15:15:49.322Z</time>
      </trkpt>
      <trkpt lat="43.803387" lon="3.760687">
        <ele>168.977088</ele>
        <time>2026-06-08T15:15:52.691Z</time>
      </trkpt>
      <trkpt lat="43.803583" lon="3.760710">
        <ele>169.037256</ele>
        <time>2026-06-08T15:15:56.969Z</time>
      </trkpt>
      <trkpt lat="43.804086" lon="3.761092">
        <ele>169.409809</ele>
        <time>2026-06-08T15:16:10.054Z</time>
      </trkpt>
      <trkpt lat="43.804281" lon="3.761153">
        <ele>169.582490</ele>
        <time>2026-06-08T15:16:14.720Z</time>
      </trkpt>
      <trkpt lat="43.804522" lon="3.761145">
        <ele>169.695547</ele>
        <time>2026-06-08T15:16:20.159Z</time>
      </trkpt>
      <trkpt lat="43.804862" lon="3.761070">
        <ele>169.762425</ele>
        <time>2026-06-08T15:16:27.179Z</time>
      </trkpt>
      <trkpt lat="43.805044" lon="3.760842">
        <ele>169.678148</ele>
        <time>2026-06-08T15:16:31.771Z</time>
      </trkpt>
      <trkpt lat="43.805155" lon="3.760551">
        <ele>169.506214</ele>
        <time>2026-06-08T15:16:36.142Z</time>
      </trkpt>
      <trkpt lat="43.805234" lon="3.760168">
        <ele>169.313555</ele>
        <time>2026-06-08T15:16:41.383Z</time>
      </trkpt>
      <trkpt lat="43.805275" lon="3.760153">
        <ele>169.291291</ele>
        <time>2026-06-08T15:16:42.025Z</time>
      </trkpt>
      <trkpt lat="43.805823" lon="3.760124">
        <ele>169.026249</ele>
        <time>2026-06-08T15:16:50.673Z</time>
      </trkpt>
      <trkpt lat="43.805892" lon="3.760189">
        <ele>168.995689</ele>
        <time>2026-06-08T15:16:52.015Z</time>
      </trkpt>
      <trkpt lat="43.805921" lon="3.760257">
        <ele>168.978022</ele>
        <time>2026-06-08T15:16:52.951Z</time>
      </trkpt>
      <trkpt lat="43.805960" lon="3.760464">
        <ele>168.930169</ele>
        <time>2026-06-08T15:16:55.503Z</time>
      </trkpt>
      <trkpt lat="43.805964" lon="3.761141">
        <ele>169.149813</ele>
        <time>2026-06-08T15:17:04.506Z</time>
      </trkpt>
      <trkpt lat="43.806365" lon="3.762332">
        <ele>170.536159</ele>
        <time>2026-06-08T15:17:26.994Z</time>
      </trkpt>
      <trkpt lat="43.806672" lon="3.762970">
        <ele>171.623935</ele>
        <time>2026-06-08T15:17:41.584Z</time>
      </trkpt>
      <trkpt lat="43.806980" lon="3.763381">
        <ele>172.740578</ele>
        <time>2026-06-08T15:17:53.707Z</time>
      </trkpt>
      <trkpt lat="43.807308" lon="3.764240">
        <ele>175.149275</ele>
        <time>2026-06-08T15:18:16.717Z</time>
      </trkpt>
      <trkpt lat="43.807368" lon="3.764462">
        <ele>175.923364</ele>
        <time>2026-06-08T15:18:22.955Z</time>
      </trkpt>
      <trkpt lat="43.807688" lon="3.765266">
        <ele>179.249938</ele>
        <time>2026-06-08T15:18:49.377Z</time>
      </trkpt>
      <trkpt lat="43.808327" lon="3.766685">
        <ele>186.283273</ele>
        <time>2026-06-08T15:19:42.154Z</time>
      </trkpt>
      <trkpt lat="43.808422" lon="3.766876">
        <ele>187.206995</ele>
        <time>2026-06-08T15:19:49.202Z</time>
      </trkpt>
      <trkpt lat="43.808637" lon="3.767175">
        <ele>188.875213</ele>
        <time>2026-06-08T15:20:01.670Z</time>
      </trkpt>
      <trkpt lat="43.808768" lon="3.767434">
        <ele>189.968991</ele>
        <time>2026-06-08T15:20:10.692Z</time>
      </trkpt>
      <trkpt lat="43.809453" lon="3.769835">
        <ele>197.198031</ele>
        <time>2026-06-08T15:21:15.711Z</time>
      </trkpt>
      <trkpt lat="43.809885" lon="3.770975">
        <ele>199.578483</ele>
        <time>2026-06-08T15:21:41.969Z</time>
      </trkpt>
      <trkpt lat="43.809976" lon="3.770993">
        <ele>199.787521</ele>
        <time>2026-06-08T15:21:44.674Z</time>
      </trkpt>
      <trkpt lat="43.810296" lon="3.771352">
        <ele>200.606137</ele>
        <time>2026-06-08T15:21:56.282Z</time>
      </trkpt>
      <trkpt lat="43.810572" lon="3.771728">
        <ele>201.440387</ele>
        <time>2026-06-08T15:22:07.751Z</time>
      </trkpt>
      <trkpt lat="43.810879" lon="3.772730">
        <ele>203.408880</ele>
        <time>2026-06-08T15:22:32.360Z</time>
      </trkpt>
      <trkpt lat="43.810932" lon="3.773417">
        <ele>204.799781</ele>
        <time>2026-06-08T15:22:48.205Z</time>
      </trkpt>
      <trkpt lat="43.811070" lon="3.773873">
        <ele>205.858269</ele>
        <time>2026-06-08T15:22:59.884Z</time>
      </trkpt>
      <trkpt lat="43.811311" lon="3.775000">
        <ele>209.237906</ele>
        <time>2026-06-08T15:23:31.900Z</time>
      </trkpt>
      <trkpt lat="43.811357" lon="3.775080">
        <ele>209.558267</ele>
        <time>2026-06-08T15:23:35.021Z</time>
      </trkpt>
      <trkpt lat="43.811409" lon="3.775324">
        <ele>210.531205</ele>
        <time>2026-06-08T15:23:43.024Z</time>
      </trkpt>
      <trkpt lat="43.811454" lon="3.775882">
        <ele>212.958071</ele>
        <time>2026-06-08T15:24:01.996Z</time>
      </trkpt>
      <trkpt lat="43.811508" lon="3.776151">
        <ele>214.350761</ele>
        <time>2026-06-08T15:24:12.038Z</time>
      </trkpt>
      <trkpt lat="43.811587" lon="3.777159">
        <ele>219.936879</ele>
        <time>2026-06-08T15:24:52.181Z</time>
      </trkpt>
      <trkpt lat="43.811649" lon="3.777245">
        <ele>220.632037</ele>
        <time>2026-06-08T15:24:57.213Z</time>
      </trkpt>
      <trkpt lat="43.811661" lon="3.777333">
        <ele>221.170025</ele>
        <time>2026-06-08T15:25:00.922Z</time>
      </trkpt>
      <trkpt lat="43.811624" lon="3.777529">
        <ele>222.387877</ele>
        <time>2026-06-08T15:25:09.348Z</time>
      </trkpt>
      <trkpt lat="43.811636" lon="3.778036">
        <ele>225.284209</ele>
        <time>2026-06-08T15:25:29.890Z</time>
      </trkpt>
      <trkpt lat="43.811689" lon="3.778279">
        <ele>226.683783</ele>
        <time>2026-06-08T15:25:39.846Z</time>
      </trkpt>
      <trkpt lat="43.811746" lon="3.778428">
        <ele>227.591306</ele>
        <time>2026-06-08T15:25:46.329Z</time>
      </trkpt>
      <trkpt lat="43.811878" lon="3.778626">
        <ele>228.972139</ele>
        <time>2026-06-08T15:25:56.461Z</time>
      </trkpt>
      <trkpt lat="43.812090" lon="3.778636">
        <ele>230.321734</ele>
        <time>2026-06-08T15:26:06.997Z</time>
      </trkpt>
      <trkpt lat="43.812701" lon="3.777930">
        <ele>234.297089</ele>
        <time>2026-06-08T15:26:40.894Z</time>
      </trkpt>
      <trkpt lat="43.812758" lon="3.778012">
        <ele>234.580053</ele>
        <time>2026-06-08T15:26:43.703Z</time>
      </trkpt>
      <trkpt lat="43.812865" lon="3.778318">
        <ele>235.130977</ele>
        <time>2026-06-08T15:26:50.981Z</time>
      </trkpt>
      <trkpt lat="43.812954" lon="3.778945">
        <ele>235.391776</ele>
        <time>2026-06-08T15:27:01.114Z</time>
      </trkpt>
      <trkpt lat="43.813073" lon="3.779404">
        <ele>234.790071</ele>
        <time>2026-06-08T15:27:06.996Z</time>
      </trkpt>
      <trkpt lat="43.813176" lon="3.780128">
        <ele>233.053728</ele>
        <time>2026-06-08T15:27:14.905Z</time>
      </trkpt>
      <trkpt lat="43.813147" lon="3.780319">
        <ele>232.443613</ele>
        <time>2026-06-08T15:27:16.889Z</time>
      </trkpt>
      <trkpt lat="43.813262" lon="3.780620">
        <ele>231.194960</ele>
        <time>2026-06-08T15:27:20.299Z</time>
      </trkpt>
      <trkpt lat="43.813313" lon="3.781289">
        <ele>228.571936</ele>
        <time>2026-06-08T15:27:26.932Z</time>
      </trkpt>
      <trkpt lat="43.813388" lon="3.781603">
        <ele>227.237269</ele>
        <time>2026-06-08T15:27:30.189Z</time>
      </trkpt>
      <trkpt lat="43.813438" lon="3.781807">
        <ele>226.382090</ele>
        <time>2026-06-08T15:27:32.313Z</time>
      </trkpt>
      <trkpt lat="43.813604" lon="3.782365">
        <ele>224.010304</ele>
        <time>2026-06-08T15:27:38.279Z</time>
      </trkpt>
      <trkpt lat="43.813700" lon="3.782517">
        <ele>223.231037</ele>
        <time>2026-06-08T15:27:40.297Z</time>
      </trkpt>
      <trkpt lat="43.813724" lon="3.782695">
        <ele>222.609351</ele>
        <time>2026-06-08T15:27:42.118Z</time>
      </trkpt>
      <trkpt lat="43.813829" lon="3.783060">
        <ele>221.310325</ele>
        <time>2026-06-08T15:27:46.118Z</time>
      </trkpt>
      <trkpt lat="43.813863" lon="3.783342">
        <ele>220.412949</ele>
        <time>2026-06-08T15:27:49.057Z</time>
      </trkpt>
      <trkpt lat="43.813984" lon="3.783594">
        <ele>219.512771</ele>
        <time>2026-06-08T15:27:52.200Z</time>
      </trkpt>
      <trkpt lat="43.813954" lon="3.783767">
        <ele>219.014146</ele>
        <time>2026-06-08T15:27:54.066Z</time>
      </trkpt>
      <trkpt lat="43.814019" lon="3.783926">
        <ele>218.533457</ele>
        <time>2026-06-08T15:27:55.987Z</time>
      </trkpt>
      <trkpt lat="43.814407" lon="3.783831">
        <ele>217.344345</ele>
        <time>2026-06-08T15:28:00.964Z</time>
      </trkpt>
      <trkpt lat="43.814549" lon="3.783692">
        <ele>217.018657</ele>
        <time>2026-06-08T15:28:03.281Z</time>
      </trkpt>
      <trkpt lat="43.815084" lon="3.784076">
        <ele>216.658930</ele>
        <time>2026-06-08T15:28:12.864Z</time>
      </trkpt>
      <trkpt lat="43.815301" lon="3.784297">
        <ele>217.040892</ele>
        <time>2026-06-08T15:28:19.069Z</time>
      </trkpt>
      <trkpt lat="43.815499" lon="3.784596">
        <ele>217.715702</ele>
        <time>2026-06-08T15:28:27.125Z</time>
      </trkpt>
      <trkpt lat="43.815767" lon="3.785096">
        <ele>218.835604</ele>
        <time>2026-06-08T15:28:40.144Z</time>
      </trkpt>
      <trkpt lat="43.816049" lon="3.785710">
        <ele>219.665309</ele>
        <time>2026-06-08T15:28:52.978Z</time>
      </trkpt>
      <trkpt lat="43.816039" lon="3.785920">
        <ele>219.731825</ele>
        <time>2026-06-08T15:28:56.265Z</time>
      </trkpt>
      <trkpt lat="43.816116" lon="3.786205">
        <ele>219.636699</ele>
        <time>2026-06-08T15:29:00.390Z</time>
      </trkpt>
      <trkpt lat="43.816155" lon="3.786640">
        <ele>219.190423</ele>
        <time>2026-06-08T15:29:05.712Z</time>
      </trkpt>
      <trkpt lat="43.816104" lon="3.786931">
        <ele>218.760167</ele>
        <time>2026-06-08T15:29:09.158Z</time>
      </trkpt>
      <trkpt lat="43.816003" lon="3.787128">
        <ele>218.283308</ele>
        <time>2026-06-08T15:29:11.845Z</time>
      </trkpt>
      <trkpt lat="43.816013" lon="3.787270">
        <ele>217.974495</ele>
        <time>2026-06-08T15:29:13.385Z</time>
      </trkpt>
      <trkpt lat="43.816128" lon="3.787480">
        <ele>217.324464</ele>
        <time>2026-06-08T15:29:16.238Z</time>
      </trkpt>
      <trkpt lat="43.816310" lon="3.787705">
        <ele>216.647954</ele>
        <time>2026-06-08T15:29:19.894Z</time>
      </trkpt>
      <trkpt lat="43.817231" lon="3.788680">
        <ele>215.060141</ele>
        <time>2026-06-08T15:29:39.568Z</time>
      </trkpt>
      <trkpt lat="43.817434" lon="3.788942">
        <ele>215.020960</ele>
        <time>2026-06-08T15:29:45.207Z</time>
      </trkpt>
      <trkpt lat="43.817609" lon="3.789216">
        <ele>215.079316</ele>
        <time>2026-06-08T15:29:50.978Z</time>
      </trkpt>
      <trkpt lat="43.817937" lon="3.789926">
        <ele>214.992909</ele>
        <time>2026-06-08T15:30:02.900Z</time>
      </trkpt>
      <trkpt lat="43.817986" lon="3.790035">
        <ele>214.861034</ele>
        <time>2026-06-08T15:30:04.438Z</time>
      </trkpt>
      <trkpt lat="43.818089" lon="3.790265">
        <ele>214.389576</ele>
        <time>2026-06-08T15:30:07.497Z</time>
      </trkpt>
      <trkpt lat="43.818113" lon="3.790320">
        <ele>214.255593</ele>
        <time>2026-06-08T15:30:08.175Z</time>
      </trkpt>
      <trkpt lat="43.818128" lon="3.790353">
        <ele>214.174293</ele>
        <time>2026-06-08T15:30:08.600Z</time>
      </trkpt>
      <trkpt lat="43.818170" lon="3.790437">
        <ele>213.877648</ele>
        <time>2026-06-08T15:30:09.682Z</time>
      </trkpt>
      <trkpt lat="43.818202" lon="3.790641">
        <ele>213.215252</ele>
        <time>2026-06-08T15:30:11.807Z</time>
      </trkpt>
      <trkpt lat="43.818189" lon="3.791052">
        <ele>211.332962</ele>
        <time>2026-06-08T15:30:15.789Z</time>
      </trkpt>
      <trkpt lat="43.818136" lon="3.791199">
        <ele>210.445339</ele>
        <time>2026-06-08T15:30:17.318Z</time>
      </trkpt>
      <trkpt lat="43.817988" lon="3.791262">
        <ele>209.135134</ele>
        <time>2026-06-08T15:30:19.308Z</time>
      </trkpt>
      <trkpt lat="43.817907" lon="3.791271">
        <ele>208.406139</ele>
        <time>2026-06-08T15:30:20.324Z</time>
      </trkpt>
      <trkpt lat="43.817570" lon="3.791292">
        <ele>204.800747</ele>
        <time>2026-06-08T15:30:24.256Z</time>
      </trkpt>
      <trkpt lat="43.817381" lon="3.791255">
        <ele>202.479207</ele>
        <time>2026-06-08T15:30:26.420Z</time>
      </trkpt>
      <trkpt lat="43.817034" lon="3.791421">
        <ele>197.760856</ele>
        <time>2026-06-08T15:30:30.576Z</time>
      </trkpt>
      <trkpt lat="43.816944" lon="3.791546">
        <ele>196.309377</ele>
        <time>2026-06-08T15:30:32.043Z</time>
      </trkpt>
      <trkpt lat="43.816723" lon="3.791566">
        <ele>194.173905</ele>
        <time>2026-06-08T15:30:34.635Z</time>
      </trkpt>
      <trkpt lat="43.816457" lon="3.791640">
        <ele>192.367121</ele>
        <time>2026-06-08T15:30:38.020Z</time>
      </trkpt>
      <trkpt lat="43.816224" lon="3.791756">
        <ele>191.426405</ele>
        <time>2026-06-08T15:30:41.448Z</time>
      </trkpt>
      <trkpt lat="43.816086" lon="3.791860">
        <ele>191.204183</ele>
        <time>2026-06-08T15:30:43.932Z</time>
      </trkpt>
      <trkpt lat="43.816012" lon="3.791963">
        <ele>191.195177</ele>
        <time>2026-06-08T15:30:45.965Z</time>
      </trkpt>
      <trkpt lat="43.815936" lon="3.792083">
        <ele>191.345805</ele>
        <time>2026-06-08T15:30:48.925Z</time>
      </trkpt>
      <trkpt lat="43.815781" lon="3.792291">
        <ele>191.919818</ele>
        <time>2026-06-08T15:30:58.246Z</time>
      </trkpt>
      <trkpt lat="43.815763" lon="3.792363">
        <ele>192.141857</ele>
        <time>2026-06-08T15:31:01.094Z</time>
      </trkpt>
      <trkpt lat="43.815823" lon="3.792608">
        <ele>193.126525</ele>
        <time>2026-06-08T15:31:11.327Z</time>
      </trkpt>
      <trkpt lat="43.815978" lon="3.792918">
        <ele>195.225495</ele>
        <time>2026-06-08T15:31:29.555Z</time>
      </trkpt>
      <trkpt lat="43.815990" lon="3.792988">
        <ele>195.676187</ele>
        <time>2026-06-08T15:31:33.200Z</time>
      </trkpt>
      <trkpt lat="43.816029" lon="3.793362">
        <ele>198.405977</ele>
        <time>2026-06-08T15:31:54.655Z</time>
      </trkpt>
      <trkpt lat="43.816005" lon="3.793544">
        <ele>199.787052</ele>
        <time>2026-06-08T15:32:05.316Z</time>
      </trkpt>
      <trkpt lat="43.816092" lon="3.794004">
        <ele>203.257391</ele>
        <time>2026-06-08T15:32:32.069Z</time>
      </trkpt>
      <trkpt lat="43.816089" lon="3.794264">
        <ele>205.017490</ele>
        <time>2026-06-08T15:32:45.931Z</time>
      </trkpt>
      <trkpt lat="43.815962" lon="3.794733">
        <ele>208.485418</ele>
        <time>2026-06-08T15:33:13.060Z</time>
      </trkpt>
      <trkpt lat="43.815943" lon="3.794875">
        <ele>209.478488</ele>
        <time>2026-06-08T15:33:20.831Z</time>
      </trkpt>
      <trkpt lat="43.815913" lon="3.794993">
        <ele>210.305655</ele>
        <time>2026-06-08T15:33:27.460Z</time>
      </trkpt>
      <trkpt lat="43.815950" lon="3.795487">
        <ele>213.592223</ele>
        <time>2026-06-08T15:33:53.860Z</time>
      </trkpt>
      <trkpt lat="43.815763" lon="3.795997">
        <ele>217.280199</ele>
        <time>2026-06-08T15:34:23.753Z</time>
      </trkpt>
      <trkpt lat="43.815724" lon="3.796254">
        <ele>218.888253</ele>
        <time>2026-06-08T15:34:36.966Z</time>
      </trkpt>
      <trkpt lat="43.815551" lon="3.796735">
        <ele>222.096813</ele>
        <time>2026-06-08T15:35:03.674Z</time>
      </trkpt>
      <trkpt lat="43.815515" lon="3.796930">
        <ele>223.281141</ele>
        <time>2026-06-08T15:35:13.536Z</time>
      </trkpt>
      <trkpt lat="43.815494" lon="3.797141">
        <ele>224.474680</ele>
        <time>2026-06-08T15:35:23.886Z</time>
      </trkpt>
      <trkpt lat="43.815524" lon="3.797402">
        <ele>225.917018</ele>
        <time>2026-06-08T15:35:36.599Z</time>
      </trkpt>
      <trkpt lat="43.815569" lon="3.797572">
        <ele>226.886689</ele>
        <time>2026-06-08T15:35:45.179Z</time>
      </trkpt>
      <trkpt lat="43.815560" lon="3.797676">
        <ele>227.438033</ele>
        <time>2026-06-08T15:35:50.050Z</time>
      </trkpt>
      <trkpt lat="43.815347" lon="3.798269">
        <ele>230.688158</ele>
        <time>2026-06-08T15:36:19.827Z</time>
      </trkpt>
      <trkpt lat="43.815108" lon="3.798820">
        <ele>233.702369</ele>
        <time>2026-06-08T15:36:48.194Z</time>
      </trkpt>
      <trkpt lat="43.814908" lon="3.799197">
        <ele>235.890465</ele>
        <time>2026-06-08T15:37:08.765Z</time>
      </trkpt>
      <trkpt lat="43.814773" lon="3.799570">
        <ele>237.770276</ele>
        <time>2026-06-08T15:37:26.878Z</time>
      </trkpt>
      <trkpt lat="43.814734" lon="3.799926">
        <ele>239.262862</ele>
        <time>2026-06-08T15:37:41.913Z</time>
      </trkpt>
      <trkpt lat="43.814642" lon="3.800262">
        <ele>240.582316</ele>
        <time>2026-06-08T15:37:56.139Z</time>
      </trkpt>
      <trkpt lat="43.814651" lon="3.800444">
        <ele>241.214816</ele>
        <time>2026-06-08T15:38:03.127Z</time>
      </trkpt>
      <trkpt lat="43.814632" lon="3.800544">
        <ele>241.570676</ele>
        <time>2026-06-08T15:38:06.974Z</time>
      </trkpt>
      <trkpt lat="43.814504" lon="3.800809">
        <ele>242.576161</ele>
        <time>2026-06-08T15:38:18.796Z</time>
      </trkpt>
      <trkpt lat="43.814398" lon="3.801218">
        <ele>243.749975</ele>
        <time>2026-06-08T15:38:34.120Z</time>
      </trkpt>
      <trkpt lat="43.814363" lon="3.801776">
        <ele>244.853995</ele>
        <time>2026-06-08T15:38:52.138Z</time>
      </trkpt>
      <trkpt lat="43.814398" lon="3.802374">
        <ele>245.332034</ele>
        <time>2026-06-08T15:39:07.867Z</time>
      </trkpt>
      <trkpt lat="43.814549" lon="3.803116">
        <ele>244.782051</ele>
        <time>2026-06-08T15:39:24.277Z</time>
      </trkpt>
      <trkpt lat="43.814430" lon="3.803277">
        <ele>244.384945</ele>
        <time>2026-06-08T15:39:28.629Z</time>
      </trkpt>
      <trkpt lat="43.814259" lon="3.803508">
        <ele>243.554755</ele>
        <time>2026-06-08T15:39:34.729Z</time>
      </trkpt>
      <trkpt lat="43.814257" lon="3.803609">
        <ele>243.253118</ele>
        <time>2026-06-08T15:39:36.561Z</time>
      </trkpt>
      <trkpt lat="43.814416" lon="3.803704">
        <ele>242.531035</ele>
        <time>2026-06-08T15:39:40.846Z</time>
      </trkpt>
      <trkpt lat="43.814441" lon="3.803767">
        <ele>242.312142</ele>
        <time>2026-06-08T15:39:42.116Z</time>
      </trkpt>
      <trkpt lat="43.814459" lon="3.803845">
        <ele>242.062824</ele>
        <time>2026-06-08T15:39:43.599Z</time>
      </trkpt>
      <trkpt lat="43.814425" lon="3.804044">
        <ele>241.375807</ele>
        <time>2026-06-08T15:39:47.189Z</time>
      </trkpt>
      <trkpt lat="43.814276" lon="3.804224">
        <ele>240.412295</ele>
        <time>2026-06-08T15:39:51.958Z</time>
      </trkpt>
      <trkpt lat="43.814262" lon="3.804286">
        <ele>240.181276</ele>
        <time>2026-06-08T15:39:53.090Z</time>
      </trkpt>
      <trkpt lat="43.814321" lon="3.804425">
        <ele>239.608435</ele>
        <time>2026-06-08T15:39:55.882Z</time>
      </trkpt>
      <trkpt lat="43.814359" lon="3.804585">
        <ele>239.014558</ele>
        <time>2026-06-08T15:39:58.840Z</time>
      </trkpt>
      <trkpt lat="43.814345" lon="3.804789">
        <ele>238.306585</ele>
        <time>2026-06-08T15:40:02.436Z</time>
      </trkpt>
      <trkpt lat="43.814251" lon="3.805094">
        <ele>237.184762</ele>
        <time>2026-06-08T15:40:08.260Z</time>
      </trkpt>
      <trkpt lat="43.814054" lon="3.805456">
        <ele>235.616269</ele>
        <time>2026-06-08T15:40:16.157Z</time>
      </trkpt>
      <trkpt lat="43.813943" lon="3.805605">
        <ele>234.889418</ele>
        <time>2026-06-08T15:40:19.951Z</time>
      </trkpt>
      <trkpt lat="43.813839" lon="3.805698">
        <ele>234.313639</ele>
        <time>2026-06-08T15:40:22.978Z</time>
      </trkpt>
      <trkpt lat="43.813536" lon="3.806169">
        <ele>232.285163</ele>
        <time>2026-06-08T15:40:34.138Z</time>
      </trkpt>
      <trkpt lat="43.813430" lon="3.806381">
        <ele>231.386640</ele>
        <time>2026-06-08T15:40:38.661Z</time>
      </trkpt>
      <trkpt lat="43.813332" lon="3.806675">
        <ele>230.186243</ele>
        <time>2026-06-08T15:40:44.251Z</time>
      </trkpt>
      <trkpt lat="43.813189" lon="3.806709">
        <ele>229.358376</ele>
        <time>2026-06-08T15:40:47.679Z</time>
      </trkpt>
      <trkpt lat="43.813135" lon="3.806799">
        <ele>228.869643</ele>
        <time>2026-06-08T15:40:49.642Z</time>
      </trkpt>
      <trkpt lat="43.813160" lon="3.806940">
        <ele>228.140562</ele>
        <time>2026-06-08T15:40:52.070Z</time>
      </trkpt>
      <trkpt lat="43.813310" lon="3.807171">
        <ele>226.432715</ele>
        <time>2026-06-08T15:40:57.121Z</time>
      </trkpt>
      <trkpt lat="43.813701" lon="3.807615">
        <ele>222.195151</ele>
        <time>2026-06-08T15:41:08.224Z</time>
      </trkpt>
      <trkpt lat="43.813757" lon="3.807736">
        <ele>221.313556</ele>
        <time>2026-06-08T15:41:10.520Z</time>
      </trkpt>
      <trkpt lat="43.813718" lon="3.808116">
        <ele>219.021699</ele>
        <time>2026-06-08T15:41:16.674Z</time>
      </trkpt>
      <trkpt lat="43.813647" lon="3.808320">
        <ele>217.714914</ele>
        <time>2026-06-08T15:41:20.318Z</time>
      </trkpt>
      <trkpt lat="43.813635" lon="3.808430">
        <ele>217.102954</ele>
        <time>2026-06-08T15:41:22.098Z</time>
      </trkpt>
      <trkpt lat="43.813692" lon="3.808569">
        <ele>216.223508</ele>
        <time>2026-06-08T15:41:24.693Z</time>
      </trkpt>
      <trkpt lat="43.813593" lon="3.808709">
        <ele>215.228269</ele>
        <time>2026-06-08T15:41:26.544Z</time>
      </trkpt>
      <trkpt lat="43.813477" lon="3.809158">
        <ele>213.014699</ele>
        <time>2026-06-08T15:41:31.107Z</time>
      </trkpt>
      <trkpt lat="43.813319" lon="3.810113">
        <ele>210.490937</ele>
        <time>2026-06-08T15:41:41.428Z</time>
      </trkpt>
      <trkpt lat="43.813223" lon="3.810930">
        <ele>210.280393</ele>
        <time>2026-06-08T15:41:53.184Z</time>
      </trkpt>
      <trkpt lat="43.813193" lon="3.811064">
        <ele>210.499425</ele>
        <time>2026-06-08T15:41:55.817Z</time>
      </trkpt>
      <trkpt lat="43.812931" lon="3.812256">
        <ele>212.958669</ele>
        <time>2026-06-08T15:42:25.324Z</time>
      </trkpt>
      <trkpt lat="43.812838" lon="3.812766">
        <ele>213.746874</ele>
        <time>2026-06-08T15:42:36.525Z</time>
      </trkpt>
      <trkpt lat="43.812826" lon="3.813102">
        <ele>213.879345</ele>
        <time>2026-06-08T15:42:42.032Z</time>
      </trkpt>
      <trkpt lat="43.812788" lon="3.813324">
        <ele>213.860055</ele>
        <time>2026-06-08T15:42:45.235Z</time>
      </trkpt>
      <trkpt lat="43.813099" lon="3.813458">
        <ele>213.480224</ele>
        <time>2026-06-08T15:42:50.130Z</time>
      </trkpt>
      <trkpt lat="43.813709" lon="3.813284">
        <ele>211.729309</ele>
        <time>2026-06-08T15:42:58.114Z</time>
      </trkpt>
      <trkpt lat="43.814049" lon="3.813320">
        <ele>210.132941</ele>
        <time>2026-06-08T15:43:02.105Z</time>
      </trkpt>
      <trkpt lat="43.815277" lon="3.813669">
        <ele>204.637840</ele>
        <time>2026-06-08T15:43:17.034Z</time>
      </trkpt>
      <trkpt lat="43.815677" lon="3.813746">
        <ele>203.235414</ele>
        <time>2026-06-08T15:43:22.091Z</time>
      </trkpt>
      <trkpt lat="43.816257" lon="3.813928">
        <ele>201.877640</ele>
        <time>2026-06-08T15:43:29.913Z</time>
      </trkpt>
      <trkpt lat="43.817206" lon="3.814171">
        <ele>200.934488</ele>
        <time>2026-06-08T15:43:44.371Z</time>
      </trkpt>
      <trkpt lat="43.817392" lon="3.814188">
        <ele>200.937119</ele>
        <time>2026-06-08T15:43:47.739Z</time>
      </trkpt>
      <trkpt lat="43.817691" lon="3.814138">
        <ele>201.118116</ele>
        <time>2026-06-08T15:43:53.649Z</time>
      </trkpt>
      <trkpt lat="43.819528" lon="3.813688">
        <ele>203.286995</ele>
        <time>2026-06-08T15:44:35.568Z</time>
      </trkpt>
      <trkpt lat="43.819731" lon="3.813593">
        <ele>203.503093</ele>
        <time>2026-06-08T15:44:40.065Z</time>
      </trkpt>
      <trkpt lat="43.820547" lon="3.813009">
        <ele>204.408422</ele>
        <time>2026-06-08T15:44:59.661Z</time>
      </trkpt>
      <trkpt lat="43.820567" lon="3.813071">
        <ele>204.461715</ele>
        <time>2026-06-08T15:45:00.745Z</time>
      </trkpt>
      <trkpt lat="43.820575" lon="3.813156">
        <ele>204.528981</ele>
        <time>2026-06-08T15:45:02.182Z</time>
      </trkpt>
      <trkpt lat="43.820279" lon="3.814069">
        <ele>205.962740</ele>
        <time>2026-06-08T15:45:20.659Z</time>
      </trkpt>
      <trkpt lat="43.818265" lon="3.820091">
        <ele>222.596778</ele>
        <time>2026-06-08T15:47:58.226Z</time>
      </trkpt>
      <trkpt lat="43.818145" lon="3.820632">
        <ele>223.991193</ele>
        <time>2026-06-08T15:48:11.384Z</time>
      </trkpt>
      <trkpt lat="43.818119" lon="3.821102">
        <ele>225.092991</ele>
        <time>2026-06-08T15:48:22.085Z</time>
      </trkpt>
      <trkpt lat="43.818326" lon="3.823462">
        <ele>230.431250</ele>
        <time>2026-06-08T15:49:15.185Z</time>
      </trkpt>
      <trkpt lat="43.818319" lon="3.823952">
        <ele>231.700503</ele>
        <time>2026-06-08T15:49:27.166Z</time>
      </trkpt>
      <trkpt lat="43.818284" lon="3.824172">
        <ele>232.363257</ele>
        <time>2026-06-08T15:49:32.846Z</time>
      </trkpt>
      <trkpt lat="43.817670" lon="3.826210">
        <ele>240.119412</ele>
        <time>2026-06-08T15:50:34.896Z</time>
      </trkpt>
      <trkpt lat="43.817543" lon="3.826730">
        <ele>242.229933</ele>
        <time>2026-06-08T15:50:51.419Z</time>
      </trkpt>
      <trkpt lat="43.817478" lon="3.827148">
        <ele>244.000193</ele>
        <time>2026-06-08T15:51:04.609Z</time>
      </trkpt>
      <trkpt lat="43.817468" lon="3.827480">
        <ele>245.411224</ele>
        <time>2026-06-08T15:51:15.178Z</time>
      </trkpt>
      <trkpt lat="43.817518" lon="3.828284">
        <ele>249.003022</ele>
        <time>2026-06-08T15:51:41.245Z</time>
      </trkpt>
      <trkpt lat="43.817552" lon="3.828949">
        <ele>252.003018</ele>
        <time>2026-06-08T15:52:02.957Z</time>
      </trkpt>
      <trkpt lat="43.817518" lon="3.829674">
        <ele>255.296671</ele>
        <time>2026-06-08T15:52:26.794Z</time>
      </trkpt>
      <trkpt lat="43.817478" lon="3.830232">
        <ele>257.809734</ele>
        <time>2026-06-08T15:52:45.311Z</time>
      </trkpt>
      <trkpt lat="43.817375" lon="3.830709">
        <ele>260.114852</ele>
        <time>2026-06-08T15:53:01.550Z</time>
      </trkpt>
      <trkpt lat="43.816895" lon="3.831881">
        <ele>266.568800</ele>
        <time>2026-06-08T15:53:47.343Z</time>
      </trkpt>
      <trkpt lat="43.816510" lon="3.832692">
        <ele>272.090570</ele>
        <time>2026-06-08T15:54:24.277Z</time>
      </trkpt>
      <trkpt lat="43.816468" lon="3.832805">
        <ele>272.840229</ele>
        <time>2026-06-08T15:54:29.329Z</time>
      </trkpt>
      <trkpt lat="43.816334" lon="3.833165">
        <ele>275.298490</ele>
        <time>2026-06-08T15:54:45.697Z</time>
      </trkpt>
      <trkpt lat="43.816211" lon="3.833587">
        <ele>278.082265</ele>
        <time>2026-06-08T15:55:03.911Z</time>
      </trkpt>
      <trkpt lat="43.816104" lon="3.834054">
        <ele>280.863622</ele>
        <time>2026-06-08T15:55:22.507Z</time>
      </trkpt>
      <trkpt lat="43.816033" lon="3.834657">
        <ele>284.043735</ele>
        <time>2026-06-08T15:55:44.366Z</time>
      </trkpt>
      <trkpt lat="43.816049" lon="3.835233">
        <ele>286.659802</ele>
        <time>2026-06-08T15:56:03.455Z</time>
      </trkpt>
      <trkpt lat="43.816092" lon="3.835808">
        <ele>288.984383</ele>
        <time>2026-06-08T15:56:20.849Z</time>
      </trkpt>
      <trkpt lat="43.816067" lon="3.836067">
        <ele>289.958108</ele>
        <time>2026-06-08T15:56:28.348Z</time>
      </trkpt>
      <trkpt lat="43.816038" lon="3.836367">
        <ele>290.905388</ele>
        <time>2026-06-08T15:56:36.557Z</time>
      </trkpt>
      <trkpt lat="43.815915" lon="3.837192">
        <ele>293.471117</ele>
        <time>2026-06-08T15:56:58.414Z</time>
      </trkpt>
      <trkpt lat="43.815905" lon="3.837533">
        <ele>294.332197</ele>
        <time>2026-06-08T15:57:06.658Z</time>
      </trkpt>
      <trkpt lat="43.815971" lon="3.838592">
        <ele>295.825849</ele>
        <time>2026-06-08T15:57:26.694Z</time>
      </trkpt>
      <trkpt lat="43.815962" lon="3.838890">
        <ele>295.967465</ele>
        <time>2026-06-08T15:57:30.809Z</time>
      </trkpt>
      <trkpt lat="43.815809" lon="3.839794">
        <ele>295.898116</ele>
        <time>2026-06-08T15:57:42.044Z</time>
      </trkpt>
      <trkpt lat="43.815758" lon="3.840534">
        <ele>295.789931</ele>
        <time>2026-06-08T15:57:50.896Z</time>
      </trkpt>
      <trkpt lat="43.815677" lon="3.840891">
        <ele>295.704886</ele>
        <time>2026-06-08T15:57:55.327Z</time>
      </trkpt>
      <trkpt lat="43.815507" lon="3.841371">
        <ele>295.583363</ele>
        <time>2026-06-08T15:58:01.578Z</time>
      </trkpt>
      <trkpt lat="43.815472" lon="3.841602">
        <ele>295.529677</ele>
        <time>2026-06-08T15:58:04.293Z</time>
      </trkpt>
      <trkpt lat="43.815485" lon="3.841859">
        <ele>295.508664</ele>
        <time>2026-06-08T15:58:07.387Z</time>
      </trkpt>
      <trkpt lat="43.815820" lon="3.843010">
        <ele>295.706137</ele>
        <time>2026-06-08T15:58:23.450Z</time>
      </trkpt>
      <trkpt lat="43.815985" lon="3.843665">
        <ele>295.975619</ele>
        <time>2026-06-08T15:58:32.913Z</time>
      </trkpt>
      <trkpt lat="43.816233" lon="3.845292">
        <ele>297.734545</ele>
        <time>2026-06-08T15:59:01.568Z</time>
      </trkpt>
      <trkpt lat="43.816713" lon="3.846616">
        <ele>300.189461</ele>
        <time>2026-06-08T15:59:30.514Z</time>
      </trkpt>
      <trkpt lat="43.817645" lon="3.849296">
        <ele>309.347038</ele>
        <time>2026-06-08T16:00:49.118Z</time>
      </trkpt>
      <trkpt lat="43.817700" lon="3.849498">
        <ele>310.219853</ele>
        <time>2026-06-08T16:00:55.706Z</time>
      </trkpt>
      <trkpt lat="43.817720" lon="3.849681">
        <ele>310.971601</ele>
        <time>2026-06-08T16:01:01.396Z</time>
      </trkpt>
      <trkpt lat="43.817690" lon="3.849962">
        <ele>312.101943</ele>
        <time>2026-06-08T16:01:10.114Z</time>
      </trkpt>
      <trkpt lat="43.817419" lon="3.850448">
        <ele>314.479234</ele>
        <time>2026-06-08T16:01:28.408Z</time>
      </trkpt>
      <trkpt lat="43.817055" lon="3.850866">
        <ele>316.726947</ele>
        <time>2026-06-08T16:01:46.869Z</time>
      </trkpt>
      <trkpt lat="43.816675" lon="3.851417">
        <ele>318.660582</ele>
        <time>2026-06-08T16:02:05.044Z</time>
      </trkpt>
      <trkpt lat="43.816469" lon="3.851844">
        <ele>319.640890</ele>
        <time>2026-06-08T16:02:15.581Z</time>
      </trkpt>
      <trkpt lat="43.816445" lon="3.851954">
        <ele>319.801998</ele>
        <time>2026-06-08T16:02:17.709Z</time>
      </trkpt>
      <trkpt lat="43.816421" lon="3.852311">
        <ele>320.242972</ele>
        <time>2026-06-08T16:02:24.035Z</time>
      </trkpt>
      <trkpt lat="43.816537" lon="3.852787">
        <ele>320.448389</ele>
        <time>2026-06-08T16:02:31.409Z</time>
      </trkpt>
      <trkpt lat="43.816658" lon="3.853117">
        <ele>320.357843</ele>
        <time>2026-06-08T16:02:35.682Z</time>
      </trkpt>
      <trkpt lat="43.816742" lon="3.853191">
        <ele>320.273525</ele>
        <time>2026-06-08T16:02:37.140Z</time>
      </trkpt>
      <trkpt lat="43.816751" lon="3.853281">
        <ele>320.162531</ele>
        <time>2026-06-08T16:02:38.061Z</time>
      </trkpt>
      <trkpt lat="43.816755" lon="3.853327">
        <ele>320.105932</ele>
        <time>2026-06-08T16:02:38.517Z</time>
      </trkpt>
      <trkpt lat="43.816796" lon="3.853429">
        <ele>319.963300</ele>
        <time>2026-06-08T16:02:39.688Z</time>
      </trkpt>
      <trkpt lat="43.816968" lon="3.853599">
        <ele>319.459930</ele>
        <time>2026-06-08T16:02:42.472Z</time>
      </trkpt>
      <trkpt lat="43.817061" lon="3.853625">
        <ele>319.156646</ele>
        <time>2026-06-08T16:02:43.690Z</time>
      </trkpt>
      <trkpt lat="43.817167" lon="3.853613">
        <ele>318.765338</ele>
        <time>2026-06-08T16:02:45.004Z</time>
      </trkpt>
      <trkpt lat="43.817485" lon="3.853475">
        <ele>317.323940</ele>
        <time>2026-06-08T16:02:48.986Z</time>
      </trkpt>
      <trkpt lat="43.817567" lon="3.853483">
        <ele>316.876668</ele>
        <time>2026-06-08T16:02:49.924Z</time>
      </trkpt>
      <trkpt lat="43.817623" lon="3.853526">
        <ele>316.528327</ele>
        <time>2026-06-08T16:02:50.658Z</time>
      </trkpt>
      <trkpt lat="43.817921" lon="3.853952">
        <ele>313.628474</ele>
        <time>2026-06-08T16:02:55.425Z</time>
      </trkpt>
      <trkpt lat="43.818491" lon="3.854670">
        <ele>307.225459</ele>
        <time>2026-06-08T16:03:03.713Z</time>
      </trkpt>
      <trkpt lat="43.818882" lon="3.855002">
        <ele>302.771931</ele>
        <time>2026-06-08T16:03:08.528Z</time>
      </trkpt>
      <trkpt lat="43.819025" lon="3.855157">
        <ele>301.190937</ele>
        <time>2026-06-08T16:03:10.457Z</time>
      </trkpt>
      <trkpt lat="43.819487" lon="3.855835">
        <ele>297.172163</ele>
        <time>2026-06-08T16:03:18.102Z</time>
      </trkpt>
      <trkpt lat="43.819482" lon="3.855945">
        <ele>296.903158</ele>
        <time>2026-06-08T16:03:19.092Z</time>
      </trkpt>
      <trkpt lat="43.819414" lon="3.855967">
        <ele>296.666954</ele>
        <time>2026-06-08T16:03:19.969Z</time>
      </trkpt>
      <trkpt lat="43.819165" lon="3.855671">
        <ele>295.792081</ele>
        <time>2026-06-08T16:03:24.253Z</time>
      </trkpt>
      <trkpt lat="43.818688" lon="3.855336">
        <ele>294.380095</ele>
        <time>2026-06-08T16:03:31.200Z</time>
      </trkpt>
      <trkpt lat="43.818407" lon="3.855180">
        <ele>293.502928</ele>
        <time>2026-06-08T16:03:35.109Z</time>
      </trkpt>
      <trkpt lat="43.818304" lon="3.855154">
        <ele>293.138802</ele>
        <time>2026-06-08T16:03:36.463Z</time>
      </trkpt>
      <trkpt lat="43.818249" lon="3.855186">
        <ele>292.920187</ele>
        <time>2026-06-08T16:03:37.211Z</time>
      </trkpt>
      <trkpt lat="43.818226" lon="3.855309">
        <ele>292.578162</ele>
        <time>2026-06-08T16:03:38.310Z</time>
      </trkpt>
      <trkpt lat="43.818351" lon="3.855525">
        <ele>291.502551</ele>
        <time>2026-06-08T16:03:40.616Z</time>
      </trkpt>
      <trkpt lat="43.818379" lon="3.855683">
        <ele>290.677916</ele>
        <time>2026-06-08T16:03:41.912Z</time>
      </trkpt>
      <trkpt lat="43.818361" lon="3.855805">
        <ele>290.013619</ele>
        <time>2026-06-08T16:03:42.889Z</time>
      </trkpt>
      <trkpt lat="43.818299" lon="3.855936">
        <ele>289.025554</ele>
        <time>2026-06-08T16:03:44.105Z</time>
      </trkpt>
      <trkpt lat="43.818084" lon="3.856142">
        <ele>286.412905</ele>
        <time>2026-06-08T16:03:46.856Z</time>
      </trkpt>
      <trkpt lat="43.817653" lon="3.856380">
        <ele>281.420905</ele>
        <time>2026-06-08T16:03:51.655Z</time>
      </trkpt>
      <trkpt lat="43.817454" lon="3.856460">
        <ele>279.223036</ele>
        <time>2026-06-08T16:03:53.811Z</time>
      </trkpt>
      <trkpt lat="43.817134" lon="3.856588">
        <ele>275.824060</ele>
        <time>2026-06-08T16:03:57.299Z</time>
      </trkpt>
      <trkpt lat="43.816851" lon="3.856643">
        <ele>273.162014</ele>
        <time>2026-06-08T16:04:00.314Z</time>
      </trkpt>
      <trkpt lat="43.816006" lon="3.856482">
        <ele>266.035627</ele>
        <time>2026-06-08T16:04:09.495Z</time>
      </trkpt>
      <trkpt lat="43.815761" lon="3.856400">
        <ele>264.217426</ele>
        <time>2026-06-08T16:04:12.279Z</time>
      </trkpt>
      <trkpt lat="43.815478" lon="3.856214">
        <ele>262.159144</ele>
        <time>2026-06-08T16:04:15.771Z</time>
      </trkpt>
      <trkpt lat="43.815120" lon="3.855813">
        <ele>259.569048</ele>
        <time>2026-06-08T16:04:21.021Z</time>
      </trkpt>
      <trkpt lat="43.814481" lon="3.854871">
        <ele>255.399441</ele>
        <time>2026-06-08T16:04:32.176Z</time>
      </trkpt>
      <trkpt lat="43.813570" lon="3.853735">
        <ele>249.960378</ele>
        <time>2026-06-08T16:04:46.788Z</time>
      </trkpt>
      <trkpt lat="43.813295" lon="3.853274">
        <ele>247.651091</ele>
        <time>2026-06-08T16:04:51.749Z</time>
      </trkpt>
      <trkpt lat="43.813226" lon="3.853249">
        <ele>247.209139</ele>
        <time>2026-06-08T16:04:52.559Z</time>
      </trkpt>
      <trkpt lat="43.813169" lon="3.853311">
        <ele>246.760113</ele>
        <time>2026-06-08T16:04:53.374Z</time>
      </trkpt>
      <trkpt lat="43.813167" lon="3.853367">
        <ele>246.509396</ele>
        <time>2026-06-08T16:04:53.824Z</time>
      </trkpt>
      <trkpt lat="43.813208" lon="3.853488">
        <ele>245.871438</ele>
        <time>2026-06-08T16:04:54.913Z</time>
      </trkpt>
      <trkpt lat="43.813436" lon="3.853852">
        <ele>243.490158</ele>
        <time>2026-06-08T16:04:58.762Z</time>
      </trkpt>
      <trkpt lat="43.813852" lon="3.854722">
        <ele>238.118254</ele>
        <time>2026-06-08T16:05:07.044Z</time>
      </trkpt>
      <trkpt lat="43.814047" lon="3.855081">
        <ele>235.931311</ele>
        <time>2026-06-08T16:05:10.658Z</time>
      </trkpt>
      <trkpt lat="43.814603" lon="3.856426">
        <ele>229.075395</ele>
        <time>2026-06-08T16:05:23.266Z</time>
      </trkpt>
      <trkpt lat="43.814786" lon="3.856786">
        <ele>227.505165</ele>
        <time>2026-06-08T16:05:26.994Z</time>
      </trkpt>
      <trkpt lat="43.814948" lon="3.857033">
        <ele>226.394359</ele>
        <time>2026-06-08T16:05:29.841Z</time>
      </trkpt>
      <trkpt lat="43.815131" lon="3.857277">
        <ele>225.245898</ele>
        <time>2026-06-08T16:05:32.867Z</time>
      </trkpt>
      <trkpt lat="43.815482" lon="3.857663">
        <ele>223.491428</ele>
        <time>2026-06-08T16:05:38.304Z</time>
      </trkpt>
      <trkpt lat="43.815838" lon="3.857925">
        <ele>221.900863</ele>
        <time>2026-06-08T16:05:43.214Z</time>
      </trkpt>
      <trkpt lat="43.816094" lon="3.858153">
        <ele>220.686709</ele>
        <time>2026-06-08T16:05:46.919Z</time>
      </trkpt>
      <trkpt lat="43.816249" lon="3.858235">
        <ele>220.002618</ele>
        <time>2026-06-08T16:05:48.932Z</time>
      </trkpt>
      <trkpt lat="43.816377" lon="3.858259">
        <ele>219.450472</ele>
        <time>2026-06-08T16:05:50.471Z</time>
      </trkpt>
      <trkpt lat="43.816778" lon="3.858276">
        <ele>217.481310</ele>
        <time>2026-06-08T16:05:55.160Z</time>
      </trkpt>
      <trkpt lat="43.817082" lon="3.858413">
        <ele>215.783308</ele>
        <time>2026-06-08T16:05:58.851Z</time>
      </trkpt>
      <trkpt lat="43.817134" lon="3.858507">
        <ele>215.292718</ele>
        <time>2026-06-08T16:05:59.836Z</time>
      </trkpt>
      <trkpt lat="43.817117" lon="3.858578">
        <ele>214.979298</ele>
        <time>2026-06-08T16:06:00.452Z</time>
      </trkpt>
      <trkpt lat="43.817038" lon="3.858616">
        <ele>214.493741</ele>
        <time>2026-06-08T16:06:01.412Z</time>
      </trkpt>
      <trkpt lat="43.816748" lon="3.858531">
        <ele>212.705368</ele>
        <time>2026-06-08T16:06:04.769Z</time>
      </trkpt>
      <trkpt lat="43.816641" lon="3.858556">
        <ele>212.049379</ele>
        <time>2026-06-08T16:06:05.991Z</time>
      </trkpt>
      <trkpt lat="43.816542" lon="3.858591">
        <ele>211.416721</ele>
        <time>2026-06-08T16:06:07.137Z</time>
      </trkpt>
      <trkpt lat="43.816290" lon="3.858776">
        <ele>209.570571</ele>
        <time>2026-06-08T16:06:10.340Z</time>
      </trkpt>
      <trkpt lat="43.816173" lon="3.858803">
        <ele>208.787855</ele>
        <time>2026-06-08T16:06:11.653Z</time>
      </trkpt>
      <trkpt lat="43.815883" lon="3.858731">
        <ele>206.701865</ele>
        <time>2026-06-08T16:06:14.906Z</time>
      </trkpt>
      <trkpt lat="43.815517" lon="3.858700">
        <ele>204.094290</ele>
        <time>2026-06-08T16:06:18.943Z</time>
      </trkpt>
      <trkpt lat="43.815120" lon="3.858540">
        <ele>201.097929</ele>
        <time>2026-06-08T16:06:23.469Z</time>
      </trkpt>
      <trkpt lat="43.814740" lon="3.858612">
        <ele>198.301734</ele>
        <time>2026-06-08T16:06:27.687Z</time>
      </trkpt>
      <trkpt lat="43.814425" lon="3.858571">
        <ele>196.014809</ele>
        <time>2026-06-08T16:06:31.175Z</time>
      </trkpt>
      <trkpt lat="43.814228" lon="3.858501">
        <ele>194.607970</ele>
        <time>2026-06-08T16:06:33.415Z</time>
      </trkpt>
      <trkpt lat="43.814021" lon="3.858267">
        <ele>192.832831</ele>
        <time>2026-06-08T16:06:36.397Z</time>
      </trkpt>
      <trkpt lat="43.813933" lon="3.858252">
        <ele>192.306771</ele>
        <time>2026-06-08T16:06:37.389Z</time>
      </trkpt>
      <trkpt lat="43.813892" lon="3.858322">
        <ele>191.924554</ele>
        <time>2026-06-08T16:06:38.124Z</time>
      </trkpt>
      <trkpt lat="43.813910" lon="3.858432">
        <ele>191.450510</ele>
        <time>2026-06-08T16:06:39.050Z</time>
      </trkpt>
      <trkpt lat="43.814325" lon="3.858962">
        <ele>188.976053</ele>
        <time>2026-06-08T16:06:45.752Z</time>
      </trkpt>
      <trkpt lat="43.814428" lon="3.859133">
        <ele>188.424174</ele>
        <time>2026-06-08T16:06:47.787Z</time>
      </trkpt>
      <trkpt lat="43.814552" lon="3.859402">
        <ele>187.818179</ele>
        <time>2026-06-08T16:06:50.779Z</time>
      </trkpt>
      <trkpt lat="43.814808" lon="3.860106">
        <ele>186.495043</ele>
        <time>2026-06-08T16:06:58.361Z</time>
      </trkpt>
      <trkpt lat="43.814881" lon="3.860314">
        <ele>186.120628</ele>
        <time>2026-06-08T16:07:00.615Z</time>
      </trkpt>
      <trkpt lat="43.814886" lon="3.860330">
        <ele>186.092741</ele>
        <time>2026-06-08T16:07:00.786Z</time>
      </trkpt>
      <trkpt lat="43.814965" lon="3.860548">
        <ele>185.689015</ele>
        <time>2026-06-08T16:07:03.140Z</time>
      </trkpt>
      <trkpt lat="43.815106" lon="3.860955">
        <ele>184.892963</ele>
        <time>2026-06-08T16:07:07.433Z</time>
      </trkpt>
      <trkpt lat="43.815148" lon="3.861105">
        <ele>184.561409</ele>
        <time>2026-06-08T16:07:08.928Z</time>
      </trkpt>
      <trkpt lat="43.815147" lon="3.861275">
        <ele>184.188049</ele>
        <time>2026-06-08T16:07:10.482Z</time>
      </trkpt>
      <trkpt lat="43.815110" lon="3.861381">
        <ele>183.912758</ele>
        <time>2026-06-08T16:07:11.547Z</time>
      </trkpt>
      <trkpt lat="43.815035" lon="3.861493">
        <ele>183.546134</ele>
        <time>2026-06-08T16:07:12.925Z</time>
      </trkpt>
      <trkpt lat="43.814854" lon="3.861663">
        <ele>182.696115</ele>
        <time>2026-06-08T16:07:15.602Z</time>
      </trkpt>
      <trkpt lat="43.814638" lon="3.861813">
        <ele>181.690478</ele>
        <time>2026-06-08T16:07:18.514Z</time>
      </trkpt>
      <trkpt lat="43.814302" lon="3.861918">
        <ele>180.166795</ele>
        <time>2026-06-08T16:07:22.587Z</time>
      </trkpt>
      <trkpt lat="43.813777" lon="3.862056">
        <ele>177.598315</ele>
        <time>2026-06-08T16:07:28.855Z</time>
      </trkpt>
      <trkpt lat="43.813487" lon="3.862192">
        <ele>176.127273</ele>
        <time>2026-06-08T16:07:32.463Z</time>
      </trkpt>
      <trkpt lat="43.813295" lon="3.862340">
        <ele>175.197938</ele>
        <time>2026-06-08T16:07:35.076Z</time>
      </trkpt>
      <trkpt lat="43.813010" lon="3.862646">
        <ele>173.770021</ele>
        <time>2026-06-08T16:07:39.417Z</time>
      </trkpt>
      <trkpt lat="43.811663" lon="3.864228">
        <ele>168.822159</ele>
        <time>2026-06-08T16:08:02.140Z</time>
      </trkpt>
      <trkpt lat="43.812155" lon="3.865030">
        <ele>168.260017</ele>
        <time>2026-06-08T16:08:25.007Z</time>
      </trkpt>
      <trkpt lat="43.812237" lon="3.865104">
        <ele>168.285962</ele>
        <time>2026-06-08T16:08:28.243Z</time>
      </trkpt>
      <trkpt lat="43.812302" lon="3.865137">
        <ele>168.319907</ele>
        <time>2026-06-08T16:08:30.560Z</time>
      </trkpt>
      <trkpt lat="43.812581" lon="3.865094">
        <ele>168.500354</ele>
        <time>2026-06-08T16:08:40.355Z</time>
      </trkpt>
      <trkpt lat="43.812712" lon="3.865160">
        <ele>168.642916</ele>
        <time>2026-06-08T16:08:45.426Z</time>
      </trkpt>
      <trkpt lat="43.812857" lon="3.865476">
        <ele>169.010063</ele>
        <time>2026-06-08T16:08:55.543Z</time>
      </trkpt>
      <trkpt lat="43.813130" lon="3.866301">
        <ele>170.093262</ele>
        <time>2026-06-08T16:09:21.401Z</time>
      </trkpt>
      <trkpt lat="43.813779" lon="3.867407">
        <ele>171.675800</ele>
        <time>2026-06-08T16:10:01.385Z</time>
      </trkpt>
      <trkpt lat="43.814185" lon="3.867963">
        <ele>172.281689</ele>
        <time>2026-06-08T16:10:22.361Z</time>
      </trkpt>
      <trkpt lat="43.814250" lon="3.867951">
        <ele>172.337848</ele>
        <time>2026-06-08T16:10:23.853Z</time>
      </trkpt>
      <trkpt lat="43.814847" lon="3.867769">
        <ele>171.943418</ele>
        <time>2026-06-08T16:10:35.014Z</time>
      </trkpt>
      <trkpt lat="43.814904" lon="3.867763">
        <ele>171.886448</ele>
        <time>2026-06-08T16:10:35.940Z</time>
      </trkpt>
      <trkpt lat="43.814957" lon="3.867799">
        <ele>171.750626</ele>
        <time>2026-06-08T16:10:36.911Z</time>
      </trkpt>
      <trkpt lat="43.815182" lon="3.868344">
        <ele>170.525758</ele>
        <time>2026-06-08T16:10:43.898Z</time>
      </trkpt>
      <trkpt lat="43.815342" lon="3.869011">
        <ele>168.595586</ele>
        <time>2026-06-08T16:10:51.275Z</time>
      </trkpt>
      <trkpt lat="43.815522" lon="3.869541">
        <ele>167.006705</ele>
        <time>2026-06-08T16:10:57.368Z</time>
      </trkpt>
      <trkpt lat="43.815694" lon="3.870259">
        <ele>165.548409</ele>
        <time>2026-06-08T16:11:05.809Z</time>
      </trkpt>
      <trkpt lat="43.815854" lon="3.870699">
        <ele>165.059313</ele>
        <time>2026-06-08T16:11:11.916Z</time>
      </trkpt>
      <trkpt lat="43.816055" lon="3.871017">
        <ele>164.904180</ele>
        <time>2026-06-08T16:11:17.561Z</time>
      </trkpt>
      <trkpt lat="43.816381" lon="3.871387">
        <ele>164.835767</ele>
        <time>2026-06-08T16:11:25.809Z</time>
      </trkpt>
      <trkpt lat="43.816554" lon="3.871595">
        <ele>164.818790</ele>
        <time>2026-06-08T16:11:30.441Z</time>
      </trkpt>
      <trkpt lat="43.816710" lon="3.873178">
        <ele>163.567776</ele>
        <time>2026-06-08T16:11:50.547Z</time>
      </trkpt>
      <trkpt lat="43.816819" lon="3.873681">
        <ele>162.922787</ele>
        <time>2026-06-08T16:11:56.714Z</time>
      </trkpt>
      <trkpt lat="43.816907" lon="3.874245">
        <ele>162.368738</ele>
        <time>2026-06-08T16:12:03.652Z</time>
      </trkpt>
      <trkpt lat="43.816978" lon="3.875507">
        <ele>161.933904</ele>
        <time>2026-06-08T16:12:20.723Z</time>
      </trkpt>
      <trkpt lat="43.817334" lon="3.876688">
        <ele>161.892342</ele>
        <time>2026-06-08T16:12:39.234Z</time>
      </trkpt>
      <trkpt lat="43.817218" lon="3.876816">
        <ele>161.846549</ele>
        <time>2026-06-08T16:12:42.060Z</time>
      </trkpt>
      <trkpt lat="43.816614" lon="3.877664">
        <ele>160.867086</ele>
        <time>2026-06-08T16:12:57.014Z</time>
      </trkpt>
      <trkpt lat="43.816420" lon="3.877996">
        <ele>160.194648</ele>
        <time>2026-06-08T16:13:01.905Z</time>
      </trkpt>
      <trkpt lat="43.816443" lon="3.878061">
        <ele>160.071913</ele>
        <time>2026-06-08T16:13:02.716Z</time>
      </trkpt>
      <trkpt lat="43.816552" lon="3.878104">
        <ele>159.799962</ele>
        <time>2026-06-08T16:13:04.474Z</time>
      </trkpt>
      <trkpt lat="43.816817" lon="3.878071">
        <ele>159.092486</ele>
        <time>2026-06-08T16:13:08.598Z</time>
      </trkpt>
      <trkpt lat="43.817054" lon="3.878186">
        <ele>158.415867</ele>
        <time>2026-06-08T16:13:12.447Z</time>
      </trkpt>
      <trkpt lat="43.817258" lon="3.878187">
        <ele>157.850590</ele>
        <time>2026-06-08T16:13:15.568Z</time>
      </trkpt>
      <trkpt lat="43.817329" lon="3.878296">
        <ele>157.522091</ele>
        <time>2026-06-08T16:13:17.174Z</time>
      </trkpt>
      <trkpt lat="43.817350" lon="3.878589">
        <ele>156.863872</ele>
        <time>2026-06-08T16:13:20.363Z</time>
      </trkpt>
      <trkpt lat="43.817261" lon="3.879855">
        <ele>153.582871</ele>
        <time>2026-06-08T16:13:33.828Z</time>
      </trkpt>
      <trkpt lat="43.817245" lon="3.879992">
        <ele>153.248057</ele>
        <time>2026-06-08T16:13:35.311Z</time>
      </trkpt>
      <trkpt lat="43.817259" lon="3.880060">
        <ele>153.092670</ele>
        <time>2026-06-08T16:13:36.080Z</time>
      </trkpt>
      <trkpt lat="43.817230" lon="3.880231">
        <ele>152.714040</ele>
        <time>2026-06-08T16:13:38.010Z</time>
      </trkpt>
      <trkpt lat="43.817114" lon="3.880789">
        <ele>151.961359</ele>
        <time>2026-06-08T16:13:44.876Z</time>
      </trkpt>
      <trkpt lat="43.817001" lon="3.881330">
        <ele>151.919742</ele>
        <time>2026-06-08T16:13:52.691Z</time>
      </trkpt>
      <trkpt lat="43.817750" lon="3.881345">
        <ele>153.415266</ele>
        <time>2026-06-08T16:14:12.613Z</time>
      </trkpt>
      <trkpt lat="43.818693" lon="3.881552">
        <ele>155.746397</ele>
        <time>2026-06-08T16:14:40.134Z</time>
      </trkpt>
      <trkpt lat="43.818679" lon="3.881629">
        <ele>155.760961</ele>
        <time>2026-06-08T16:14:41.512Z</time>
      </trkpt>
      <trkpt lat="43.817677" lon="3.887414">
        <ele>147.369771</ele>
        <time>2026-06-08T16:15:50.650Z</time>
      </trkpt>
      <trkpt lat="43.817428" lon="3.887576">
        <ele>147.129634</ele>
        <time>2026-06-08T16:15:54.889Z</time>
      </trkpt>
      <trkpt lat="43.817265" lon="3.887773">
        <ele>147.101885</ele>
        <time>2026-06-08T16:15:58.369Z</time>
      </trkpt>
      <trkpt lat="43.816991" lon="3.888188">
        <ele>147.130814</ele>
        <time>2026-06-08T16:16:05.406Z</time>
      </trkpt>
      <trkpt lat="43.815409" lon="3.890789">
        <ele>148.545708</ele>
        <time>2026-06-08T16:16:53.571Z</time>
      </trkpt>
      <trkpt lat="43.814023" lon="3.889719">
        <ele>150.723270</ele>
        <time>2026-06-08T16:17:30.658Z</time>
      </trkpt>
      <trkpt lat="43.814015" lon="3.889882">
        <ele>150.926185</ele>
        <time>2026-06-08T16:17:33.919Z</time>
      </trkpt>
      <trkpt lat="43.814266" lon="3.890635">
        <ele>152.294420</ele>
        <time>2026-06-08T16:17:50.345Z</time>
      </trkpt>
      <trkpt lat="43.814505" lon="3.891579">
        <ele>153.873574</ele>
        <time>2026-06-08T16:18:09.729Z</time>
      </trkpt>
      <trkpt lat="43.814673" lon="3.891935">
        <ele>154.347396</ele>
        <time>2026-06-08T16:18:16.934Z</time>
      </trkpt>
      <trkpt lat="43.815444" lon="3.893570">
        <ele>157.046060</ele>
        <time>2026-06-08T16:18:53.255Z</time>
      </trkpt>
      <trkpt lat="43.816196" lon="3.895159">
        <ele>160.645590</ele>
        <time>2026-06-08T16:19:33.939Z</time>
      </trkpt>
      <trkpt lat="43.816219" lon="3.895251">
        <ele>160.748351</ele>
        <time>2026-06-08T16:19:35.128Z</time>
      </trkpt>
      <trkpt lat="43.816410" lon="3.895262">
        <ele>160.487100</ele>
        <time>2026-06-08T16:19:38.437Z</time>
      </trkpt>
      <trkpt lat="43.816866" lon="3.896292">
        <ele>157.068746</ele>
        <time>2026-06-08T16:19:51.063Z</time>
      </trkpt>
      <trkpt lat="43.816945" lon="3.896467">
        <ele>156.158464</ele>
        <time>2026-06-08T16:19:53.036Z</time>
      </trkpt>
      <trkpt lat="43.817105" lon="3.896617">
        <ele>154.813859</ele>
        <time>2026-06-08T16:19:57.744Z</time>
      </trkpt>
      <trkpt lat="43.817392" lon="3.896611">
        <ele>152.819925</ele>
        <time>2026-06-08T16:20:04.703Z</time>
      </trkpt>
      <trkpt lat="43.817491" lon="3.896649">
        <ele>152.123569</ele>
        <time>2026-06-08T16:20:07.221Z</time>
      </trkpt>
      <trkpt lat="43.819392" lon="3.897531">
        <ele>140.086927</ele>
        <time>2026-06-08T16:20:57.394Z</time>
      </trkpt>
      <trkpt lat="43.819949" lon="3.897965">
        <ele>137.815951</ele>
        <time>2026-06-08T16:21:14.757Z</time>
      </trkpt>
      <trkpt lat="43.819993" lon="3.897998">
        <ele>137.648268</ele>
        <time>2026-06-08T16:21:16.157Z</time>
      </trkpt>
      <trkpt lat="43.820601" lon="3.898509">
        <ele>136.122583</ele>
        <time>2026-06-08T16:21:36.796Z</time>
      </trkpt>
      <trkpt lat="43.820902" lon="3.898659">
        <ele>135.611191</ele>
        <time>2026-06-08T16:21:46.405Z</time>
      </trkpt>
      <trkpt lat="43.821168" lon="3.898833">
        <ele>135.183267</ele>
        <time>2026-06-08T16:21:55.333Z</time>
      </trkpt>
      <trkpt lat="43.821384" lon="3.898895">
        <ele>134.813816</ele>
        <time>2026-06-08T16:22:02.005Z</time>
      </trkpt>
      <trkpt lat="43.821564" lon="3.899045">
        <ele>134.522341</ele>
        <time>2026-06-08T16:22:08.326Z</time>
      </trkpt>
      <trkpt lat="43.821724" lon="3.899239">
        <ele>134.311874</ele>
        <time>2026-06-08T16:22:14.805Z</time>
      </trkpt>
      <trkpt lat="43.821842" lon="3.899327">
        <ele>134.240330</ele>
        <time>2026-06-08T16:22:19.060Z</time>
      </trkpt>
      <trkpt lat="43.822165" lon="3.899657">
        <ele>134.246655</ele>
        <time>2026-06-08T16:22:32.711Z</time>
      </trkpt>
      <trkpt lat="43.822314" lon="3.899772">
        <ele>134.410037</ele>
        <time>2026-06-08T16:22:39.246Z</time>
      </trkpt>
      <trkpt lat="43.822341" lon="3.899782">
        <ele>134.439746</ele>
        <time>2026-06-08T16:22:40.354Z</time>
      </trkpt>
      <trkpt lat="43.822375" lon="3.899745">
        <ele>134.512591</ele>
        <time>2026-06-08T16:22:42.065Z</time>
      </trkpt>
      <trkpt lat="43.822372" lon="3.899922">
        <ele>134.727847</ele>
        <time>2026-06-08T16:22:47.384Z</time>
      </trkpt>
      <trkpt lat="43.822370" lon="3.900031">
        <ele>134.938650</ele>
        <time>2026-06-08T16:22:50.742Z</time>
      </trkpt>
      <trkpt lat="43.821815" lon="3.901378">
        <ele>139.987544</ele>
        <time>2026-06-08T16:23:49.282Z</time>
      </trkpt>
      <trkpt lat="43.821812" lon="3.901480">
        <ele>140.472298</ele>
        <time>2026-06-08T16:23:53.940Z</time>
      </trkpt>
      <trkpt lat="43.821808" lon="3.901610">
        <ele>141.090171</ele>
        <time>2026-06-08T16:23:59.870Z</time>
      </trkpt>
      <trkpt lat="43.821188" lon="3.902608">
        <ele>147.278506</ele>
        <time>2026-06-08T16:24:58.619Z</time>
      </trkpt>
      <trkpt lat="43.820581" lon="3.903654">
        <ele>150.413586</ele>
        <time>2026-06-08T16:25:43.936Z</time>
      </trkpt>
      <trkpt lat="43.820586" lon="3.903906">
        <ele>150.518978</ele>
        <time>2026-06-08T16:25:49.709Z</time>
      </trkpt>
      <trkpt lat="43.820386" lon="3.904159">
        <ele>150.001883</ele>
        <time>2026-06-08T16:25:57.228Z</time>
      </trkpt>
      <trkpt lat="43.820121" lon="3.904430">
        <ele>148.841929</ele>
        <time>2026-06-08T16:26:05.508Z</time>
      </trkpt>
      <trkpt lat="43.820003" lon="3.904438">
        <ele>148.218674</ele>
        <time>2026-06-08T16:26:07.127Z</time>
      </trkpt>
      <trkpt lat="43.819903" lon="3.904573">
        <ele>147.413261</ele>
        <time>2026-06-08T16:26:09.003Z</time>
      </trkpt>
      <trkpt lat="43.819837" lon="3.904610">
        <ele>146.886824</ele>
        <time>2026-06-08T16:26:09.943Z</time>
      </trkpt>
      <trkpt lat="43.819214" lon="3.904567">
        <ele>142.189622</ele>
        <time>2026-06-08T16:26:18.051Z</time>
      </trkpt>
      <trkpt lat="43.818969" lon="3.904648">
        <ele>140.125837</ele>
        <time>2026-06-08T16:26:21.270Z</time>
      </trkpt>
      <trkpt lat="43.818824" lon="3.904764">
        <ele>138.594289</ele>
        <time>2026-06-08T16:26:23.365Z</time>
      </trkpt>
      <trkpt lat="43.818475" lon="3.905172">
        <ele>134.252890</ele>
        <time>2026-06-08T16:26:29.097Z</time>
      </trkpt>
      <trkpt lat="43.818383" lon="3.905321">
        <ele>133.160107</ele>
        <time>2026-06-08T16:26:30.910Z</time>
      </trkpt>
      <trkpt lat="43.818211" lon="3.905776">
        <ele>130.548182</ele>
        <time>2026-06-08T16:26:35.778Z</time>
      </trkpt>
      <trkpt lat="43.818105" lon="3.905880">
        <ele>129.728218</ele>
        <time>2026-06-08T16:26:37.525Z</time>
      </trkpt>
      <trkpt lat="43.818054" lon="3.905884">
        <ele>129.425416</ele>
        <time>2026-06-08T16:26:38.218Z</time>
      </trkpt>
      <trkpt lat="43.817984" lon="3.906094">
        <ele>128.556057</ele>
        <time>2026-06-08T16:26:40.516Z</time>
      </trkpt>
      <trkpt lat="43.818100" lon="3.906910">
        <ele>126.056706</ele>
        <time>2026-06-08T16:26:49.090Z</time>
      </trkpt>
      <trkpt lat="43.818109" lon="3.907217">
        <ele>125.358098</ele>
        <time>2026-06-08T16:26:52.454Z</time>
      </trkpt>
      <trkpt lat="43.818071" lon="3.907340">
        <ele>125.105521</ele>
        <time>2026-06-08T16:26:53.957Z</time>
      </trkpt>
      <trkpt lat="43.817912" lon="3.907457">
        <ele>124.684505</ele>
        <time>2026-06-08T16:26:56.890Z</time>
      </trkpt>
      <trkpt lat="43.816958" lon="3.908008">
        <ele>122.036201</ele>
        <time>2026-06-08T16:27:12.956Z</time>
      </trkpt>
      <trkpt lat="43.816897" lon="3.908088">
        <ele>121.752123</ele>
        <time>2026-06-08T16:27:14.186Z</time>
      </trkpt>
      <trkpt lat="43.816783" lon="3.908759">
        <ele>119.806084</ele>
        <time>2026-06-08T16:27:21.388Z</time>
      </trkpt>
      <trkpt lat="43.816708" lon="3.908988">
        <ele>119.104216</ele>
        <time>2026-06-08T16:27:24.001Z</time>
      </trkpt>
      <trkpt lat="43.816355" lon="3.909760">
        <ele>116.656555</ele>
        <time>2026-06-08T16:27:33.583Z</time>
      </trkpt>
      <trkpt lat="43.816512" lon="3.910435">
        <ele>115.217257</ele>
        <time>2026-06-08T16:27:41.458Z</time>
      </trkpt>
      <trkpt lat="43.816528" lon="3.910618">
        <ele>114.959511</ele>
        <time>2026-06-08T16:27:43.607Z</time>
      </trkpt>
      <trkpt lat="43.816505" lon="3.911160">
        <ele>114.447096</ele>
        <time>2026-06-08T16:27:50.348Z</time>
      </trkpt>
      <trkpt lat="43.816516" lon="3.911673">
        <ele>114.328125</ele>
        <time>2026-06-08T16:27:57.411Z</time>
      </trkpt>
      <trkpt lat="43.816546" lon="3.911958">
        <ele>114.453030</ele>
        <time>2026-06-08T16:28:01.741Z</time>
      </trkpt>
      <trkpt lat="43.816812" lon="3.913248">
        <ele>116.056998</ele>
        <time>2026-06-08T16:28:28.331Z</time>
      </trkpt>
      <trkpt lat="43.816831" lon="3.913553">
        <ele>116.693763</ele>
        <time>2026-06-08T16:28:35.657Z</time>
      </trkpt>
      <trkpt lat="43.816727" lon="3.914184">
        <ele>118.094914</ele>
        <time>2026-06-08T16:28:51.360Z</time>
      </trkpt>
      <trkpt lat="43.816679" lon="3.914354">
        <ele>118.471449</ele>
        <time>2026-06-08T16:28:55.674Z</time>
      </trkpt>
      <trkpt lat="43.816379" lon="3.914974">
        <ele>119.740261</ele>
        <time>2026-06-08T16:29:12.322Z</time>
      </trkpt>
      <trkpt lat="43.816382" lon="3.915020">
        <ele>119.767665</ele>
        <time>2026-06-08T16:29:13.270Z</time>
      </trkpt>
      <trkpt lat="43.816844" lon="3.915618">
        <ele>120.122865</ele>
        <time>2026-06-08T16:29:27.323Z</time>
      </trkpt>
      <trkpt lat="43.817597" lon="3.917000">
        <ele>118.513135</ele>
        <time>2026-06-08T16:29:48.499Z</time>
      </trkpt>
      <trkpt lat="43.817926" lon="3.917598">
        <ele>117.910740</ele>
        <time>2026-06-08T16:29:57.904Z</time>
      </trkpt>
      <trkpt lat="43.818182" lon="3.917974">
        <ele>117.588899</ele>
        <time>2026-06-08T16:30:04.573Z</time>
      </trkpt>
      <trkpt lat="43.820105" lon="3.920198">
        <ele>115.024394</ele>
        <time>2026-06-08T16:30:48.488Z</time>
      </trkpt>
      <trkpt lat="43.820922" lon="3.921092">
        <ele>114.644951</ele>
        <time>2026-06-08T16:31:07.986Z</time>
      </trkpt>
      <trkpt lat="43.820689" lon="3.921173">
        <ele>114.725642</ele>
        <time>2026-06-08T16:31:12.675Z</time>
      </trkpt>
      <trkpt lat="43.820484" lon="3.921549">
        <ele>115.032710</ele>
        <time>2026-06-08T16:31:24.974Z</time>
      </trkpt>
      <trkpt lat="43.820434" lon="3.921760">
        <ele>115.280408</ele>
        <time>2026-06-08T16:31:31.024Z</time>
      </trkpt>
      <trkpt lat="43.820481" lon="3.921973">
        <ele>115.555926</ele>
        <time>2026-06-08T16:31:37.238Z</time>
      </trkpt>
      <trkpt lat="43.820909" lon="3.923091">
        <ele>117.624548</ele>
        <time>2026-06-08T16:32:15.657Z</time>
      </trkpt>
      <trkpt lat="43.820970" lon="3.923434">
        <ele>118.329352</ele>
        <time>2026-06-08T16:32:27.036Z</time>
      </trkpt>
      <trkpt lat="43.820934" lon="3.923635">
        <ele>118.799364</ele>
        <time>2026-06-08T16:32:33.901Z</time>
      </trkpt>
      <trkpt lat="43.820881" lon="3.923745">
        <ele>119.114668</ele>
        <time>2026-06-08T16:32:38.342Z</time>
      </trkpt>
      <trkpt lat="43.820774" lon="3.923873">
        <ele>119.709888</ele>
        <time>2026-06-08T16:32:44.980Z</time>
      </trkpt>
      <trkpt lat="43.819957" lon="3.925112">
        <ele>125.351208</ele>
        <time>2026-06-08T16:33:49.182Z</time>
      </trkpt>
      <trkpt lat="43.819845" lon="3.925157">
        <ele>125.975626</ele>
        <time>2026-06-08T16:33:55.969Z</time>
      </trkpt>
      <trkpt lat="43.819778" lon="3.925153">
        <ele>126.347254</ele>
        <time>2026-06-08T16:33:59.818Z</time>
      </trkpt>
      <trkpt lat="43.819074" lon="3.924839">
        <ele>130.821948</ele>
        <time>2026-06-08T16:34:43.573Z</time>
      </trkpt>
      <trkpt lat="43.818839" lon="3.924791">
        <ele>132.413477</ele>
        <time>2026-06-08T16:34:58.374Z</time>
      </trkpt>
      <trkpt lat="43.818688" lon="3.924824">
        <ele>133.483073</ele>
        <time>2026-06-08T16:35:08.024Z</time>
      </trkpt>
      <trkpt lat="43.818605" lon="3.924873">
        <ele>134.117032</ele>
        <time>2026-06-08T16:35:13.734Z</time>
      </trkpt>
      <trkpt lat="43.818471" lon="3.925042">
        <ele>135.412219</ele>
        <time>2026-06-08T16:35:25.313Z</time>
      </trkpt>
      <trkpt lat="43.818340" lon="3.925324">
        <ele>137.199553</ele>
        <time>2026-06-08T16:35:40.972Z</time>
      </trkpt>
      <trkpt lat="43.818305" lon="3.925485">
        <ele>138.075822</ele>
        <time>2026-06-08T16:35:48.835Z</time>
      </trkpt>
      <trkpt lat="43.818310" lon="3.925643">
        <ele>138.897872</ele>
        <time>2026-06-08T16:35:56.182Z</time>
      </trkpt>
      <trkpt lat="43.818388" lon="3.926007">
        <ele>140.806369</ele>
        <time>2026-06-08T16:36:13.545Z</time>
      </trkpt>
      <trkpt lat="43.818625" lon="3.926677">
        <ele>144.594719</ele>
        <time>2026-06-08T16:36:47.613Z</time>
      </trkpt>
      <trkpt lat="43.818700" lon="3.926957">
        <ele>146.096134</ele>
        <time>2026-06-08T16:37:01.236Z</time>
      </trkpt>
      <trkpt lat="43.818713" lon="3.927039">
        <ele>146.516026</ele>
        <time>2026-06-08T16:37:05.110Z</time>
      </trkpt>
      <trkpt lat="43.818694" lon="3.927092">
        <ele>146.814156</ele>
        <time>2026-06-08T16:37:07.862Z</time>
      </trkpt>
      <trkpt lat="43.818660" lon="3.927123">
        <ele>147.108648</ele>
        <time>2026-06-08T16:37:10.503Z</time>
      </trkpt>
      <trkpt lat="43.818605" lon="3.927116">
        <ele>147.508306</ele>
        <time>2026-06-08T16:37:14.051Z</time>
      </trkpt>
      <trkpt lat="43.818439" lon="3.926981">
        <ele>148.948564</ele>
        <time>2026-06-08T16:37:26.692Z</time>
      </trkpt>
      <trkpt lat="43.818136" lon="3.926856">
        <ele>151.510478</ele>
        <time>2026-06-08T16:37:48.124Z</time>
      </trkpt>
      <trkpt lat="43.818006" lon="3.926845">
        <ele>152.595567</ele>
        <time>2026-06-08T16:37:57.236Z</time>
      </trkpt>
      <trkpt lat="43.817884" lon="3.926916">
        <ele>153.703204</ele>
        <time>2026-06-08T16:38:06.567Z</time>
      </trkpt>
      <trkpt lat="43.817830" lon="3.927063">
        <ele>154.791469</ele>
        <time>2026-06-08T16:38:15.147Z</time>
      </trkpt>
      <trkpt lat="43.817900" lon="3.927734">
        <ele>159.414712</ele>
        <time>2026-06-08T16:38:51.908Z</time>
      </trkpt>
      <trkpt lat="43.817892" lon="3.928211">
        <ele>162.762527</ele>
        <time>2026-06-08T16:39:18.064Z</time>
      </trkpt>
      <trkpt lat="43.817879" lon="3.928397">
        <ele>163.988166</ele>
        <time>2026-06-08T16:39:27.990Z</time>
      </trkpt>
      <trkpt lat="43.817851" lon="3.928498">
        <ele>164.689035</ele>
        <time>2026-06-08T16:39:33.651Z</time>
      </trkpt>
      <trkpt lat="43.817732" lon="3.928711">
        <ele>166.349625</ele>
        <time>2026-06-08T16:39:47.318Z</time>
      </trkpt>
      <trkpt lat="43.817511" lon="3.928970">
        <ele>168.392531</ele>
        <time>2026-06-08T16:40:05.889Z</time>
      </trkpt>
      <trkpt lat="43.817359" lon="3.929305">
        <ele>169.575581</ele>
        <time>2026-06-08T16:40:21.487Z</time>
      </trkpt>
      <trkpt lat="43.816954" lon="3.929896">
        <ele>170.329929</ele>
        <time>2026-06-08T16:40:42.964Z</time>
      </trkpt>
      <trkpt lat="43.816621" lon="3.930315">
        <ele>168.715646</ele>
        <time>2026-06-08T16:40:54.307Z</time>
      </trkpt>
      <trkpt lat="43.816183" lon="3.931102">
        <ele>162.779036</ele>
        <time>2026-06-08T16:41:10.210Z</time>
      </trkpt>
      <trkpt lat="43.814947" lon="3.933366">
        <ele>139.929713</ele>
        <time>2026-06-08T16:41:53.284Z</time>
      </trkpt>
      <trkpt lat="43.814894" lon="3.933321">
        <ele>139.439576</ele>
        <time>2026-06-08T16:41:54.683Z</time>
      </trkpt>
      <trkpt lat="43.813635" lon="3.932255">
        <ele>134.324774</ele>
        <time>2026-06-08T16:42:32.497Z</time>
      </trkpt>
      <trkpt lat="43.813380" lon="3.932062">
        <ele>134.038212</ele>
        <time>2026-06-08T16:42:41.354Z</time>
      </trkpt>
      <trkpt lat="43.813198" lon="3.931966">
        <ele>133.970119</ele>
        <time>2026-06-08T16:42:47.339Z</time>
      </trkpt>
      <trkpt lat="43.813018" lon="3.931923">
        <ele>133.901347</ele>
        <time>2026-06-08T16:42:52.988Z</time>
      </trkpt>
      <trkpt lat="43.812828" lon="3.931920">
        <ele>133.802870</ele>
        <time>2026-06-08T16:42:58.847Z</time>
      </trkpt>
      <trkpt lat="43.811934" lon="3.932057">
        <ele>133.384715</ele>
        <time>2026-06-08T16:43:26.082Z</time>
      </trkpt>
      <trkpt lat="43.811616" lon="3.931917">
        <ele>133.098553</ele>
        <time>2026-06-08T16:43:36.057Z</time>
      </trkpt>
      <trkpt lat="43.811264" lon="3.931569">
        <ele>132.666595</ele>
        <time>2026-06-08T16:43:48.693Z</time>
      </trkpt>
      <trkpt lat="43.810995" lon="3.931169">
        <ele>132.137834</ele>
        <time>2026-06-08T16:43:59.842Z</time>
      </trkpt>
      <trkpt lat="43.810966" lon="3.931083">
        <ele>132.083488</ele>
        <time>2026-06-08T16:44:01.863Z</time>
      </trkpt>
      <trkpt lat="43.810981" lon="3.930877">
        <ele>132.000144</ele>
        <time>2026-06-08T16:44:06.413Z</time>
      </trkpt>
      <trkpt lat="43.810849" lon="3.930943">
        <ele>132.000033</ele>
        <time>2026-06-08T16:44:10.869Z</time>
      </trkpt>
      <trkpt lat="43.810732" lon="3.931099">
        <ele>132.048881</ele>
        <time>2026-06-08T16:44:16.309Z</time>
      </trkpt>
      <trkpt lat="43.810628" lon="3.931161">
        <ele>132.100299</ele>
        <time>2026-06-08T16:44:20.306Z</time>
      </trkpt>
      <trkpt lat="43.810589" lon="3.931316">
        <ele>132.216125</ele>
        <time>2026-06-08T16:44:24.560Z</time>
      </trkpt>
      <trkpt lat="43.810529" lon="3.931422">
        <ele>132.311790</ele>
        <time>2026-06-08T16:44:28.123Z</time>
      </trkpt>
      <trkpt lat="43.810258" lon="3.931119">
        <ele>132.777834</ele>
        <time>2026-06-08T16:44:41.379Z</time>
      </trkpt>
      <trkpt lat="43.809994" lon="3.930956">
        <ele>133.109905</ele>
        <time>2026-06-08T16:44:51.821Z</time>
      </trkpt>
      <trkpt lat="43.809869" lon="3.930826">
        <ele>133.292647</ele>
        <time>2026-06-08T16:44:57.518Z</time>
      </trkpt>
      <trkpt lat="43.809660" lon="3.930595">
        <ele>133.620971</ele>
        <time>2026-06-08T16:45:07.697Z</time>
      </trkpt>
      <trkpt lat="43.809483" lon="3.930335">
        <ele>133.981334</ele>
        <time>2026-06-08T16:45:17.745Z</time>
      </trkpt>
      <trkpt lat="43.809332" lon="3.930178">
        <ele>134.145144</ele>
        <time>2026-06-08T16:45:24.503Z</time>
      </trkpt>
      <trkpt lat="43.809175" lon="3.930064">
        <ele>134.142166</ele>
        <time>2026-06-08T16:45:30.356Z</time>
      </trkpt>
      <trkpt lat="43.808724" lon="3.929492">
        <ele>133.554228</ele>
        <time>2026-06-08T16:45:48.195Z</time>
      </trkpt>
      <trkpt lat="43.808418" lon="3.929251">
        <ele>132.912578</ele>
        <time>2026-06-08T16:45:57.802Z</time>
      </trkpt>
      <trkpt lat="43.807707" lon="3.928539">
        <ele>131.462939</ele>
        <time>2026-06-08T16:46:22.226Z</time>
      </trkpt>
      <trkpt lat="43.807393" lon="3.928154">
        <ele>131.226605</ele>
        <time>2026-06-08T16:46:34.988Z</time>
      </trkpt>
      <trkpt lat="43.807234" lon="3.927840">
        <ele>131.212409</ele>
        <time>2026-06-08T16:46:43.872Z</time>
      </trkpt>
      <trkpt lat="43.806982" lon="3.927473">
        <ele>131.324631</ele>
        <time>2026-06-08T16:46:56.084Z</time>
      </trkpt>
      <trkpt lat="43.806650" lon="3.927127">
        <ele>131.585065</ele>
        <time>2026-06-08T16:47:10.472Z</time>
      </trkpt>
      <trkpt lat="43.806496" lon="3.927006">
        <ele>131.659167</ele>
        <time>2026-06-08T16:47:16.734Z</time>
      </trkpt>
      <trkpt lat="43.805132" lon="3.926171">
        <ele>130.630994</ele>
        <time>2026-06-08T16:48:01.343Z</time>
      </trkpt>
      <trkpt lat="43.804983" lon="3.925988">
        <ele>130.255958</ele>
        <time>2026-06-08T16:48:06.760Z</time>
      </trkpt>
      <trkpt lat="43.804564" lon="3.925110">
        <ele>128.177087</ele>
        <time>2026-06-08T16:48:26.854Z</time>
      </trkpt>
      <trkpt lat="43.804301" lon="3.924632">
        <ele>126.677500</ele>
        <time>2026-06-08T16:48:37.884Z</time>
      </trkpt>
      <trkpt lat="43.803967" lon="3.924223">
        <ele>124.887379</ele>
        <time>2026-06-08T16:48:49.037Z</time>
      </trkpt>
      <trkpt lat="43.803505" lon="3.923806">
        <ele>122.489839</ele>
        <time>2026-06-08T16:49:02.603Z</time>
      </trkpt>
      <trkpt lat="43.803255" lon="3.923558">
        <ele>121.093274</ele>
        <time>2026-06-08T16:49:10.077Z</time>
      </trkpt>
      <trkpt lat="43.803148" lon="3.923413">
        <ele>120.387052</ele>
        <time>2026-06-08T16:49:13.695Z</time>
      </trkpt>
      <trkpt lat="43.802130" lon="3.921611">
        <ele>112.509351</ele>
        <time>2026-06-08T16:49:53.731Z</time>
      </trkpt>
      <trkpt lat="43.801774" lon="3.921091">
        <ele>111.030700</ele>
        <time>2026-06-08T16:50:07.368Z</time>
      </trkpt>
      <trkpt lat="43.801744" lon="3.921013">
        <ele>110.904685</ele>
        <time>2026-06-08T16:50:09.097Z</time>
      </trkpt>
      <trkpt lat="43.801727" lon="3.920809">
        <ele>110.616605</ele>
        <time>2026-06-08T16:50:13.163Z</time>
      </trkpt>
      <trkpt lat="43.801580" lon="3.920631">
        <ele>110.296409</ele>
        <time>2026-06-08T16:50:15.926Z</time>
      </trkpt>
      <trkpt lat="43.801493" lon="3.920523">
        <ele>110.147203</ele>
        <time>2026-06-08T16:50:17.605Z</time>
      </trkpt>
      <trkpt lat="43.800755" lon="3.919598">
        <ele>109.059290</ele>
        <time>2026-06-08T16:50:32.372Z</time>
      </trkpt>
      <trkpt lat="43.799819" lon="3.918589">
        <ele>106.910538</ele>
        <time>2026-06-08T16:50:48.689Z</time>
      </trkpt>
      <trkpt lat="43.799545" lon="3.918065">
        <ele>106.231470</ele>
        <time>2026-06-08T16:50:55.304Z</time>
      </trkpt>
      <trkpt lat="43.799331" lon="3.917735">
        <ele>106.051316</ele>
        <time>2026-06-08T16:51:00.156Z</time>
      </trkpt>
      <trkpt lat="43.798850" lon="3.917047">
        <ele>106.251487</ele>
        <time>2026-06-08T16:51:12.975Z</time>
      </trkpt>
      <trkpt lat="43.798667" lon="3.916823">
        <ele>106.514387</ele>
        <time>2026-06-08T16:51:18.411Z</time>
      </trkpt>
      <trkpt lat="43.798061" lon="3.916254">
        <ele>107.591917</ele>
        <time>2026-06-08T16:51:35.918Z</time>
      </trkpt>
      <trkpt lat="43.797454" lon="3.915734">
        <ele>108.491516</ele>
        <time>2026-06-08T16:51:52.415Z</time>
      </trkpt>
      <trkpt lat="43.797078" lon="3.915312">
        <ele>108.979071</ele>
        <time>2026-06-08T16:52:03.003Z</time>
      </trkpt>
      <trkpt lat="43.796589" lon="3.914826">
        <ele>109.394590</ele>
        <time>2026-06-08T16:52:15.078Z</time>
      </trkpt>
      <trkpt lat="43.796240" lon="3.914559">
        <ele>109.575082</ele>
        <time>2026-06-08T16:52:22.475Z</time>
      </trkpt>
      <trkpt lat="43.795985" lon="3.914381">
        <ele>109.589601</ele>
        <time>2026-06-08T16:52:27.694Z</time>
      </trkpt>
      <trkpt lat="43.794701" lon="3.913515">
        <ele>109.038434</ele>
        <time>2026-06-08T16:52:50.650Z</time>
      </trkpt>
      <trkpt lat="43.794648" lon="3.913475">
        <ele>108.971100</ele>
        <time>2026-06-08T16:52:51.536Z</time>
      </trkpt>
      <trkpt lat="43.794344" lon="3.913244">
        <ele>108.478396</ele>
        <time>2026-06-08T16:52:56.433Z</time>
      </trkpt>
      <trkpt lat="43.794078" lon="3.913044">
        <ele>107.889518</ele>
        <time>2026-06-08T16:53:00.586Z</time>
      </trkpt>
      <trkpt lat="43.793851" lon="3.912825">
        <ele>107.308864</ele>
        <time>2026-06-08T16:53:04.310Z</time>
      </trkpt>
      <trkpt lat="43.793763" lon="3.912741">
        <ele>107.070243</ele>
        <time>2026-06-08T16:53:05.722Z</time>
      </trkpt>
      <trkpt lat="43.793701" lon="3.912681">
        <ele>106.888680</ele>
        <time>2026-06-08T16:53:06.923Z</time>
      </trkpt>
      <trkpt lat="43.793580" lon="3.912822">
        <ele>106.515960</ele>
        <time>2026-06-08T16:53:09.417Z</time>
      </trkpt>
      <trkpt lat="43.792989" lon="3.913572">
        <ele>104.718680</ele>
        <time>2026-06-08T16:53:22.089Z</time>
      </trkpt>
      <trkpt lat="43.792992" lon="3.913719">
        <ele>104.537880</ele>
        <time>2026-06-08T16:53:23.792Z</time>
      </trkpt>
      <trkpt lat="43.792586" lon="3.914221">
        <ele>103.835522</ele>
        <time>2026-06-08T16:53:33.055Z</time>
      </trkpt>
      <trkpt lat="43.792052" lon="3.914811">
        <ele>103.412247</ele>
        <time>2026-06-08T16:53:45.692Z</time>
      </trkpt>
      <trkpt lat="43.791929" lon="3.914432">
        <ele>103.298092</ele>
        <time>2026-06-08T16:53:51.402Z</time>
      </trkpt>
      <trkpt lat="43.789759" lon="3.912484">
        <ele>102.321459</ele>
        <time>2026-06-08T16:54:40.008Z</time>
      </trkpt>
      <trkpt lat="43.789706" lon="3.912383">
        <ele>102.301771</ele>
        <time>2026-06-08T16:54:41.753Z</time>
      </trkpt>
      <trkpt lat="43.789649" lon="3.912130">
        <ele>102.286913</ele>
        <time>2026-06-08T16:54:45.437Z</time>
      </trkpt>
      <trkpt lat="43.789329" lon="3.911345">
        <ele>102.102445</ele>
        <time>2026-06-08T16:54:57.921Z</time>
      </trkpt>
      <trkpt lat="43.788943" lon="3.909826">
        <ele>101.769654</ele>
        <time>2026-06-08T16:55:20.090Z</time>
      </trkpt>
      <trkpt lat="43.788475" lon="3.909761">
        <ele>101.311965</ele>
        <time>2026-06-08T16:55:27.107Z</time>
      </trkpt>
      <trkpt lat="43.787878" lon="3.909668">
        <ele>100.935204</ele>
        <time>2026-06-08T16:55:36.483Z</time>
      </trkpt>
      <trkpt lat="43.787800" lon="3.909658">
        <ele>100.901970</ele>
        <time>2026-06-08T16:55:37.796Z</time>
      </trkpt>
      <trkpt lat="43.787636" lon="3.909629">
        <ele>100.900436</ele>
        <time>2026-06-08T16:55:40.525Z</time>
      </trkpt>
      <trkpt lat="43.787474" lon="3.909560">
        <ele>100.878695</ele>
        <time>2026-06-08T16:55:43.298Z</time>
      </trkpt>
      <trkpt lat="43.787237" lon="3.909400">
        <ele>100.785423</ele>
        <time>2026-06-08T16:55:47.539Z</time>
      </trkpt>
      <trkpt lat="43.787135" lon="3.909319">
        <ele>100.756485</ele>
        <time>2026-06-08T16:55:49.540Z</time>
      </trkpt>
      <trkpt lat="43.786776" lon="3.909067">
        <ele>100.899958</ele>
        <time>2026-06-08T16:55:56.950Z</time>
      </trkpt>
      <trkpt lat="43.786581" lon="3.908995">
        <ele>101.002866</ele>
        <time>2026-06-08T16:56:00.914Z</time>
      </trkpt>
      <trkpt lat="43.786406" lon="3.908974">
        <ele>101.110701</ele>
        <time>2026-06-08T16:56:04.496Z</time>
      </trkpt>
      <trkpt lat="43.786146" lon="3.909014">
        <ele>101.310571</ele>
        <time>2026-06-08T16:56:10.052Z</time>
      </trkpt>
      <trkpt lat="43.785760" lon="3.909142">
        <ele>101.691166</ele>
        <time>2026-06-08T16:56:18.346Z</time>
      </trkpt>
      <trkpt lat="43.785639" lon="3.909182">
        <ele>101.812043</ele>
        <time>2026-06-08T16:56:20.911Z</time>
      </trkpt>
      <trkpt lat="43.783746" lon="3.909805">
        <ele>103.891768</ele>
        <time>2026-06-08T16:57:03.559Z</time>
      </trkpt>
      <trkpt lat="43.783637" lon="3.909818">
        <ele>103.986926</ele>
        <time>2026-06-08T16:57:06.005Z</time>
      </trkpt>
      <trkpt lat="43.780009" lon="3.909210">
        <ele>106.658567</ele>
        <time>2026-06-08T16:58:20.605Z</time>
      </trkpt>
      <trkpt lat="43.779834" lon="3.909151">
        <ele>106.699959</ele>
        <time>2026-06-08T16:58:23.664Z</time>
      </trkpt>
      <trkpt lat="43.779779" lon="3.909183">
        <ele>106.699976</ele>
        <time>2026-06-08T16:58:24.652Z</time>
      </trkpt>
      <trkpt lat="43.779679" lon="3.908719">
        <ele>106.700002</ele>
        <time>2026-06-08T16:58:30.812Z</time>
      </trkpt>
      <trkpt lat="43.779630" lon="3.908615">
        <ele>106.700002</ele>
        <time>2026-06-08T16:58:32.359Z</time>
      </trkpt>
      <trkpt lat="43.779547" lon="3.908248">
        <ele>106.700002</ele>
        <time>2026-06-08T16:58:37.122Z</time>
      </trkpt>
      <trkpt lat="43.779519" lon="3.908227">
        <ele>106.700002</ele>
        <time>2026-06-08T16:58:37.634Z</time>
      </trkpt>
      <trkpt lat="43.779414" lon="3.908247">
        <ele>106.703051</ele>
        <time>2026-06-08T16:58:39.416Z</time>
      </trkpt>
      <trkpt lat="43.779303" lon="3.908318">
        <ele>106.707241</ele>
        <time>2026-06-08T16:58:41.434Z</time>
      </trkpt>
      <trkpt lat="43.778845" lon="3.908302">
        <ele>106.822005</ele>
        <time>2026-06-08T16:58:50.125Z</time>
      </trkpt>
      <trkpt lat="43.778742" lon="3.908282">
        <ele>106.850003</ele>
        <time>2026-06-08T16:58:52.013Z</time>
      </trkpt>
      <trkpt lat="43.777817" lon="3.907836">
        <ele>107.121981</ele>
        <time>2026-06-08T16:59:09.745Z</time>
      </trkpt>
      <trkpt lat="43.777538" lon="3.907751">
        <ele>107.310035</ele>
        <time>2026-06-08T16:59:15.374Z</time>
      </trkpt>
      <trkpt lat="43.776330" lon="3.907490">
        <ele>108.528471</ele>
        <time>2026-06-08T16:59:42.087Z</time>
      </trkpt>
      <trkpt lat="43.776208" lon="3.907462">
        <ele>108.678819</ele>
        <time>2026-06-08T16:59:44.808Z</time>
      </trkpt>
      <trkpt lat="43.776005" lon="3.907414">
        <ele>108.898569</ele>
        <time>2026-06-08T16:59:49.299Z</time>
      </trkpt>
      <trkpt lat="43.775796" lon="3.907369">
        <ele>109.099774</ele>
        <time>2026-06-08T16:59:53.889Z</time>
      </trkpt>
      <trkpt lat="43.775374" lon="3.907297">
        <ele>109.481356</ele>
        <time>2026-06-08T17:00:02.745Z</time>
      </trkpt>
      <trkpt lat="43.775181" lon="3.907323">
        <ele>109.592911</ele>
        <time>2026-06-08T17:00:06.636Z</time>
      </trkpt>
      <trkpt lat="43.774939" lon="3.907378">
        <ele>109.712111</ele>
        <time>2026-06-08T17:00:11.396Z</time>
      </trkpt>
      <trkpt lat="43.774901" lon="3.907177">
        <ele>109.804655</ele>
        <time>2026-06-08T17:00:14.294Z</time>
      </trkpt>
      <trkpt lat="43.774054" lon="3.907034">
        <ele>110.413409</ele>
        <time>2026-06-08T17:00:31.747Z</time>
      </trkpt>
      <trkpt lat="43.773536" lon="3.906980">
        <ele>110.869945</ele>
        <time>2026-06-08T17:00:42.729Z</time>
      </trkpt>
      <trkpt lat="43.773483" lon="3.906977">
        <ele>110.907597</ele>
        <time>2026-06-08T17:00:43.884Z</time>
      </trkpt>
      <trkpt lat="43.772409" lon="3.906911">
        <ele>111.701105</ele>
        <time>2026-06-08T17:01:05.855Z</time>
      </trkpt>
      <trkpt lat="43.772329" lon="3.906905">
        <ele>111.761444</ele>
        <time>2026-06-08T17:01:07.407Z</time>
      </trkpt>
      <trkpt lat="43.772229" lon="3.906861">
        <ele>111.800760</ele>
        <time>2026-06-08T17:01:09.321Z</time>
      </trkpt>
      <trkpt lat="43.771873" lon="3.906841">
        <ele>111.902362</ele>
        <time>2026-06-08T17:01:15.990Z</time>
      </trkpt>
      <trkpt lat="43.771311" lon="3.906908">
        <ele>112.084687</ele>
        <time>2026-06-08T17:01:26.290Z</time>
      </trkpt>
      <trkpt lat="43.771168" lon="3.906955">
        <ele>112.119862</ele>
        <time>2026-06-08T17:01:28.918Z</time>
      </trkpt>
      <trkpt lat="43.771003" lon="3.907002">
        <ele>112.184369</ele>
        <time>2026-06-08T17:01:32.102Z</time>
      </trkpt>
      <trkpt lat="43.770934" lon="3.907024">
        <ele>112.211222</ele>
        <time>2026-06-08T17:01:33.459Z</time>
      </trkpt>
      <trkpt lat="43.770700" lon="3.907070">
        <ele>112.315185</ele>
        <time>2026-06-08T17:01:38.106Z</time>
      </trkpt>
      <trkpt lat="43.770301" lon="3.907094">
        <ele>112.597860</ele>
        <time>2026-06-08T17:01:46.202Z</time>
      </trkpt>
      <trkpt lat="43.769858" lon="3.907076">
        <ele>112.900082</ele>
        <time>2026-06-08T17:01:56.294Z</time>
      </trkpt>
      <trkpt lat="43.769711" lon="3.907067">
        <ele>112.964784</ele>
        <time>2026-06-08T17:01:59.554Z</time>
      </trkpt>
      <trkpt lat="43.769599" lon="3.907064">
        <ele>113.010071</ele>
        <time>2026-06-08T17:02:01.981Z</time>
      </trkpt>
      <trkpt lat="43.769568" lon="3.907022">
        <ele>113.024265</ele>
        <time>2026-06-08T17:02:03.437Z</time>
      </trkpt>
      <trkpt lat="43.769375" lon="3.906937">
        <ele>113.093881</ele>
        <time>2026-06-08T17:02:10.261Z</time>
      </trkpt>
      <trkpt lat="43.768847" lon="3.906874">
        <ele>113.323079</ele>
        <time>2026-06-08T17:02:28.104Z</time>
      </trkpt>
      <trkpt lat="43.768773" lon="3.906812">
        <ele>113.370936</ele>
        <time>2026-06-08T17:02:30.989Z</time>
      </trkpt>
      <trkpt lat="43.768732" lon="3.906730">
        <ele>113.406674</ele>
        <time>2026-06-08T17:02:33.383Z</time>
      </trkpt>
      <trkpt lat="43.768558" lon="3.906801">
        <ele>113.493302</ele>
        <time>2026-06-08T17:02:39.405Z</time>
      </trkpt>
      <trkpt lat="43.767001" lon="3.907150">
        <ele>114.117652</ele>
        <time>2026-06-08T17:03:32.573Z</time>
      </trkpt>
      <trkpt lat="43.766888" lon="3.907146">
        <ele>114.201803</ele>
        <time>2026-06-08T17:03:36.454Z</time>
      </trkpt>
      <trkpt lat="43.766806" lon="3.907080">
        <ele>114.271639</ele>
        <time>2026-06-08T17:03:39.712Z</time>
      </trkpt>
      <trkpt lat="43.766782" lon="3.906954">
        <ele>114.332524</ele>
        <time>2026-06-08T17:03:42.961Z</time>
      </trkpt>
      <trkpt lat="43.766712" lon="3.907069">
        <ele>114.402797</ele>
        <time>2026-06-08T17:03:46.800Z</time>
      </trkpt>
      <trkpt lat="43.766619" lon="3.907156">
        <ele>114.485202</ele>
        <time>2026-06-08T17:03:50.725Z</time>
      </trkpt>
      <trkpt lat="43.766500" lon="3.907180">
        <ele>114.575013</ele>
        <time>2026-06-08T17:03:54.938Z</time>
      </trkpt>
      <trkpt lat="43.766433" lon="3.907283">
        <ele>114.633279</ele>
        <time>2026-06-08T17:03:58.457Z</time>
      </trkpt>
      <trkpt lat="43.766413" lon="3.907457">
        <ele>114.705874</ele>
        <time>2026-06-08T17:04:02.937Z</time>
      </trkpt>
      <trkpt lat="43.766219" lon="3.907973">
        <ele>115.096519</ele>
        <time>2026-06-08T17:04:17.857Z</time>
      </trkpt>
      <trkpt lat="43.766188" lon="3.908290">
        <ele>115.322269</ele>
        <time>2026-06-08T17:04:26.254Z</time>
      </trkpt>
      <trkpt lat="43.766056" lon="3.908236">
        <ele>115.493994</ele>
        <time>2026-06-08T17:04:31.272Z</time>
      </trkpt>
      <trkpt lat="43.765521" lon="3.908130">
        <ele>116.203963</ele>
        <time>2026-06-08T17:04:51.592Z</time>
      </trkpt>
      <trkpt lat="43.765022" lon="3.908119">
        <ele>116.906409</ele>
        <time>2026-06-08T17:05:10.832Z</time>
      </trkpt>
      <trkpt lat="43.764190" lon="3.908051">
        <ele>118.192902</ele>
        <time>2026-06-08T17:05:42.960Z</time>
      </trkpt>
      <trkpt lat="43.761325" lon="3.907781">
        <ele>122.210261</ele>
        <time>2026-06-08T17:07:32.164Z</time>
      </trkpt>
      <trkpt lat="43.758863" lon="3.907538">
        <ele>126.100802</ele>
        <time>2026-06-08T17:09:08.499Z</time>
      </trkpt>
      <trkpt lat="43.758745" lon="3.907597">
        <ele>126.300107</ele>
        <time>2026-06-08T17:09:13.263Z</time>
      </trkpt>
      <trkpt lat="43.757932" lon="3.907533">
        <ele>127.578913</ele>
        <time>2026-06-08T17:09:44.716Z</time>
      </trkpt>
      <trkpt lat="43.756812" lon="3.907329">
        <ele>128.870912</ele>
        <time>2026-06-08T17:10:26.826Z</time>
      </trkpt>
      <trkpt lat="43.756618" lon="3.907345">
        <ele>128.913900</ele>
        <time>2026-06-08T17:10:33.475Z</time>
      </trkpt>
      <trkpt lat="43.755402" lon="3.907248">
        <ele>127.680004</ele>
        <time>2026-06-08T17:11:08.932Z</time>
      </trkpt>
      <trkpt lat="43.754871" lon="3.907131">
        <ele>126.824082</ele>
        <time>2026-06-08T17:11:23.969Z</time>
      </trkpt>
      <trkpt lat="43.754549" lon="3.907131">
        <ele>126.430069</ele>
        <time>2026-06-08T17:11:33.195Z</time>
      </trkpt>
      <trkpt lat="43.753660" lon="3.907042">
        <ele>126.018253</ele>
        <time>2026-06-08T17:12:00.309Z</time>
      </trkpt>
      <trkpt lat="43.753003" lon="3.907013">
        <ele>126.039209</ele>
        <time>2026-06-08T17:12:21.402Z</time>
      </trkpt>
      <trkpt lat="43.752895" lon="3.906943">
        <ele>126.100859</ele>
        <time>2026-06-08T17:12:25.432Z</time>
      </trkpt>
      <trkpt lat="43.752794" lon="3.906932">
        <ele>126.175805</ele>
        <time>2026-06-08T17:12:28.933Z</time>
      </trkpt>
      <trkpt lat="43.752713" lon="3.906959">
        <ele>126.240337</ele>
        <time>2026-06-08T17:12:31.882Z</time>
      </trkpt>
      <trkpt lat="43.752664" lon="3.907010">
        <ele>126.292201</ele>
        <time>2026-06-08T17:12:34.076Z</time>
      </trkpt>
      <trkpt lat="43.752657" lon="3.906972">
        <ele>126.316166</ele>
        <time>2026-06-08T17:12:35.096Z</time>
      </trkpt>
      <trkpt lat="43.752207" lon="3.906663">
        <ele>126.775278</ele>
        <time>2026-06-08T17:12:53.201Z</time>
      </trkpt>
      <trkpt lat="43.752142" lon="3.906642">
        <ele>126.832431</ele>
        <time>2026-06-08T17:12:55.618Z</time>
      </trkpt>
      <trkpt lat="43.752080" lon="3.906701">
        <ele>126.899270</ele>
        <time>2026-06-08T17:12:58.314Z</time>
      </trkpt>
      <trkpt lat="43.751636" lon="3.906825">
        <ele>127.314061</ele>
        <time>2026-06-08T17:13:14.377Z</time>
      </trkpt>
      <trkpt lat="43.751373" lon="3.906817">
        <ele>127.601606</ele>
        <time>2026-06-08T17:13:23.967Z</time>
      </trkpt>
      <trkpt lat="43.751033" lon="3.906765">
        <ele>127.985079</ele>
        <time>2026-06-08T17:13:36.754Z</time>
      </trkpt>
      <trkpt lat="43.750913" lon="3.906792">
        <ele>128.077615</ele>
        <time>2026-06-08T17:13:41.235Z</time>
      </trkpt>
      <trkpt lat="43.750312" lon="3.906733">
        <ele>128.329348</ele>
        <time>2026-06-08T17:14:01.613Z</time>
      </trkpt>
      <trkpt lat="43.749196" lon="3.906581">
        <ele>127.788870</ele>
        <time>2026-06-08T17:14:35.591Z</time>
      </trkpt>
      <trkpt lat="43.748936" lon="3.906514">
        <ele>127.628519</ele>
        <time>2026-06-08T17:14:43.567Z</time>
      </trkpt>
      <trkpt lat="43.748537" lon="3.906434">
        <ele>127.512064</ele>
        <time>2026-06-08T17:14:56.012Z</time>
      </trkpt>
      <trkpt lat="43.748341" lon="3.906434">
        <ele>127.502868</ele>
        <time>2026-06-08T17:15:02.139Z</time>
      </trkpt>
      <trkpt lat="43.748184" lon="3.906452">
        <ele>127.517075</ele>
        <time>2026-06-08T17:15:07.150Z</time>
      </trkpt>
      <trkpt lat="43.747704" lon="3.906447">
        <ele>127.711561</ele>
        <time>2026-06-08T17:15:23.339Z</time>
      </trkpt>
      <trkpt lat="43.747330" lon="3.906468">
        <ele>127.986852</ele>
        <time>2026-06-08T17:15:36.475Z</time>
      </trkpt>
      <trkpt lat="43.746790" lon="3.906412">
        <ele>128.276281</ele>
        <time>2026-06-08T17:15:55.456Z</time>
      </trkpt>
      <trkpt lat="43.745456" lon="3.906281">
        <ele>128.095513</ele>
        <time>2026-06-08T17:16:37.259Z</time>
      </trkpt>
      <trkpt lat="43.745132" lon="3.906283">
        <ele>128.009050</ele>
        <time>2026-06-08T17:16:47.119Z</time>
      </trkpt>
      <trkpt lat="43.744164" lon="3.906203">
        <ele>127.809744</ele>
        <time>2026-06-08T17:17:17.603Z</time>
      </trkpt>
      <trkpt lat="43.743825" lon="3.906212">
        <ele>127.783160</ele>
        <time>2026-06-08T17:17:28.234Z</time>
      </trkpt>
      <trkpt lat="43.743542" lon="3.906266">
        <ele>127.670099</ele>
        <time>2026-06-08T17:17:36.935Z</time>
      </trkpt>
      <trkpt lat="43.743418" lon="3.906261">
        <ele>127.586497</ele>
        <time>2026-06-08T17:17:40.638Z</time>
      </trkpt>
      <trkpt lat="43.743180" lon="3.906181">
        <ele>127.324990</ele>
        <time>2026-06-08T17:17:47.842Z</time>
      </trkpt>
      <trkpt lat="43.743108" lon="3.906159">
        <ele>127.254118</ele>
        <time>2026-06-08T17:17:49.965Z</time>
      </trkpt>
      <trkpt lat="43.742980" lon="3.906041">
        <ele>127.064188</ele>
        <time>2026-06-08T17:17:54.370Z</time>
      </trkpt>
      <trkpt lat="43.741399" lon="3.905381">
        <ele>123.837229</ele>
        <time>2026-06-08T17:18:39.670Z</time>
      </trkpt>
      <trkpt lat="43.740257" lon="3.904875">
        <ele>122.226481</ele>
        <time>2026-06-08T17:19:14.098Z</time>
      </trkpt>
      <trkpt lat="43.738818" lon="3.904238">
        <ele>121.237944</ele>
        <time>2026-06-08T17:19:59.353Z</time>
      </trkpt>
      <trkpt lat="43.738706" lon="3.904233">
        <ele>121.205177</ele>
        <time>2026-06-08T17:20:02.811Z</time>
      </trkpt>
      <trkpt lat="43.737922" lon="3.904351">
        <ele>121.329580</ele>
        <time>2026-06-08T17:20:28.341Z</time>
      </trkpt>
      <trkpt lat="43.737768" lon="3.904329">
        <ele>121.418470</ele>
        <time>2026-06-08T17:20:33.757Z</time>
      </trkpt>
      <trkpt lat="43.737570" lon="3.904244">
        <ele>121.647455</ele>
        <time>2026-06-08T17:20:41.188Z</time>
      </trkpt>
      <trkpt lat="43.735514" lon="3.903088">
        <ele>125.716374</ele>
        <time>2026-06-08T17:22:10.030Z</time>
      </trkpt>
      <trkpt lat="43.735349" lon="3.902998">
        <ele>126.133196</ele>
        <time>2026-06-08T17:22:17.626Z</time>
      </trkpt>
      <trkpt lat="43.734271" lon="3.902436">
        <ele>129.632638</ele>
        <time>2026-06-08T17:23:10.200Z</time>
      </trkpt>
      <trkpt lat="43.733884" lon="3.902162">
        <ele>131.430896</ele>
        <time>2026-06-08T17:23:32.137Z</time>
      </trkpt>
      <trkpt lat="43.733213" lon="3.901620">
        <ele>135.272313</ele>
        <time>2026-06-08T17:24:14.302Z</time>
      </trkpt>
      <trkpt lat="43.732472" lon="3.900905">
        <ele>139.460869</ele>
        <time>2026-06-08T17:25:02.018Z</time>
      </trkpt>
      <trkpt lat="43.732265" lon="3.901110">
        <ele>140.427180</ele>
        <time>2026-06-08T17:25:14.604Z</time>
      </trkpt>
      <trkpt lat="43.731672" lon="3.901768">
        <ele>142.424394</ele>
        <time>2026-06-08T17:25:47.532Z</time>
      </trkpt>
      <trkpt lat="43.731432" lon="3.902150">
        <ele>142.647252</ele>
        <time>2026-06-08T17:25:59.925Z</time>
      </trkpt>
      <trkpt lat="43.731292" lon="3.902443">
        <ele>142.590046</ele>
        <time>2026-06-08T17:26:07.848Z</time>
      </trkpt>
      <trkpt lat="43.731158" lon="3.902595">
        <ele>142.453467</ele>
        <time>2026-06-08T17:26:13.008Z</time>
      </trkpt>
      <trkpt lat="43.730917" lon="3.902801">
        <ele>142.073391</ele>
        <time>2026-06-08T17:26:21.144Z</time>
      </trkpt>
      <trkpt lat="43.730716" lon="3.903026">
        <ele>141.601346</ele>
        <time>2026-06-08T17:26:28.271Z</time>
      </trkpt>
      <trkpt lat="43.730506" lon="3.902994">
        <ele>141.164406</ele>
        <time>2026-06-08T17:26:33.992Z</time>
      </trkpt>
      <trkpt lat="43.730150" lon="3.902837">
        <ele>140.193513</ele>
        <time>2026-06-08T17:26:43.937Z</time>
      </trkpt>
      <trkpt lat="43.729893" lon="3.902662">
        <ele>139.397724</ele>
        <time>2026-06-08T17:26:51.479Z</time>
      </trkpt>
      <trkpt lat="43.729662" lon="3.902294">
        <ele>138.413034</ele>
        <time>2026-06-08T17:27:00.757Z</time>
      </trkpt>
      <trkpt lat="43.729306" lon="3.901967">
        <ele>137.288320</ele>
        <time>2026-06-08T17:27:12.033Z</time>
      </trkpt>
      <trkpt lat="43.729083" lon="3.901823">
        <ele>136.592406</ele>
        <time>2026-06-08T17:27:18.471Z</time>
      </trkpt>
      <trkpt lat="43.728851" lon="3.901780">
        <ele>135.896864</ele>
        <time>2026-06-08T17:27:24.608Z</time>
      </trkpt>
      <trkpt lat="43.728765" lon="3.901804">
        <ele>135.632635</ele>
        <time>2026-06-08T17:27:26.879Z</time>
      </trkpt>
      <trkpt lat="43.728640" lon="3.901932">
        <ele>135.182825</ele>
        <time>2026-06-08T17:27:30.931Z</time>
      </trkpt>
      <trkpt lat="43.728367" lon="3.902354">
        <ele>134.001021</ele>
        <time>2026-06-08T17:27:41.662Z</time>
      </trkpt>
      <trkpt lat="43.728229" lon="3.902567">
        <ele>133.400042</ele>
        <time>2026-06-08T17:27:47.085Z</time>
      </trkpt>
      <trkpt lat="43.728145" lon="3.902642">
        <ele>133.114696</ele>
        <time>2026-06-08T17:27:49.724Z</time>
      </trkpt>
      <trkpt lat="43.727967" lon="3.902712">
        <ele>132.609465</ele>
        <time>2026-06-08T17:27:54.601Z</time>
      </trkpt>
      <trkpt lat="43.727837" lon="3.902986">
        <ele>132.050024</ele>
        <time>2026-06-08T17:28:00.898Z</time>
      </trkpt>
      <trkpt lat="43.727747" lon="3.903105">
        <ele>131.795690</ele>
        <time>2026-06-08T17:28:04.314Z</time>
      </trkpt>
      <trkpt lat="43.727522" lon="3.903157">
        <ele>131.397025</ele>
        <time>2026-06-08T17:28:10.654Z</time>
      </trkpt>
      <trkpt lat="43.727427" lon="3.903232">
        <ele>131.186041</ele>
        <time>2026-06-08T17:28:13.762Z</time>
      </trkpt>
      <trkpt lat="43.727312" lon="3.903450">
        <ele>130.777552</ele>
        <time>2026-06-08T17:28:19.138Z</time>
      </trkpt>
      <trkpt lat="43.726936" lon="3.903782">
        <ele>129.668755</ele>
        <time>2026-06-08T17:28:31.074Z</time>
      </trkpt>
      <trkpt lat="43.726880" lon="3.903912">
        <ele>129.358188</ele>
        <time>2026-06-08T17:28:33.925Z</time>
      </trkpt>
      <trkpt lat="43.726844" lon="3.904283">
        <ele>128.345747</ele>
        <time>2026-06-08T17:28:40.752Z</time>
      </trkpt>
      <trkpt lat="43.726378" lon="3.905204">
        <ele>123.997991</ele>
        <time>2026-06-08T17:29:00.104Z</time>
      </trkpt>
      <trkpt lat="43.725484" lon="3.906421">
        <ele>115.125036</ele>
        <time>2026-06-08T17:29:28.498Z</time>
      </trkpt>
      <trkpt lat="43.724916" lon="3.906893">
        <ele>111.785331</ele>
        <time>2026-06-08T17:29:44.473Z</time>
      </trkpt>
      <trkpt lat="43.724647" lon="3.907357">
        <ele>110.434532</ele>
        <time>2026-06-08T17:29:55.645Z</time>
      </trkpt>
      <trkpt lat="43.724504" lon="3.907521">
        <ele>110.023920</ele>
        <time>2026-06-08T17:30:00.747Z</time>
      </trkpt>
      <trkpt lat="43.724312" lon="3.907585">
        <ele>109.713396</ele>
        <time>2026-06-08T17:30:06.301Z</time>
      </trkpt>
      <trkpt lat="43.723936" lon="3.907421">
        <ele>109.221059</ele>
        <time>2026-06-08T17:30:17.672Z</time>
      </trkpt>
      <trkpt lat="43.723600" lon="3.907379">
        <ele>108.878178</ele>
        <time>2026-06-08T17:30:27.486Z</time>
      </trkpt>
      <trkpt lat="43.723473" lon="3.907396">
        <ele>108.699784</ele>
        <time>2026-06-08T17:30:31.172Z</time>
      </trkpt>
      <trkpt lat="43.723360" lon="3.907519">
        <ele>108.490771</ele>
        <time>2026-06-08T17:30:35.269Z</time>
      </trkpt>
      <trkpt lat="43.723209" lon="3.908093">
        <ele>107.747803</ele>
        <time>2026-06-08T17:30:47.596Z</time>
      </trkpt>
      <trkpt lat="43.723079" lon="3.908290">
        <ele>107.252934</ele>
        <time>2026-06-08T17:30:52.802Z</time>
      </trkpt>
      <trkpt lat="43.722300" lon="3.908882">
        <ele>103.852252</ele>
        <time>2026-06-08T17:31:15.084Z</time>
      </trkpt>
      <trkpt lat="43.722207" lon="3.909109">
        <ele>102.881853</ele>
        <time>2026-06-08T17:31:19.560Z</time>
      </trkpt>
      <trkpt lat="43.721754" lon="3.909733">
        <ele>99.314609</ele>
        <time>2026-06-08T17:31:34.666Z</time>
      </trkpt>
      <trkpt lat="43.721587" lon="3.909851">
        <ele>98.306111</ele>
        <time>2026-06-08T17:31:39.134Z</time>
      </trkpt>
      <trkpt lat="43.721436" lon="3.909690">
        <ele>97.352278</ele>
        <time>2026-06-08T17:31:43.726Z</time>
      </trkpt>
      <trkpt lat="43.721285" lon="3.909604">
        <ele>96.602825</ele>
        <time>2026-06-08T17:31:47.713Z</time>
      </trkpt>
      <trkpt lat="43.721149" lon="3.909636">
        <ele>96.028523</ele>
        <time>2026-06-08T17:31:51.123Z</time>
      </trkpt>
      <trkpt lat="43.720987" lon="3.909830">
        <ele>95.247469</ele>
        <time>2026-06-08T17:31:56.554Z</time>
      </trkpt>
      <trkpt lat="43.720929" lon="3.909781">
        <ele>95.013011</ele>
        <time>2026-06-08T17:31:57.402Z</time>
      </trkpt>
      <trkpt lat="43.720557" lon="3.909408">
        <ele>93.875797</ele>
        <time>2026-06-08T17:32:03.411Z</time>
      </trkpt>
      <trkpt lat="43.720092" lon="3.908772">
        <ele>93.603406</ele>
        <time>2026-06-08T17:32:13.850Z</time>
      </trkpt>
      <trkpt lat="43.719690" lon="3.908355">
        <ele>93.495642</ele>
        <time>2026-06-08T17:32:22.352Z</time>
      </trkpt>
      <trkpt lat="43.719450" lon="3.908034">
        <ele>93.390713</ele>
        <time>2026-06-08T17:32:27.753Z</time>
      </trkpt>
      <trkpt lat="43.719437" lon="3.907977">
        <ele>93.375127</ele>
        <time>2026-06-08T17:32:28.418Z</time>
      </trkpt>
      <trkpt lat="43.719341" lon="3.907869">
        <ele>93.300142</ele>
        <time>2026-06-08T17:32:30.354Z</time>
      </trkpt>
      <trkpt lat="43.719256" lon="3.907878">
        <ele>93.241805</ele>
        <time>2026-06-08T17:32:31.656Z</time>
      </trkpt>
      <trkpt lat="43.719125" lon="3.907872">
        <ele>93.170557</ele>
        <time>2026-06-08T17:32:33.690Z</time>
      </trkpt>
      <trkpt lat="43.718850" lon="3.907726">
        <ele>93.012587</ele>
        <time>2026-06-08T17:32:38.379Z</time>
      </trkpt>
      <trkpt lat="43.718457" lon="3.907387">
        <ele>92.794344</ele>
        <time>2026-06-08T17:32:45.857Z</time>
      </trkpt>
      <trkpt lat="43.718375" lon="3.907611">
        <ele>92.789695</ele>
        <time>2026-06-08T17:32:51.344Z</time>
      </trkpt>
      <trkpt lat="43.718209" lon="3.908355">
        <ele>93.347411</ele>
        <time>2026-06-08T17:33:11.801Z</time>
      </trkpt>
      <trkpt lat="43.718193" lon="3.908691">
        <ele>93.936713</ele>
        <time>2026-06-08T17:33:22.247Z</time>
      </trkpt>
      <trkpt lat="43.718220" lon="3.908752">
        <ele>94.093649</ele>
        <time>2026-06-08T17:33:24.556Z</time>
      </trkpt>
      <trkpt lat="43.718401" lon="3.908882">
        <ele>94.726371</ele>
        <time>2026-06-08T17:33:33.914Z</time>
      </trkpt>
      <trkpt lat="43.718441" lon="3.908918">
        <ele>94.881616</ele>
        <time>2026-06-08T17:33:36.165Z</time>
      </trkpt>
      <trkpt lat="43.718478" lon="3.909014">
        <ele>95.137439</ele>
        <time>2026-06-08T17:33:39.904Z</time>
      </trkpt>
      <trkpt lat="43.718508" lon="3.909300">
        <ele>95.911031</ele>
        <time>2026-06-08T17:33:50.056Z</time>
      </trkpt>
      <trkpt lat="43.718470" lon="3.909608">
        <ele>96.810143</ele>
        <time>2026-06-08T17:34:01.204Z</time>
      </trkpt>
      <trkpt lat="43.718406" lon="3.909706">
        <ele>97.194484</ele>
        <time>2026-06-08T17:34:06.030Z</time>
      </trkpt>
      <trkpt lat="43.718258" lon="3.909867">
        <ele>97.936657</ele>
        <time>2026-06-08T17:34:15.424Z</time>
      </trkpt>
      <trkpt lat="43.717292" lon="3.910285">
        <ele>100.139090</ele>
        <time>2026-06-08T17:34:58.035Z</time>
      </trkpt>
      <trkpt lat="43.716801" lon="3.910903">
        <ele>99.784956</ele>
        <time>2026-06-08T17:35:18.206Z</time>
      </trkpt>
      <trkpt lat="43.716169" lon="3.911606">
        <ele>98.417737</ele>
        <time>2026-06-08T17:35:40.597Z</time>
      </trkpt>
      <trkpt lat="43.715850" lon="3.911859">
        <ele>97.911381</ele>
        <time>2026-06-08T17:35:50.969Z</time>
      </trkpt>
      <trkpt lat="43.715471" lon="3.912180">
        <ele>97.407070</ele>
        <time>2026-06-08T17:36:03.851Z</time>
      </trkpt>
      <trkpt lat="43.715361" lon="3.912234">
        <ele>97.277162</ele>
        <time>2026-06-08T17:36:07.279Z</time>
      </trkpt>
      <trkpt lat="43.715265" lon="3.912180">
        <ele>97.157579</ele>
        <time>2026-06-08T17:36:10.321Z</time>
      </trkpt>
      <trkpt lat="43.715211" lon="3.912095">
        <ele>97.063979</ele>
        <time>2026-06-08T17:36:12.670Z</time>
      </trkpt>
      <trkpt lat="43.715153" lon="3.911910">
        <ele>96.905402</ele>
        <time>2026-06-08T17:36:16.942Z</time>
      </trkpt>
      <trkpt lat="43.715068" lon="3.911843">
        <ele>96.802889</ele>
        <time>2026-06-08T17:36:19.819Z</time>
      </trkpt>
      <trkpt lat="43.714974" lon="3.911847">
        <ele>96.712590</ele>
        <time>2026-06-08T17:36:22.588Z</time>
      </trkpt>
      <trkpt lat="43.714637" lon="3.912019">
        <ele>96.381470</ele>
        <time>2026-06-08T17:36:33.199Z</time>
      </trkpt>
      <trkpt lat="43.713912" lon="3.912501">
        <ele>95.373644</ele>
        <time>2026-06-08T17:36:56.235Z</time>
      </trkpt>
      <trkpt lat="43.713385" lon="3.912764">
        <ele>94.403378</ele>
        <time>2026-06-08T17:37:11.771Z</time>
      </trkpt>
      <trkpt lat="43.712772" lon="3.913016">
        <ele>93.311993</ele>
        <time>2026-06-08T17:37:29.675Z</time>
      </trkpt>
      <trkpt lat="43.710321" lon="3.914931">
        <ele>89.387045</ele>
        <time>2026-06-08T17:38:49.911Z</time>
      </trkpt>
      <trkpt lat="43.710047" lon="3.915127">
        <ele>88.906266</ele>
        <time>2026-06-08T17:38:58.535Z</time>
      </trkpt>
      <trkpt lat="43.709922" lon="3.915216">
        <ele>88.657746</ele>
        <time>2026-06-08T17:39:02.419Z</time>
      </trkpt>
      <trkpt lat="43.709503" lon="3.915441">
        <ele>87.685671</ele>
        <time>2026-06-08T17:39:14.667Z</time>
      </trkpt>
      <trkpt lat="43.709042" lon="3.915640">
        <ele>86.486747</ele>
        <time>2026-06-08T17:39:27.558Z</time>
      </trkpt>
      <trkpt lat="43.708336" lon="3.915870">
        <ele>84.491432</ele>
        <time>2026-06-08T17:39:46.586Z</time>
      </trkpt>
      <trkpt lat="43.707999" lon="3.916058">
        <ele>83.427059</ele>
        <time>2026-06-08T17:39:56.135Z</time>
      </trkpt>
      <trkpt lat="43.707607" lon="3.916112">
        <ele>82.417119</ele>
        <time>2026-06-08T17:40:06.567Z</time>
      </trkpt>
      <trkpt lat="43.707053" lon="3.915913">
        <ele>81.136466</ele>
        <time>2026-06-08T17:40:22.050Z</time>
      </trkpt>
      <trkpt lat="43.706781" lon="3.915736">
        <ele>80.711707</ele>
        <time>2026-06-08T17:40:30.549Z</time>
      </trkpt>
      <trkpt lat="43.706618" lon="3.915420">
        <ele>80.442548</ele>
        <time>2026-06-08T17:40:38.721Z</time>
      </trkpt>
      <trkpt lat="43.706459" lon="3.915028">
        <ele>80.348028</ele>
        <time>2026-06-08T17:40:48.832Z</time>
      </trkpt>
      <trkpt lat="43.706307" lon="3.914854">
        <ele>80.533001</ele>
        <time>2026-06-08T17:40:55.900Z</time>
      </trkpt>
      <trkpt lat="43.706389" lon="3.914355">
        <ele>81.149774</ele>
        <time>2026-06-08T17:41:05.130Z</time>
      </trkpt>
      <trkpt lat="43.706405" lon="3.914232">
        <ele>81.343127</ele>
        <time>2026-06-08T17:41:07.608Z</time>
      </trkpt>
      <trkpt lat="43.706429" lon="3.914051">
        <ele>81.701462</ele>
        <time>2026-06-08T17:41:11.487Z</time>
      </trkpt>
      <trkpt lat="43.706443" lon="3.913947">
        <ele>81.925139</ele>
        <time>2026-06-08T17:41:13.827Z</time>
      </trkpt>
      <trkpt lat="43.706308" lon="3.913850">
        <ele>82.449455</ele>
        <time>2026-06-08T17:41:20.931Z</time>
      </trkpt>
      <trkpt lat="43.706194" lon="3.913675">
        <ele>83.108383</ele>
        <time>2026-06-08T17:41:29.279Z</time>
      </trkpt>
      <trkpt lat="43.705768" lon="3.913418">
        <ele>85.160377</ele>
        <time>2026-06-08T17:41:53.452Z</time>
      </trkpt>
      <trkpt lat="43.705419" lon="3.913067">
        <ele>87.460551</ele>
        <time>2026-06-08T17:42:17.858Z</time>
      </trkpt>
      <trkpt lat="43.704735" lon="3.912673">
        <ele>90.917570</ele>
        <time>2026-06-08T17:42:56.984Z</time>
      </trkpt>
      <trkpt lat="43.704458" lon="3.912405">
        <ele>92.080369</ele>
        <time>2026-06-08T17:43:12.838Z</time>
      </trkpt>
      <trkpt lat="43.704250" lon="3.912267">
        <ele>92.679795</ele>
        <time>2026-06-08T17:43:22.805Z</time>
      </trkpt>
      <trkpt lat="43.704211" lon="3.912240">
        <ele>92.746472</ele>
        <time>2026-06-08T17:43:24.632Z</time>
      </trkpt>
      <trkpt lat="43.703815" lon="3.912118">
        <ele>93.248545</ele>
        <time>2026-06-08T17:43:39.616Z</time>
      </trkpt>
      <trkpt lat="43.703652" lon="3.912182">
        <ele>93.172462</ele>
        <time>2026-06-08T17:43:44.936Z</time>
      </trkpt>
      <trkpt lat="43.703432" lon="3.912161">
        <ele>92.938482</ele>
        <time>2026-06-08T17:43:51.360Z</time>
      </trkpt>
      <trkpt lat="43.703134" lon="3.911989">
        <ele>92.255611</ele>
        <time>2026-06-08T17:44:00.096Z</time>
      </trkpt>
      <trkpt lat="43.702831" lon="3.911772">
        <ele>91.183268</ele>
        <time>2026-06-08T17:44:08.852Z</time>
      </trkpt>
      <trkpt lat="43.702652" lon="3.911583">
        <ele>90.378826</ele>
        <time>2026-06-08T17:44:14.570Z</time>
      </trkpt>
      <trkpt lat="43.702475" lon="3.911334">
        <ele>89.422818</ele>
        <time>2026-06-08T17:44:20.942Z</time>
      </trkpt>
      <trkpt lat="43.702057" lon="3.910893">
        <ele>87.600298</ele>
        <time>2026-06-08T17:44:34.341Z</time>
      </trkpt>
      <trkpt lat="43.701954" lon="3.910608">
        <ele>86.858818</ele>
        <time>2026-06-08T17:44:40.280Z</time>
      </trkpt>
      <trkpt lat="43.701926" lon="3.910423">
        <ele>86.534838</ele>
        <time>2026-06-08T17:44:43.971Z</time>
      </trkpt>
      <trkpt lat="43.701861" lon="3.910307">
        <ele>86.362961</ele>
        <time>2026-06-08T17:44:46.941Z</time>
      </trkpt>
      <trkpt lat="43.701665" lon="3.909946">
        <ele>86.153149</ele>
        <time>2026-06-08T17:44:56.682Z</time>
      </trkpt>
      <trkpt lat="43.701557" lon="3.909679">
        <ele>86.234097</ele>
        <time>2026-06-08T17:45:04.213Z</time>
      </trkpt>
      <trkpt lat="43.701450" lon="3.909329">
        <ele>86.508971</ele>
        <time>2026-06-08T17:45:11.072Z</time>
      </trkpt>
      <trkpt lat="43.701328" lon="3.909210">
        <ele>86.670090</ele>
        <time>2026-06-08T17:45:16.497Z</time>
      </trkpt>
      <trkpt lat="43.701243" lon="3.909057">
        <ele>86.817695</ele>
        <time>2026-06-08T17:45:21.497Z</time>
      </trkpt>
      <trkpt lat="43.701003" lon="3.908905">
        <ele>87.070958</ele>
        <time>2026-06-08T17:45:31.250Z</time>
      </trkpt>
      <trkpt lat="43.700952" lon="3.908902">
        <ele>87.112535</ele>
        <time>2026-06-08T17:45:32.938Z</time>
      </trkpt>
      <trkpt lat="43.700935" lon="3.908891">
        <ele>87.127822</ele>
        <time>2026-06-08T17:45:33.657Z</time>
      </trkpt>
      <trkpt lat="43.700808" lon="3.908816">
        <ele>87.188526</ele>
        <time>2026-06-08T17:45:38.186Z</time>
      </trkpt>
      <trkpt lat="43.700733" lon="3.908832">
        <ele>87.191534</ele>
        <time>2026-06-08T17:45:40.705Z</time>
      </trkpt>
      <trkpt lat="43.700618" lon="3.908907">
        <ele>87.172628</ele>
        <time>2026-06-08T17:45:44.647Z</time>
      </trkpt>
      <trkpt lat="43.700612" lon="3.909175">
        <ele>87.062945</ele>
        <time>2026-06-08T17:45:48.232Z</time>
      </trkpt>
      <trkpt lat="43.700546" lon="3.909323">
        <ele>86.873395</ele>
        <time>2026-06-08T17:45:50.427Z</time>
      </trkpt>
      <trkpt lat="43.700485" lon="3.909381">
        <ele>86.761787</ele>
        <time>2026-06-08T17:45:51.607Z</time>
      </trkpt>
      <trkpt lat="43.700328" lon="3.909397">
        <ele>86.339967</ele>
        <time>2026-06-08T17:45:54.054Z</time>
      </trkpt>
      <trkpt lat="43.700293" lon="3.909366">
        <ele>86.224924</ele>
        <time>2026-06-08T17:45:55.169Z</time>
      </trkpt>
      <trkpt lat="43.699769" lon="3.909344">
        <ele>84.055882</ele>
        <time>2026-06-08T17:46:08.119Z</time>
      </trkpt>
      <trkpt lat="43.699582" lon="3.909357">
        <ele>83.121529</ele>
        <time>2026-06-08T17:46:12.627Z</time>
      </trkpt>
      <trkpt lat="43.699498" lon="3.909392">
        <ele>82.695815</ele>
        <time>2026-06-08T17:46:14.760Z</time>
      </trkpt>
      <trkpt lat="43.699273" lon="3.909380">
        <ele>81.611864</ele>
        <time>2026-06-08T17:46:20.221Z</time>
      </trkpt>
      <trkpt lat="43.699041" lon="3.909323">
        <ele>80.522244</ele>
        <time>2026-06-08T17:46:25.973Z</time>
      </trkpt>
      <trkpt lat="43.698772" lon="3.909210">
        <ele>79.377903</ele>
        <time>2026-06-08T17:46:32.917Z</time>
      </trkpt>
      <trkpt lat="43.697939" lon="3.908479">
        <ele>76.621381</ele>
        <time>2026-06-08T17:46:58.899Z</time>
      </trkpt>
      <trkpt lat="43.697408" lon="3.908075">
        <ele>75.272299</ele>
        <time>2026-06-08T17:47:15.285Z</time>
      </trkpt>
      <trkpt lat="43.697344" lon="3.908086">
        <ele>75.125155</ele>
        <time>2026-06-08T17:47:17.027Z</time>
      </trkpt>
      <trkpt lat="43.696686" lon="3.908578">
        <ele>73.530924</ele>
        <time>2026-06-08T17:47:37.413Z</time>
      </trkpt>
      <trkpt lat="43.696335" lon="3.908788">
        <ele>72.900670</ele>
        <time>2026-06-08T17:47:48.058Z</time>
      </trkpt>
      <trkpt lat="43.696151" lon="3.908550">
        <ele>72.585060</ele>
        <time>2026-06-08T17:47:52.328Z</time>
      </trkpt>
      <trkpt lat="43.695289" lon="3.907535">
        <ele>72.569400</ele>
        <time>2026-06-08T17:48:14.859Z</time>
      </trkpt>
      <trkpt lat="43.694398" lon="3.905929">
        <ele>74.225872</ele>
        <time>2026-06-08T17:48:51.639Z</time>
      </trkpt>
      <trkpt lat="43.693952" lon="3.905288">
        <ele>75.298370</ele>
        <time>2026-06-08T17:49:09.191Z</time>
      </trkpt>
      <trkpt lat="43.693521" lon="3.904848">
        <ele>76.203276</ele>
        <time>2026-06-08T17:49:23.825Z</time>
      </trkpt>
      <trkpt lat="43.692600" lon="3.903982">
        <ele>78.204660</ele>
        <time>2026-06-08T17:49:55.097Z</time>
      </trkpt>
      <trkpt lat="43.692467" lon="3.903873">
        <ele>78.546551</ele>
        <time>2026-06-08T17:49:59.586Z</time>
      </trkpt>
      <trkpt lat="43.692251" lon="3.903697">
        <ele>79.240395</ele>
        <time>2026-06-08T17:50:07.518Z</time>
      </trkpt>
      <trkpt lat="43.691847" lon="3.903457">
        <ele>80.826467</ele>
        <time>2026-06-08T17:50:23.337Z</time>
      </trkpt>
      <trkpt lat="43.691747" lon="3.903452">
        <ele>81.235971</ele>
        <time>2026-06-08T17:50:27.272Z</time>
      </trkpt>
      <trkpt lat="43.691638" lon="3.903375">
        <ele>81.802882</ele>
        <time>2026-06-08T17:50:32.291Z</time>
      </trkpt>
      <trkpt lat="43.691516" lon="3.903496">
        <ele>82.568316</ele>
        <time>2026-06-08T17:50:40.543Z</time>
      </trkpt>
      <trkpt lat="43.690876" lon="3.904038">
        <ele>86.682182</ele>
        <time>2026-06-08T17:51:23.289Z</time>
      </trkpt>
      <trkpt lat="43.690504" lon="3.904360">
        <ele>88.919426</ele>
        <time>2026-06-08T17:51:47.256Z</time>
      </trkpt>
      <trkpt lat="43.690324" lon="3.904638">
        <ele>89.945656</ele>
        <time>2026-06-08T17:52:00.462Z</time>
      </trkpt>
      <trkpt lat="43.690070" lon="3.904615">
        <ele>90.563649</ele>
        <time>2026-06-08T17:52:11.273Z</time>
      </trkpt>
      <trkpt lat="43.689897" lon="3.904683">
        <ele>90.743077</ele>
        <time>2026-06-08T17:52:17.930Z</time>
      </trkpt>
      <trkpt lat="43.689713" lon="3.904632">
        <ele>90.738057</ele>
        <time>2026-06-08T17:52:24.060Z</time>
      </trkpt>
      <trkpt lat="43.689435" lon="3.904653">
        <ele>90.484341</ele>
        <time>2026-06-08T17:52:32.118Z</time>
      </trkpt>
      <trkpt lat="43.689352" lon="3.904666">
        <ele>90.326646</ele>
        <time>2026-06-08T17:52:34.412Z</time>
      </trkpt>
      <trkpt lat="43.688946" lon="3.904887">
        <ele>89.164548</ele>
        <time>2026-06-08T17:52:45.914Z</time>
      </trkpt>
      <trkpt lat="43.688622" lon="3.905187">
        <ele>87.784302</ele>
        <time>2026-06-08T17:52:55.814Z</time>
      </trkpt>
      <trkpt lat="43.688401" lon="3.905463">
        <ele>86.615033</ele>
        <time>2026-06-08T17:53:03.292Z</time>
      </trkpt>
      <trkpt lat="43.688221" lon="3.905628">
        <ele>85.798581</ele>
        <time>2026-06-08T17:53:08.696Z</time>
      </trkpt>
      <trkpt lat="43.688034" lon="3.905599">
        <ele>85.095234</ele>
        <time>2026-06-08T17:53:13.426Z</time>
      </trkpt>
      <trkpt lat="43.687712" lon="3.905469">
        <ele>83.804605</ele>
        <time>2026-06-08T17:53:21.878Z</time>
      </trkpt>
      <trkpt lat="43.687571" lon="3.905369">
        <ele>83.195232</ele>
        <time>2026-06-08T17:53:25.866Z</time>
      </trkpt>
      <trkpt lat="43.686887" lon="3.905188">
        <ele>80.498699</ele>
        <time>2026-06-08T17:53:43.353Z</time>
      </trkpt>
      <trkpt lat="43.686467" lon="3.905028">
        <ele>78.789719</ele>
        <time>2026-06-08T17:53:54.209Z</time>
      </trkpt>
      <trkpt lat="43.686006" lon="3.904994">
        <ele>76.931014</ele>
        <time>2026-06-08T17:54:05.679Z</time>
      </trkpt>
      <trkpt lat="43.684844" lon="3.904797">
        <ele>72.651918</ele>
        <time>2026-06-08T17:54:35.335Z</time>
      </trkpt>
      <trkpt lat="43.684837" lon="3.904797">
        <ele>72.629300</ele>
        <time>2026-06-08T17:54:35.522Z</time>
      </trkpt>
      <trkpt lat="43.684428" lon="3.904819">
        <ele>71.432362</ele>
        <time>2026-06-08T17:54:46.206Z</time>
      </trkpt>
      <trkpt lat="43.684001" lon="3.904759">
        <ele>70.411369</ele>
        <time>2026-06-08T17:54:57.676Z</time>
      </trkpt>
      <trkpt lat="43.683500" lon="3.904597">
        <ele>69.321774</ele>
        <time>2026-06-08T17:55:11.747Z</time>
      </trkpt>
      <trkpt lat="43.683104" lon="3.904508">
        <ele>68.601607</ele>
        <time>2026-06-08T17:55:22.863Z</time>
      </trkpt>
      <trkpt lat="43.682872" lon="3.904477">
        <ele>68.210255</ele>
        <time>2026-06-08T17:55:29.405Z</time>
      </trkpt>
      <trkpt lat="43.682430" lon="3.904310">
        <ele>67.525547</ele>
        <time>2026-06-08T17:55:42.406Z</time>
      </trkpt>
      <trkpt lat="43.681913" lon="3.903927">
        <ele>66.804578</ele>
        <time>2026-06-08T17:55:59.297Z</time>
      </trkpt>
      <trkpt lat="43.681537" lon="3.903836">
        <ele>66.400436</ele>
        <time>2026-06-08T17:56:10.382Z</time>
      </trkpt>
      <trkpt lat="43.681258" lon="3.903733">
        <ele>66.114971</ele>
        <time>2026-06-08T17:56:18.893Z</time>
      </trkpt>
      <trkpt lat="43.680887" lon="3.903744">
        <ele>65.927906</ele>
        <time>2026-06-08T17:56:30.014Z</time>
      </trkpt>
      <trkpt lat="43.680594" lon="3.903650">
        <ele>65.914842</ele>
        <time>2026-06-08T17:56:39.461Z</time>
      </trkpt>
      <trkpt lat="43.680397" lon="3.903650">
        <ele>66.013833</ele>
        <time>2026-06-08T17:56:46.237Z</time>
      </trkpt>
      <trkpt lat="43.680045" lon="3.903760">
        <ele>66.336498</ele>
        <time>2026-06-08T17:56:59.381Z</time>
      </trkpt>
      <trkpt lat="43.679727" lon="3.903917">
        <ele>66.771716</ele>
        <time>2026-06-08T17:57:12.037Z</time>
      </trkpt>
      <trkpt lat="43.679726" lon="3.903843">
        <ele>66.836953</ele>
        <time>2026-06-08T17:57:13.289Z</time>
      </trkpt>
      <trkpt lat="43.679640" lon="3.903740">
        <ele>66.975179</ele>
        <time>2026-06-08T17:57:17.770Z</time>
      </trkpt>
      <trkpt lat="43.679613" lon="3.903583">
        <ele>67.110818</ele>
        <time>2026-06-08T17:57:22.350Z</time>
      </trkpt>
      <trkpt lat="43.679563" lon="3.903486">
        <ele>67.206291</ele>
        <time>2026-06-08T17:57:25.735Z</time>
      </trkpt>
      <trkpt lat="43.679400" lon="3.903422">
        <ele>67.412430</ele>
        <time>2026-06-08T17:57:32.360Z</time>
      </trkpt>
      <trkpt lat="43.679275" lon="3.903486">
        <ele>67.587809</ele>
        <time>2026-06-08T17:57:37.536Z</time>
      </trkpt>
      <trkpt lat="43.679229" lon="3.903597">
        <ele>67.678730</ele>
        <time>2026-06-08T17:57:41.072Z</time>
      </trkpt>
      <trkpt lat="43.679018" lon="3.903771">
        <ele>67.896279</ele>
        <time>2026-06-08T17:57:50.515Z</time>
      </trkpt>
      <trkpt lat="43.678969" lon="3.903881">
        <ele>67.969186</ele>
        <time>2026-06-08T17:57:54.016Z</time>
      </trkpt>
      <trkpt lat="43.678442" lon="3.904561">
        <ele>68.056584</ele>
        <time>2026-06-08T17:58:18.548Z</time>
      </trkpt>
      <trkpt lat="43.678436" lon="3.904650">
        <ele>68.022834</ele>
        <time>2026-06-08T17:58:20.605Z</time>
      </trkpt>
      <trkpt lat="43.678494" lon="3.904774">
        <ele>67.967075</ele>
        <time>2026-06-08T17:58:24.019Z</time>
      </trkpt>
      <trkpt lat="43.678602" lon="3.905262">
        <ele>67.599489</ele>
        <time>2026-06-08T17:58:35.546Z</time>
      </trkpt>
      <trkpt lat="43.678663" lon="3.905761">
        <ele>67.185766</ele>
        <time>2026-06-08T17:58:46.823Z</time>
      </trkpt>
      <trkpt lat="43.678663" lon="3.906143">
        <ele>66.787497</ele>
        <time>2026-06-08T17:58:55.232Z</time>
      </trkpt>
      <trkpt lat="43.678556" lon="3.906437">
        <ele>66.389725</ele>
        <time>2026-06-08T17:59:02.333Z</time>
      </trkpt>
      <trkpt lat="43.678474" lon="3.906550">
        <ele>66.182955</ele>
        <time>2026-06-08T17:59:05.747Z</time>
      </trkpt>
      <trkpt lat="43.678253" lon="3.906590">
        <ele>65.685385</ele>
        <time>2026-06-08T17:59:12.261Z</time>
      </trkpt>
      <trkpt lat="43.677874" lon="3.906928">
        <ele>64.476681</ele>
        <time>2026-06-08T17:59:24.953Z</time>
      </trkpt>
      <trkpt lat="43.677845" lon="3.906997">
        <ele>64.294783</ele>
        <time>2026-06-08T17:59:26.544Z</time>
      </trkpt>
      <trkpt lat="43.677845" lon="3.907085">
        <ele>64.087449</ele>
        <time>2026-06-08T17:59:28.289Z</time>
      </trkpt>
      <trkpt lat="43.677944" lon="3.907251">
        <ele>63.575340</ele>
        <time>2026-06-08T17:59:32.531Z</time>
      </trkpt>
      <trkpt lat="43.677959" lon="3.907295">
        <ele>63.456127</ele>
        <time>2026-06-08T17:59:33.492Z</time>
      </trkpt>
      <trkpt lat="43.677944" lon="3.907359">
        <ele>63.291248</ele>
        <time>2026-06-08T17:59:34.836Z</time>
      </trkpt>
      <trkpt lat="43.678015" lon="3.907416">
        <ele>63.013042</ele>
        <time>2026-06-08T17:59:37.048Z</time>
      </trkpt>
      <trkpt lat="43.678055" lon="3.907491">
        <ele>62.789756</ele>
        <time>2026-06-08T17:59:38.913Z</time>
      </trkpt>
      <trkpt lat="43.678030" lon="3.907554">
        <ele>62.619151</ele>
        <time>2026-06-08T17:59:40.305Z</time>
      </trkpt>
      <trkpt lat="43.677448" lon="3.907956">
        <ele>60.513974</ele>
        <time>2026-06-08T17:59:58.266Z</time>
      </trkpt>
      <trkpt lat="43.677410" lon="3.908067">
        <ele>60.244091</ele>
        <time>2026-06-08T18:00:00.755Z</time>
      </trkpt>
      <trkpt lat="43.677263" lon="3.908175">
        <ele>59.830521</ele>
        <time>2026-06-08T18:00:05.504Z</time>
      </trkpt>
      <trkpt lat="43.677156" lon="3.908160">
        <ele>59.596810</ele>
        <time>2026-06-08T18:00:08.597Z</time>
      </trkpt>
      <trkpt lat="43.676890" lon="3.908327">
        <ele>59.046231</ele>
        <time>2026-06-08T18:00:17.176Z</time>
      </trkpt>
      <trkpt lat="43.676749" lon="3.908372">
        <ele>58.855322</ele>
        <time>2026-06-08T18:00:21.633Z</time>
      </trkpt>
      <trkpt lat="43.676542" lon="3.908336">
        <ele>58.853292</ele>
        <time>2026-06-08T18:00:28.460Z</time>
      </trkpt>
      <trkpt lat="43.676024" lon="3.908379">
        <ele>59.459535</ele>
        <time>2026-06-08T18:00:48.999Z</time>
      </trkpt>
      <trkpt lat="43.675972" lon="3.908343">
        <ele>59.584520</ele>
        <time>2026-06-08T18:00:51.494Z</time>
      </trkpt>
      <trkpt lat="43.675949" lon="3.908329">
        <ele>59.638530</ele>
        <time>2026-06-08T18:00:52.565Z</time>
      </trkpt>
      <trkpt lat="43.675795" lon="3.908275">
        <ele>60.006017</ele>
        <time>2026-06-08T18:00:59.537Z</time>
      </trkpt>
      <trkpt lat="43.675675" lon="3.908191">
        <ele>60.369782</ele>
        <time>2026-06-08T18:01:05.739Z</time>
      </trkpt>
      <trkpt lat="43.675061" lon="3.908146">
        <ele>62.716104</ele>
        <time>2026-06-08T18:01:37.104Z</time>
      </trkpt>
      <trkpt lat="43.674990" lon="3.908176">
        <ele>63.015712</ele>
        <time>2026-06-08T18:01:41.092Z</time>
      </trkpt>
      <trkpt lat="43.674881" lon="3.908416">
        <ele>63.897568</ele>
        <time>2026-06-08T18:01:51.903Z</time>
      </trkpt>
      <trkpt lat="43.674814" lon="3.908389">
        <ele>64.196008</ele>
        <time>2026-06-08T18:01:55.501Z</time>
      </trkpt>
      <trkpt lat="43.674700" lon="3.908231">
        <ele>64.860323</ele>
        <time>2026-06-08T18:02:03.618Z</time>
      </trkpt>
      <trkpt lat="43.674371" lon="3.907770">
        <ele>66.429444</ele>
        <time>2026-06-08T18:02:25.702Z</time>
      </trkpt>
      <trkpt lat="43.674316" lon="3.907797">
        <ele>66.540303</ele>
        <time>2026-06-08T18:02:28.253Z</time>
      </trkpt>
      <trkpt lat="43.673892" lon="3.909535">
        <ele>67.924202</ele>
        <time>2026-06-08T18:03:16.683Z</time>
      </trkpt>
      <trkpt lat="43.673877" lon="3.909764">
        <ele>67.757555</ele>
        <time>2026-06-08T18:03:21.492Z</time>
      </trkpt>
      <trkpt lat="43.673796" lon="3.910132">
        <ele>67.272851</ele>
        <time>2026-06-08T18:03:29.240Z</time>
      </trkpt>
      <trkpt lat="43.673531" lon="3.911048">
        <ele>65.362926</ele>
        <time>2026-06-08T18:03:48.066Z</time>
      </trkpt>
      <trkpt lat="43.673505" lon="3.911136">
        <ele>65.128447</ele>
        <time>2026-06-08T18:03:49.821Z</time>
      </trkpt>
      <trkpt lat="43.673529" lon="3.911259">
        <ele>64.814200</ele>
        <time>2026-06-08T18:03:52.321Z</time>
      </trkpt>
      <trkpt lat="43.673523" lon="3.911494">
        <ele>64.163601</ele>
        <time>2026-06-08T18:03:56.906Z</time>
      </trkpt>
      <trkpt lat="43.673464" lon="3.911665">
        <ele>63.635082</ele>
        <time>2026-06-08T18:04:00.568Z</time>
      </trkpt>
      <trkpt lat="43.672964" lon="3.912157">
        <ele>61.306192</ele>
        <time>2026-06-08T18:04:17.033Z</time>
      </trkpt>
      <trkpt lat="43.672871" lon="3.912303">
        <ele>60.818085</ele>
        <time>2026-06-08T18:04:20.862Z</time>
      </trkpt>
      <trkpt lat="43.672793" lon="3.912424">
        <ele>60.449455</ele>
        <time>2026-06-08T18:04:24.078Z</time>
      </trkpt>
      <trkpt lat="43.672375" lon="3.913303">
        <ele>58.631923</ele>
        <time>2026-06-08T18:04:45.879Z</time>
      </trkpt>
      <trkpt lat="43.672328" lon="3.913447">
        <ele>58.404535</ele>
        <time>2026-06-08T18:04:49.302Z</time>
      </trkpt>
      <trkpt lat="43.672295" lon="3.913432">
        <ele>58.367386</ele>
        <time>2026-06-08T18:04:49.811Z</time>
      </trkpt>
      <trkpt lat="43.671918" lon="3.913131">
        <ele>58.006239</ele>
        <time>2026-06-08T18:04:56.399Z</time>
      </trkpt>
      <trkpt lat="43.671812" lon="3.912981">
        <ele>57.928211</ele>
        <time>2026-06-08T18:04:58.903Z</time>
      </trkpt>
      <trkpt lat="43.671770" lon="3.912837">
        <ele>57.919136</ele>
        <time>2026-06-08T18:05:00.843Z</time>
      </trkpt>
      <trkpt lat="43.671681" lon="3.912743">
        <ele>57.936760</ele>
        <time>2026-06-08T18:05:02.816Z</time>
      </trkpt>
      <trkpt lat="43.671570" lon="3.912726">
        <ele>57.974934</ele>
        <time>2026-06-08T18:05:04.822Z</time>
      </trkpt>
      <trkpt lat="43.671467" lon="3.912789">
        <ele>58.025180</ele>
        <time>2026-06-08T18:05:06.863Z</time>
      </trkpt>
      <trkpt lat="43.671403" lon="3.912915">
        <ele>58.061156</ele>
        <time>2026-06-08T18:05:09.053Z</time>
      </trkpt>
      <trkpt lat="43.671394" lon="3.913068">
        <ele>58.089103</ele>
        <time>2026-06-08T18:05:11.066Z</time>
      </trkpt>
      <trkpt lat="43.671455" lon="3.913225">
        <ele>58.097281</ele>
        <time>2026-06-08T18:05:13.334Z</time>
      </trkpt>
      <trkpt lat="43.671489" lon="3.913440">
        <ele>58.083705</ele>
        <time>2026-06-08T18:05:16.008Z</time>
      </trkpt>
      <trkpt lat="43.671447" lon="3.913438">
        <ele>58.064439</ele>
        <time>2026-06-08T18:05:16.707Z</time>
      </trkpt>
      <trkpt lat="43.671393" lon="3.913358">
        <ele>58.028154</ele>
        <time>2026-06-08T18:05:17.999Z</time>
      </trkpt>
      <trkpt lat="43.671290" lon="3.913316">
        <ele>57.974844</ele>
        <time>2026-06-08T18:05:19.727Z</time>
      </trkpt>
      <trkpt lat="43.671250" lon="3.913131">
        <ele>57.886771</ele>
        <time>2026-06-08T18:05:21.907Z</time>
      </trkpt>
      <trkpt lat="43.671193" lon="3.912994">
        <ele>57.811389</ele>
        <time>2026-06-08T18:05:23.652Z</time>
      </trkpt>
      <trkpt lat="43.671030" lon="3.912866">
        <ele>57.674017</ele>
        <time>2026-06-08T18:05:26.503Z</time>
      </trkpt>
      <trkpt lat="43.670605" lon="3.912618">
        <ele>57.085127</ele>
        <time>2026-06-08T18:05:33.157Z</time>
      </trkpt>
      <trkpt lat="43.669832" lon="3.911969">
        <ele>55.648133</ele>
        <time>2026-06-08T18:05:45.827Z</time>
      </trkpt>
      <trkpt lat="43.668568" lon="3.910840">
        <ele>54.709641</ele>
        <time>2026-06-08T18:06:09.378Z</time>
      </trkpt>
      <trkpt lat="43.668365" lon="3.910586">
        <ele>54.591321</ele>
        <time>2026-06-08T18:06:13.800Z</time>
      </trkpt>
      <trkpt lat="43.667696" lon="3.909623">
        <ele>53.989516</ele>
        <time>2026-06-08T18:06:28.736Z</time>
      </trkpt>
      <trkpt lat="43.667590" lon="3.909582">
        <ele>53.907485</ele>
        <time>2026-06-08T18:06:30.467Z</time>
      </trkpt>
      <trkpt lat="43.667433" lon="3.909595">
        <ele>53.821410</ele>
        <time>2026-06-08T18:06:32.925Z</time>
      </trkpt>
      <trkpt lat="43.667393" lon="3.909557">
        <ele>53.797709</ele>
        <time>2026-06-08T18:06:33.679Z</time>
      </trkpt>
      <trkpt lat="43.667337" lon="3.909498">
        <ele>53.762062</ele>
        <time>2026-06-08T18:06:34.798Z</time>
      </trkpt>
      <trkpt lat="43.667297" lon="3.909425">
        <ele>53.724248</ele>
        <time>2026-06-08T18:06:35.849Z</time>
      </trkpt>
      <trkpt lat="43.667296" lon="3.909081">
        <ele>53.639761</ele>
        <time>2026-06-08T18:06:39.817Z</time>
      </trkpt>
      <trkpt lat="43.667259" lon="3.908943">
        <ele>53.637029</ele>
        <time>2026-06-08T18:06:41.538Z</time>
      </trkpt>
      <trkpt lat="43.666230" lon="3.907580">
        <ele>55.205236</ele>
        <time>2026-06-08T18:07:12.942Z</time>
      </trkpt>
      <trkpt lat="43.665908" lon="3.907105">
        <ele>56.629096</ele>
        <time>2026-06-08T18:07:27.528Z</time>
      </trkpt>
      <trkpt lat="43.665743" lon="3.906680">
        <ele>57.906662</ele>
        <time>2026-06-08T18:07:39.281Z</time>
      </trkpt>
      <trkpt lat="43.665684" lon="3.906337">
        <ele>58.908587</ele>
        <time>2026-06-08T18:07:48.306Z</time>
      </trkpt>
      <trkpt lat="43.665657" lon="3.906009">
        <ele>59.886985</ele>
        <time>2026-06-08T18:07:57.042Z</time>
      </trkpt>
      <trkpt lat="43.665640" lon="3.904442">
        <ele>64.239673</ele>
        <time>2026-06-08T18:08:35.918Z</time>
      </trkpt>
      <trkpt lat="43.665601" lon="3.904165">
        <ele>64.791319</ele>
        <time>2026-06-08T18:08:41.999Z</time>
      </trkpt>
      <trkpt lat="43.665532" lon="3.903938">
        <ele>65.179460</ele>
        <time>2026-06-08T18:08:46.813Z</time>
      </trkpt>
      <trkpt lat="43.665398" lon="3.903681">
        <ele>65.546460</ele>
        <time>2026-06-08T18:08:52.184Z</time>
      </trkpt>
      <trkpt lat="43.665145" lon="3.903477">
        <ele>65.668072</ele>
        <time>2026-06-08T18:08:57.816Z</time>
      </trkpt>
      <trkpt lat="43.664889" lon="3.903419">
        <ele>65.553383</ele>
        <time>2026-06-08T18:09:02.052Z</time>
      </trkpt>
      <trkpt lat="43.664418" lon="3.903410">
        <ele>64.933875</ele>
        <time>2026-06-08T18:09:08.793Z</time>
      </trkpt>
      <trkpt lat="43.664218" lon="3.903357">
        <ele>64.480366</ele>
        <time>2026-06-08T18:09:11.494Z</time>
      </trkpt>
      <trkpt lat="43.663984" lon="3.903246">
        <ele>63.813462</ele>
        <time>2026-06-08T18:09:14.682Z</time>
      </trkpt>
      <trkpt lat="43.663021" lon="3.902834">
        <ele>61.146086</ele>
        <time>2026-06-08T18:09:27.768Z</time>
      </trkpt>
      <trkpt lat="43.662871" lon="3.902851">
        <ele>60.890648</ele>
        <time>2026-06-08T18:09:29.857Z</time>
      </trkpt>
      <trkpt lat="43.662819" lon="3.902888">
        <ele>60.796762</ele>
        <time>2026-06-08T18:09:30.668Z</time>
      </trkpt>
      <trkpt lat="43.662783" lon="3.902956">
        <ele>60.701816</ele>
        <time>2026-06-08T18:09:31.541Z</time>
      </trkpt>
      <trkpt lat="43.662706" lon="3.903065">
        <ele>60.536001</ele>
        <time>2026-06-08T18:09:33.097Z</time>
      </trkpt>
      <trkpt lat="43.662614" lon="3.903092">
        <ele>60.396820</ele>
        <time>2026-06-08T18:09:34.441Z</time>
      </trkpt>
      <trkpt lat="43.662530" lon="3.903092">
        <ele>60.293868</ele>
        <time>2026-06-08T18:09:35.669Z</time>
      </trkpt>
      <trkpt lat="43.662444" lon="3.903068">
        <ele>60.186337</ele>
        <time>2026-06-08T18:09:36.943Z</time>
      </trkpt>
      <trkpt lat="43.662343" lon="3.902942">
        <ele>60.033313</ele>
        <time>2026-06-08T18:09:38.942Z</time>
      </trkpt>
      <trkpt lat="43.662277" lon="3.902620">
        <ele>59.844305</ele>
        <time>2026-06-08T18:09:42.613Z</time>
      </trkpt>
      <trkpt lat="43.662201" lon="3.902542">
        <ele>59.804722</ele>
        <time>2026-06-08T18:09:44.077Z</time>
      </trkpt>
      <trkpt lat="43.661302" lon="3.902244">
        <ele>59.707317</ele>
        <time>2026-06-08T18:09:59.665Z</time>
      </trkpt>
      <trkpt lat="43.660643" lon="3.901835">
        <ele>59.829193</ele>
        <time>2026-06-08T18:10:12.687Z</time>
      </trkpt>
      <trkpt lat="43.660081" lon="3.901641">
        <ele>60.172509</ele>
        <time>2026-06-08T18:10:24.145Z</time>
      </trkpt>
      <trkpt lat="43.660029" lon="3.901646">
        <ele>60.203123</ele>
        <time>2026-06-08T18:10:25.195Z</time>
      </trkpt>
      <trkpt lat="43.660041" lon="3.901595">
        <ele>60.235841</ele>
        <time>2026-06-08T18:10:25.984Z</time>
      </trkpt>
      <trkpt lat="43.660048" lon="3.901564">
        <ele>60.255654</ele>
        <time>2026-06-08T18:10:26.687Z</time>
      </trkpt>
      <trkpt lat="43.660080" lon="3.901409">
        <ele>60.353992</ele>
        <time>2026-06-08T18:10:30.220Z</time>
      </trkpt>
      <trkpt lat="43.660088" lon="3.901371">
        <ele>60.378137</ele>
        <time>2026-06-08T18:10:31.094Z</time>
      </trkpt>
      <trkpt lat="43.660058" lon="3.900996">
        <ele>60.676010</ele>
        <time>2026-06-08T18:10:37.090Z</time>
      </trkpt>
      <trkpt lat="43.660026" lon="3.900893">
        <ele>60.742625</ele>
        <time>2026-06-08T18:10:38.843Z</time>
      </trkpt>
      <trkpt lat="43.659836" lon="3.900527">
        <ele>61.099389</ele>
        <time>2026-06-08T18:10:45.863Z</time>
      </trkpt>
      <trkpt lat="43.659852" lon="3.900184">
        <ele>61.414944</ele>
        <time>2026-06-08T18:10:51.636Z</time>
      </trkpt>
      <trkpt lat="43.659879" lon="3.900010">
        <ele>61.623498</ele>
        <time>2026-06-08T18:10:54.786Z</time>
      </trkpt>
      <trkpt lat="43.659965" lon="3.899747">
        <ele>62.009769</ele>
        <time>2026-06-08T18:11:00.242Z</time>
      </trkpt>
      <trkpt lat="43.660041" lon="3.899653">
        <ele>62.212798</ele>
        <time>2026-06-08T18:11:02.908Z</time>
      </trkpt>
      <trkpt lat="43.660115" lon="3.899629">
        <ele>62.370837</ele>
        <time>2026-06-08T18:11:04.822Z</time>
      </trkpt>
      <trkpt lat="43.660127" lon="3.899583">
        <ele>62.444390</ele>
        <time>2026-06-08T18:11:06.103Z</time>
      </trkpt>
      <trkpt lat="43.660139" lon="3.899533">
        <ele>62.523630</ele>
        <time>2026-06-08T18:11:07.453Z</time>
      </trkpt>
      <trkpt lat="43.660108" lon="3.899515">
        <ele>62.593541</ele>
        <time>2026-06-08T18:11:08.346Z</time>
      </trkpt>
      <trkpt lat="43.660119" lon="3.899472">
        <ele>62.662207</ele>
        <time>2026-06-08T18:11:09.271Z</time>
      </trkpt>
      <trkpt lat="43.660070" lon="3.899409">
        <ele>62.804141</ele>
        <time>2026-06-08T18:11:11.239Z</time>
      </trkpt>
      <trkpt lat="43.660036" lon="3.899285">
        <ele>63.007615</ele>
        <time>2026-06-08T18:11:14.044Z</time>
      </trkpt>
      <trkpt lat="43.660090" lon="3.898858">
        <ele>63.674597</ele>
        <time>2026-06-08T18:11:23.198Z</time>
      </trkpt>
      <trkpt lat="43.660120" lon="3.898332">
        <ele>64.284356</ele>
        <time>2026-06-08T18:11:33.740Z</time>
      </trkpt>
      <trkpt lat="43.660058" lon="3.897998">
        <ele>64.603498</ele>
        <time>2026-06-08T18:11:40.167Z</time>
      </trkpt>
      <trkpt lat="43.660069" lon="3.897683">
        <ele>64.848620</ele>
        <time>2026-06-08T18:11:46.004Z</time>
      </trkpt>
      <trkpt lat="43.660178" lon="3.896671">
        <ele>64.643627</ele>
        <time>2026-06-08T18:12:00.019Z</time>
      </trkpt>
      <trkpt lat="43.660170" lon="3.896558">
        <ele>64.546574</ele>
        <time>2026-06-08T18:12:01.397Z</time>
      </trkpt>
      <trkpt lat="43.660142" lon="3.896564">
        <ele>64.513095</ele>
        <time>2026-06-08T18:12:02.054Z</time>
      </trkpt>
      <trkpt lat="43.660076" lon="3.896577">
        <ele>64.433485</ele>
        <time>2026-06-08T18:12:03.651Z</time>
      </trkpt>
      <trkpt lat="43.660039" lon="3.896585">
        <ele>64.384219</ele>
        <time>2026-06-08T18:12:04.501Z</time>
      </trkpt>
      <trkpt lat="43.659957" lon="3.896309">
        <ele>64.117468</ele>
        <time>2026-06-08T18:12:08.122Z</time>
      </trkpt>
      <trkpt lat="43.659915" lon="3.896245">
        <ele>64.066190</ele>
        <time>2026-06-08T18:12:09.189Z</time>
      </trkpt>
      <trkpt lat="43.659509" lon="3.895906">
        <ele>63.739104</ele>
        <time>2026-06-08T18:12:17.891Z</time>
      </trkpt>
      <trkpt lat="43.659529" lon="3.895861">
        <ele>63.727193</ele>
        <time>2026-06-08T18:12:18.645Z</time>
      </trkpt>
      <trkpt lat="43.659550" lon="3.895815">
        <ele>63.714925</ele>
        <time>2026-06-08T18:12:19.500Z</time>
      </trkpt>
      <trkpt lat="43.659563" lon="3.895758">
        <ele>63.718579</ele>
        <time>2026-06-08T18:12:20.331Z</time>
      </trkpt>
      <trkpt lat="43.659546" lon="3.895715">
        <ele>63.741487</ele>
        <time>2026-06-08T18:12:20.947Z</time>
      </trkpt>
      <trkpt lat="43.659231" lon="3.895270">
        <ele>64.120268</ele>
        <time>2026-06-08T18:12:30.437Z</time>
      </trkpt>
      <trkpt lat="43.659131" lon="3.895087">
        <ele>64.322418</ele>
        <time>2026-06-08T18:12:34.170Z</time>
      </trkpt>
      <trkpt lat="43.659078" lon="3.894968">
        <ele>64.428880</ele>
        <time>2026-06-08T18:12:36.470Z</time>
      </trkpt>
      <trkpt lat="43.659031" lon="3.894945">
        <ele>64.480970</ele>
        <time>2026-06-08T18:12:37.458Z</time>
      </trkpt>
      <trkpt lat="43.658812" lon="3.894302">
        <ele>64.885124</ele>
        <time>2026-06-08T18:12:47.941Z</time>
      </trkpt>
      <trkpt lat="43.658675" lon="3.893932">
        <ele>64.949331</ele>
        <time>2026-06-08T18:12:53.743Z</time>
      </trkpt>
      <trkpt lat="43.658715" lon="3.893907">
        <ele>64.929258</ele>
        <time>2026-06-08T18:12:54.624Z</time>
      </trkpt>
      <trkpt lat="43.659347" lon="3.893532">
        <ele>64.578555</ele>
        <time>2026-06-08T18:13:05.411Z</time>
      </trkpt>
      <trkpt lat="43.659370" lon="3.893462">
        <ele>64.536169</ele>
        <time>2026-06-08T18:13:06.205Z</time>
      </trkpt>
      <trkpt lat="43.659360" lon="3.893387">
        <ele>64.497789</ele>
        <time>2026-06-08T18:13:06.977Z</time>
      </trkpt>
      <trkpt lat="43.659283" lon="3.893157">
        <ele>64.497789</ele>
        <time>2026-06-08T18:13:09.524Z</time>
      </trkpt>
    </trkseg>
  </trk>
</gpx>