<?xml version='1.0' encoding='UTF-8'?>
<gpx version="1.1" creator="https://www.komoot.de" xmlns="http://www.topografix.com/GPX/1/1" xmlns:xsi="http://www.w3.org/2001/XMLSchema-instance" xsi:schemaLocation="http://www.topografix.com/GPX/1/1 http://www.topografix.com/GPX/1/1/gpx.xsd">
  <metadata>
    <name>TMP - Tour du pic saint loup sens horaire</name>
    <author>
      <link href="https://www.komoot.de">
        <text>komoot</text>
        <type>text/html</type>
      </link>
    </author>
  </metadata>
  <trk>
    <name>TMP - Tour du pic saint loup sens horaire</name>
    <type>mtb_easy</type>
    <trkseg>
      <trkpt lat="43.655233" lon="3.880895">
        <ele>52.238763</ele>
        <time>2026-07-24T08:11:49.974Z</time>
      </trkpt>
      <trkpt lat="43.655253" lon="3.880949">
        <ele>52.238763</ele>
        <time>2026-07-24T08:11:53.005Z</time>
      </trkpt>
      <trkpt lat="43.655263" lon="3.880976">
        <ele>52.238763</ele>
        <time>2026-07-24T08:11:54.561Z</time>
      </trkpt>
      <trkpt lat="43.655234" lon="3.881023">
        <ele>52.238763</ele>
        <time>2026-07-24T08:11:56.215Z</time>
      </trkpt>
      <trkpt lat="43.655243" lon="3.881130">
        <ele>52.420890</ele>
        <time>2026-07-24T08:11:59.151Z</time>
      </trkpt>
      <trkpt lat="43.655285" lon="3.881169">
        <ele>52.542065</ele>
        <time>2026-07-24T08:12:00.921Z</time>
      </trkpt>
      <trkpt lat="43.655335" lon="3.881164">
        <ele>52.662120</ele>
        <time>2026-07-24T08:12:02.437Z</time>
      </trkpt>
      <trkpt lat="43.655382" lon="3.881072">
        <ele>52.778721</ele>
        <time>2026-07-24T08:12:04.136Z</time>
      </trkpt>
      <trkpt lat="43.655373" lon="3.881017">
        <ele>52.780579</ele>
        <time>2026-07-24T08:12:04.844Z</time>
      </trkpt>
      <trkpt lat="43.655435" lon="3.880924">
        <ele>52.784747</ele>
        <time>2026-07-24T08:12:06.478Z</time>
      </trkpt>
      <trkpt lat="43.655581" lon="3.880824">
        <ele>52.979276</ele>
        <time>2026-07-24T08:12:10.672Z</time>
      </trkpt>
      <trkpt lat="43.655727" lon="3.880759">
        <ele>53.258488</ele>
        <time>2026-07-24T08:12:15.297Z</time>
      </trkpt>
      <trkpt lat="43.655827" lon="3.880676">
        <ele>53.458989</ele>
        <time>2026-07-24T08:12:18.673Z</time>
      </trkpt>
      <trkpt lat="43.655868" lon="3.880658">
        <ele>53.532934</ele>
        <time>2026-07-24T08:12:19.784Z</time>
      </trkpt>
      <trkpt lat="43.656089" lon="3.880562">
        <ele>53.713765</ele>
        <time>2026-07-24T08:12:25.151Z</time>
      </trkpt>
      <trkpt lat="43.656190" lon="3.880487">
        <ele>53.807486</ele>
        <time>2026-07-24T08:12:27.707Z</time>
      </trkpt>
      <trkpt lat="43.656376" lon="3.880327">
        <ele>54.059386</ele>
        <time>2026-07-24T08:12:33.126Z</time>
      </trkpt>
      <trkpt lat="43.656471" lon="3.880285">
        <ele>54.219305</ele>
        <time>2026-07-24T08:12:35.850Z</time>
      </trkpt>
      <trkpt lat="43.656763" lon="3.880257">
        <ele>54.814624</ele>
        <time>2026-07-24T08:12:44.268Z</time>
      </trkpt>
      <trkpt lat="43.657086" lon="3.880178">
        <ele>55.626550</ele>
        <time>2026-07-24T08:12:54.293Z</time>
      </trkpt>
      <trkpt lat="43.657190" lon="3.880123">
        <ele>55.937174</ele>
        <time>2026-07-24T08:12:57.906Z</time>
      </trkpt>
      <trkpt lat="43.657357" lon="3.879937">
        <ele>56.736731</ele>
        <time>2026-07-24T08:13:05.740Z</time>
      </trkpt>
      <trkpt lat="43.657498" lon="3.879892">
        <ele>57.514458</ele>
        <time>2026-07-24T08:13:11.770Z</time>
      </trkpt>
      <trkpt lat="43.657760" lon="3.879847">
        <ele>59.290915</ele>
        <time>2026-07-24T08:13:25.250Z</time>
      </trkpt>
      <trkpt lat="43.657937" lon="3.879868">
        <ele>60.583269</ele>
        <time>2026-07-24T08:13:35.910Z</time>
      </trkpt>
      <trkpt lat="43.658675" lon="3.880092">
        <ele>64.314395</ele>
        <time>2026-07-24T08:14:07.105Z</time>
      </trkpt>
      <trkpt lat="43.659163" lon="3.880251">
        <ele>65.623334</ele>
        <time>2026-07-24T08:14:21.175Z</time>
      </trkpt>
      <trkpt lat="43.659742" lon="3.880524">
        <ele>70.252388</ele>
        <time>2026-07-24T08:14:55.550Z</time>
      </trkpt>
      <trkpt lat="43.659860" lon="3.880581">
        <ele>70.829146</ele>
        <time>2026-07-24T08:15:03.426Z</time>
      </trkpt>
      <trkpt lat="43.660186" lon="3.880739">
        <ele>71.176392</ele>
        <time>2026-07-24T08:15:09.567Z</time>
      </trkpt>
      <trkpt lat="43.660423" lon="3.880853">
        <ele>71.495906</ele>
        <time>2026-07-24T08:15:16.479Z</time>
      </trkpt>
      <trkpt lat="43.661216" lon="3.880978">
        <ele>72.711723</ele>
        <time>2026-07-24T08:15:37.892Z</time>
      </trkpt>
      <trkpt lat="43.661551" lon="3.881095">
        <ele>73.382960</ele>
        <time>2026-07-24T08:15:47.446Z</time>
      </trkpt>
      <trkpt lat="43.661835" lon="3.881072">
        <ele>74.332498</ele>
        <time>2026-07-24T08:15:57.511Z</time>
      </trkpt>
      <trkpt lat="43.661973" lon="3.881028">
        <ele>74.850862</ele>
        <time>2026-07-24T08:16:02.720Z</time>
      </trkpt>
      <trkpt lat="43.662042" lon="3.880939">
        <ele>75.146173</ele>
        <time>2026-07-24T08:16:06.128Z</time>
      </trkpt>
      <trkpt lat="43.662174" lon="3.880554">
        <ele>75.801174</ele>
        <time>2026-07-24T08:16:15.665Z</time>
      </trkpt>
      <trkpt lat="43.662259" lon="3.880425">
        <ele>75.565861</ele>
        <time>2026-07-24T08:16:17.609Z</time>
      </trkpt>
      <trkpt lat="43.662328" lon="3.880373">
        <ele>75.376057</ele>
        <time>2026-07-24T08:16:18.778Z</time>
      </trkpt>
      <trkpt lat="43.662803" lon="3.880250">
        <ele>74.803960</ele>
        <time>2026-07-24T08:16:26.985Z</time>
      </trkpt>
      <trkpt lat="43.664330" lon="3.881149">
        <ele>78.501806</ele>
        <time>2026-07-24T08:17:16.923Z</time>
      </trkpt>
      <trkpt lat="43.665340" lon="3.882072">
        <ele>81.345168</ele>
        <time>2026-07-24T08:17:53.940Z</time>
      </trkpt>
      <trkpt lat="43.665509" lon="3.882317">
        <ele>82.147459</ele>
        <time>2026-07-24T08:18:02.221Z</time>
      </trkpt>
      <trkpt lat="43.665679" lon="3.882526">
        <ele>83.166556</ele>
        <time>2026-07-24T08:18:11.371Z</time>
      </trkpt>
      <trkpt lat="43.665788" lon="3.882583">
        <ele>83.809978</ele>
        <time>2026-07-24T08:18:16.541Z</time>
      </trkpt>
      <trkpt lat="43.665874" lon="3.882572">
        <ele>84.316198</ele>
        <time>2026-07-24T08:18:20.619Z</time>
      </trkpt>
      <trkpt lat="43.666262" lon="3.882021">
        <ele>87.427959</ele>
        <time>2026-07-24T08:18:46.901Z</time>
      </trkpt>
      <trkpt lat="43.666338" lon="3.882024">
        <ele>87.549507</ele>
        <time>2026-07-24T08:18:48.867Z</time>
      </trkpt>
      <trkpt lat="43.666525" lon="3.882148">
        <ele>87.796091</ele>
        <time>2026-07-24T08:18:52.605Z</time>
      </trkpt>
      <trkpt lat="43.666714" lon="3.882211">
        <ele>87.975114</ele>
        <time>2026-07-24T08:18:58.428Z</time>
      </trkpt>
      <trkpt lat="43.667432" lon="3.882779">
        <ele>89.087205</ele>
        <time>2026-07-24T08:19:18.386Z</time>
      </trkpt>
      <trkpt lat="43.667825" lon="3.883066">
        <ele>92.957896</ele>
        <time>2026-07-24T08:19:47.298Z</time>
      </trkpt>
      <trkpt lat="43.667854" lon="3.883186">
        <ele>92.581826</ele>
        <time>2026-07-24T08:19:49.004Z</time>
      </trkpt>
      <trkpt lat="43.667794" lon="3.883775">
        <ele>89.594306</ele>
        <time>2026-07-24T08:19:54.458Z</time>
      </trkpt>
      <trkpt lat="43.667773" lon="3.883917">
        <ele>88.927722</ele>
        <time>2026-07-24T08:19:55.860Z</time>
      </trkpt>
      <trkpt lat="43.667761" lon="3.884086">
        <ele>88.458547</ele>
        <time>2026-07-24T08:19:57.674Z</time>
      </trkpt>
      <trkpt lat="43.667803" lon="3.884165">
        <ele>88.293421</ele>
        <time>2026-07-24T08:19:58.802Z</time>
      </trkpt>
      <trkpt lat="43.668260" lon="3.884756">
        <ele>87.512356</ele>
        <time>2026-07-24T08:20:09.669Z</time>
      </trkpt>
      <trkpt lat="43.668284" lon="3.884842">
        <ele>87.446136</ele>
        <time>2026-07-24T08:20:10.828Z</time>
      </trkpt>
      <trkpt lat="43.668264" lon="3.884917">
        <ele>87.388712</ele>
        <time>2026-07-24T08:20:11.819Z</time>
      </trkpt>
      <trkpt lat="43.668171" lon="3.885045">
        <ele>87.336760</ele>
        <time>2026-07-24T08:20:14.193Z</time>
      </trkpt>
      <trkpt lat="43.668264" lon="3.884917">
        <ele>87.269480</ele>
        <time>2026-07-24T08:20:17.130Z</time>
      </trkpt>
      <trkpt lat="43.668284" lon="3.884842">
        <ele>87.222066</ele>
        <time>2026-07-24T08:20:18.272Z</time>
      </trkpt>
      <trkpt lat="43.668365" lon="3.884808">
        <ele>87.152650</ele>
        <time>2026-07-24T08:20:19.714Z</time>
      </trkpt>
      <trkpt lat="43.668511" lon="3.884681">
        <ele>87.125960</ele>
        <time>2026-07-24T08:20:22.504Z</time>
      </trkpt>
      <trkpt lat="43.668652" lon="3.884543">
        <ele>87.397832</ele>
        <time>2026-07-24T08:20:27.565Z</time>
      </trkpt>
      <trkpt lat="43.668850" lon="3.884354">
        <ele>88.404193</ele>
        <time>2026-07-24T08:20:37.179Z</time>
      </trkpt>
      <trkpt lat="43.668957" lon="3.884312">
        <ele>88.991451</ele>
        <time>2026-07-24T08:20:42.223Z</time>
      </trkpt>
      <trkpt lat="43.669336" lon="3.884364">
        <ele>91.069252</ele>
        <time>2026-07-24T08:20:59.705Z</time>
      </trkpt>
      <trkpt lat="43.669498" lon="3.884367">
        <ele>91.917433</ele>
        <time>2026-07-24T08:21:06.294Z</time>
      </trkpt>
      <trkpt lat="43.669686" lon="3.884346">
        <ele>92.880694</ele>
        <time>2026-07-24T08:21:14.594Z</time>
      </trkpt>
      <trkpt lat="43.669815" lon="3.884181">
        <ele>93.725734</ele>
        <time>2026-07-24T08:21:21.977Z</time>
      </trkpt>
      <trkpt lat="43.669945" lon="3.884124">
        <ele>94.085013</ele>
        <time>2026-07-24T08:21:26.574Z</time>
      </trkpt>
      <trkpt lat="43.670008" lon="3.884189">
        <ele>94.271058</ele>
        <time>2026-07-24T08:21:28.565Z</time>
      </trkpt>
      <trkpt lat="43.670056" lon="3.884295">
        <ele>94.479546</ele>
        <time>2026-07-24T08:21:30.708Z</time>
      </trkpt>
      <trkpt lat="43.670101" lon="3.884535">
        <ele>94.967345</ele>
        <time>2026-07-24T08:21:36.348Z</time>
      </trkpt>
      <trkpt lat="43.670105" lon="3.884575">
        <ele>95.147861</ele>
        <time>2026-07-24T08:21:37.516Z</time>
      </trkpt>
      <trkpt lat="43.670156" lon="3.884868">
        <ele>96.581751</ele>
        <time>2026-07-24T08:21:48.649Z</time>
      </trkpt>
      <trkpt lat="43.670228" lon="3.885019">
        <ele>97.656820</ele>
        <time>2026-07-24T08:21:58.469Z</time>
      </trkpt>
      <trkpt lat="43.670290" lon="3.885086">
        <ele>98.122936</ele>
        <time>2026-07-24T08:22:04.130Z</time>
      </trkpt>
      <trkpt lat="43.670408" lon="3.885107">
        <ele>98.311286</ele>
        <time>2026-07-24T08:22:09.986Z</time>
      </trkpt>
      <trkpt lat="43.670740" lon="3.884922">
        <ele>97.028563</ele>
        <time>2026-07-24T08:22:18.434Z</time>
      </trkpt>
      <trkpt lat="43.670971" lon="3.884828">
        <ele>96.350048</ele>
        <time>2026-07-24T08:22:24.833Z</time>
      </trkpt>
      <trkpt lat="43.671211" lon="3.884770">
        <ele>96.438007</ele>
        <time>2026-07-24T08:22:32.407Z</time>
      </trkpt>
      <trkpt lat="43.671410" lon="3.884678">
        <ele>97.318200</ele>
        <time>2026-07-24T08:22:43.360Z</time>
      </trkpt>
      <trkpt lat="43.672247" lon="3.884131">
        <ele>104.003386</ele>
        <time>2026-07-24T08:23:43.781Z</time>
      </trkpt>
      <trkpt lat="43.672410" lon="3.884018">
        <ele>105.247387</ele>
        <time>2026-07-24T08:23:56.097Z</time>
      </trkpt>
      <trkpt lat="43.672625" lon="3.883954">
        <ele>106.345416</ele>
        <time>2026-07-24T08:24:07.673Z</time>
      </trkpt>
      <trkpt lat="43.672921" lon="3.883938">
        <ele>107.417066</ele>
        <time>2026-07-24T08:24:21.318Z</time>
      </trkpt>
      <trkpt lat="43.673060" lon="3.883887">
        <ele>107.972331</ele>
        <time>2026-07-24T08:24:28.406Z</time>
      </trkpt>
      <trkpt lat="43.673185" lon="3.883780">
        <ele>108.657243</ele>
        <time>2026-07-24T08:24:36.482Z</time>
      </trkpt>
      <trkpt lat="43.673394" lon="3.883662">
        <ele>109.528209</ele>
        <time>2026-07-24T08:24:47.849Z</time>
      </trkpt>
      <trkpt lat="43.673569" lon="3.883636">
        <ele>110.079891</ele>
        <time>2026-07-24T08:24:55.330Z</time>
      </trkpt>
      <trkpt lat="43.673864" lon="3.883528">
        <ele>111.204964</ele>
        <time>2026-07-24T08:25:10.384Z</time>
      </trkpt>
      <trkpt lat="43.674461" lon="3.883235">
        <ele>113.690689</ele>
        <time>2026-07-24T08:25:42.141Z</time>
      </trkpt>
      <trkpt lat="43.674867" lon="3.882991">
        <ele>114.540646</ele>
        <time>2026-07-24T08:25:59.381Z</time>
      </trkpt>
      <trkpt lat="43.675187" lon="3.882752">
        <ele>115.217555</ele>
        <time>2026-07-24T08:26:14.757Z</time>
      </trkpt>
      <trkpt lat="43.675322" lon="3.882683">
        <ele>115.268692</ele>
        <time>2026-07-24T08:26:19.042Z</time>
      </trkpt>
      <trkpt lat="43.675675" lon="3.882656">
        <ele>114.881603</ele>
        <time>2026-07-24T08:26:29.620Z</time>
      </trkpt>
      <trkpt lat="43.676464" lon="3.882602">
        <ele>115.952060</ele>
        <time>2026-07-24T08:27:02.204Z</time>
      </trkpt>
      <trkpt lat="43.677242" lon="3.882353">
        <ele>116.306571</ele>
        <time>2026-07-24T08:27:30.693Z</time>
      </trkpt>
      <trkpt lat="43.677952" lon="3.881962">
        <ele>115.399426</ele>
        <time>2026-07-24T08:27:54.061Z</time>
      </trkpt>
      <trkpt lat="43.678324" lon="3.881875">
        <ele>114.913778</ele>
        <time>2026-07-24T08:28:05.529Z</time>
      </trkpt>
      <trkpt lat="43.678790" lon="3.881696">
        <ele>114.362984</ele>
        <time>2026-07-24T08:28:20.651Z</time>
      </trkpt>
      <trkpt lat="43.679286" lon="3.881421">
        <ele>113.516494</ele>
        <time>2026-07-24T08:28:36.242Z</time>
      </trkpt>
      <trkpt lat="43.679560" lon="3.881253">
        <ele>113.887001</ele>
        <time>2026-07-24T08:28:49.614Z</time>
      </trkpt>
      <trkpt lat="43.680354" lon="3.881374">
        <ele>114.383756</ele>
        <time>2026-07-24T08:29:17.326Z</time>
      </trkpt>
      <trkpt lat="43.680637" lon="3.881642">
        <ele>115.806811</ele>
        <time>2026-07-24T08:29:36.163Z</time>
      </trkpt>
      <trkpt lat="43.680844" lon="3.881836">
        <ele>116.828139</ele>
        <time>2026-07-24T08:29:50.105Z</time>
      </trkpt>
      <trkpt lat="43.681756" lon="3.882518">
        <ele>117.732697</ele>
        <time>2026-07-24T08:30:28.794Z</time>
      </trkpt>
      <trkpt lat="43.682148" lon="3.882706">
        <ele>117.054624</ele>
        <time>2026-07-24T08:30:40.857Z</time>
      </trkpt>
      <trkpt lat="43.682438" lon="3.882709">
        <ele>116.757701</ele>
        <time>2026-07-24T08:30:49.907Z</time>
      </trkpt>
      <trkpt lat="43.682657" lon="3.882649">
        <ele>116.850479</ele>
        <time>2026-07-24T08:30:57.310Z</time>
      </trkpt>
      <trkpt lat="43.682977" lon="3.882514">
        <ele>117.514753</ele>
        <time>2026-07-24T08:31:12.622Z</time>
      </trkpt>
      <trkpt lat="43.683177" lon="3.882456">
        <ele>117.528054</ele>
        <time>2026-07-24T08:31:19.732Z</time>
      </trkpt>
      <trkpt lat="43.683233" lon="3.882451">
        <ele>117.433369</ele>
        <time>2026-07-24T08:31:21.394Z</time>
      </trkpt>
      <trkpt lat="43.683388" lon="3.882457">
        <ele>117.088239</ele>
        <time>2026-07-24T08:31:25.734Z</time>
      </trkpt>
      <trkpt lat="43.683653" lon="3.882426">
        <ele>116.449000</ele>
        <time>2026-07-24T08:31:33.284Z</time>
      </trkpt>
      <trkpt lat="43.684167" lon="3.882396">
        <ele>115.804371</ele>
        <time>2026-07-24T08:31:49.077Z</time>
      </trkpt>
      <trkpt lat="43.684443" lon="3.882426">
        <ele>115.526323</ele>
        <time>2026-07-24T08:31:57.751Z</time>
      </trkpt>
      <trkpt lat="43.684924" lon="3.882588">
        <ele>115.221531</ele>
        <time>2026-07-24T08:32:13.599Z</time>
      </trkpt>
      <trkpt lat="43.685694" lon="3.882728">
        <ele>115.146408</ele>
        <time>2026-07-24T08:32:39.505Z</time>
      </trkpt>
      <trkpt lat="43.685748" lon="3.882730">
        <ele>115.184997</ele>
        <time>2026-07-24T08:32:41.428Z</time>
      </trkpt>
      <trkpt lat="43.685957" lon="3.882726">
        <ele>115.437661</ele>
        <time>2026-07-24T08:32:49.447Z</time>
      </trkpt>
      <trkpt lat="43.686287" lon="3.882727">
        <ele>116.229954</ele>
        <time>2026-07-24T08:33:03.905Z</time>
      </trkpt>
      <trkpt lat="43.686508" lon="3.882840">
        <ele>117.422894</ele>
        <time>2026-07-24T08:33:17.560Z</time>
      </trkpt>
      <trkpt lat="43.686540" lon="3.882856">
        <ele>117.616419</ele>
        <time>2026-07-24T08:33:19.602Z</time>
      </trkpt>
      <trkpt lat="43.686714" lon="3.882971">
        <ele>118.774013</ele>
        <time>2026-07-24T08:33:31.511Z</time>
      </trkpt>
      <trkpt lat="43.687209" lon="3.883180">
        <ele>121.565997</ele>
        <time>2026-07-24T08:34:01.717Z</time>
      </trkpt>
      <trkpt lat="43.687346" lon="3.883240">
        <ele>122.292312</ele>
        <time>2026-07-24T08:34:08.657Z</time>
      </trkpt>
      <trkpt lat="43.687551" lon="3.883326">
        <ele>123.755062</ele>
        <time>2026-07-24T08:34:23.791Z</time>
      </trkpt>
      <trkpt lat="43.687885" lon="3.883347">
        <ele>123.967420</ele>
        <time>2026-07-24T08:34:38.893Z</time>
      </trkpt>
      <trkpt lat="43.688511" lon="3.883388">
        <ele>117.487600</ele>
        <time>2026-07-24T08:34:51.951Z</time>
      </trkpt>
      <trkpt lat="43.688595" lon="3.883403">
        <ele>116.973464</ele>
        <time>2026-07-24T08:34:53.782Z</time>
      </trkpt>
      <trkpt lat="43.689149" lon="3.883447">
        <ele>114.052342</ele>
        <time>2026-07-24T08:35:07.255Z</time>
      </trkpt>
      <trkpt lat="43.689211" lon="3.883505">
        <ele>113.972534</ele>
        <time>2026-07-24T08:35:09.718Z</time>
      </trkpt>
      <trkpt lat="43.689258" lon="3.883471">
        <ele>113.944817</ele>
        <time>2026-07-24T08:35:10.936Z</time>
      </trkpt>
      <trkpt lat="43.689285" lon="3.883456">
        <ele>113.929613</ele>
        <time>2026-07-24T08:35:11.599Z</time>
      </trkpt>
      <trkpt lat="43.689517" lon="3.883390">
        <ele>113.649549</ele>
        <time>2026-07-24T08:35:15.094Z</time>
      </trkpt>
      <trkpt lat="43.689529" lon="3.883466">
        <ele>113.564235</ele>
        <time>2026-07-24T08:35:15.845Z</time>
      </trkpt>
      <trkpt lat="43.689669" lon="3.883539">
        <ele>113.145106</ele>
        <time>2026-07-24T08:35:17.777Z</time>
      </trkpt>
      <trkpt lat="43.690034" lon="3.883755">
        <ele>111.779401</ele>
        <time>2026-07-24T08:35:22.705Z</time>
      </trkpt>
      <trkpt lat="43.690204" lon="3.883908">
        <ele>111.051951</ele>
        <time>2026-07-24T08:35:25.174Z</time>
      </trkpt>
      <trkpt lat="43.690329" lon="3.884064">
        <ele>110.515976</ele>
        <time>2026-07-24T08:35:27.312Z</time>
      </trkpt>
      <trkpt lat="43.690506" lon="3.884303">
        <ele>109.831192</ele>
        <time>2026-07-24T08:35:30.555Z</time>
      </trkpt>
      <trkpt lat="43.691319" lon="3.884727">
        <ele>106.351439</ele>
        <time>2026-07-24T08:35:41.100Z</time>
      </trkpt>
      <trkpt lat="43.692058" lon="3.885452">
        <ele>101.303111</ele>
        <time>2026-07-24T08:35:51.413Z</time>
      </trkpt>
      <trkpt lat="43.692263" lon="3.885830">
        <ele>100.303564</ele>
        <time>2026-07-24T08:35:56.477Z</time>
      </trkpt>
      <trkpt lat="43.692324" lon="3.886060">
        <ele>99.499497</ele>
        <time>2026-07-24T08:35:58.880Z</time>
      </trkpt>
      <trkpt lat="43.692452" lon="3.886543">
        <ele>96.795071</ele>
        <time>2026-07-24T08:36:07.800Z</time>
      </trkpt>
      <trkpt lat="43.692641" lon="3.886911">
        <ele>94.542237</ele>
        <time>2026-07-24T08:36:15.592Z</time>
      </trkpt>
      <trkpt lat="43.692672" lon="3.887017">
        <ele>94.168078</ele>
        <time>2026-07-24T08:36:17.882Z</time>
      </trkpt>
      <trkpt lat="43.692776" lon="3.887883">
        <ele>94.346615</ele>
        <time>2026-07-24T08:36:40.821Z</time>
      </trkpt>
      <trkpt lat="43.692884" lon="3.888319">
        <ele>94.956839</ele>
        <time>2026-07-24T08:36:54.567Z</time>
      </trkpt>
      <trkpt lat="43.693018" lon="3.888634">
        <ele>96.324625</ele>
        <time>2026-07-24T08:37:10.118Z</time>
      </trkpt>
      <trkpt lat="43.693203" lon="3.889002">
        <ele>98.610686</ele>
        <time>2026-07-24T08:37:25.104Z</time>
      </trkpt>
      <trkpt lat="43.693696" lon="3.889254">
        <ele>104.829216</ele>
        <time>2026-07-24T08:38:05.091Z</time>
      </trkpt>
      <trkpt lat="43.693981" lon="3.889470">
        <ele>108.163866</ele>
        <time>2026-07-24T08:38:26.737Z</time>
      </trkpt>
      <trkpt lat="43.694273" lon="3.889763">
        <ele>111.093258</ele>
        <time>2026-07-24T08:38:46.282Z</time>
      </trkpt>
      <trkpt lat="43.694510" lon="3.890032">
        <ele>112.833381</ele>
        <time>2026-07-24T08:38:59.652Z</time>
      </trkpt>
      <trkpt lat="43.694567" lon="3.890166">
        <ele>113.454635</ele>
        <time>2026-07-24T08:39:04.782Z</time>
      </trkpt>
      <trkpt lat="43.694593" lon="3.890372">
        <ele>114.168685</ele>
        <time>2026-07-24T08:39:10.981Z</time>
      </trkpt>
      <trkpt lat="43.694567" lon="3.890691">
        <ele>115.129162</ele>
        <time>2026-07-24T08:39:19.762Z</time>
      </trkpt>
      <trkpt lat="43.694597" lon="3.890923">
        <ele>115.573037</ele>
        <time>2026-07-24T08:39:25.312Z</time>
      </trkpt>
      <trkpt lat="43.694853" lon="3.891656">
        <ele>116.434998</ele>
        <time>2026-07-24T08:39:39.873Z</time>
      </trkpt>
      <trkpt lat="43.694942" lon="3.891839">
        <ele>116.398345</ele>
        <time>2026-07-24T08:39:42.689Z</time>
      </trkpt>
      <trkpt lat="43.695225" lon="3.892045">
        <ele>116.442515</ele>
        <time>2026-07-24T08:39:47.726Z</time>
      </trkpt>
      <trkpt lat="43.695505" lon="3.892211">
        <ele>117.471424</ele>
        <time>2026-07-24T08:39:58.065Z</time>
      </trkpt>
      <trkpt lat="43.696948" lon="3.892882">
        <ele>128.857547</ele>
        <time>2026-07-24T08:41:21.877Z</time>
      </trkpt>
      <trkpt lat="43.697555" lon="3.893205">
        <ele>131.575872</ele>
        <time>2026-07-24T08:41:46.613Z</time>
      </trkpt>
      <trkpt lat="43.697726" lon="3.893312">
        <ele>131.899495</ele>
        <time>2026-07-24T08:41:51.557Z</time>
      </trkpt>
      <trkpt lat="43.697857" lon="3.893470">
        <ele>131.786774</ele>
        <time>2026-07-24T08:41:54.411Z</time>
      </trkpt>
      <trkpt lat="43.698077" lon="3.893649">
        <ele>131.948518</ele>
        <time>2026-07-24T08:42:00.605Z</time>
      </trkpt>
      <trkpt lat="43.698371" lon="3.893779">
        <ele>132.506421</ele>
        <time>2026-07-24T08:42:09.879Z</time>
      </trkpt>
      <trkpt lat="43.698794" lon="3.893906">
        <ele>132.583498</ele>
        <time>2026-07-24T08:42:19.239Z</time>
      </trkpt>
      <trkpt lat="43.699148" lon="3.894210">
        <ele>130.944776</ele>
        <time>2026-07-24T08:42:25.237Z</time>
      </trkpt>
      <trkpt lat="43.699893" lon="3.894712">
        <ele>124.748508</ele>
        <time>2026-07-24T08:42:35.910Z</time>
      </trkpt>
      <trkpt lat="43.700567" lon="3.895180">
        <ele>122.785757</ele>
        <time>2026-07-24T08:42:47.711Z</time>
      </trkpt>
      <trkpt lat="43.700602" lon="3.895358">
        <ele>122.720485</ele>
        <time>2026-07-24T08:42:50.245Z</time>
      </trkpt>
      <trkpt lat="43.700632" lon="3.895411">
        <ele>122.696667</ele>
        <time>2026-07-24T08:42:51.315Z</time>
      </trkpt>
      <trkpt lat="43.700707" lon="3.895423">
        <ele>122.812945</ele>
        <time>2026-07-24T08:42:53.352Z</time>
      </trkpt>
      <trkpt lat="43.700777" lon="3.895369">
        <ele>122.960265</ele>
        <time>2026-07-24T08:42:55.828Z</time>
      </trkpt>
      <trkpt lat="43.700812" lon="3.895371">
        <ele>123.024651</ele>
        <time>2026-07-24T08:42:56.955Z</time>
      </trkpt>
      <trkpt lat="43.700945" lon="3.895455">
        <ele>123.323463</ele>
        <time>2026-07-24T08:43:00.965Z</time>
      </trkpt>
      <trkpt lat="43.701122" lon="3.895624">
        <ele>123.785352</ele>
        <time>2026-07-24T08:43:07.431Z</time>
      </trkpt>
      <trkpt lat="43.701555" lon="3.896124">
        <ele>125.034263</ele>
        <time>2026-07-24T08:43:24.122Z</time>
      </trkpt>
      <trkpt lat="43.701647" lon="3.896248">
        <ele>125.465712</ele>
        <time>2026-07-24T08:43:28.681Z</time>
      </trkpt>
      <trkpt lat="43.701877" lon="3.896549">
        <ele>126.592669</ele>
        <time>2026-07-24T08:43:40.408Z</time>
      </trkpt>
      <trkpt lat="43.701899" lon="3.896580">
        <ele>126.676072</ele>
        <time>2026-07-24T08:43:41.412Z</time>
      </trkpt>
      <trkpt lat="43.702000" lon="3.896563">
        <ele>126.714076</ele>
        <time>2026-07-24T08:43:45.147Z</time>
      </trkpt>
      <trkpt lat="43.702223" lon="3.896445">
        <ele>126.477594</ele>
        <time>2026-07-24T08:43:52.036Z</time>
      </trkpt>
      <trkpt lat="43.702949" lon="3.896721">
        <ele>124.090933</ele>
        <time>2026-07-24T08:44:11.251Z</time>
      </trkpt>
      <trkpt lat="43.703570" lon="3.896936">
        <ele>123.236185</ele>
        <time>2026-07-24T08:44:30.147Z</time>
      </trkpt>
      <trkpt lat="43.704435" lon="3.897210">
        <ele>119.435439</ele>
        <time>2026-07-24T08:44:51.920Z</time>
      </trkpt>
      <trkpt lat="43.705122" lon="3.897429">
        <ele>115.659300</ele>
        <time>2026-07-24T08:45:01.538Z</time>
      </trkpt>
      <trkpt lat="43.705214" lon="3.897419">
        <ele>115.518960</ele>
        <time>2026-07-24T08:45:02.937Z</time>
      </trkpt>
      <trkpt lat="43.705314" lon="3.897344">
        <ele>115.602657</ele>
        <time>2026-07-24T08:45:05.520Z</time>
      </trkpt>
      <trkpt lat="43.705445" lon="3.897927">
        <ele>117.586441</ele>
        <time>2026-07-24T08:45:23.719Z</time>
      </trkpt>
      <trkpt lat="43.705523" lon="3.898086">
        <ele>117.564884</ele>
        <time>2026-07-24T08:45:28.520Z</time>
      </trkpt>
      <trkpt lat="43.706034" lon="3.898397">
        <ele>115.135535</ele>
        <time>2026-07-24T08:45:41.521Z</time>
      </trkpt>
      <trkpt lat="43.706438" lon="3.898511">
        <ele>115.857259</ele>
        <time>2026-07-24T08:45:57.683Z</time>
      </trkpt>
      <trkpt lat="43.706657" lon="3.898635">
        <ele>117.423334</ele>
        <time>2026-07-24T08:46:14.322Z</time>
      </trkpt>
      <trkpt lat="43.706767" lon="3.898670">
        <ele>118.202176</ele>
        <time>2026-07-24T08:46:20.282Z</time>
      </trkpt>
      <trkpt lat="43.707329" lon="3.899065">
        <ele>121.767915</ele>
        <time>2026-07-24T08:46:47.433Z</time>
      </trkpt>
      <trkpt lat="43.707429" lon="3.899068">
        <ele>122.955664</ele>
        <time>2026-07-24T08:46:54.613Z</time>
      </trkpt>
      <trkpt lat="43.707557" lon="3.899022">
        <ele>124.525436</ele>
        <time>2026-07-24T08:47:05.818Z</time>
      </trkpt>
      <trkpt lat="43.707603" lon="3.898977">
        <ele>125.190336</ele>
        <time>2026-07-24T08:47:10.228Z</time>
      </trkpt>
      <trkpt lat="43.707699" lon="3.898771">
        <ele>127.255899</ele>
        <time>2026-07-24T08:47:22.515Z</time>
      </trkpt>
      <trkpt lat="43.707752" lon="3.898706">
        <ele>127.988841</ele>
        <time>2026-07-24T08:47:27.249Z</time>
      </trkpt>
      <trkpt lat="43.708045" lon="3.898605">
        <ele>130.981513</ele>
        <time>2026-07-24T08:47:47.028Z</time>
      </trkpt>
      <trkpt lat="43.708265" lon="3.898424">
        <ele>133.028818</ele>
        <time>2026-07-24T08:48:01.364Z</time>
      </trkpt>
      <trkpt lat="43.708463" lon="3.898304">
        <ele>134.364987</ele>
        <time>2026-07-24T08:48:14.141Z</time>
      </trkpt>
      <trkpt lat="43.708822" lon="3.898272">
        <ele>136.239083</ele>
        <time>2026-07-24T08:48:34.107Z</time>
      </trkpt>
      <trkpt lat="43.709073" lon="3.898164">
        <ele>137.359285</ele>
        <time>2026-07-24T08:48:47.257Z</time>
      </trkpt>
      <trkpt lat="43.709508" lon="3.898116">
        <ele>138.903130</ele>
        <time>2026-07-24T08:49:07.905Z</time>
      </trkpt>
      <trkpt lat="43.709733" lon="3.898057">
        <ele>139.812002</ele>
        <time>2026-07-24T08:49:19.015Z</time>
      </trkpt>
      <trkpt lat="43.709934" lon="3.897941">
        <ele>140.847536</ele>
        <time>2026-07-24T08:49:31.030Z</time>
      </trkpt>
      <trkpt lat="43.710050" lon="3.897830">
        <ele>141.444023</ele>
        <time>2026-07-24T08:49:38.710Z</time>
      </trkpt>
      <trkpt lat="43.710191" lon="3.897693">
        <ele>141.753958</ele>
        <time>2026-07-24T08:49:45.508Z</time>
      </trkpt>
      <trkpt lat="43.710439" lon="3.897531">
        <ele>141.236602</ele>
        <time>2026-07-24T08:49:52.981Z</time>
      </trkpt>
      <trkpt lat="43.710845" lon="3.897359">
        <ele>139.626974</ele>
        <time>2026-07-24T08:50:03.719Z</time>
      </trkpt>
      <trkpt lat="43.710896" lon="3.897332">
        <ele>139.137886</ele>
        <time>2026-07-24T08:50:05.038Z</time>
      </trkpt>
      <trkpt lat="43.711493" lon="3.896987">
        <ele>133.017702</ele>
        <time>2026-07-24T08:50:18.962Z</time>
      </trkpt>
      <trkpt lat="43.711632" lon="3.896858">
        <ele>131.099670</ele>
        <time>2026-07-24T08:50:22.460Z</time>
      </trkpt>
      <trkpt lat="43.711986" lon="3.896944">
        <ele>127.350589</ele>
        <time>2026-07-24T08:50:29.982Z</time>
      </trkpt>
      <trkpt lat="43.714236" lon="3.897098">
        <ele>110.276720</ele>
        <time>2026-07-24T08:51:20.770Z</time>
      </trkpt>
      <trkpt lat="43.714860" lon="3.897174">
        <ele>107.362929</ele>
        <time>2026-07-24T08:51:36.220Z</time>
      </trkpt>
      <trkpt lat="43.714994" lon="3.897232">
        <ele>106.687726</ele>
        <time>2026-07-24T08:51:39.581Z</time>
      </trkpt>
      <trkpt lat="43.715183" lon="3.897197">
        <ele>105.801214</ele>
        <time>2026-07-24T08:51:42.201Z</time>
      </trkpt>
      <trkpt lat="43.715964" lon="3.896957">
        <ele>103.494001</ele>
        <time>2026-07-24T08:51:54.355Z</time>
      </trkpt>
      <trkpt lat="43.716859" lon="3.896686">
        <ele>103.116178</ele>
        <time>2026-07-24T08:52:11.957Z</time>
      </trkpt>
      <trkpt lat="43.717456" lon="3.896505">
        <ele>103.160032</ele>
        <time>2026-07-24T08:52:23.977Z</time>
      </trkpt>
      <trkpt lat="43.718627" lon="3.895995">
        <ele>104.811518</ele>
        <time>2026-07-24T08:52:56.287Z</time>
      </trkpt>
      <trkpt lat="43.718947" lon="3.895721">
        <ele>105.295404</ele>
        <time>2026-07-24T08:53:06.382Z</time>
      </trkpt>
      <trkpt lat="43.719261" lon="3.895511">
        <ele>105.196980</ele>
        <time>2026-07-24T08:53:12.768Z</time>
      </trkpt>
      <trkpt lat="43.719404" lon="3.895427">
        <ele>105.118199</ele>
        <time>2026-07-24T08:53:15.601Z</time>
      </trkpt>
      <trkpt lat="43.719675" lon="3.895193">
        <ele>105.010732</ele>
        <time>2026-07-24T08:53:21.732Z</time>
      </trkpt>
      <trkpt lat="43.719850" lon="3.895096">
        <ele>105.016072</ele>
        <time>2026-07-24T08:53:25.491Z</time>
      </trkpt>
      <trkpt lat="43.720747" lon="3.894634">
        <ele>105.356380</ele>
        <time>2026-07-24T08:53:45.568Z</time>
      </trkpt>
      <trkpt lat="43.720880" lon="3.894616">
        <ele>105.581460</ele>
        <time>2026-07-24T08:53:49.681Z</time>
      </trkpt>
      <trkpt lat="43.721217" lon="3.894632">
        <ele>106.107670</ele>
        <time>2026-07-24T08:53:58.846Z</time>
      </trkpt>
      <trkpt lat="43.721628" lon="3.894551">
        <ele>106.775616</ele>
        <time>2026-07-24T08:54:09.878Z</time>
      </trkpt>
      <trkpt lat="43.722289" lon="3.894608">
        <ele>107.439467</ele>
        <time>2026-07-24T08:54:25.827Z</time>
      </trkpt>
      <trkpt lat="43.722479" lon="3.894690">
        <ele>107.858724</ele>
        <time>2026-07-24T08:54:31.695Z</time>
      </trkpt>
      <trkpt lat="43.722600" lon="3.894664">
        <ele>108.159057</ele>
        <time>2026-07-24T08:54:35.786Z</time>
      </trkpt>
      <trkpt lat="43.722729" lon="3.894551">
        <ele>108.549312</ele>
        <time>2026-07-24T08:54:40.503Z</time>
      </trkpt>
      <trkpt lat="43.723037" lon="3.894112">
        <ele>108.985380</ele>
        <time>2026-07-24T08:54:51.432Z</time>
      </trkpt>
      <trkpt lat="43.723248" lon="3.893940">
        <ele>109.085475</ele>
        <time>2026-07-24T08:54:56.403Z</time>
      </trkpt>
      <trkpt lat="43.723830" lon="3.893623">
        <ele>109.100002</ele>
        <time>2026-07-24T08:55:09.142Z</time>
      </trkpt>
      <trkpt lat="43.724672" lon="3.893032">
        <ele>109.057621</ele>
        <time>2026-07-24T08:55:27.948Z</time>
      </trkpt>
      <trkpt lat="43.725186" lon="3.892742">
        <ele>108.596139</ele>
        <time>2026-07-24T08:55:37.408Z</time>
      </trkpt>
      <trkpt lat="43.725345" lon="3.892691">
        <ele>108.984643</ele>
        <time>2026-07-24T08:55:41.732Z</time>
      </trkpt>
      <trkpt lat="43.725626" lon="3.892575">
        <ele>110.808157</ele>
        <time>2026-07-24T08:56:01.746Z</time>
      </trkpt>
      <trkpt lat="43.725808" lon="3.892447">
        <ele>111.680555</ele>
        <time>2026-07-24T08:56:12.037Z</time>
      </trkpt>
      <trkpt lat="43.725932" lon="3.892668">
        <ele>112.012183</ele>
        <time>2026-07-24T08:56:19.032Z</time>
      </trkpt>
      <trkpt lat="43.726087" lon="3.893462">
        <ele>112.347647</ele>
        <time>2026-07-24T08:56:39.823Z</time>
      </trkpt>
      <trkpt lat="43.726234" lon="3.893580">
        <ele>112.242358</ele>
        <time>2026-07-24T08:56:44.716Z</time>
      </trkpt>
      <trkpt lat="43.726436" lon="3.893591">
        <ele>112.300163</ele>
        <time>2026-07-24T08:56:51.054Z</time>
      </trkpt>
      <trkpt lat="43.726863" lon="3.893505">
        <ele>113.112240</ele>
        <time>2026-07-24T08:57:08.411Z</time>
      </trkpt>
      <trkpt lat="43.727763" lon="3.893462">
        <ele>116.557255</ele>
        <time>2026-07-24T08:57:52.874Z</time>
      </trkpt>
      <trkpt lat="43.728778" lon="3.893473">
        <ele>121.440765</ele>
        <time>2026-07-24T08:58:47.828Z</time>
      </trkpt>
      <trkpt lat="43.729368" lon="3.893537">
        <ele>123.438056</ele>
        <time>2026-07-24T08:59:15.389Z</time>
      </trkpt>
      <trkpt lat="43.729838" lon="3.893441">
        <ele>124.516103</ele>
        <time>2026-07-24T08:59:34.982Z</time>
      </trkpt>
      <trkpt lat="43.730313" lon="3.893344">
        <ele>125.662236</ele>
        <time>2026-07-24T08:59:55.828Z</time>
      </trkpt>
      <trkpt lat="43.731041" lon="3.893419">
        <ele>126.583916</ele>
        <time>2026-07-24T09:00:22.879Z</time>
      </trkpt>
      <trkpt lat="43.731494" lon="3.893396">
        <ele>126.993446</ele>
        <time>2026-07-24T09:00:38.963Z</time>
      </trkpt>
      <trkpt lat="43.731754" lon="3.893494">
        <ele>127.224231</ele>
        <time>2026-07-24T09:00:48.510Z</time>
      </trkpt>
      <trkpt lat="43.732417" lon="3.893445">
        <ele>127.908829</ele>
        <time>2026-07-24T09:01:12.693Z</time>
      </trkpt>
      <trkpt lat="43.732985" lon="3.893200">
        <ele>128.623480</ele>
        <time>2026-07-24T09:01:35.142Z</time>
      </trkpt>
      <trkpt lat="43.733294" lon="3.893137">
        <ele>129.228075</ele>
        <time>2026-07-24T09:01:47.699Z</time>
      </trkpt>
      <trkpt lat="43.733692" lon="3.892990">
        <ele>130.216163</ele>
        <time>2026-07-24T09:02:05.238Z</time>
      </trkpt>
      <trkpt lat="43.733925" lon="3.892851">
        <ele>130.930690</ele>
        <time>2026-07-24T09:02:16.392Z</time>
      </trkpt>
      <trkpt lat="43.734135" lon="3.892840">
        <ele>131.584807</ele>
        <time>2026-07-24T09:02:26.140Z</time>
      </trkpt>
      <trkpt lat="43.734391" lon="3.892754">
        <ele>132.307074</ele>
        <time>2026-07-24T09:02:38.026Z</time>
      </trkpt>
      <trkpt lat="43.734995" lon="3.892550">
        <ele>133.552888</ele>
        <time>2026-07-24T09:03:03.493Z</time>
      </trkpt>
      <trkpt lat="43.736965" lon="3.891520">
        <ele>136.073171</ele>
        <time>2026-07-24T09:04:21.611Z</time>
      </trkpt>
      <trkpt lat="43.737075" lon="3.891429">
        <ele>136.180321</ele>
        <time>2026-07-24T09:04:25.974Z</time>
      </trkpt>
      <trkpt lat="43.737111" lon="3.891330">
        <ele>136.223166</ele>
        <time>2026-07-24T09:04:28.547Z</time>
      </trkpt>
      <trkpt lat="43.737261" lon="3.891397">
        <ele>136.409054</ele>
        <time>2026-07-24T09:04:32.082Z</time>
      </trkpt>
      <trkpt lat="43.737792" lon="3.891842">
        <ele>137.911102</ele>
        <time>2026-07-24T09:04:51.664Z</time>
      </trkpt>
      <trkpt lat="43.737899" lon="3.891955">
        <ele>138.284613</ele>
        <time>2026-07-24T09:04:56.257Z</time>
      </trkpt>
      <trkpt lat="43.737971" lon="3.892083">
        <ele>138.558094</ele>
        <time>2026-07-24T09:05:00.017Z</time>
      </trkpt>
      <trkpt lat="43.738034" lon="3.892123">
        <ele>138.633879</ele>
        <time>2026-07-24T09:05:01.902Z</time>
      </trkpt>
      <trkpt lat="43.738126" lon="3.892180">
        <ele>138.744089</ele>
        <time>2026-07-24T09:05:04.068Z</time>
      </trkpt>
      <trkpt lat="43.738265" lon="3.892180">
        <ele>138.662080</ele>
        <time>2026-07-24T09:05:06.606Z</time>
      </trkpt>
      <trkpt lat="43.738963" lon="3.892105">
        <ele>137.822867</ele>
        <time>2026-07-24T09:05:18.515Z</time>
      </trkpt>
      <trkpt lat="43.739404" lon="3.891901">
        <ele>137.454274</ele>
        <time>2026-07-24T09:05:26.936Z</time>
      </trkpt>
      <trkpt lat="43.739879" lon="3.891925">
        <ele>137.569910</ele>
        <time>2026-07-24T09:05:36.687Z</time>
      </trkpt>
      <trkpt lat="43.740418" lon="3.891772">
        <ele>138.482205</ele>
        <time>2026-07-24T09:05:51.860Z</time>
      </trkpt>
      <trkpt lat="43.740583" lon="3.891837">
        <ele>138.733047</ele>
        <time>2026-07-24T09:05:56.635Z</time>
      </trkpt>
      <trkpt lat="43.740812" lon="3.891786">
        <ele>138.511290</ele>
        <time>2026-07-24T09:06:01.099Z</time>
      </trkpt>
      <trkpt lat="43.741696" lon="3.891352">
        <ele>133.106598</ele>
        <time>2026-07-24T09:06:13.718Z</time>
      </trkpt>
      <trkpt lat="43.741809" lon="3.891248">
        <ele>132.515422</ele>
        <time>2026-07-24T09:06:15.666Z</time>
      </trkpt>
      <trkpt lat="43.742190" lon="3.891037">
        <ele>130.626628</ele>
        <time>2026-07-24T09:06:21.633Z</time>
      </trkpt>
      <trkpt lat="43.742291" lon="3.890859">
        <ele>129.636294</ele>
        <time>2026-07-24T09:06:23.689Z</time>
      </trkpt>
      <trkpt lat="43.742598" lon="3.890581">
        <ele>127.864087</ele>
        <time>2026-07-24T09:06:28.850Z</time>
      </trkpt>
      <trkpt lat="43.742776" lon="3.890474">
        <ele>127.952125</ele>
        <time>2026-07-24T09:06:33.645Z</time>
      </trkpt>
      <trkpt lat="43.743296" lon="3.890249">
        <ele>128.834535</ele>
        <time>2026-07-24T09:06:49.087Z</time>
      </trkpt>
      <trkpt lat="43.743428" lon="3.890133">
        <ele>128.980822</ele>
        <time>2026-07-24T09:06:52.452Z</time>
      </trkpt>
      <trkpt lat="43.743590" lon="3.889991">
        <ele>128.933720</ele>
        <time>2026-07-24T09:06:56.606Z</time>
      </trkpt>
      <trkpt lat="43.744172" lon="3.889616">
        <ele>128.003778</ele>
        <time>2026-07-24T09:07:07.313Z</time>
      </trkpt>
      <trkpt lat="43.744373" lon="3.889584">
        <ele>127.668789</ele>
        <time>2026-07-24T09:07:10.612Z</time>
      </trkpt>
      <trkpt lat="43.744637" lon="3.889412">
        <ele>127.153488</ele>
        <time>2026-07-24T09:07:15.371Z</time>
      </trkpt>
      <trkpt lat="43.745371" lon="3.888846">
        <ele>126.676055</ele>
        <time>2026-07-24T09:07:30.663Z</time>
      </trkpt>
      <trkpt lat="43.745726" lon="3.888746">
        <ele>126.998235</ele>
        <time>2026-07-24T09:07:39.520Z</time>
      </trkpt>
      <trkpt lat="43.746099" lon="3.888663">
        <ele>127.985154</ele>
        <time>2026-07-24T09:07:51.809Z</time>
      </trkpt>
      <trkpt lat="43.746356" lon="3.888501">
        <ele>128.668802</ele>
        <time>2026-07-24T09:08:00.462Z</time>
      </trkpt>
      <trkpt lat="43.746690" lon="3.888393">
        <ele>129.252094</ele>
        <time>2026-07-24T09:08:10.176Z</time>
      </trkpt>
      <trkpt lat="43.747158" lon="3.888126">
        <ele>129.706346</ele>
        <time>2026-07-24T09:08:22.147Z</time>
      </trkpt>
      <trkpt lat="43.747253" lon="3.888115">
        <ele>129.717591</ele>
        <time>2026-07-24T09:08:24.201Z</time>
      </trkpt>
      <trkpt lat="43.747757" lon="3.888397">
        <ele>129.659491</ele>
        <time>2026-07-24T09:08:34.822Z</time>
      </trkpt>
      <trkpt lat="43.748110" lon="3.888509">
        <ele>129.234610</ele>
        <time>2026-07-24T09:08:41.002Z</time>
      </trkpt>
      <trkpt lat="43.748659" lon="3.888407">
        <ele>128.191636</ele>
        <time>2026-07-24T09:08:49.995Z</time>
      </trkpt>
      <trkpt lat="43.748795" lon="3.888415">
        <ele>127.918190</ele>
        <time>2026-07-24T09:08:52.134Z</time>
      </trkpt>
      <trkpt lat="43.748917" lon="3.888533">
        <ele>127.654361</ele>
        <time>2026-07-24T09:08:54.510Z</time>
      </trkpt>
      <trkpt lat="43.749211" lon="3.889025">
        <ele>127.267397</ele>
        <time>2026-07-24T09:09:03.047Z</time>
      </trkpt>
      <trkpt lat="43.749308" lon="3.888968">
        <ele>127.127778</ele>
        <time>2026-07-24T09:09:04.806Z</time>
      </trkpt>
      <trkpt lat="43.749427" lon="3.888782">
        <ele>126.833794</ele>
        <time>2026-07-24T09:09:07.674Z</time>
      </trkpt>
      <trkpt lat="43.750015" lon="3.887685">
        <ele>125.053759</ele>
        <time>2026-07-24T09:09:23.837Z</time>
      </trkpt>
      <trkpt lat="43.750155" lon="3.887481">
        <ele>124.946804</ele>
        <time>2026-07-24T09:09:27.559Z</time>
      </trkpt>
      <trkpt lat="43.750380" lon="3.887340">
        <ele>125.058930</ele>
        <time>2026-07-24T09:09:33.031Z</time>
      </trkpt>
      <trkpt lat="43.750752" lon="3.887242">
        <ele>125.757491</ele>
        <time>2026-07-24T09:09:43.866Z</time>
      </trkpt>
      <trkpt lat="43.750876" lon="3.887165">
        <ele>126.080718</ele>
        <time>2026-07-24T09:09:48.080Z</time>
      </trkpt>
      <trkpt lat="43.751382" lon="3.886948">
        <ele>127.394357</ele>
        <time>2026-07-24T09:10:04.666Z</time>
      </trkpt>
      <trkpt lat="43.751492" lon="3.886871">
        <ele>127.686440</ele>
        <time>2026-07-24T09:10:08.395Z</time>
      </trkpt>
      <trkpt lat="43.751684" lon="3.886661">
        <ele>128.138690</ele>
        <time>2026-07-24T09:10:15.282Z</time>
      </trkpt>
      <trkpt lat="43.751966" lon="3.886232">
        <ele>128.378393</ele>
        <time>2026-07-24T09:10:24.675Z</time>
      </trkpt>
      <trkpt lat="43.752277" lon="3.886013">
        <ele>128.196371</ele>
        <time>2026-07-24T09:10:31.182Z</time>
      </trkpt>
      <trkpt lat="43.752489" lon="3.885760">
        <ele>127.675856</ele>
        <time>2026-07-24T09:10:35.752Z</time>
      </trkpt>
      <trkpt lat="43.752766" lon="3.885342">
        <ele>126.559072</ele>
        <time>2026-07-24T09:10:42.020Z</time>
      </trkpt>
      <trkpt lat="43.752859" lon="3.885242">
        <ele>126.189460</ele>
        <time>2026-07-24T09:10:43.775Z</time>
      </trkpt>
      <trkpt lat="43.753108" lon="3.885088">
        <ele>125.374250</ele>
        <time>2026-07-24T09:10:47.771Z</time>
      </trkpt>
      <trkpt lat="43.753314" lon="3.884856">
        <ele>125.319269</ele>
        <time>2026-07-24T09:10:52.776Z</time>
      </trkpt>
      <trkpt lat="43.754154" lon="3.884133">
        <ele>128.611087</ele>
        <time>2026-07-24T09:11:28.286Z</time>
      </trkpt>
      <trkpt lat="43.754487" lon="3.883736">
        <ele>130.322988</ele>
        <time>2026-07-24T09:11:44.442Z</time>
      </trkpt>
      <trkpt lat="43.755440" lon="3.882717">
        <ele>135.711638</ele>
        <time>2026-07-24T09:12:32.848Z</time>
      </trkpt>
      <trkpt lat="43.755953" lon="3.882358">
        <ele>138.019614</ele>
        <time>2026-07-24T09:12:56.205Z</time>
      </trkpt>
      <trkpt lat="43.755920" lon="3.882256">
        <ele>138.028160</ele>
        <time>2026-07-24T09:12:58.334Z</time>
      </trkpt>
      <trkpt lat="43.755827" lon="3.882186">
        <ele>137.714370</ele>
        <time>2026-07-24T09:12:59.799Z</time>
      </trkpt>
      <trkpt lat="43.755569" lon="3.881834">
        <ele>136.876857</ele>
        <time>2026-07-24T09:13:05.759Z</time>
      </trkpt>
      <trkpt lat="43.755372" lon="3.881660">
        <ele>135.998949</ele>
        <time>2026-07-24T09:13:09.123Z</time>
      </trkpt>
      <trkpt lat="43.755094" lon="3.881693">
        <ele>134.765368</ele>
        <time>2026-07-24T09:13:13.108Z</time>
      </trkpt>
      <trkpt lat="43.754968" lon="3.881664">
        <ele>134.155058</ele>
        <time>2026-07-24T09:13:14.874Z</time>
      </trkpt>
      <trkpt lat="43.754778" lon="3.881401">
        <ele>132.592642</ele>
        <time>2026-07-24T09:13:18.499Z</time>
      </trkpt>
      <trkpt lat="43.754646" lon="3.881307">
        <ele>131.692963</ele>
        <time>2026-07-24T09:13:20.493Z</time>
      </trkpt>
      <trkpt lat="43.754439" lon="3.881288">
        <ele>130.442598</ele>
        <time>2026-07-24T09:13:23.302Z</time>
      </trkpt>
      <trkpt lat="43.753739" lon="3.880969">
        <ele>126.598947</ele>
        <time>2026-07-24T09:13:33.449Z</time>
      </trkpt>
      <trkpt lat="43.753376" lon="3.880898">
        <ele>124.698874</ele>
        <time>2026-07-24T09:13:38.516Z</time>
      </trkpt>
      <trkpt lat="43.753253" lon="3.880771">
        <ele>124.061553</ele>
        <time>2026-07-24T09:13:40.659Z</time>
      </trkpt>
      <trkpt lat="43.752900" lon="3.880160">
        <ele>122.136106</ele>
        <time>2026-07-24T09:13:49.111Z</time>
      </trkpt>
      <trkpt lat="43.752778" lon="3.879857">
        <ele>121.567672</ele>
        <time>2026-07-24T09:13:53.135Z</time>
      </trkpt>
      <trkpt lat="43.752590" lon="3.879579">
        <ele>120.793261</ele>
        <time>2026-07-24T09:13:57.372Z</time>
      </trkpt>
      <trkpt lat="43.752422" lon="3.879515">
        <ele>120.248627</ele>
        <time>2026-07-24T09:13:59.992Z</time>
      </trkpt>
      <trkpt lat="43.752014" lon="3.879629">
        <ele>118.428744</ele>
        <time>2026-07-24T09:14:05.931Z</time>
      </trkpt>
      <trkpt lat="43.751750" lon="3.879506">
        <ele>116.710314</ele>
        <time>2026-07-24T09:14:09.640Z</time>
      </trkpt>
      <trkpt lat="43.751348" lon="3.879501">
        <ele>114.267494</ele>
        <time>2026-07-24T09:14:15.023Z</time>
      </trkpt>
      <trkpt lat="43.750943" lon="3.879109">
        <ele>112.327042</ele>
        <time>2026-07-24T09:14:22.105Z</time>
      </trkpt>
      <trkpt lat="43.750107" lon="3.878120">
        <ele>110.744582</ele>
        <time>2026-07-24T09:14:40.793Z</time>
      </trkpt>
      <trkpt lat="43.749847" lon="3.878002">
        <ele>110.714003</ele>
        <time>2026-07-24T09:14:46.110Z</time>
      </trkpt>
      <trkpt lat="43.749561" lon="3.877728">
        <ele>110.826198</ele>
        <time>2026-07-24T09:14:53.583Z</time>
      </trkpt>
      <trkpt lat="43.749385" lon="3.877540">
        <ele>110.994885</ele>
        <time>2026-07-24T09:14:58.821Z</time>
      </trkpt>
      <trkpt lat="43.748859" lon="3.876976">
        <ele>111.401634</ele>
        <time>2026-07-24T09:15:14.446Z</time>
      </trkpt>
      <trkpt lat="43.748336" lon="3.876269">
        <ele>110.416751</ele>
        <time>2026-07-24T09:15:26.869Z</time>
      </trkpt>
      <trkpt lat="43.747664" lon="3.875622">
        <ele>107.217858</ele>
        <time>2026-07-24T09:15:38.576Z</time>
      </trkpt>
      <trkpt lat="43.747315" lon="3.875080">
        <ele>106.092792</ele>
        <time>2026-07-24T09:15:47.090Z</time>
      </trkpt>
      <trkpt lat="43.747018" lon="3.874674">
        <ele>105.211767</ele>
        <time>2026-07-24T09:15:53.771Z</time>
      </trkpt>
      <trkpt lat="43.746811" lon="3.874241">
        <ele>104.496162</ele>
        <time>2026-07-24T09:15:59.850Z</time>
      </trkpt>
      <trkpt lat="43.746719" lon="3.873831">
        <ele>103.932185</ele>
        <time>2026-07-24T09:16:04.980Z</time>
      </trkpt>
      <trkpt lat="43.746663" lon="3.873183">
        <ele>103.399209</ele>
        <time>2026-07-24T09:16:13.077Z</time>
      </trkpt>
      <trkpt lat="43.746584" lon="3.872686">
        <ele>103.040636</ele>
        <time>2026-07-24T09:16:19.597Z</time>
      </trkpt>
      <trkpt lat="43.746613" lon="3.871852">
        <ele>102.842025</ele>
        <time>2026-07-24T09:16:30.864Z</time>
      </trkpt>
      <trkpt lat="43.746686" lon="3.871301">
        <ele>103.002498</ele>
        <time>2026-07-24T09:16:39.758Z</time>
      </trkpt>
      <trkpt lat="43.746883" lon="3.870890">
        <ele>103.207550</ele>
        <time>2026-07-24T09:16:47.811Z</time>
      </trkpt>
      <trkpt lat="43.746916" lon="3.870717">
        <ele>103.264897</ele>
        <time>2026-07-24T09:16:50.696Z</time>
      </trkpt>
      <trkpt lat="43.746919" lon="3.870462">
        <ele>103.312555</ele>
        <time>2026-07-24T09:16:54.718Z</time>
      </trkpt>
      <trkpt lat="43.746867" lon="3.870088">
        <ele>103.347303</ele>
        <time>2026-07-24T09:17:00.325Z</time>
      </trkpt>
      <trkpt lat="43.746669" lon="3.869778">
        <ele>103.207446</ele>
        <time>2026-07-24T09:17:05.828Z</time>
      </trkpt>
      <trkpt lat="43.746570" lon="3.869555">
        <ele>103.086509</ele>
        <time>2026-07-24T09:17:09.384Z</time>
      </trkpt>
      <trkpt lat="43.746513" lon="3.869358">
        <ele>102.948068</ele>
        <time>2026-07-24T09:17:12.235Z</time>
      </trkpt>
      <trkpt lat="43.745896" lon="3.868660">
        <ele>101.481379</ele>
        <time>2026-07-24T09:17:25.230Z</time>
      </trkpt>
      <trkpt lat="43.745313" lon="3.868063">
        <ele>98.568903</ele>
        <time>2026-07-24T09:17:35.619Z</time>
      </trkpt>
      <trkpt lat="43.744714" lon="3.867643">
        <ele>95.217385</ele>
        <time>2026-07-24T09:17:44.930Z</time>
      </trkpt>
      <trkpt lat="43.744424" lon="3.867370">
        <ele>93.685553</ele>
        <time>2026-07-24T09:17:49.930Z</time>
      </trkpt>
      <trkpt lat="43.744213" lon="3.867242">
        <ele>92.912878</ele>
        <time>2026-07-24T09:17:53.349Z</time>
      </trkpt>
      <trkpt lat="43.743788" lon="3.867183">
        <ele>91.648511</ele>
        <time>2026-07-24T09:17:59.940Z</time>
      </trkpt>
      <trkpt lat="43.743297" lon="3.866978">
        <ele>89.772776</ele>
        <time>2026-07-24T09:18:07.458Z</time>
      </trkpt>
      <trkpt lat="43.742822" lon="3.866471">
        <ele>86.401605</ele>
        <time>2026-07-24T09:18:15.571Z</time>
      </trkpt>
      <trkpt lat="43.742734" lon="3.866385">
        <ele>85.887949</ele>
        <time>2026-07-24T09:18:17.084Z</time>
      </trkpt>
      <trkpt lat="43.742329" lon="3.866157">
        <ele>84.393384</ele>
        <time>2026-07-24T09:18:23.688Z</time>
      </trkpt>
      <trkpt lat="43.742181" lon="3.866043">
        <ele>83.731992</ele>
        <time>2026-07-24T09:18:26.025Z</time>
      </trkpt>
      <trkpt lat="43.742105" lon="3.865660">
        <ele>82.741535</ele>
        <time>2026-07-24T09:18:30.367Z</time>
      </trkpt>
      <trkpt lat="43.742000" lon="3.865396">
        <ele>81.891725</ele>
        <time>2026-07-24T09:18:33.548Z</time>
      </trkpt>
      <trkpt lat="43.741901" lon="3.865309">
        <ele>81.417267</ele>
        <time>2026-07-24T09:18:35.212Z</time>
      </trkpt>
      <trkpt lat="43.741677" lon="3.865309">
        <ele>80.728818</ele>
        <time>2026-07-24T09:18:38.441Z</time>
      </trkpt>
      <trkpt lat="43.741667" lon="3.865123">
        <ele>80.614356</ele>
        <time>2026-07-24T09:18:41.091Z</time>
      </trkpt>
      <trkpt lat="43.741785" lon="3.864730">
        <ele>81.093675</ele>
        <time>2026-07-24T09:18:50.249Z</time>
      </trkpt>
      <trkpt lat="43.741876" lon="3.864629">
        <ele>81.166185</ele>
        <time>2026-07-24T09:18:54.210Z</time>
      </trkpt>
      <trkpt lat="43.742744" lon="3.864012">
        <ele>79.675308</ele>
        <time>2026-07-24T09:19:21.692Z</time>
      </trkpt>
      <trkpt lat="43.742853" lon="3.863840">
        <ele>79.330604</ele>
        <time>2026-07-24T09:19:26.132Z</time>
      </trkpt>
      <trkpt lat="43.743010" lon="3.863678">
        <ele>78.969024</ele>
        <time>2026-07-24T09:19:31.526Z</time>
      </trkpt>
      <trkpt lat="43.743066" lon="3.863564">
        <ele>78.752484</ele>
        <time>2026-07-24T09:19:34.449Z</time>
      </trkpt>
      <trkpt lat="43.743052" lon="3.863438">
        <ele>78.496354</ele>
        <time>2026-07-24T09:19:37.031Z</time>
      </trkpt>
      <trkpt lat="43.743009" lon="3.863355">
        <ele>78.291148</ele>
        <time>2026-07-24T09:19:39.048Z</time>
      </trkpt>
      <trkpt lat="43.742828" lon="3.862910">
        <ele>77.198845</ele>
        <time>2026-07-24T09:19:49.420Z</time>
      </trkpt>
      <trkpt lat="43.742857" lon="3.862497">
        <ele>76.311577</ele>
        <time>2026-07-24T09:19:57.222Z</time>
      </trkpt>
      <trkpt lat="43.742904" lon="3.862196">
        <ele>75.691232</ele>
        <time>2026-07-24T09:20:03.114Z</time>
      </trkpt>
      <trkpt lat="43.742663" lon="3.861740">
        <ele>74.492858</ele>
        <time>2026-07-24T09:20:08.322Z</time>
      </trkpt>
      <trkpt lat="43.742569" lon="3.861357">
        <ele>73.626030</ele>
        <time>2026-07-24T09:20:11.980Z</time>
      </trkpt>
      <trkpt lat="43.742473" lon="3.860935">
        <ele>72.921932</ele>
        <time>2026-07-24T09:20:16.305Z</time>
      </trkpt>
      <trkpt lat="43.742366" lon="3.860670">
        <ele>72.659558</ele>
        <time>2026-07-24T09:20:19.358Z</time>
      </trkpt>
      <trkpt lat="43.742191" lon="3.860242">
        <ele>72.924270</ele>
        <time>2026-07-24T09:20:27.205Z</time>
      </trkpt>
      <trkpt lat="43.741937" lon="3.859606">
        <ele>73.900860</ele>
        <time>2026-07-24T09:20:40.603Z</time>
      </trkpt>
      <trkpt lat="43.741862" lon="3.859261">
        <ele>74.438316</ele>
        <time>2026-07-24T09:20:47.395Z</time>
      </trkpt>
      <trkpt lat="43.741853" lon="3.859100">
        <ele>74.705808</ele>
        <time>2026-07-24T09:20:50.645Z</time>
      </trkpt>
      <trkpt lat="43.741891" lon="3.858438">
        <ele>76.018307</ele>
        <time>2026-07-24T09:21:04.654Z</time>
      </trkpt>
      <trkpt lat="43.741878" lon="3.858134">
        <ele>76.713203</ele>
        <time>2026-07-24T09:21:11.793Z</time>
      </trkpt>
      <trkpt lat="43.741829" lon="3.857869">
        <ele>77.405121</ele>
        <time>2026-07-24T09:21:18.259Z</time>
      </trkpt>
      <trkpt lat="43.741728" lon="3.857562">
        <ele>78.270516</ele>
        <time>2026-07-24T09:21:26.404Z</time>
      </trkpt>
      <trkpt lat="43.741463" lon="3.856808">
        <ele>79.747749</ele>
        <time>2026-07-24T09:21:44.156Z</time>
      </trkpt>
      <trkpt lat="43.741784" lon="3.856764">
        <ele>79.389670</ele>
        <time>2026-07-24T09:21:49.213Z</time>
      </trkpt>
      <trkpt lat="43.742636" lon="3.856887">
        <ele>80.412515</ele>
        <time>2026-07-24T09:22:11.663Z</time>
      </trkpt>
      <trkpt lat="43.742695" lon="3.856894">
        <ele>80.535296</ele>
        <time>2026-07-24T09:22:13.509Z</time>
      </trkpt>
      <trkpt lat="43.743052" lon="3.856554">
        <ele>81.454110</ele>
        <time>2026-07-24T09:22:26.290Z</time>
      </trkpt>
      <trkpt lat="43.743400" lon="3.856083">
        <ele>82.073174</ele>
        <time>2026-07-24T09:22:39.008Z</time>
      </trkpt>
      <trkpt lat="43.743639" lon="3.855890">
        <ele>82.197772</ele>
        <time>2026-07-24T09:22:45.231Z</time>
      </trkpt>
      <trkpt lat="43.743697" lon="3.855800">
        <ele>82.192023</ele>
        <time>2026-07-24T09:22:46.826Z</time>
      </trkpt>
      <trkpt lat="43.743448" lon="3.855424">
        <ele>81.735394</ele>
        <time>2026-07-24T09:22:52.156Z</time>
      </trkpt>
      <trkpt lat="43.743350" lon="3.855221">
        <ele>81.388491</ele>
        <time>2026-07-24T09:22:54.502Z</time>
      </trkpt>
      <trkpt lat="43.743102" lon="3.854495">
        <ele>80.085542</ele>
        <time>2026-07-24T09:23:02.213Z</time>
      </trkpt>
      <trkpt lat="43.743629" lon="3.854282">
        <ele>80.256629</ele>
        <time>2026-07-24T09:23:20.302Z</time>
      </trkpt>
      <trkpt lat="43.743891" lon="3.854121">
        <ele>80.608187</ele>
        <time>2026-07-24T09:23:31.330Z</time>
      </trkpt>
      <trkpt lat="43.744143" lon="3.854050">
        <ele>80.993559</ele>
        <time>2026-07-24T09:23:41.308Z</time>
      </trkpt>
      <trkpt lat="43.744286" lon="3.854043">
        <ele>81.232811</ele>
        <time>2026-07-24T09:23:46.874Z</time>
      </trkpt>
      <trkpt lat="43.744480" lon="3.854090">
        <ele>81.533660</ele>
        <time>2026-07-24T09:23:54.629Z</time>
      </trkpt>
      <trkpt lat="43.744605" lon="3.854068">
        <ele>81.686345</ele>
        <time>2026-07-24T09:23:59.463Z</time>
      </trkpt>
      <trkpt lat="43.745552" lon="3.853119">
        <ele>82.478841</ele>
        <time>2026-07-24T09:24:39.899Z</time>
      </trkpt>
      <trkpt lat="43.745968" lon="3.852282">
        <ele>82.644648</ele>
        <time>2026-07-24T09:25:03.850Z</time>
      </trkpt>
      <trkpt lat="43.746052" lon="3.852113">
        <ele>82.750021</ele>
        <time>2026-07-24T09:25:09.068Z</time>
      </trkpt>
      <trkpt lat="43.746163" lon="3.852195">
        <ele>82.983751</ele>
        <time>2026-07-24T09:25:14.273Z</time>
      </trkpt>
      <trkpt lat="43.746856" lon="3.853315">
        <ele>84.790561</ele>
        <time>2026-07-24T09:25:56.019Z</time>
      </trkpt>
      <trkpt lat="43.747674" lon="3.853061">
        <ele>86.094244</ele>
        <time>2026-07-24T09:26:28.534Z</time>
      </trkpt>
      <trkpt lat="43.748444" lon="3.852147">
        <ele>87.500038</ele>
        <time>2026-07-24T09:27:07.271Z</time>
      </trkpt>
      <trkpt lat="43.748511" lon="3.852116">
        <ele>87.597563</ele>
        <time>2026-07-24T09:27:09.966Z</time>
      </trkpt>
      <trkpt lat="43.748855" lon="3.852319">
        <ele>88.137543</ele>
        <time>2026-07-24T09:27:24.122Z</time>
      </trkpt>
      <trkpt lat="43.748996" lon="3.852349">
        <ele>88.346828</ele>
        <time>2026-07-24T09:27:29.750Z</time>
      </trkpt>
      <trkpt lat="43.749152" lon="3.852329">
        <ele>88.503195</ele>
        <time>2026-07-24T09:27:35.726Z</time>
      </trkpt>
      <trkpt lat="43.749970" lon="3.849908">
        <ele>86.627930</ele>
        <time>2026-07-24T09:28:04.170Z</time>
      </trkpt>
      <trkpt lat="43.750309" lon="3.848896">
        <ele>86.808175</ele>
        <time>2026-07-24T09:28:19.721Z</time>
      </trkpt>
      <trkpt lat="43.751170" lon="3.847568">
        <ele>87.649053</ele>
        <time>2026-07-24T09:28:45.341Z</time>
      </trkpt>
      <trkpt lat="43.751802" lon="3.846188">
        <ele>89.598712</ele>
        <time>2026-07-24T09:29:14.567Z</time>
      </trkpt>
      <trkpt lat="43.752249" lon="3.845292">
        <ele>90.899066</ele>
        <time>2026-07-24T09:29:33.827Z</time>
      </trkpt>
      <trkpt lat="43.752692" lon="3.844709">
        <ele>91.919837</ele>
        <time>2026-07-24T09:29:48.644Z</time>
      </trkpt>
      <trkpt lat="43.753042" lon="3.844346">
        <ele>92.817672</ele>
        <time>2026-07-24T09:30:00.121Z</time>
      </trkpt>
      <trkpt lat="43.753168" lon="3.844185">
        <ele>93.229861</ele>
        <time>2026-07-24T09:30:04.881Z</time>
      </trkpt>
      <trkpt lat="43.753300" lon="3.843948">
        <ele>93.853561</ele>
        <time>2026-07-24T09:30:11.744Z</time>
      </trkpt>
      <trkpt lat="43.752768" lon="3.843455">
        <ele>95.098451</ele>
        <time>2026-07-24T09:30:30.048Z</time>
      </trkpt>
      <trkpt lat="43.752637" lon="3.843321">
        <ele>95.283279</ele>
        <time>2026-07-24T09:30:34.582Z</time>
      </trkpt>
      <trkpt lat="43.752127" lon="3.842646">
        <ele>95.796187</ele>
        <time>2026-07-24T09:30:50.202Z</time>
      </trkpt>
      <trkpt lat="43.751761" lon="3.842412">
        <ele>96.181068</ele>
        <time>2026-07-24T09:30:59.048Z</time>
      </trkpt>
      <trkpt lat="43.751435" lon="3.842039">
        <ele>97.375844</ele>
        <time>2026-07-24T09:31:14.965Z</time>
      </trkpt>
      <trkpt lat="43.751126" lon="3.841605">
        <ele>97.321982</ele>
        <time>2026-07-24T09:31:22.819Z</time>
      </trkpt>
      <trkpt lat="43.750580" lon="3.841013">
        <ele>97.245324</ele>
        <time>2026-07-24T09:31:36.130Z</time>
      </trkpt>
      <trkpt lat="43.750198" lon="3.840523">
        <ele>98.103458</ele>
        <time>2026-07-24T09:31:50.861Z</time>
      </trkpt>
      <trkpt lat="43.749866" lon="3.840096">
        <ele>99.096288</ele>
        <time>2026-07-24T09:32:04.174Z</time>
      </trkpt>
      <trkpt lat="43.749519" lon="3.839512">
        <ele>101.210694</ele>
        <time>2026-07-24T09:32:24.404Z</time>
      </trkpt>
      <trkpt lat="43.749330" lon="3.839082">
        <ele>103.439072</ele>
        <time>2026-07-24T09:32:42.790Z</time>
      </trkpt>
      <trkpt lat="43.749241" lon="3.838760">
        <ele>104.601993</ele>
        <time>2026-07-24T09:32:51.912Z</time>
      </trkpt>
      <trkpt lat="43.749528" lon="3.838388">
        <ele>106.899375</ele>
        <time>2026-07-24T09:33:10.277Z</time>
      </trkpt>
      <trkpt lat="43.749550" lon="3.838299">
        <ele>107.313836</ele>
        <time>2026-07-24T09:33:13.592Z</time>
      </trkpt>
      <trkpt lat="43.749568" lon="3.837885">
        <ele>109.157411</ele>
        <time>2026-07-24T09:33:28.309Z</time>
      </trkpt>
      <trkpt lat="43.749632" lon="3.837593">
        <ele>110.351596</ele>
        <time>2026-07-24T09:33:37.783Z</time>
      </trkpt>
      <trkpt lat="43.749700" lon="3.837358">
        <ele>111.188734</ele>
        <time>2026-07-24T09:33:45.132Z</time>
      </trkpt>
      <trkpt lat="43.749756" lon="3.837243">
        <ele>111.561327</ele>
        <time>2026-07-24T09:33:48.946Z</time>
      </trkpt>
      <trkpt lat="43.749920" lon="3.836906">
        <ele>112.580662</ele>
        <time>2026-07-24T09:33:59.076Z</time>
      </trkpt>
      <trkpt lat="43.750209" lon="3.836177">
        <ele>114.427954</ele>
        <time>2026-07-24T09:34:19.184Z</time>
      </trkpt>
      <trkpt lat="43.750297" lon="3.836058">
        <ele>114.832256</ele>
        <time>2026-07-24T09:34:23.759Z</time>
      </trkpt>
      <trkpt lat="43.750450" lon="3.835980">
        <ele>115.447565</ele>
        <time>2026-07-24T09:34:30.052Z</time>
      </trkpt>
      <trkpt lat="43.750723" lon="3.835842">
        <ele>116.285998</ele>
        <time>2026-07-24T09:34:39.584Z</time>
      </trkpt>
      <trkpt lat="43.750525" lon="3.835670">
        <ele>116.179746</ele>
        <time>2026-07-24T09:34:43.132Z</time>
      </trkpt>
      <trkpt lat="43.750411" lon="3.835588">
        <ele>116.016057</ele>
        <time>2026-07-24T09:34:44.969Z</time>
      </trkpt>
      <trkpt lat="43.750152" lon="3.835235">
        <ele>115.897875</ele>
        <time>2026-07-24T09:34:50.390Z</time>
      </trkpt>
      <trkpt lat="43.751046" lon="3.835056">
        <ele>119.822862</ele>
        <time>2026-07-24T09:35:26.051Z</time>
      </trkpt>
      <trkpt lat="43.751697" lon="3.834979">
        <ele>125.361816</ele>
        <time>2026-07-24T09:36:04.288Z</time>
      </trkpt>
      <trkpt lat="43.751775" lon="3.834969">
        <ele>126.281204</ele>
        <time>2026-07-24T09:36:10.448Z</time>
      </trkpt>
      <trkpt lat="43.751996" lon="3.834810">
        <ele>129.204543</ele>
        <time>2026-07-24T09:36:29.755Z</time>
      </trkpt>
      <trkpt lat="43.752067" lon="3.834761">
        <ele>130.135747</ele>
        <time>2026-07-24T09:36:35.370Z</time>
      </trkpt>
      <trkpt lat="43.752251" lon="3.834626">
        <ele>132.230004</ele>
        <time>2026-07-24T09:36:48.594Z</time>
      </trkpt>
      <trkpt lat="43.752333" lon="3.834601">
        <ele>133.021225</ele>
        <time>2026-07-24T09:36:54.054Z</time>
      </trkpt>
      <trkpt lat="43.752443" lon="3.834652">
        <ele>134.083926</ele>
        <time>2026-07-24T09:37:01.335Z</time>
      </trkpt>
      <trkpt lat="43.752637" lon="3.834832">
        <ele>135.856738</ele>
        <time>2026-07-24T09:37:13.816Z</time>
      </trkpt>
      <trkpt lat="43.752682" lon="3.834993">
        <ele>136.614386</ele>
        <time>2026-07-24T09:37:19.794Z</time>
      </trkpt>
      <trkpt lat="43.752854" lon="3.834962">
        <ele>137.497031</ele>
        <time>2026-07-24T09:37:26.786Z</time>
      </trkpt>
      <trkpt lat="43.753184" lon="3.835136">
        <ele>138.315136</ele>
        <time>2026-07-24T09:37:37.035Z</time>
      </trkpt>
      <trkpt lat="43.753534" lon="3.835075">
        <ele>138.285171</ele>
        <time>2026-07-24T09:37:42.245Z</time>
      </trkpt>
      <trkpt lat="43.753727" lon="3.835099">
        <ele>138.638297</ele>
        <time>2026-07-24T09:37:47.859Z</time>
      </trkpt>
      <trkpt lat="43.754092" lon="3.835302">
        <ele>140.018795</ele>
        <time>2026-07-24T09:38:00.603Z</time>
      </trkpt>
      <trkpt lat="43.754564" lon="3.835499">
        <ele>141.850987</ele>
        <time>2026-07-24T09:38:18.230Z</time>
      </trkpt>
      <trkpt lat="43.754605" lon="3.835471">
        <ele>141.883583</ele>
        <time>2026-07-24T09:38:18.919Z</time>
      </trkpt>
      <trkpt lat="43.754659" lon="3.835453">
        <ele>141.923184</ele>
        <time>2026-07-24T09:38:19.697Z</time>
      </trkpt>
      <trkpt lat="43.754835" lon="3.835078">
        <ele>142.512336</ele>
        <time>2026-07-24T09:38:26.738Z</time>
      </trkpt>
      <trkpt lat="43.755440" lon="3.833998">
        <ele>152.737191</ele>
        <time>2026-07-24T09:39:32.468Z</time>
      </trkpt>
      <trkpt lat="43.755481" lon="3.833848">
        <ele>153.636153</ele>
        <time>2026-07-24T09:39:38.001Z</time>
      </trkpt>
      <trkpt lat="43.755471" lon="3.833744">
        <ele>153.998929</ele>
        <time>2026-07-24T09:39:40.803Z</time>
      </trkpt>
      <trkpt lat="43.755388" lon="3.833687">
        <ele>154.268090</ele>
        <time>2026-07-24T09:39:43.761Z</time>
      </trkpt>
      <trkpt lat="43.755281" lon="3.833673">
        <ele>154.518387</ele>
        <time>2026-07-24T09:39:46.551Z</time>
      </trkpt>
      <trkpt lat="43.754983" lon="3.833713">
        <ele>154.202315</ele>
        <time>2026-07-24T09:39:51.278Z</time>
      </trkpt>
      <trkpt lat="43.754805" lon="3.833687">
        <ele>153.704460</ele>
        <time>2026-07-24T09:39:53.318Z</time>
      </trkpt>
      <trkpt lat="43.754593" lon="3.833613">
        <ele>153.545345</ele>
        <time>2026-07-24T09:39:57.233Z</time>
      </trkpt>
      <trkpt lat="43.754355" lon="3.833442">
        <ele>153.900871</ele>
        <time>2026-07-24T09:40:03.567Z</time>
      </trkpt>
      <trkpt lat="43.753450" lon="3.832502">
        <ele>155.993876</ele>
        <time>2026-07-24T09:40:30.766Z</time>
      </trkpt>
      <trkpt lat="43.753405" lon="3.832439">
        <ele>156.354516</ele>
        <time>2026-07-24T09:40:33.388Z</time>
      </trkpt>
      <trkpt lat="43.753401" lon="3.832305">
        <ele>157.030031</ele>
        <time>2026-07-24T09:40:40.047Z</time>
      </trkpt>
      <trkpt lat="43.753434" lon="3.832259">
        <ele>157.490877</ele>
        <time>2026-07-24T09:40:43.863Z</time>
      </trkpt>
      <trkpt lat="43.753493" lon="3.832265">
        <ele>158.073054</ele>
        <time>2026-07-24T09:40:48.231Z</time>
      </trkpt>
      <trkpt lat="43.753777" lon="3.832519">
        <ele>160.457670</ele>
        <time>2026-07-24T09:41:03.213Z</time>
      </trkpt>
      <trkpt lat="43.754263" lon="3.832817">
        <ele>163.265455</ele>
        <time>2026-07-24T09:41:24.735Z</time>
      </trkpt>
      <trkpt lat="43.754526" lon="3.832914">
        <ele>164.916044</ele>
        <time>2026-07-24T09:41:36.791Z</time>
      </trkpt>
      <trkpt lat="43.754799" lon="3.832952">
        <ele>166.732883</ele>
        <time>2026-07-24T09:41:49.795Z</time>
      </trkpt>
      <trkpt lat="43.755013" lon="3.832958">
        <ele>168.293239</ele>
        <time>2026-07-24T09:42:00.409Z</time>
      </trkpt>
      <trkpt lat="43.755997" lon="3.832764">
        <ele>175.376816</ele>
        <time>2026-07-24T09:42:50.162Z</time>
      </trkpt>
      <trkpt lat="43.756667" lon="3.832607">
        <ele>178.802297</ele>
        <time>2026-07-24T09:43:17.408Z</time>
      </trkpt>
      <trkpt lat="43.756815" lon="3.832523">
        <ele>179.182164</ele>
        <time>2026-07-24T09:43:21.582Z</time>
      </trkpt>
      <trkpt lat="43.756963" lon="3.832366">
        <ele>178.877526</ele>
        <time>2026-07-24T09:43:24.061Z</time>
      </trkpt>
      <trkpt lat="43.757203" lon="3.831844">
        <ele>177.881466</ele>
        <time>2026-07-24T09:43:30.010Z</time>
      </trkpt>
      <trkpt lat="43.757437" lon="3.831256">
        <ele>176.666705</ele>
        <time>2026-07-24T09:43:36.346Z</time>
      </trkpt>
      <trkpt lat="43.757629" lon="3.831021">
        <ele>176.640660</ele>
        <time>2026-07-24T09:43:40.487Z</time>
      </trkpt>
      <trkpt lat="43.757889" lon="3.830881">
        <ele>177.608888</ele>
        <time>2026-07-24T09:43:49.401Z</time>
      </trkpt>
      <trkpt lat="43.758063" lon="3.830870">
        <ele>178.704617</ele>
        <time>2026-07-24T09:43:57.742Z</time>
      </trkpt>
      <trkpt lat="43.758220" lon="3.830921">
        <ele>180.166527</ele>
        <time>2026-07-24T09:44:07.110Z</time>
      </trkpt>
      <trkpt lat="43.758544" lon="3.831190">
        <ele>184.117933</ele>
        <time>2026-07-24T09:44:31.870Z</time>
      </trkpt>
      <trkpt lat="43.758803" lon="3.831273">
        <ele>186.991198</ele>
        <time>2026-07-24T09:44:49.493Z</time>
      </trkpt>
      <trkpt lat="43.758983" lon="3.831409">
        <ele>189.021216</ele>
        <time>2026-07-24T09:45:02.959Z</time>
      </trkpt>
      <trkpt lat="43.759354" lon="3.831817">
        <ele>192.456942</ele>
        <time>2026-07-24T09:45:26.752Z</time>
      </trkpt>
      <trkpt lat="43.759442" lon="3.831872">
        <ele>192.627992</ele>
        <time>2026-07-24T09:45:30.002Z</time>
      </trkpt>
      <trkpt lat="43.759528" lon="3.831849">
        <ele>192.238656</ele>
        <time>2026-07-24T09:45:31.178Z</time>
      </trkpt>
      <trkpt lat="43.759565" lon="3.831790">
        <ele>191.987805</ele>
        <time>2026-07-24T09:45:31.799Z</time>
      </trkpt>
      <trkpt lat="43.759602" lon="3.831648">
        <ele>190.839472</ele>
        <time>2026-07-24T09:45:32.911Z</time>
      </trkpt>
      <trkpt lat="43.759635" lon="3.831173">
        <ele>185.748313</ele>
        <time>2026-07-24T09:45:36.352Z</time>
      </trkpt>
      <trkpt lat="43.759739" lon="3.830617">
        <ele>180.054871</ele>
        <time>2026-07-24T09:45:40.520Z</time>
      </trkpt>
      <trkpt lat="43.759772" lon="3.830157">
        <ele>176.942669</ele>
        <time>2026-07-24T09:45:44.061Z</time>
      </trkpt>
      <trkpt lat="43.759913" lon="3.829620">
        <ele>175.469730</ele>
        <time>2026-07-24T09:45:49.209Z</time>
      </trkpt>
      <trkpt lat="43.760311" lon="3.828698">
        <ele>176.962746</ele>
        <time>2026-07-24T09:46:11.370Z</time>
      </trkpt>
      <trkpt lat="43.760719" lon="3.827550">
        <ele>176.235463</ele>
        <time>2026-07-24T09:46:24.822Z</time>
      </trkpt>
      <trkpt lat="43.760791" lon="3.827405">
        <ele>176.161788</ele>
        <time>2026-07-24T09:46:26.919Z</time>
      </trkpt>
      <trkpt lat="43.760917" lon="3.827292">
        <ele>176.253254</ele>
        <time>2026-07-24T09:46:29.907Z</time>
      </trkpt>
      <trkpt lat="43.761217" lon="3.827134">
        <ele>176.711078</ele>
        <time>2026-07-24T09:46:37.493Z</time>
      </trkpt>
      <trkpt lat="43.761879" lon="3.826697">
        <ele>177.900494</ele>
        <time>2026-07-24T09:46:55.884Z</time>
      </trkpt>
      <trkpt lat="43.762133" lon="3.826624">
        <ele>177.983013</ele>
        <time>2026-07-24T09:47:00.417Z</time>
      </trkpt>
      <trkpt lat="43.762762" lon="3.826664">
        <ele>177.816282</ele>
        <time>2026-07-24T09:47:10.536Z</time>
      </trkpt>
      <trkpt lat="43.762900" lon="3.826686">
        <ele>177.786679</ele>
        <time>2026-07-24T09:47:13.105Z</time>
      </trkpt>
      <trkpt lat="43.762968" lon="3.826694">
        <ele>177.726584</ele>
        <time>2026-07-24T09:47:14.289Z</time>
      </trkpt>
      <trkpt lat="43.763195" lon="3.826718">
        <ele>177.234492</ele>
        <time>2026-07-24T09:47:17.571Z</time>
      </trkpt>
      <trkpt lat="43.763410" lon="3.826667">
        <ele>176.461816</ele>
        <time>2026-07-24T09:47:20.013Z</time>
      </trkpt>
      <trkpt lat="43.763618" lon="3.826544">
        <ele>176.387050</ele>
        <time>2026-07-24T09:47:24.318Z</time>
      </trkpt>
      <trkpt lat="43.763773" lon="3.826372">
        <ele>176.976521</ele>
        <time>2026-07-24T09:47:31.199Z</time>
      </trkpt>
      <trkpt lat="43.764167" lon="3.825670">
        <ele>179.260351</ele>
        <time>2026-07-24T09:47:52.806Z</time>
      </trkpt>
      <trkpt lat="43.764375" lon="3.825251">
        <ele>179.861526</ele>
        <time>2026-07-24T09:48:02.985Z</time>
      </trkpt>
      <trkpt lat="43.764454" lon="3.824889">
        <ele>178.926302</ele>
        <time>2026-07-24T09:48:06.254Z</time>
      </trkpt>
      <trkpt lat="43.764499" lon="3.824776">
        <ele>178.375715</ele>
        <time>2026-07-24T09:48:07.275Z</time>
      </trkpt>
      <trkpt lat="43.764627" lon="3.824662">
        <ele>177.453114</ele>
        <time>2026-07-24T09:48:08.963Z</time>
      </trkpt>
      <trkpt lat="43.765059" lon="3.824267">
        <ele>176.335576</ele>
        <time>2026-07-24T09:48:15.997Z</time>
      </trkpt>
      <trkpt lat="43.765701" lon="3.823804">
        <ele>176.246997</ele>
        <time>2026-07-24T09:48:27.971Z</time>
      </trkpt>
      <trkpt lat="43.766116" lon="3.823596">
        <ele>177.188651</ele>
        <time>2026-07-24T09:48:40.680Z</time>
      </trkpt>
      <trkpt lat="43.767625" lon="3.822987">
        <ele>180.840719</ele>
        <time>2026-07-24T09:49:23.566Z</time>
      </trkpt>
      <trkpt lat="43.767759" lon="3.822959">
        <ele>181.216288</ele>
        <time>2026-07-24T09:49:27.633Z</time>
      </trkpt>
      <trkpt lat="43.767938" lon="3.822967">
        <ele>181.816916</ele>
        <time>2026-07-24T09:49:33.312Z</time>
      </trkpt>
      <trkpt lat="43.768518" lon="3.823061">
        <ele>183.889150</ele>
        <time>2026-07-24T09:49:53.385Z</time>
      </trkpt>
      <trkpt lat="43.768571" lon="3.823048">
        <ele>184.038356</ele>
        <time>2026-07-24T09:49:54.943Z</time>
      </trkpt>
      <trkpt lat="43.768613" lon="3.822922">
        <ele>184.240491</ele>
        <time>2026-07-24T09:49:57.326Z</time>
      </trkpt>
      <trkpt lat="43.768611" lon="3.822448">
        <ele>184.553747</ele>
        <time>2026-07-24T09:50:04.192Z</time>
      </trkpt>
      <trkpt lat="43.768523" lon="3.820695">
        <ele>186.650781</ele>
        <time>2026-07-24T09:50:35.191Z</time>
      </trkpt>
      <trkpt lat="43.768543" lon="3.820428">
        <ele>187.133356</ele>
        <time>2026-07-24T09:50:40.704Z</time>
      </trkpt>
      <trkpt lat="43.768707" lon="3.819419">
        <ele>189.529875</ele>
        <time>2026-07-24T09:51:04.329Z</time>
      </trkpt>
      <trkpt lat="43.768690" lon="3.819162">
        <ele>190.168624</ele>
        <time>2026-07-24T09:51:10.623Z</time>
      </trkpt>
      <trkpt lat="43.768468" lon="3.818564">
        <ele>191.787770</ele>
        <time>2026-07-24T09:51:26.180Z</time>
      </trkpt>
      <trkpt lat="43.768396" lon="3.818377">
        <ele>192.199092</ele>
        <time>2026-07-24T09:51:31.197Z</time>
      </trkpt>
      <trkpt lat="43.768043" lon="3.817493">
        <ele>193.250161</ele>
        <time>2026-07-24T09:51:47.597Z</time>
      </trkpt>
      <trkpt lat="43.768013" lon="3.817395">
        <ele>193.383517</ele>
        <time>2026-07-24T09:51:49.578Z</time>
      </trkpt>
      <trkpt lat="43.768002" lon="3.817174">
        <ele>193.863370</ele>
        <time>2026-07-24T09:51:54.293Z</time>
      </trkpt>
      <trkpt lat="43.768145" lon="3.816458">
        <ele>195.872124</ele>
        <time>2026-07-24T09:52:12.704Z</time>
      </trkpt>
      <trkpt lat="43.768587" lon="3.814541">
        <ele>204.103350</ele>
        <time>2026-07-24T09:53:14.642Z</time>
      </trkpt>
      <trkpt lat="43.768738" lon="3.814056">
        <ele>206.931865</ele>
        <time>2026-07-24T09:53:34.311Z</time>
      </trkpt>
      <trkpt lat="43.768808" lon="3.813906">
        <ele>208.045118</ele>
        <time>2026-07-24T09:53:41.347Z</time>
      </trkpt>
      <trkpt lat="43.770032" lon="3.811695">
        <ele>226.602239</ele>
        <time>2026-07-24T09:55:38.912Z</time>
      </trkpt>
      <trkpt lat="43.770151" lon="3.811318">
        <ele>230.181863</ele>
        <time>2026-07-24T09:56:01.379Z</time>
      </trkpt>
      <trkpt lat="43.770156" lon="3.811199">
        <ele>231.086452</ele>
        <time>2026-07-24T09:56:07.631Z</time>
      </trkpt>
      <trkpt lat="43.770123" lon="3.811074">
        <ele>232.009429</ele>
        <time>2026-07-24T09:56:13.542Z</time>
      </trkpt>
      <trkpt lat="43.769883" lon="3.810507">
        <ele>235.527563</ele>
        <time>2026-07-24T09:56:36.524Z</time>
      </trkpt>
      <trkpt lat="43.769684" lon="3.810215">
        <ele>237.692069</ele>
        <time>2026-07-24T09:56:51.282Z</time>
      </trkpt>
      <trkpt lat="43.769668" lon="3.810066">
        <ele>238.499304</ele>
        <time>2026-07-24T09:56:56.563Z</time>
      </trkpt>
      <trkpt lat="43.769740" lon="3.810023">
        <ele>239.081173</ele>
        <time>2026-07-24T09:57:00.501Z</time>
      </trkpt>
      <trkpt lat="43.770025" lon="3.810284">
        <ele>242.237405</ele>
        <time>2026-07-24T09:57:20.029Z</time>
      </trkpt>
      <trkpt lat="43.770193" lon="3.810386">
        <ele>244.307028</ele>
        <time>2026-07-24T09:57:32.962Z</time>
      </trkpt>
      <trkpt lat="43.770352" lon="3.810394">
        <ele>246.384015</ele>
        <time>2026-07-24T09:57:45.187Z</time>
      </trkpt>
      <trkpt lat="43.770468" lon="3.810306">
        <ele>248.649513</ele>
        <time>2026-07-24T09:57:56.838Z</time>
      </trkpt>
      <trkpt lat="43.770767" lon="3.809718">
        <ele>258.549481</ele>
        <time>2026-07-24T09:58:53.177Z</time>
      </trkpt>
      <trkpt lat="43.771042" lon="3.809075">
        <ele>266.745234</ele>
        <time>2026-07-24T09:59:41.442Z</time>
      </trkpt>
      <trkpt lat="43.771028" lon="3.808978">
        <ele>267.288276</ele>
        <time>2026-07-24T09:59:45.218Z</time>
      </trkpt>
      <trkpt lat="43.770960" lon="3.808938">
        <ele>267.849947</ele>
        <time>2026-07-24T09:59:47.508Z</time>
      </trkpt>
      <trkpt lat="43.770885" lon="3.809016">
        <ele>267.726506</ele>
        <time>2026-07-24T09:59:48.950Z</time>
      </trkpt>
      <trkpt lat="43.770767" lon="3.809289">
        <ele>266.542322</ele>
        <time>2026-07-24T09:59:51.623Z</time>
      </trkpt>
      <trkpt lat="43.770470" lon="3.809633">
        <ele>262.973920</ele>
        <time>2026-07-24T09:59:55.673Z</time>
      </trkpt>
      <trkpt lat="43.770296" lon="3.809678">
        <ele>261.605585</ele>
        <time>2026-07-24T09:59:57.569Z</time>
      </trkpt>
      <trkpt lat="43.770153" lon="3.809633">
        <ele>261.453638</ele>
        <time>2026-07-24T09:59:59.431Z</time>
      </trkpt>
      <trkpt lat="43.769854" lon="3.809236">
        <ele>264.154995</ele>
        <time>2026-07-24T10:00:17.398Z</time>
      </trkpt>
      <trkpt lat="43.769397" lon="3.808302">
        <ele>277.513993</ele>
        <time>2026-07-24T10:01:36.036Z</time>
      </trkpt>
      <trkpt lat="43.768791" lon="3.807570">
        <ele>291.605282</ele>
        <time>2026-07-24T10:02:55.418Z</time>
      </trkpt>
      <trkpt lat="43.768648" lon="3.807495">
        <ele>293.181673</ele>
        <time>2026-07-24T10:03:07.806Z</time>
      </trkpt>
      <trkpt lat="43.767935" lon="3.807588">
        <ele>292.989303</ele>
        <time>2026-07-24T10:03:18.152Z</time>
      </trkpt>
      <trkpt lat="43.767284" lon="3.807768">
        <ele>291.362307</ele>
        <time>2026-07-24T10:03:26.748Z</time>
      </trkpt>
      <trkpt lat="43.767094" lon="3.807731">
        <ele>291.004959</ele>
        <time>2026-07-24T10:03:29.406Z</time>
      </trkpt>
      <trkpt lat="43.766838" lon="3.807594">
        <ele>290.634888</ele>
        <time>2026-07-24T10:03:33.406Z</time>
      </trkpt>
      <trkpt lat="43.766480" lon="3.807540">
        <ele>290.262582</ele>
        <time>2026-07-24T10:03:38.819Z</time>
      </trkpt>
      <trkpt lat="43.765973" lon="3.807530">
        <ele>289.544896</ele>
        <time>2026-07-24T10:03:45.710Z</time>
      </trkpt>
      <trkpt lat="43.765564" lon="3.807376">
        <ele>290.645325</ele>
        <time>2026-07-24T10:03:58.269Z</time>
      </trkpt>
      <trkpt lat="43.765413" lon="3.807243">
        <ele>291.577617</ele>
        <time>2026-07-24T10:04:07.097Z</time>
      </trkpt>
      <trkpt lat="43.765316" lon="3.807054">
        <ele>291.820205</ele>
        <time>2026-07-24T10:04:11.493Z</time>
      </trkpt>
      <trkpt lat="43.764706" lon="3.805526">
        <ele>288.856333</ele>
        <time>2026-07-24T10:04:27.763Z</time>
      </trkpt>
      <trkpt lat="43.764686" lon="3.805363">
        <ele>288.900245</ele>
        <time>2026-07-24T10:04:30.553Z</time>
      </trkpt>
      <trkpt lat="43.764743" lon="3.805247">
        <ele>289.244893</ele>
        <time>2026-07-24T10:04:33.988Z</time>
      </trkpt>
      <trkpt lat="43.764855" lon="3.805153">
        <ele>289.839603</ele>
        <time>2026-07-24T10:04:39.212Z</time>
      </trkpt>
      <trkpt lat="43.765339" lon="3.804826">
        <ele>293.003828</ele>
        <time>2026-07-24T10:05:03.033Z</time>
      </trkpt>
      <trkpt lat="43.765403" lon="3.804660">
        <ele>293.800767</ele>
        <time>2026-07-24T10:05:10.007Z</time>
      </trkpt>
      <trkpt lat="43.765386" lon="3.804070">
        <ele>293.806330</ele>
        <time>2026-07-24T10:05:16.682Z</time>
      </trkpt>
      <trkpt lat="43.765331" lon="3.803834">
        <ele>293.528264</ele>
        <time>2026-07-24T10:05:19.371Z</time>
      </trkpt>
      <trkpt lat="43.765374" lon="3.802532">
        <ele>290.087384</ele>
        <time>2026-07-24T10:05:30.942Z</time>
      </trkpt>
      <trkpt lat="43.765446" lon="3.802214">
        <ele>288.804075</ele>
        <time>2026-07-24T10:05:33.647Z</time>
      </trkpt>
      <trkpt lat="43.766171" lon="3.800342">
        <ele>283.305282</ele>
        <time>2026-07-24T10:05:52.637Z</time>
      </trkpt>
      <trkpt lat="43.766655" lon="3.799092">
        <ele>280.044491</ele>
        <time>2026-07-24T10:06:05.401Z</time>
      </trkpt>
      <trkpt lat="43.766869" lon="3.798402">
        <ele>280.536461</ele>
        <time>2026-07-24T10:06:17.666Z</time>
      </trkpt>
      <trkpt lat="43.767285" lon="3.796697">
        <ele>284.780159</ele>
        <time>2026-07-24T10:07:01.167Z</time>
      </trkpt>
      <trkpt lat="43.767875" lon="3.794812">
        <ele>283.879932</ele>
        <time>2026-07-24T10:07:23.515Z</time>
      </trkpt>
      <trkpt lat="43.768248" lon="3.793536">
        <ele>285.301723</ele>
        <time>2026-07-24T10:07:47.336Z</time>
      </trkpt>
      <trkpt lat="43.768565" lon="3.792452">
        <ele>285.829204</ele>
        <time>2026-07-24T10:08:03.703Z</time>
      </trkpt>
      <trkpt lat="43.768953" lon="3.791703">
        <ele>286.620611</ele>
        <time>2026-07-24T10:08:18.528Z</time>
      </trkpt>
      <trkpt lat="43.769040" lon="3.791610">
        <ele>286.992841</ele>
        <time>2026-07-24T10:08:21.896Z</time>
      </trkpt>
      <trkpt lat="43.769580" lon="3.791479">
        <ele>289.330609</ele>
        <time>2026-07-24T10:08:42.615Z</time>
      </trkpt>
      <trkpt lat="43.769599" lon="3.791459">
        <ele>289.395724</ele>
        <time>2026-07-24T10:08:43.331Z</time>
      </trkpt>
      <trkpt lat="43.769667" lon="3.791346">
        <ele>289.685527</ele>
        <time>2026-07-24T10:08:46.164Z</time>
      </trkpt>
      <trkpt lat="43.769764" lon="3.790752">
        <ele>290.889024</ele>
        <time>2026-07-24T10:08:58.795Z</time>
      </trkpt>
      <trkpt lat="43.769861" lon="3.790237">
        <ele>292.434887</ele>
        <time>2026-07-24T10:09:12.640Z</time>
      </trkpt>
      <trkpt lat="43.769964" lon="3.789924">
        <ele>293.552405</ele>
        <time>2026-07-24T10:09:21.932Z</time>
      </trkpt>
      <trkpt lat="43.769979" lon="3.789679">
        <ele>294.323952</ele>
        <time>2026-07-24T10:09:28.519Z</time>
      </trkpt>
      <trkpt lat="43.769950" lon="3.789342">
        <ele>295.310292</ele>
        <time>2026-07-24T10:09:37.624Z</time>
      </trkpt>
      <trkpt lat="43.769847" lon="3.788807">
        <ele>296.311486</ele>
        <time>2026-07-24T10:09:49.124Z</time>
      </trkpt>
      <trkpt lat="43.769515" lon="3.787812">
        <ele>294.666750</ele>
        <time>2026-07-24T10:10:01.183Z</time>
      </trkpt>
      <trkpt lat="43.769310" lon="3.787223">
        <ele>291.932897</ele>
        <time>2026-07-24T10:10:06.470Z</time>
      </trkpt>
      <trkpt lat="43.768933" lon="3.786518">
        <ele>288.334860</ele>
        <time>2026-07-24T10:10:13.723Z</time>
      </trkpt>
      <trkpt lat="43.768742" lon="3.786204">
        <ele>286.913026</ele>
        <time>2026-07-24T10:10:17.187Z</time>
      </trkpt>
      <trkpt lat="43.768688" lon="3.786116">
        <ele>286.677703</ele>
        <time>2026-07-24T10:10:18.263Z</time>
      </trkpt>
      <trkpt lat="43.768543" lon="3.785869">
        <ele>286.220693</ele>
        <time>2026-07-24T10:10:21.532Z</time>
      </trkpt>
      <trkpt lat="43.768381" lon="3.785571">
        <ele>285.508000</ele>
        <time>2026-07-24T10:10:24.988Z</time>
      </trkpt>
      <trkpt lat="43.768207" lon="3.785327">
        <ele>284.657349</ele>
        <time>2026-07-24T10:10:28.155Z</time>
      </trkpt>
      <trkpt lat="43.768060" lon="3.785171">
        <ele>283.844177</ele>
        <time>2026-07-24T10:10:30.303Z</time>
      </trkpt>
      <trkpt lat="43.767725" lon="3.784830">
        <ele>282.027236</ele>
        <time>2026-07-24T10:10:35.236Z</time>
      </trkpt>
      <trkpt lat="43.767382" lon="3.784436">
        <ele>281.011270</ele>
        <time>2026-07-24T10:10:41.371Z</time>
      </trkpt>
      <trkpt lat="43.766839" lon="3.783816">
        <ele>278.763878</ele>
        <time>2026-07-24T10:10:50.029Z</time>
      </trkpt>
      <trkpt lat="43.766423" lon="3.783280">
        <ele>278.081910</ele>
        <time>2026-07-24T10:10:58.556Z</time>
      </trkpt>
      <trkpt lat="43.766295" lon="3.783080">
        <ele>278.203119</ele>
        <time>2026-07-24T10:11:02.486Z</time>
      </trkpt>
      <trkpt lat="43.765364" lon="3.781616">
        <ele>279.392190</ele>
        <time>2026-07-24T10:11:32.459Z</time>
      </trkpt>
      <trkpt lat="43.765154" lon="3.781348">
        <ele>278.576065</ele>
        <time>2026-07-24T10:11:36.132Z</time>
      </trkpt>
      <trkpt lat="43.763727" lon="3.780085">
        <ele>270.658270</ele>
        <time>2026-07-24T10:11:56.044Z</time>
      </trkpt>
      <trkpt lat="43.763562" lon="3.779925">
        <ele>269.930151</ele>
        <time>2026-07-24T10:11:58.591Z</time>
      </trkpt>
      <trkpt lat="43.763364" lon="3.779746">
        <ele>269.156688</ele>
        <time>2026-07-24T10:12:01.560Z</time>
      </trkpt>
      <trkpt lat="43.763279" lon="3.779670">
        <ele>268.825861</ele>
        <time>2026-07-24T10:12:02.809Z</time>
      </trkpt>
      <trkpt lat="43.763134" lon="3.779540">
        <ele>268.252394</ele>
        <time>2026-07-24T10:12:04.977Z</time>
      </trkpt>
      <trkpt lat="43.761982" lon="3.778538">
        <ele>265.642598</ele>
        <time>2026-07-24T10:12:23.691Z</time>
      </trkpt>
      <trkpt lat="43.761660" lon="3.778227">
        <ele>264.147166</ele>
        <time>2026-07-24T10:12:28.487Z</time>
      </trkpt>
      <trkpt lat="43.761241" lon="3.777787">
        <ele>261.573397</ele>
        <time>2026-07-24T10:12:34.610Z</time>
      </trkpt>
      <trkpt lat="43.760998" lon="3.777469">
        <ele>259.754719</ele>
        <time>2026-07-24T10:12:38.455Z</time>
      </trkpt>
      <trkpt lat="43.760793" lon="3.777257">
        <ele>258.540887</ele>
        <time>2026-07-24T10:12:41.452Z</time>
      </trkpt>
      <trkpt lat="43.760335" lon="3.777009">
        <ele>256.621617</ele>
        <time>2026-07-24T10:12:47.465Z</time>
      </trkpt>
      <trkpt lat="43.760173" lon="3.776888">
        <ele>256.006768</ele>
        <time>2026-07-24T10:12:49.761Z</time>
      </trkpt>
      <trkpt lat="43.759928" lon="3.776616">
        <ele>255.052278</ele>
        <time>2026-07-24T10:12:53.708Z</time>
      </trkpt>
      <trkpt lat="43.759747" lon="3.776326">
        <ele>254.413267</ele>
        <time>2026-07-24T10:12:57.507Z</time>
      </trkpt>
      <trkpt lat="43.759522" lon="3.776012">
        <ele>253.373115</ele>
        <time>2026-07-24T10:13:01.491Z</time>
      </trkpt>
      <trkpt lat="43.758863" lon="3.775463">
        <ele>250.345456</ele>
        <time>2026-07-24T10:13:10.790Z</time>
      </trkpt>
      <trkpt lat="43.758717" lon="3.775329">
        <ele>249.795010</ele>
        <time>2026-07-24T10:13:13.021Z</time>
      </trkpt>
      <trkpt lat="43.758256" lon="3.774685">
        <ele>249.477534</ele>
        <time>2026-07-24T10:13:23.543Z</time>
      </trkpt>
      <trkpt lat="43.758065" lon="3.774532">
        <ele>249.298965</ele>
        <time>2026-07-24T10:13:26.949Z</time>
      </trkpt>
      <trkpt lat="43.757865" lon="3.774397">
        <ele>249.066866</ele>
        <time>2026-07-24T10:13:30.197Z</time>
      </trkpt>
      <trkpt lat="43.756767" lon="3.773910">
        <ele>247.114548</ele>
        <time>2026-07-24T10:13:46.265Z</time>
      </trkpt>
      <trkpt lat="43.756465" lon="3.773749">
        <ele>246.743595</ele>
        <time>2026-07-24T10:13:50.950Z</time>
      </trkpt>
      <trkpt lat="43.756270" lon="3.773600">
        <ele>246.607787</ele>
        <time>2026-07-24T10:13:54.395Z</time>
      </trkpt>
      <trkpt lat="43.755788" lon="3.773154">
        <ele>246.391253</ele>
        <time>2026-07-24T10:14:03.868Z</time>
      </trkpt>
      <trkpt lat="43.755105" lon="3.772673">
        <ele>245.755740</ele>
        <time>2026-07-24T10:14:15.683Z</time>
      </trkpt>
      <trkpt lat="43.754879" lon="3.772459">
        <ele>244.965145</ele>
        <time>2026-07-24T10:14:19.155Z</time>
      </trkpt>
      <trkpt lat="43.753754" lon="3.771498">
        <ele>239.891000</ele>
        <time>2026-07-24T10:14:35.230Z</time>
      </trkpt>
      <trkpt lat="43.752528" lon="3.770378">
        <ele>236.419349</ele>
        <time>2026-07-24T10:14:54.649Z</time>
      </trkpt>
      <trkpt lat="43.752386" lon="3.770236">
        <ele>236.119068</ele>
        <time>2026-07-24T10:14:57.126Z</time>
      </trkpt>
      <trkpt lat="43.752247" lon="3.769997">
        <ele>235.901384</ele>
        <time>2026-07-24T10:15:00.283Z</time>
      </trkpt>
      <trkpt lat="43.752408" lon="3.769609">
        <ele>236.100345</ele>
        <time>2026-07-24T10:15:07.323Z</time>
      </trkpt>
      <trkpt lat="43.752671" lon="3.769355">
        <ele>236.412403</ele>
        <time>2026-07-24T10:15:14.165Z</time>
      </trkpt>
      <trkpt lat="43.752881" lon="3.769153">
        <ele>236.706771</ele>
        <time>2026-07-24T10:15:19.643Z</time>
      </trkpt>
      <trkpt lat="43.753424" lon="3.768426">
        <ele>237.676029</ele>
        <time>2026-07-24T10:15:37.298Z</time>
      </trkpt>
      <trkpt lat="43.754281" lon="3.767462">
        <ele>238.696658</ele>
        <time>2026-07-24T10:16:03.264Z</time>
      </trkpt>
      <trkpt lat="43.755361" lon="3.766211">
        <ele>243.468596</ele>
        <time>2026-07-24T10:16:53.205Z</time>
      </trkpt>
      <trkpt lat="43.755523" lon="3.765960">
        <ele>244.237327</ele>
        <time>2026-07-24T10:17:01.401Z</time>
      </trkpt>
      <trkpt lat="43.755575" lon="3.765878">
        <ele>244.495867</ele>
        <time>2026-07-24T10:17:03.799Z</time>
      </trkpt>
      <trkpt lat="43.755641" lon="3.765837">
        <ele>244.782178</ele>
        <time>2026-07-24T10:17:06.376Z</time>
      </trkpt>
      <trkpt lat="43.755820" lon="3.765727">
        <ele>245.903891</ele>
        <time>2026-07-24T10:17:15.978Z</time>
      </trkpt>
      <trkpt lat="43.756306" lon="3.765233">
        <ele>249.465278</ele>
        <time>2026-07-24T10:17:44.692Z</time>
      </trkpt>
      <trkpt lat="43.756372" lon="3.765163">
        <ele>249.887243</ele>
        <time>2026-07-24T10:17:48.111Z</time>
      </trkpt>
      <trkpt lat="43.758364" lon="3.763051">
        <ele>252.493528</ele>
        <time>2026-07-24T10:18:49.753Z</time>
      </trkpt>
      <trkpt lat="43.759399" lon="3.762107">
        <ele>248.881947</ele>
        <time>2026-07-24T10:19:08.432Z</time>
      </trkpt>
      <trkpt lat="43.759523" lon="3.762048">
        <ele>248.613451</ele>
        <time>2026-07-24T10:19:10.543Z</time>
      </trkpt>
      <trkpt lat="43.759617" lon="3.761964">
        <ele>248.459407</ele>
        <time>2026-07-24T10:19:12.412Z</time>
      </trkpt>
      <trkpt lat="43.759773" lon="3.761748">
        <ele>248.445707</ele>
        <time>2026-07-24T10:19:16.454Z</time>
      </trkpt>
      <trkpt lat="43.760103" lon="3.761453">
        <ele>249.345867</ele>
        <time>2026-07-24T10:19:28.818Z</time>
      </trkpt>
      <trkpt lat="43.760267" lon="3.761276">
        <ele>249.940481</ele>
        <time>2026-07-24T10:19:36.139Z</time>
      </trkpt>
      <trkpt lat="43.760401" lon="3.761188">
        <ele>250.306755</ele>
        <time>2026-07-24T10:19:40.877Z</time>
      </trkpt>
      <trkpt lat="43.760562" lon="3.761043">
        <ele>250.393089</ele>
        <time>2026-07-24T10:19:44.951Z</time>
      </trkpt>
      <trkpt lat="43.760732" lon="3.760971">
        <ele>250.531907</ele>
        <time>2026-07-24T10:19:48.406Z</time>
      </trkpt>
      <trkpt lat="43.760753" lon="3.760964">
        <ele>250.549452</ele>
        <time>2026-07-24T10:19:49.199Z</time>
      </trkpt>
      <trkpt lat="43.761767" lon="3.760545">
        <ele>254.211512</ele>
        <time>2026-07-24T10:20:39.216Z</time>
      </trkpt>
      <trkpt lat="43.762280" lon="3.760282">
        <ele>257.103706</ele>
        <time>2026-07-24T10:21:10.337Z</time>
      </trkpt>
      <trkpt lat="43.762830" lon="3.760068">
        <ele>260.188910</ele>
        <time>2026-07-24T10:21:42.835Z</time>
      </trkpt>
      <trkpt lat="43.763007" lon="3.759972">
        <ele>260.874333</ele>
        <time>2026-07-24T10:21:52.076Z</time>
      </trkpt>
      <trkpt lat="43.763385" lon="3.759856">
        <ele>261.497817</ele>
        <time>2026-07-24T10:22:06.493Z</time>
      </trkpt>
      <trkpt lat="43.763917" lon="3.759574">
        <ele>262.395853</ele>
        <time>2026-07-24T10:22:27.874Z</time>
      </trkpt>
      <trkpt lat="43.764835" lon="3.758786">
        <ele>267.409605</ele>
        <time>2026-07-24T10:23:25.801Z</time>
      </trkpt>
      <trkpt lat="43.765176" lon="3.758399">
        <ele>269.592163</ele>
        <time>2026-07-24T10:23:49.343Z</time>
      </trkpt>
      <trkpt lat="43.765610" lon="3.757970">
        <ele>272.244725</ele>
        <time>2026-07-24T10:24:18.348Z</time>
      </trkpt>
      <trkpt lat="43.766044" lon="3.757627">
        <ele>275.146703</ele>
        <time>2026-07-24T10:24:47.213Z</time>
      </trkpt>
      <trkpt lat="43.766239" lon="3.757417">
        <ele>276.940813</ele>
        <time>2026-07-24T10:25:03.051Z</time>
      </trkpt>
      <trkpt lat="43.766298" lon="3.757217">
        <ele>278.289865</ele>
        <time>2026-07-24T10:25:14.111Z</time>
      </trkpt>
      <trkpt lat="43.766287" lon="3.756914">
        <ele>280.436008</ele>
        <time>2026-07-24T10:25:30.793Z</time>
      </trkpt>
      <trkpt lat="43.766328" lon="3.756675">
        <ele>282.309388</ele>
        <time>2026-07-24T10:25:45.065Z</time>
      </trkpt>
      <trkpt lat="43.766489" lon="3.756412">
        <ele>284.946484</ele>
        <time>2026-07-24T10:26:05.485Z</time>
      </trkpt>
      <trkpt lat="43.766532" lon="3.756341">
        <ele>285.646587</ele>
        <time>2026-07-24T10:26:10.666Z</time>
      </trkpt>
      <trkpt lat="43.766659" lon="3.756289">
        <ele>286.757045</ele>
        <time>2026-07-24T10:26:20.105Z</time>
      </trkpt>
      <trkpt lat="43.766793" lon="3.756274">
        <ele>287.816888</ele>
        <time>2026-07-24T10:26:28.753Z</time>
      </trkpt>
      <trkpt lat="43.766986" lon="3.756388">
        <ele>289.300150</ele>
        <time>2026-07-24T10:26:42.081Z</time>
      </trkpt>
      <trkpt lat="43.767122" lon="3.756346">
        <ele>290.288626</ele>
        <time>2026-07-24T10:26:50.880Z</time>
      </trkpt>
      <trkpt lat="43.767263" lon="3.756176">
        <ele>291.372524</ele>
        <time>2026-07-24T10:27:02.731Z</time>
      </trkpt>
      <trkpt lat="43.767354" lon="3.755817">
        <ele>292.046710</ele>
        <time>2026-07-24T10:27:15.303Z</time>
      </trkpt>
      <trkpt lat="43.768091" lon="3.755100">
        <ele>288.490085</ele>
        <time>2026-07-24T10:27:37.544Z</time>
      </trkpt>
      <trkpt lat="43.768422" lon="3.754917">
        <ele>286.305144</ele>
        <time>2026-07-24T10:27:45.764Z</time>
      </trkpt>
      <trkpt lat="43.768801" lon="3.754770">
        <ele>283.848315</ele>
        <time>2026-07-24T10:27:54.925Z</time>
      </trkpt>
      <trkpt lat="43.769149" lon="3.754752">
        <ele>282.146076</ele>
        <time>2026-07-24T10:28:03.298Z</time>
      </trkpt>
      <trkpt lat="43.769486" lon="3.754866">
        <ele>280.809653</ele>
        <time>2026-07-24T10:28:11.935Z</time>
      </trkpt>
      <trkpt lat="43.769867" lon="3.754875">
        <ele>280.208143</ele>
        <time>2026-07-24T10:28:22.895Z</time>
      </trkpt>
      <trkpt lat="43.770044" lon="3.754832">
        <ele>280.005256</ele>
        <time>2026-07-24T10:28:28.103Z</time>
      </trkpt>
      <trkpt lat="43.770373" lon="3.754548">
        <ele>279.595498</ele>
        <time>2026-07-24T10:28:39.305Z</time>
      </trkpt>
      <trkpt lat="43.770861" lon="3.754206">
        <ele>278.920956</ele>
        <time>2026-07-24T10:28:55.213Z</time>
      </trkpt>
      <trkpt lat="43.771858" lon="3.753341">
        <ele>275.717753</ele>
        <time>2026-07-24T10:29:26.053Z</time>
      </trkpt>
      <trkpt lat="43.772458" lon="3.752858">
        <ele>276.129093</ele>
        <time>2026-07-24T10:29:50.885Z</time>
      </trkpt>
      <trkpt lat="43.773043" lon="3.754734">
        <ele>275.042691</ele>
        <time>2026-07-24T10:30:17.270Z</time>
      </trkpt>
      <trkpt lat="43.773104" lon="3.754917">
        <ele>275.024732</ele>
        <time>2026-07-24T10:30:20.272Z</time>
      </trkpt>
      <trkpt lat="43.773200" lon="3.755201">
        <ele>275.088649</ele>
        <time>2026-07-24T10:30:24.904Z</time>
      </trkpt>
      <trkpt lat="43.773550" lon="3.755584">
        <ele>275.189766</ele>
        <time>2026-07-24T10:30:34.344Z</time>
      </trkpt>
      <trkpt lat="43.773718" lon="3.755770">
        <ele>275.245915</ele>
        <time>2026-07-24T10:30:38.761Z</time>
      </trkpt>
      <trkpt lat="43.774551" lon="3.756769">
        <ele>275.941057</ele>
        <time>2026-07-24T10:31:04.273Z</time>
      </trkpt>
      <trkpt lat="43.774765" lon="3.757066">
        <ele>275.719462</ele>
        <time>2026-07-24T10:31:09.613Z</time>
      </trkpt>
      <trkpt lat="43.774849" lon="3.757119">
        <ele>275.595679</ele>
        <time>2026-07-24T10:31:11.171Z</time>
      </trkpt>
      <trkpt lat="43.775002" lon="3.757135">
        <ele>275.201867</ele>
        <time>2026-07-24T10:31:13.601Z</time>
      </trkpt>
      <trkpt lat="43.775106" lon="3.757078">
        <ele>274.858644</ele>
        <time>2026-07-24T10:31:15.258Z</time>
      </trkpt>
      <trkpt lat="43.775200" lon="3.756886">
        <ele>274.138604</ele>
        <time>2026-07-24T10:31:17.619Z</time>
      </trkpt>
      <trkpt lat="43.775380" lon="3.755920">
        <ele>271.528627</ele>
        <time>2026-07-24T10:31:28.223Z</time>
      </trkpt>
      <trkpt lat="43.775439" lon="3.755788">
        <ele>271.191165</ele>
        <time>2026-07-24T10:31:29.924Z</time>
      </trkpt>
      <trkpt lat="43.775531" lon="3.755709">
        <ele>270.837153</ele>
        <time>2026-07-24T10:31:31.592Z</time>
      </trkpt>
      <trkpt lat="43.775674" lon="3.755683">
        <ele>270.008110</ele>
        <time>2026-07-24T10:31:33.665Z</time>
      </trkpt>
      <trkpt lat="43.775790" lon="3.755721">
        <ele>269.093608</ele>
        <time>2026-07-24T10:31:35.165Z</time>
      </trkpt>
      <trkpt lat="43.775818" lon="3.755742">
        <ele>268.761166</ele>
        <time>2026-07-24T10:31:35.547Z</time>
      </trkpt>
      <trkpt lat="43.775874" lon="3.755820">
        <ele>267.931968</ele>
        <time>2026-07-24T10:31:36.517Z</time>
      </trkpt>
      <trkpt lat="43.775912" lon="3.755935">
        <ele>267.047716</ele>
        <time>2026-07-24T10:31:37.640Z</time>
      </trkpt>
      <trkpt lat="43.776163" lon="3.756500">
        <ele>263.677937</ele>
        <time>2026-07-24T10:31:43.915Z</time>
      </trkpt>
      <trkpt lat="43.776233" lon="3.756567">
        <ele>263.318690</ele>
        <time>2026-07-24T10:31:45.147Z</time>
      </trkpt>
      <trkpt lat="43.776531" lon="3.756561">
        <ele>262.702019</ele>
        <time>2026-07-24T10:31:49.970Z</time>
      </trkpt>
      <trkpt lat="43.776767" lon="3.756735">
        <ele>263.185169</ele>
        <time>2026-07-24T10:31:57.254Z</time>
      </trkpt>
      <trkpt lat="43.776938" lon="3.756913">
        <ele>264.097088</ele>
        <time>2026-07-24T10:32:07.676Z</time>
      </trkpt>
      <trkpt lat="43.776973" lon="3.756978">
        <ele>263.941724</ele>
        <time>2026-07-24T10:32:09.403Z</time>
      </trkpt>
      <trkpt lat="43.777178" lon="3.757454">
        <ele>261.895655</ele>
        <time>2026-07-24T10:32:14.735Z</time>
      </trkpt>
      <trkpt lat="43.777445" lon="3.758254">
        <ele>258.368104</ele>
        <time>2026-07-24T10:32:23.161Z</time>
      </trkpt>
      <trkpt lat="43.777581" lon="3.758356">
        <ele>260.061890</ele>
        <time>2026-07-24T10:32:36.857Z</time>
      </trkpt>
      <trkpt lat="43.777654" lon="3.758350">
        <ele>260.920836</ele>
        <time>2026-07-24T10:32:43.440Z</time>
      </trkpt>
      <trkpt lat="43.778119" lon="3.757992">
        <ele>265.590419</ele>
        <time>2026-07-24T10:33:14.389Z</time>
      </trkpt>
      <trkpt lat="43.778190" lon="3.757899">
        <ele>266.301933</ele>
        <time>2026-07-24T10:33:19.556Z</time>
      </trkpt>
      <trkpt lat="43.778253" lon="3.757722">
        <ele>267.094505</ele>
        <time>2026-07-24T10:33:26.211Z</time>
      </trkpt>
      <trkpt lat="43.778304" lon="3.757295">
        <ele>268.201671</ele>
        <time>2026-07-24T10:33:37.640Z</time>
      </trkpt>
      <trkpt lat="43.778485" lon="3.756970">
        <ele>268.060770</ele>
        <time>2026-07-24T10:33:43.113Z</time>
      </trkpt>
      <trkpt lat="43.778574" lon="3.756884">
        <ele>267.624261</ele>
        <time>2026-07-24T10:33:44.705Z</time>
      </trkpt>
      <trkpt lat="43.778667" lon="3.756887">
        <ele>267.236208</ele>
        <time>2026-07-24T10:33:45.952Z</time>
      </trkpt>
      <trkpt lat="43.778744" lon="3.756964">
        <ele>266.499338</ele>
        <time>2026-07-24T10:33:47.195Z</time>
      </trkpt>
      <trkpt lat="43.778910" lon="3.757410">
        <ele>263.491052</ele>
        <time>2026-07-24T10:33:51.809Z</time>
      </trkpt>
      <trkpt lat="43.778994" lon="3.757555">
        <ele>262.339759</ele>
        <time>2026-07-24T10:33:53.520Z</time>
      </trkpt>
      <trkpt lat="43.779086" lon="3.757602">
        <ele>261.535009</ele>
        <time>2026-07-24T10:33:54.771Z</time>
      </trkpt>
      <trkpt lat="43.779147" lon="3.757585">
        <ele>261.121773</ele>
        <time>2026-07-24T10:33:55.568Z</time>
      </trkpt>
      <trkpt lat="43.779217" lon="3.757517">
        <ele>260.553937</ele>
        <time>2026-07-24T10:33:56.692Z</time>
      </trkpt>
      <trkpt lat="43.779493" lon="3.757040">
        <ele>258.682083</ele>
        <time>2026-07-24T10:34:02.969Z</time>
      </trkpt>
      <trkpt lat="43.779723" lon="3.756782">
        <ele>258.287401</ele>
        <time>2026-07-24T10:34:08.441Z</time>
      </trkpt>
      <trkpt lat="43.779764" lon="3.756658">
        <ele>258.141613</ele>
        <time>2026-07-24T10:34:10.122Z</time>
      </trkpt>
      <trkpt lat="43.779827" lon="3.756243">
        <ele>257.445216</ele>
        <time>2026-07-24T10:34:15.106Z</time>
      </trkpt>
      <trkpt lat="43.779823" lon="3.756200">
        <ele>257.357586</ele>
        <time>2026-07-24T10:34:15.537Z</time>
      </trkpt>
      <trkpt lat="43.779811" lon="3.756120">
        <ele>257.114061</ele>
        <time>2026-07-24T10:34:16.318Z</time>
      </trkpt>
      <trkpt lat="43.779764" lon="3.756031">
        <ele>256.765835</ele>
        <time>2026-07-24T10:34:17.370Z</time>
      </trkpt>
      <trkpt lat="43.779537" lon="3.755901">
        <ele>256.184785</ele>
        <time>2026-07-24T10:34:21.355Z</time>
      </trkpt>
      <trkpt lat="43.779457" lon="3.755712">
        <ele>256.054011</ele>
        <time>2026-07-24T10:34:24.534Z</time>
      </trkpt>
      <trkpt lat="43.779466" lon="3.755405">
        <ele>255.845738</ele>
        <time>2026-07-24T10:34:28.598Z</time>
      </trkpt>
      <trkpt lat="43.779532" lon="3.754836">
        <ele>254.895791</ele>
        <time>2026-07-24T10:34:35.305Z</time>
      </trkpt>
      <trkpt lat="43.779632" lon="3.754678">
        <ele>254.068053</ele>
        <time>2026-07-24T10:34:37.344Z</time>
      </trkpt>
      <trkpt lat="43.779688" lon="3.754647">
        <ele>253.602934</ele>
        <time>2026-07-24T10:34:38.118Z</time>
      </trkpt>
      <trkpt lat="43.780403" lon="3.754492">
        <ele>246.857163</ele>
        <time>2026-07-24T10:34:47.169Z</time>
      </trkpt>
      <trkpt lat="43.780645" lon="3.754394">
        <ele>245.174291</ele>
        <time>2026-07-24T10:34:50.492Z</time>
      </trkpt>
      <trkpt lat="43.780836" lon="3.754244">
        <ele>244.372055</ele>
        <time>2026-07-24T10:34:53.743Z</time>
      </trkpt>
      <trkpt lat="43.780880" lon="3.754139">
        <ele>244.195524</ele>
        <time>2026-07-24T10:34:55.205Z</time>
      </trkpt>
      <trkpt lat="43.780889" lon="3.754026">
        <ele>244.193049</ele>
        <time>2026-07-24T10:34:56.835Z</time>
      </trkpt>
      <trkpt lat="43.780845" lon="3.753477">
        <ele>244.800922</ele>
        <time>2026-07-24T10:35:08.095Z</time>
      </trkpt>
      <trkpt lat="43.780878" lon="3.753329">
        <ele>244.555047</ele>
        <time>2026-07-24T10:35:10.881Z</time>
      </trkpt>
      <trkpt lat="43.780931" lon="3.753226">
        <ele>244.352542</ele>
        <time>2026-07-24T10:35:12.242Z</time>
      </trkpt>
      <trkpt lat="43.781053" lon="3.753059">
        <ele>243.195829</ele>
        <time>2026-07-24T10:35:14.384Z</time>
      </trkpt>
      <trkpt lat="43.781110" lon="3.753036">
        <ele>242.755493</ele>
        <time>2026-07-24T10:35:15.152Z</time>
      </trkpt>
      <trkpt lat="43.781008" lon="3.753424">
        <ele>241.242141</ele>
        <time>2026-07-24T10:35:19.653Z</time>
      </trkpt>
      <trkpt lat="43.781035" lon="3.753604">
        <ele>239.920564</ele>
        <time>2026-07-24T10:35:21.271Z</time>
      </trkpt>
      <trkpt lat="43.781103" lon="3.753687">
        <ele>238.807102</ele>
        <time>2026-07-24T10:35:22.348Z</time>
      </trkpt>
      <trkpt lat="43.781775" lon="3.753955">
        <ele>229.268486</ele>
        <time>2026-07-24T10:35:30.701Z</time>
      </trkpt>
      <trkpt lat="43.781955" lon="3.754098">
        <ele>226.723061</ele>
        <time>2026-07-24T10:35:33.215Z</time>
      </trkpt>
      <trkpt lat="43.782176" lon="3.754356">
        <ele>223.786398</ele>
        <time>2026-07-24T10:35:36.802Z</time>
      </trkpt>
      <trkpt lat="43.782251" lon="3.754500">
        <ele>222.637191</ele>
        <time>2026-07-24T10:35:38.426Z</time>
      </trkpt>
      <trkpt lat="43.782240" lon="3.754710">
        <ele>221.462764</ele>
        <time>2026-07-24T10:35:40.394Z</time>
      </trkpt>
      <trkpt lat="43.782206" lon="3.754893">
        <ele>220.634507</ele>
        <time>2026-07-24T10:35:42.216Z</time>
      </trkpt>
      <trkpt lat="43.782192" lon="3.754970">
        <ele>220.328773</ele>
        <time>2026-07-24T10:35:43.004Z</time>
      </trkpt>
      <trkpt lat="43.782221" lon="3.755068">
        <ele>219.928145</ele>
        <time>2026-07-24T10:35:44.076Z</time>
      </trkpt>
      <trkpt lat="43.782816" lon="3.755809">
        <ele>217.324045</ele>
        <time>2026-07-24T10:35:56.136Z</time>
      </trkpt>
      <trkpt lat="43.783221" lon="3.756131">
        <ele>215.084457</ele>
        <time>2026-07-24T10:36:02.777Z</time>
      </trkpt>
      <trkpt lat="43.783416" lon="3.756238">
        <ele>213.769192</ele>
        <time>2026-07-24T10:36:05.428Z</time>
      </trkpt>
      <trkpt lat="43.783647" lon="3.756366">
        <ele>212.667113</ele>
        <time>2026-07-24T10:36:09.093Z</time>
      </trkpt>
      <trkpt lat="43.783706" lon="3.756414">
        <ele>212.447475</ele>
        <time>2026-07-24T10:36:10.182Z</time>
      </trkpt>
      <trkpt lat="43.783725" lon="3.756429">
        <ele>212.352583</ele>
        <time>2026-07-24T10:36:10.523Z</time>
      </trkpt>
      <trkpt lat="43.783723" lon="3.756470">
        <ele>212.221833</ele>
        <time>2026-07-24T10:36:10.981Z</time>
      </trkpt>
      <trkpt lat="43.783761" lon="3.756458">
        <ele>212.050065</ele>
        <time>2026-07-24T10:36:11.564Z</time>
      </trkpt>
      <trkpt lat="43.784228" lon="3.756549">
        <ele>209.505010</ele>
        <time>2026-07-24T10:36:18.030Z</time>
      </trkpt>
      <trkpt lat="43.784346" lon="3.756600">
        <ele>208.688133</ele>
        <time>2026-07-24T10:36:19.661Z</time>
      </trkpt>
      <trkpt lat="43.784453" lon="3.756674">
        <ele>207.569667</ele>
        <time>2026-07-24T10:36:21.149Z</time>
      </trkpt>
      <trkpt lat="43.784576" lon="3.756819">
        <ele>206.290094</ele>
        <time>2026-07-24T10:36:23.154Z</time>
      </trkpt>
      <trkpt lat="43.784667" lon="3.756918">
        <ele>205.611189</ele>
        <time>2026-07-24T10:36:24.758Z</time>
      </trkpt>
      <trkpt lat="43.785058" lon="3.757217">
        <ele>204.626951</ele>
        <time>2026-07-24T10:36:32.079Z</time>
      </trkpt>
      <trkpt lat="43.785387" lon="3.757324">
        <ele>204.097143</ele>
        <time>2026-07-24T10:36:37.910Z</time>
      </trkpt>
      <trkpt lat="43.785604" lon="3.757350">
        <ele>203.479146</ele>
        <time>2026-07-24T10:36:41.149Z</time>
      </trkpt>
      <trkpt lat="43.785810" lon="3.757463">
        <ele>202.632586</ele>
        <time>2026-07-24T10:36:44.409Z</time>
      </trkpt>
      <trkpt lat="43.785896" lon="3.757430">
        <ele>202.214078</ele>
        <time>2026-07-24T10:36:45.705Z</time>
      </trkpt>
      <trkpt lat="43.785995" lon="3.757597">
        <ele>201.450128</ele>
        <time>2026-07-24T10:36:47.471Z</time>
      </trkpt>
      <trkpt lat="43.786121" lon="3.757737">
        <ele>200.642189</ele>
        <time>2026-07-24T10:36:49.369Z</time>
      </trkpt>
      <trkpt lat="43.786392" lon="3.757910">
        <ele>199.461410</ele>
        <time>2026-07-24T10:36:53.011Z</time>
      </trkpt>
      <trkpt lat="43.787538" lon="3.758517">
        <ele>194.488292</ele>
        <time>2026-07-24T10:37:07.822Z</time>
      </trkpt>
      <trkpt lat="43.788329" lon="3.758975">
        <ele>192.659947</ele>
        <time>2026-07-24T10:37:19.431Z</time>
      </trkpt>
      <trkpt lat="43.788639" lon="3.759239">
        <ele>191.642849</ele>
        <time>2026-07-24T10:37:24.158Z</time>
      </trkpt>
      <trkpt lat="43.788876" lon="3.759509">
        <ele>190.541220</ele>
        <time>2026-07-24T10:37:27.870Z</time>
      </trkpt>
      <trkpt lat="43.789293" lon="3.759917">
        <ele>188.917073</ele>
        <time>2026-07-24T10:37:34.288Z</time>
      </trkpt>
      <trkpt lat="43.789489" lon="3.760074">
        <ele>188.319317</ele>
        <time>2026-07-24T10:37:37.239Z</time>
      </trkpt>
      <trkpt lat="43.790083" lon="3.760479">
        <ele>186.923029</ele>
        <time>2026-07-24T10:37:46.140Z</time>
      </trkpt>
      <trkpt lat="43.790693" lon="3.760810">
        <ele>185.828046</ele>
        <time>2026-07-24T10:37:55.410Z</time>
      </trkpt>
      <trkpt lat="43.790888" lon="3.760966">
        <ele>185.166882</ele>
        <time>2026-07-24T10:37:58.326Z</time>
      </trkpt>
      <trkpt lat="43.791178" lon="3.761287">
        <ele>183.852431</ele>
        <time>2026-07-24T10:38:02.833Z</time>
      </trkpt>
      <trkpt lat="43.791325" lon="3.761498">
        <ele>183.240926</ele>
        <time>2026-07-24T10:38:05.540Z</time>
      </trkpt>
      <trkpt lat="43.791639" lon="3.762096">
        <ele>182.018443</ele>
        <time>2026-07-24T10:38:12.673Z</time>
      </trkpt>
      <trkpt lat="43.791683" lon="3.762192">
        <ele>181.887265</ele>
        <time>2026-07-24T10:38:13.777Z</time>
      </trkpt>
      <trkpt lat="43.792097" lon="3.763092">
        <ele>181.634312</ele>
        <time>2026-07-24T10:38:26.392Z</time>
      </trkpt>
      <trkpt lat="43.792231" lon="3.763437">
        <ele>181.715158</ele>
        <time>2026-07-24T10:38:31.684Z</time>
      </trkpt>
      <trkpt lat="43.792738" lon="3.765086">
        <ele>182.515023</ele>
        <time>2026-07-24T10:38:57.761Z</time>
      </trkpt>
      <trkpt lat="43.793357" lon="3.766714">
        <ele>181.455707</ele>
        <time>2026-07-24T10:39:17.963Z</time>
      </trkpt>
      <trkpt lat="43.793755" lon="3.767715">
        <ele>180.421077</ele>
        <time>2026-07-24T10:39:29.891Z</time>
      </trkpt>
      <trkpt lat="43.793898" lon="3.768203">
        <ele>180.053616</ele>
        <time>2026-07-24T10:39:35.611Z</time>
      </trkpt>
      <trkpt lat="43.793977" lon="3.768708">
        <ele>179.410367</ele>
        <time>2026-07-24T10:39:40.721Z</time>
      </trkpt>
      <trkpt lat="43.793990" lon="3.769035">
        <ele>178.985109</ele>
        <time>2026-07-24T10:39:44.034Z</time>
      </trkpt>
      <trkpt lat="43.793997" lon="3.769147">
        <ele>178.837662</ele>
        <time>2026-07-24T10:39:45.122Z</time>
      </trkpt>
      <trkpt lat="43.794013" lon="3.769381">
        <ele>178.741588</ele>
        <time>2026-07-24T10:39:47.592Z</time>
      </trkpt>
      <trkpt lat="43.794062" lon="3.770098">
        <ele>179.314995</ele>
        <time>2026-07-24T10:39:59.627Z</time>
      </trkpt>
      <trkpt lat="43.794122" lon="3.770547">
        <ele>179.923023</ele>
        <time>2026-07-24T10:40:07.830Z</time>
      </trkpt>
      <trkpt lat="43.794369" lon="3.771753">
        <ele>181.800763</ele>
        <time>2026-07-24T10:40:31.751Z</time>
      </trkpt>
      <trkpt lat="43.794820" lon="3.773967">
        <ele>185.247841</ele>
        <time>2026-07-24T10:41:15.921Z</time>
      </trkpt>
      <trkpt lat="43.794846" lon="3.774089">
        <ele>185.297808</ele>
        <time>2026-07-24T10:41:18.245Z</time>
      </trkpt>
      <trkpt lat="43.795071" lon="3.775160">
        <ele>185.091551</ele>
        <time>2026-07-24T10:41:30.913Z</time>
      </trkpt>
      <trkpt lat="43.795305" lon="3.776536">
        <ele>186.725081</ele>
        <time>2026-07-24T10:41:55.920Z</time>
      </trkpt>
      <trkpt lat="43.795336" lon="3.777053">
        <ele>187.475857</ele>
        <time>2026-07-24T10:42:06.236Z</time>
      </trkpt>
      <trkpt lat="43.795291" lon="3.777359">
        <ele>187.818032</ele>
        <time>2026-07-24T10:42:11.215Z</time>
      </trkpt>
      <trkpt lat="43.795033" lon="3.778232">
        <ele>189.034849</ele>
        <time>2026-07-24T10:42:28.685Z</time>
      </trkpt>
      <trkpt lat="43.794849" lon="3.778955">
        <ele>189.107750</ele>
        <time>2026-07-24T10:42:38.349Z</time>
      </trkpt>
      <trkpt lat="43.794615" lon="3.780936">
        <ele>189.295718</ele>
        <time>2026-07-24T10:43:04.081Z</time>
      </trkpt>
      <trkpt lat="43.794633" lon="3.781343">
        <ele>189.269698</ele>
        <time>2026-07-24T10:43:08.908Z</time>
      </trkpt>
      <trkpt lat="43.794747" lon="3.781995">
        <ele>189.009695</ele>
        <time>2026-07-24T10:43:16.584Z</time>
      </trkpt>
      <trkpt lat="43.794759" lon="3.782308">
        <ele>188.864494</ele>
        <time>2026-07-24T10:43:20.075Z</time>
      </trkpt>
      <trkpt lat="43.794733" lon="3.782555">
        <ele>188.721551</ele>
        <time>2026-07-24T10:43:22.814Z</time>
      </trkpt>
      <trkpt lat="43.794615" lon="3.782951">
        <ele>188.503245</ele>
        <time>2026-07-24T10:43:27.539Z</time>
      </trkpt>
      <trkpt lat="43.794518" lon="3.783144">
        <ele>188.406482</ele>
        <time>2026-07-24T10:43:30.185Z</time>
      </trkpt>
      <trkpt lat="43.794381" lon="3.783349">
        <ele>188.337458</ele>
        <time>2026-07-24T10:43:33.408Z</time>
      </trkpt>
      <trkpt lat="43.793785" lon="3.784009">
        <ele>188.413801</ele>
        <time>2026-07-24T10:43:46.788Z</time>
      </trkpt>
      <trkpt lat="43.793593" lon="3.784239">
        <ele>188.538163</ele>
        <time>2026-07-24T10:43:51.838Z</time>
      </trkpt>
      <trkpt lat="43.793428" lon="3.784485">
        <ele>188.781175</ele>
        <time>2026-07-24T10:43:57.326Z</time>
      </trkpt>
      <trkpt lat="43.793118" lon="3.785109">
        <ele>189.067265</ele>
        <time>2026-07-24T10:44:08.576Z</time>
      </trkpt>
      <trkpt lat="43.792438" lon="3.787034">
        <ele>187.262099</ele>
        <time>2026-07-24T10:44:31.033Z</time>
      </trkpt>
      <trkpt lat="43.792352" lon="3.787336">
        <ele>186.814069</ele>
        <time>2026-07-24T10:44:34.165Z</time>
      </trkpt>
      <trkpt lat="43.792253" lon="3.787928">
        <ele>186.000601</ele>
        <time>2026-07-24T10:44:40.216Z</time>
      </trkpt>
      <trkpt lat="43.792225" lon="3.788227">
        <ele>185.618777</ele>
        <time>2026-07-24T10:44:43.220Z</time>
      </trkpt>
      <trkpt lat="43.792241" lon="3.788735">
        <ele>185.106763</ele>
        <time>2026-07-24T10:44:48.503Z</time>
      </trkpt>
      <trkpt lat="43.792353" lon="3.789749">
        <ele>184.236232</ele>
        <time>2026-07-24T10:44:59.210Z</time>
      </trkpt>
      <trkpt lat="43.792432" lon="3.790556">
        <ele>184.147151</ele>
        <time>2026-07-24T10:45:09.109Z</time>
      </trkpt>
      <trkpt lat="43.792443" lon="3.790744">
        <ele>184.211197</ele>
        <time>2026-07-24T10:45:11.665Z</time>
      </trkpt>
      <trkpt lat="43.792442" lon="3.791049">
        <ele>184.412377</ele>
        <time>2026-07-24T10:45:16.375Z</time>
      </trkpt>
      <trkpt lat="43.792412" lon="3.791310">
        <ele>184.651978</ele>
        <time>2026-07-24T10:45:20.539Z</time>
      </trkpt>
      <trkpt lat="43.792066" lon="3.792920">
        <ele>187.241387</ele>
        <time>2026-07-24T10:45:53.960Z</time>
      </trkpt>
      <trkpt lat="43.791906" lon="3.793699">
        <ele>187.133436</ele>
        <time>2026-07-24T10:46:03.161Z</time>
      </trkpt>
      <trkpt lat="43.791866" lon="3.793896">
        <ele>187.209047</ele>
        <time>2026-07-24T10:46:05.660Z</time>
      </trkpt>
      <trkpt lat="43.791838" lon="3.794141">
        <ele>187.536467</ele>
        <time>2026-07-24T10:46:10.505Z</time>
      </trkpt>
      <trkpt lat="43.791835" lon="3.794388">
        <ele>187.887130</ele>
        <time>2026-07-24T10:46:15.839Z</time>
      </trkpt>
      <trkpt lat="43.791875" lon="3.794799">
        <ele>188.205890</ele>
        <time>2026-07-24T10:46:22.175Z</time>
      </trkpt>
      <trkpt lat="43.791882" lon="3.794878">
        <ele>188.246473</ele>
        <time>2026-07-24T10:46:23.252Z</time>
      </trkpt>
      <trkpt lat="43.791998" lon="3.795328">
        <ele>188.171127</ele>
        <time>2026-07-24T10:46:29.018Z</time>
      </trkpt>
      <trkpt lat="43.792120" lon="3.795628">
        <ele>188.009236</ele>
        <time>2026-07-24T10:46:32.682Z</time>
      </trkpt>
      <trkpt lat="43.792320" lon="3.795963">
        <ele>187.834551</ele>
        <time>2026-07-24T10:46:37.766Z</time>
      </trkpt>
      <trkpt lat="43.792869" lon="3.796746">
        <ele>188.105594</ele>
        <time>2026-07-24T10:46:52.843Z</time>
      </trkpt>
      <trkpt lat="43.793103" lon="3.797239">
        <ele>187.661485</ele>
        <time>2026-07-24T10:46:59.134Z</time>
      </trkpt>
      <trkpt lat="43.793230" lon="3.797642">
        <ele>187.108268</ele>
        <time>2026-07-24T10:47:03.471Z</time>
      </trkpt>
      <trkpt lat="43.793341" lon="3.798189">
        <ele>186.495804</ele>
        <time>2026-07-24T10:47:09.116Z</time>
      </trkpt>
      <trkpt lat="43.793694" lon="3.800542">
        <ele>186.554455</ele>
        <time>2026-07-24T10:47:39.168Z</time>
      </trkpt>
      <trkpt lat="43.793713" lon="3.800672">
        <ele>186.631257</ele>
        <time>2026-07-24T10:47:41.065Z</time>
      </trkpt>
      <trkpt lat="43.793713" lon="3.800777">
        <ele>186.785590</ele>
        <time>2026-07-24T10:47:43.009Z</time>
      </trkpt>
      <trkpt lat="43.793711" lon="3.800871">
        <ele>187.155850</ele>
        <time>2026-07-24T10:47:45.343Z</time>
      </trkpt>
      <trkpt lat="43.793546" lon="3.801764">
        <ele>190.983491</ele>
        <time>2026-07-24T10:48:15.322Z</time>
      </trkpt>
      <trkpt lat="43.793368" lon="3.802223">
        <ele>193.183063</ele>
        <time>2026-07-24T10:48:31.280Z</time>
      </trkpt>
      <trkpt lat="43.793152" lon="3.802553">
        <ele>194.854421</ele>
        <time>2026-07-24T10:48:44.705Z</time>
      </trkpt>
      <trkpt lat="43.792924" lon="3.802803">
        <ele>196.256498</ele>
        <time>2026-07-24T10:48:55.569Z</time>
      </trkpt>
      <trkpt lat="43.791117" lon="3.804038">
        <ele>207.688851</ele>
        <time>2026-07-24T10:50:21.518Z</time>
      </trkpt>
      <trkpt lat="43.791001" lon="3.804166">
        <ele>208.769203</ele>
        <time>2026-07-24T10:50:28.778Z</time>
      </trkpt>
      <trkpt lat="43.790492" lon="3.805000">
        <ele>215.258744</ele>
        <time>2026-07-24T10:51:11.879Z</time>
      </trkpt>
      <trkpt lat="43.790125" lon="3.805473">
        <ele>220.011448</ele>
        <time>2026-07-24T10:51:42.549Z</time>
      </trkpt>
      <trkpt lat="43.789975" lon="3.805550">
        <ele>221.245345</ele>
        <time>2026-07-24T10:51:50.721Z</time>
      </trkpt>
      <trkpt lat="43.789810" lon="3.805525">
        <ele>222.260691</ele>
        <time>2026-07-24T10:51:58.287Z</time>
      </trkpt>
      <trkpt lat="43.789699" lon="3.805434">
        <ele>222.876627</ele>
        <time>2026-07-24T10:52:03.361Z</time>
      </trkpt>
      <trkpt lat="43.789085" lon="3.804619">
        <ele>224.391027</ele>
        <time>2026-07-24T10:52:24.413Z</time>
      </trkpt>
      <trkpt lat="43.788519" lon="3.804069">
        <ele>223.566677</ele>
        <time>2026-07-24T10:52:34.520Z</time>
      </trkpt>
      <trkpt lat="43.788363" lon="3.803999">
        <ele>223.445538</ele>
        <time>2026-07-24T10:52:36.673Z</time>
      </trkpt>
      <trkpt lat="43.788287" lon="3.804013">
        <ele>223.464477</ele>
        <time>2026-07-24T10:52:38.490Z</time>
      </trkpt>
      <trkpt lat="43.788221" lon="3.804095">
        <ele>223.922684</ele>
        <time>2026-07-24T10:52:42.091Z</time>
      </trkpt>
      <trkpt lat="43.788208" lon="3.804205">
        <ele>224.338556</ele>
        <time>2026-07-24T10:52:45.820Z</time>
      </trkpt>
      <trkpt lat="43.788348" lon="3.804666">
        <ele>226.495418</ele>
        <time>2026-07-24T10:53:01.647Z</time>
      </trkpt>
      <trkpt lat="43.788538" lon="3.805016">
        <ele>228.396497</ele>
        <time>2026-07-24T10:53:15.985Z</time>
      </trkpt>
      <trkpt lat="43.788656" lon="3.805183">
        <ele>229.280545</ele>
        <time>2026-07-24T10:53:22.971Z</time>
      </trkpt>
      <trkpt lat="43.788795" lon="3.805352">
        <ele>230.067473</ele>
        <time>2026-07-24T10:53:29.559Z</time>
      </trkpt>
      <trkpt lat="43.789186" lon="3.805733">
        <ele>231.574497</ele>
        <time>2026-07-24T10:53:44.691Z</time>
      </trkpt>
      <trkpt lat="43.789244" lon="3.805818">
        <ele>231.766381</ele>
        <time>2026-07-24T10:53:46.334Z</time>
      </trkpt>
      <trkpt lat="43.789262" lon="3.805897">
        <ele>232.052384</ele>
        <time>2026-07-24T10:53:47.762Z</time>
      </trkpt>
      <trkpt lat="43.789246" lon="3.805993">
        <ele>232.508723</ele>
        <time>2026-07-24T10:53:50.969Z</time>
      </trkpt>
      <trkpt lat="43.789205" lon="3.806018">
        <ele>232.796139</ele>
        <time>2026-07-24T10:53:53.601Z</time>
      </trkpt>
      <trkpt lat="43.789127" lon="3.806010">
        <ele>233.295657</ele>
        <time>2026-07-24T10:53:58.509Z</time>
      </trkpt>
      <trkpt lat="43.788915" lon="3.805849">
        <ele>234.677969</ele>
        <time>2026-07-24T10:54:08.857Z</time>
      </trkpt>
      <trkpt lat="43.788689" lon="3.805751">
        <ele>235.297090</ele>
        <time>2026-07-24T10:54:15.463Z</time>
      </trkpt>
      <trkpt lat="43.788583" lon="3.805749">
        <ele>235.354394</ele>
        <time>2026-07-24T10:54:17.578Z</time>
      </trkpt>
      <trkpt lat="43.788312" lon="3.805859">
        <ele>235.293254</ele>
        <time>2026-07-24T10:54:22.263Z</time>
      </trkpt>
      <trkpt lat="43.788082" lon="3.805991">
        <ele>234.836739</ele>
        <time>2026-07-24T10:54:25.441Z</time>
      </trkpt>
      <trkpt lat="43.788060" lon="3.806048">
        <ele>235.118803</ele>
        <time>2026-07-24T10:54:26.421Z</time>
      </trkpt>
      <trkpt lat="43.788074" lon="3.806149">
        <ele>235.603926</ele>
        <time>2026-07-24T10:54:29.660Z</time>
      </trkpt>
      <trkpt lat="43.788139" lon="3.806247">
        <ele>236.231682</ele>
        <time>2026-07-24T10:54:36.011Z</time>
      </trkpt>
      <trkpt lat="43.788248" lon="3.806343">
        <ele>237.311658</ele>
        <time>2026-07-24T10:54:44.556Z</time>
      </trkpt>
      <trkpt lat="43.788657" lon="3.806594">
        <ele>239.887122</ele>
        <time>2026-07-24T10:55:03.914Z</time>
      </trkpt>
      <trkpt lat="43.788768" lon="3.806736">
        <ele>239.997299</ele>
        <time>2026-07-24T10:55:07.118Z</time>
      </trkpt>
      <trkpt lat="43.788795" lon="3.806808">
        <ele>239.682799</ele>
        <time>2026-07-24T10:55:07.833Z</time>
      </trkpt>
      <trkpt lat="43.788930" lon="3.807245">
        <ele>237.070439</ele>
        <time>2026-07-24T10:55:11.501Z</time>
      </trkpt>
      <trkpt lat="43.789138" lon="3.807720">
        <ele>233.295028</ele>
        <time>2026-07-24T10:55:15.725Z</time>
      </trkpt>
      <trkpt lat="43.789284" lon="3.807899">
        <ele>231.888060</ele>
        <time>2026-07-24T10:55:17.852Z</time>
      </trkpt>
      <trkpt lat="43.790070" lon="3.808647">
        <ele>227.616301</ele>
        <time>2026-07-24T10:55:29.257Z</time>
      </trkpt>
      <trkpt lat="43.790300" lon="3.809121">
        <ele>225.999415</ele>
        <time>2026-07-24T10:55:34.305Z</time>
      </trkpt>
      <trkpt lat="43.790383" lon="3.809342">
        <ele>225.267431</ele>
        <time>2026-07-24T10:55:36.483Z</time>
      </trkpt>
      <trkpt lat="43.790437" lon="3.809580">
        <ele>224.447707</ele>
        <time>2026-07-24T10:55:38.634Z</time>
      </trkpt>
      <trkpt lat="43.790841" lon="3.811831">
        <ele>215.795607</ele>
        <time>2026-07-24T10:55:58.017Z</time>
      </trkpt>
      <trkpt lat="43.790983" lon="3.812780">
        <ele>212.174915</ele>
        <time>2026-07-24T10:56:06.142Z</time>
      </trkpt>
      <trkpt lat="43.791097" lon="3.817275">
        <ele>201.095553</ele>
        <time>2026-07-24T10:56:46.603Z</time>
      </trkpt>
      <trkpt lat="43.791035" lon="3.818676">
        <ele>197.654451</ele>
        <time>2026-07-24T10:56:59.195Z</time>
      </trkpt>
      <trkpt lat="43.790937" lon="3.821004">
        <ele>193.920212</ele>
        <time>2026-07-24T10:57:21.711Z</time>
      </trkpt>
      <trkpt lat="43.790903" lon="3.821542">
        <ele>193.154254</ele>
        <time>2026-07-24T10:57:27.140Z</time>
      </trkpt>
      <trkpt lat="43.790686" lon="3.822608">
        <ele>190.508013</ele>
        <time>2026-07-24T10:57:37.154Z</time>
      </trkpt>
      <trkpt lat="43.790648" lon="3.822800">
        <ele>189.864578</ele>
        <time>2026-07-24T10:57:38.827Z</time>
      </trkpt>
      <trkpt lat="43.790329" lon="3.824385">
        <ele>183.496205</ele>
        <time>2026-07-24T10:57:52.498Z</time>
      </trkpt>
      <trkpt lat="43.789955" lon="3.826420">
        <ele>177.555055</ele>
        <time>2026-07-24T10:58:11.086Z</time>
      </trkpt>
      <trkpt lat="43.789825" lon="3.826852">
        <ele>175.743422</ele>
        <time>2026-07-24T10:58:14.823Z</time>
      </trkpt>
      <trkpt lat="43.789541" lon="3.827618">
        <ele>175.474927</ele>
        <time>2026-07-24T10:58:26.879Z</time>
      </trkpt>
      <trkpt lat="43.789438" lon="3.827898">
        <ele>174.771643</ele>
        <time>2026-07-24T10:58:29.702Z</time>
      </trkpt>
      <trkpt lat="43.789024" lon="3.829023">
        <ele>169.750863</ele>
        <time>2026-07-24T10:58:40.084Z</time>
      </trkpt>
      <trkpt lat="43.788939" lon="3.829266">
        <ele>168.998109</ele>
        <time>2026-07-24T10:58:42.511Z</time>
      </trkpt>
      <trkpt lat="43.788920" lon="3.829315">
        <ele>168.872855</ele>
        <time>2026-07-24T10:58:43.034Z</time>
      </trkpt>
      <trkpt lat="43.788772" lon="3.829710">
        <ele>167.650139</ele>
        <time>2026-07-24T10:58:47.045Z</time>
      </trkpt>
      <trkpt lat="43.788614" lon="3.830164">
        <ele>165.204778</ele>
        <time>2026-07-24T10:58:50.993Z</time>
      </trkpt>
      <trkpt lat="43.788462" lon="3.830872">
        <ele>163.829718</ele>
        <time>2026-07-24T10:58:58.172Z</time>
      </trkpt>
      <trkpt lat="43.788243" lon="3.832141">
        <ele>162.375775</ele>
        <time>2026-07-24T10:59:11.994Z</time>
      </trkpt>
      <trkpt lat="43.788210" lon="3.833142">
        <ele>157.824202</ele>
        <time>2026-07-24T10:59:19.942Z</time>
      </trkpt>
      <trkpt lat="43.788161" lon="3.833536">
        <ele>157.111919</ele>
        <time>2026-07-24T10:59:24.108Z</time>
      </trkpt>
      <trkpt lat="43.788024" lon="3.834241">
        <ele>156.354286</ele>
        <time>2026-07-24T10:59:31.843Z</time>
      </trkpt>
      <trkpt lat="43.787865" lon="3.835106">
        <ele>153.249026</ele>
        <time>2026-07-24T10:59:39.341Z</time>
      </trkpt>
      <trkpt lat="43.787855" lon="3.835528">
        <ele>152.142388</ele>
        <time>2026-07-24T10:59:43.055Z</time>
      </trkpt>
      <trkpt lat="43.787926" lon="3.836069">
        <ele>150.973592</ele>
        <time>2026-07-24T10:59:48.219Z</time>
      </trkpt>
      <trkpt lat="43.788675" lon="3.840381">
        <ele>139.689515</ele>
        <time>2026-07-24T11:00:27.895Z</time>
      </trkpt>
      <trkpt lat="43.788690" lon="3.840473">
        <ele>139.352913</ele>
        <time>2026-07-24T11:00:28.671Z</time>
      </trkpt>
      <trkpt lat="43.788709" lon="3.840573">
        <ele>138.983877</ele>
        <time>2026-07-24T11:00:29.514Z</time>
      </trkpt>
      <trkpt lat="43.788720" lon="3.840642">
        <ele>138.802902</ele>
        <time>2026-07-24T11:00:30.112Z</time>
      </trkpt>
      <trkpt lat="43.789162" lon="3.843208">
        <ele>132.885779</ele>
        <time>2026-07-24T11:00:54.287Z</time>
      </trkpt>
      <trkpt lat="43.789355" lon="3.843956">
        <ele>130.999189</ele>
        <time>2026-07-24T11:01:01.461Z</time>
      </trkpt>
      <trkpt lat="43.789922" lon="3.846150">
        <ele>125.600575</ele>
        <time>2026-07-24T11:01:22.557Z</time>
      </trkpt>
      <trkpt lat="43.790046" lon="3.846618">
        <ele>125.542464</ele>
        <time>2026-07-24T11:01:29.560Z</time>
      </trkpt>
      <trkpt lat="43.790074" lon="3.846728">
        <ele>125.515425</ele>
        <time>2026-07-24T11:01:30.949Z</time>
      </trkpt>
      <trkpt lat="43.790194" lon="3.847212">
        <ele>125.191796</ele>
        <time>2026-07-24T11:01:36.233Z</time>
      </trkpt>
      <trkpt lat="43.790813" lon="3.849522">
        <ele>125.036942</ele>
        <time>2026-07-24T11:02:06.645Z</time>
      </trkpt>
      <trkpt lat="43.790845" lon="3.849642">
        <ele>124.931788</ele>
        <time>2026-07-24T11:02:08.022Z</time>
      </trkpt>
      <trkpt lat="43.790897" lon="3.849846">
        <ele>124.707251</ele>
        <time>2026-07-24T11:02:10.124Z</time>
      </trkpt>
      <trkpt lat="43.790976" lon="3.850305">
        <ele>124.104771</ele>
        <time>2026-07-24T11:02:14.912Z</time>
      </trkpt>
      <trkpt lat="43.790981" lon="3.850557">
        <ele>123.798493</ele>
        <time>2026-07-24T11:02:17.412Z</time>
      </trkpt>
      <trkpt lat="43.790945" lon="3.851130">
        <ele>123.274560</ele>
        <time>2026-07-24T11:02:23.212Z</time>
      </trkpt>
      <trkpt lat="43.790645" lon="3.854699">
        <ele>123.047504</ele>
        <time>2026-07-24T11:03:07.444Z</time>
      </trkpt>
      <trkpt lat="43.790640" lon="3.854752">
        <ele>123.012215</ele>
        <time>2026-07-24T11:03:08.053Z</time>
      </trkpt>
      <trkpt lat="43.790558" lon="3.855229">
        <ele>122.672665</ele>
        <time>2026-07-24T11:03:13.262Z</time>
      </trkpt>
      <trkpt lat="43.790383" lon="3.855755">
        <ele>122.114395</ele>
        <time>2026-07-24T11:03:19.289Z</time>
      </trkpt>
      <trkpt lat="43.790175" lon="3.856132">
        <ele>121.704113</ele>
        <time>2026-07-24T11:03:24.338Z</time>
      </trkpt>
      <trkpt lat="43.789963" lon="3.856391">
        <ele>121.341553</ele>
        <time>2026-07-24T11:03:28.471Z</time>
      </trkpt>
      <trkpt lat="43.789724" lon="3.856598">
        <ele>120.798429</ele>
        <time>2026-07-24T11:03:32.305Z</time>
      </trkpt>
      <trkpt lat="43.789380" lon="3.856789">
        <ele>119.975516</ele>
        <time>2026-07-24T11:03:37.280Z</time>
      </trkpt>
      <trkpt lat="43.789048" lon="3.856895">
        <ele>119.123984</ele>
        <time>2026-07-24T11:03:41.699Z</time>
      </trkpt>
      <trkpt lat="43.788525" lon="3.857010">
        <ele>118.145587</ele>
        <time>2026-07-24T11:03:48.770Z</time>
      </trkpt>
      <trkpt lat="43.788235" lon="3.857085">
        <ele>118.140476</ele>
        <time>2026-07-24T11:03:56.046Z</time>
      </trkpt>
      <trkpt lat="43.787360" lon="3.857299">
        <ele>116.922923</ele>
        <time>2026-07-24T11:04:08.564Z</time>
      </trkpt>
      <trkpt lat="43.786782" lon="3.857445">
        <ele>115.075477</ele>
        <time>2026-07-24T11:04:15.787Z</time>
      </trkpt>
      <trkpt lat="43.784247" lon="3.858043">
        <ele>118.449418</ele>
        <time>2026-07-24T11:05:15.375Z</time>
      </trkpt>
      <trkpt lat="43.783935" lon="3.858066">
        <ele>119.054564</ele>
        <time>2026-07-24T11:05:24.103Z</time>
      </trkpt>
      <trkpt lat="43.783650" lon="3.858008">
        <ele>119.306263</ele>
        <time>2026-07-24T11:05:30.420Z</time>
      </trkpt>
      <trkpt lat="43.783492" lon="3.857976">
        <ele>119.191592</ele>
        <time>2026-07-24T11:05:32.754Z</time>
      </trkpt>
      <trkpt lat="43.781419" lon="3.857554">
        <ele>116.898964</ele>
        <time>2026-07-24T11:06:03.574Z</time>
      </trkpt>
      <trkpt lat="43.780989" lon="3.857391">
        <ele>116.288107</ele>
        <time>2026-07-24T11:06:10.068Z</time>
      </trkpt>
      <trkpt lat="43.779523" lon="3.856724">
        <ele>111.179509</ele>
        <time>2026-07-24T11:06:29.366Z</time>
      </trkpt>
      <trkpt lat="43.779250" lon="3.856722">
        <ele>110.136512</ele>
        <time>2026-07-24T11:06:32.639Z</time>
      </trkpt>
      <trkpt lat="43.779135" lon="3.856765">
        <ele>109.723408</ele>
        <time>2026-07-24T11:06:34.123Z</time>
      </trkpt>
      <trkpt lat="43.778993" lon="3.856879">
        <ele>109.232720</ele>
        <time>2026-07-24T11:06:36.241Z</time>
      </trkpt>
      <trkpt lat="43.778739" lon="3.857152">
        <ele>108.483941</ele>
        <time>2026-07-24T11:06:40.487Z</time>
      </trkpt>
      <trkpt lat="43.778666" lon="3.857230">
        <ele>108.516030</ele>
        <time>2026-07-24T11:06:41.988Z</time>
      </trkpt>
      <trkpt lat="43.777869" lon="3.858102">
        <ele>109.306154</ele>
        <time>2026-07-24T11:07:03.207Z</time>
      </trkpt>
      <trkpt lat="43.777734" lon="3.858290">
        <ele>109.480043</ele>
        <time>2026-07-24T11:07:07.414Z</time>
      </trkpt>
      <trkpt lat="43.777649" lon="3.858462">
        <ele>109.423432</ele>
        <time>2026-07-24T11:07:10.453Z</time>
      </trkpt>
      <trkpt lat="43.776736" lon="3.861439">
        <ele>106.312552</ele>
        <time>2026-07-24T11:07:43.997Z</time>
      </trkpt>
      <trkpt lat="43.776362" lon="3.862637">
        <ele>103.333899</ele>
        <time>2026-07-24T11:07:55.792Z</time>
      </trkpt>
      <trkpt lat="43.776347" lon="3.862685">
        <ele>103.258704</ele>
        <time>2026-07-24T11:07:56.282Z</time>
      </trkpt>
      <trkpt lat="43.775997" lon="3.863846">
        <ele>101.792341</ele>
        <time>2026-07-24T11:08:08.969Z</time>
      </trkpt>
      <trkpt lat="43.775942" lon="3.864049">
        <ele>101.790285</ele>
        <time>2026-07-24T11:08:12.082Z</time>
      </trkpt>
      <trkpt lat="43.775754" lon="3.864647">
        <ele>101.763444</ele>
        <time>2026-07-24T11:08:20.090Z</time>
      </trkpt>
      <trkpt lat="43.775672" lon="3.864666">
        <ele>101.681518</ele>
        <time>2026-07-24T11:08:21.548Z</time>
      </trkpt>
      <trkpt lat="43.774818" lon="3.865431">
        <ele>100.642581</ele>
        <time>2026-07-24T11:08:39.318Z</time>
      </trkpt>
      <trkpt lat="43.774654" lon="3.865578">
        <ele>100.539925</ele>
        <time>2026-07-24T11:08:42.989Z</time>
      </trkpt>
      <trkpt lat="43.774179" lon="3.865897">
        <ele>99.898805</ele>
        <time>2026-07-24T11:08:51.987Z</time>
      </trkpt>
      <trkpt lat="43.773999" lon="3.866050">
        <ele>99.630442</ele>
        <time>2026-07-24T11:08:55.668Z</time>
      </trkpt>
      <trkpt lat="43.772527" lon="3.867788">
        <ele>98.822281</ele>
        <time>2026-07-24T11:09:31.871Z</time>
      </trkpt>
      <trkpt lat="43.772117" lon="3.868175">
        <ele>98.788586</ele>
        <time>2026-07-24T11:09:41.571Z</time>
      </trkpt>
      <trkpt lat="43.771774" lon="3.868356">
        <ele>98.651942</ele>
        <time>2026-07-24T11:09:48.557Z</time>
      </trkpt>
      <trkpt lat="43.771634" lon="3.868485">
        <ele>98.534347</ele>
        <time>2026-07-24T11:09:51.538Z</time>
      </trkpt>
      <trkpt lat="43.771510" lon="3.868748">
        <ele>98.422824</ele>
        <time>2026-07-24T11:09:55.666Z</time>
      </trkpt>
      <trkpt lat="43.771011" lon="3.868566">
        <ele>98.431238</ele>
        <time>2026-07-24T11:10:04.809Z</time>
      </trkpt>
      <trkpt lat="43.770664" lon="3.868435">
        <ele>98.623739</ele>
        <time>2026-07-24T11:10:11.822Z</time>
      </trkpt>
      <trkpt lat="43.770258" lon="3.868282">
        <ele>99.089185</ele>
        <time>2026-07-24T11:10:21.003Z</time>
      </trkpt>
      <trkpt lat="43.770140" lon="3.868239">
        <ele>99.178908</ele>
        <time>2026-07-24T11:10:23.749Z</time>
      </trkpt>
      <trkpt lat="43.769951" lon="3.868167">
        <ele>99.381650</ele>
        <time>2026-07-24T11:10:27.571Z</time>
      </trkpt>
      <trkpt lat="43.769853" lon="3.868130">
        <ele>99.523870</ele>
        <time>2026-07-24T11:10:30.016Z</time>
      </trkpt>
      <trkpt lat="43.769855" lon="3.867796">
        <ele>100.058207</ele>
        <time>2026-07-24T11:10:36.471Z</time>
      </trkpt>
      <trkpt lat="43.769788" lon="3.867177">
        <ele>101.620338</ele>
        <time>2026-07-24T11:10:51.973Z</time>
      </trkpt>
      <trkpt lat="43.769740" lon="3.866885">
        <ele>102.114131</ele>
        <time>2026-07-24T11:10:56.845Z</time>
      </trkpt>
      <trkpt lat="43.769664" lon="3.866237">
        <ele>104.205107</ele>
        <time>2026-07-24T11:11:14.810Z</time>
      </trkpt>
      <trkpt lat="43.769591" lon="3.865613">
        <ele>106.376266</ele>
        <time>2026-07-24T11:11:32.713Z</time>
      </trkpt>
      <trkpt lat="43.769585" lon="3.865560">
        <ele>106.510863</ele>
        <time>2026-07-24T11:11:34.185Z</time>
      </trkpt>
      <trkpt lat="43.769588" lon="3.865419">
        <ele>106.864773</ele>
        <time>2026-07-24T11:11:37.635Z</time>
      </trkpt>
      <trkpt lat="43.769648" lon="3.865387">
        <ele>107.088159</ele>
        <time>2026-07-24T11:11:39.776Z</time>
      </trkpt>
      <trkpt lat="43.769661" lon="3.865300">
        <ele>107.152150</ele>
        <time>2026-07-24T11:11:41.734Z</time>
      </trkpt>
      <trkpt lat="43.769635" lon="3.865250">
        <ele>107.171425</ele>
        <time>2026-07-24T11:11:42.896Z</time>
      </trkpt>
      <trkpt lat="43.769593" lon="3.865233">
        <ele>107.190380</ele>
        <time>2026-07-24T11:11:43.902Z</time>
      </trkpt>
      <trkpt lat="43.769542" lon="3.865271">
        <ele>107.215468</ele>
        <time>2026-07-24T11:11:44.952Z</time>
      </trkpt>
      <trkpt lat="43.769428" lon="3.865183">
        <ele>107.013638</ele>
        <time>2026-07-24T11:11:46.694Z</time>
      </trkpt>
      <trkpt lat="43.769332" lon="3.865128">
        <ele>106.800797</ele>
        <time>2026-07-24T11:11:48.063Z</time>
      </trkpt>
      <trkpt lat="43.769232" lon="3.865130">
        <ele>106.641124</ele>
        <time>2026-07-24T11:11:49.434Z</time>
      </trkpt>
      <trkpt lat="43.768999" lon="3.865242">
        <ele>106.472379</ele>
        <time>2026-07-24T11:11:53.006Z</time>
      </trkpt>
      <trkpt lat="43.768257" lon="3.864450">
        <ele>106.790960</ele>
        <time>2026-07-24T11:12:11.513Z</time>
      </trkpt>
      <trkpt lat="43.768188" lon="3.864372">
        <ele>106.766780</ele>
        <time>2026-07-24T11:12:13.003Z</time>
      </trkpt>
      <trkpt lat="43.768003" lon="3.864155">
        <ele>106.247218</ele>
        <time>2026-07-24T11:12:16.202Z</time>
      </trkpt>
      <trkpt lat="43.767917" lon="3.864084">
        <ele>105.960763</ele>
        <time>2026-07-24T11:12:17.472Z</time>
      </trkpt>
      <trkpt lat="43.767826" lon="3.864058">
        <ele>105.694929</ele>
        <time>2026-07-24T11:12:18.656Z</time>
      </trkpt>
      <trkpt lat="43.767627" lon="3.864091">
        <ele>105.208144</ele>
        <time>2026-07-24T11:12:21.336Z</time>
      </trkpt>
      <trkpt lat="43.767421" lon="3.863980">
        <ele>104.609013</ele>
        <time>2026-07-24T11:12:24.307Z</time>
      </trkpt>
      <trkpt lat="43.766815" lon="3.863592">
        <ele>101.767801</ele>
        <time>2026-07-24T11:12:32.222Z</time>
      </trkpt>
      <trkpt lat="43.766626" lon="3.863482">
        <ele>101.075436</ele>
        <time>2026-07-24T11:12:34.850Z</time>
      </trkpt>
      <trkpt lat="43.766192" lon="3.863297">
        <ele>99.702777</ele>
        <time>2026-07-24T11:12:40.496Z</time>
      </trkpt>
      <trkpt lat="43.766238" lon="3.862913">
        <ele>99.703047</ele>
        <time>2026-07-24T11:12:45.877Z</time>
      </trkpt>
      <trkpt lat="43.766267" lon="3.862747">
        <ele>99.801292</ele>
        <time>2026-07-24T11:12:48.583Z</time>
      </trkpt>
      <trkpt lat="43.766282" lon="3.862679">
        <ele>99.842323</ele>
        <time>2026-07-24T11:12:49.705Z</time>
      </trkpt>
      <trkpt lat="43.766315" lon="3.862485">
        <ele>99.853554</ele>
        <time>2026-07-24T11:12:52.600Z</time>
      </trkpt>
      <trkpt lat="43.766512" lon="3.861935">
        <ele>99.442873</ele>
        <time>2026-07-24T11:12:59.321Z</time>
      </trkpt>
      <trkpt lat="43.766600" lon="3.861737">
        <ele>98.997356</ele>
        <time>2026-07-24T11:13:01.405Z</time>
      </trkpt>
      <trkpt lat="43.766728" lon="3.861447">
        <ele>98.167160</ele>
        <time>2026-07-24T11:13:04.419Z</time>
      </trkpt>
      <trkpt lat="43.766765" lon="3.861363">
        <ele>97.992115</ele>
        <time>2026-07-24T11:13:05.326Z</time>
      </trkpt>
      <trkpt lat="43.767396" lon="3.860382">
        <ele>96.409067</ele>
        <time>2026-07-24T11:13:18.661Z</time>
      </trkpt>
      <trkpt lat="43.767464" lon="3.860212">
        <ele>96.227150</ele>
        <time>2026-07-24T11:13:20.720Z</time>
      </trkpt>
      <trkpt lat="43.767473" lon="3.860171">
        <ele>96.191626</ele>
        <time>2026-07-24T11:13:21.164Z</time>
      </trkpt>
      <trkpt lat="43.767538" lon="3.859844">
        <ele>96.131405</ele>
        <time>2026-07-24T11:13:24.819Z</time>
      </trkpt>
      <trkpt lat="43.767588" lon="3.859623">
        <ele>96.466994</ele>
        <time>2026-07-24T11:13:29.624Z</time>
      </trkpt>
      <trkpt lat="43.767642" lon="3.859384">
        <ele>97.026677</ele>
        <time>2026-07-24T11:13:36.466Z</time>
      </trkpt>
      <trkpt lat="43.767604" lon="3.859339">
        <ele>97.050587</ele>
        <time>2026-07-24T11:13:37.825Z</time>
      </trkpt>
      <trkpt lat="43.766489" lon="3.858112">
        <ele>97.420524</ele>
        <time>2026-07-24T11:14:03.769Z</time>
      </trkpt>
      <trkpt lat="43.766425" lon="3.857992">
        <ele>96.998463</ele>
        <time>2026-07-24T11:14:05.058Z</time>
      </trkpt>
      <trkpt lat="43.766236" lon="3.858056">
        <ele>95.552370</ele>
        <time>2026-07-24T11:14:07.120Z</time>
      </trkpt>
      <trkpt lat="43.766030" lon="3.858208">
        <ele>94.411023</ele>
        <time>2026-07-24T11:14:09.884Z</time>
      </trkpt>
      <trkpt lat="43.764536" lon="3.856955">
        <ele>91.028302</ele>
        <time>2026-07-24T11:14:38.265Z</time>
      </trkpt>
      <trkpt lat="43.763056" lon="3.855543">
        <ele>88.952200</ele>
        <time>2026-07-24T11:15:09.328Z</time>
      </trkpt>
      <trkpt lat="43.761324" lon="3.853997">
        <ele>89.214184</ele>
        <time>2026-07-24T11:15:51.663Z</time>
      </trkpt>
      <trkpt lat="43.761107" lon="3.853663">
        <ele>89.383407</ele>
        <time>2026-07-24T11:15:58.680Z</time>
      </trkpt>
      <trkpt lat="43.760814" lon="3.853124">
        <ele>89.624953</ele>
        <time>2026-07-24T11:16:09.460Z</time>
      </trkpt>
      <trkpt lat="43.760802" lon="3.853102">
        <ele>89.636610</ele>
        <time>2026-07-24T11:16:09.925Z</time>
      </trkpt>
      <trkpt lat="43.760599" lon="3.852844">
        <ele>89.921131</ele>
        <time>2026-07-24T11:16:16.721Z</time>
      </trkpt>
      <trkpt lat="43.760299" lon="3.852604">
        <ele>90.568401</ele>
        <time>2026-07-24T11:16:26.126Z</time>
      </trkpt>
      <trkpt lat="43.759539" lon="3.852081">
        <ele>92.578494</ele>
        <time>2026-07-24T11:16:52.363Z</time>
      </trkpt>
      <trkpt lat="43.758816" lon="3.851595">
        <ele>94.414619</ele>
        <time>2026-07-24T11:17:16.348Z</time>
      </trkpt>
      <trkpt lat="43.758026" lon="3.851064">
        <ele>98.548174</ele>
        <time>2026-07-24T11:17:53.181Z</time>
      </trkpt>
      <trkpt lat="43.757718" lon="3.850861">
        <ele>99.764130</ele>
        <time>2026-07-24T11:18:05.430Z</time>
      </trkpt>
      <trkpt lat="43.757363" lon="3.850595">
        <ele>100.322482</ele>
        <time>2026-07-24T11:18:15.273Z</time>
      </trkpt>
      <trkpt lat="43.757259" lon="3.850483">
        <ele>100.563903</ele>
        <time>2026-07-24T11:18:18.785Z</time>
      </trkpt>
      <trkpt lat="43.757097" lon="3.850185">
        <ele>101.154127</ele>
        <time>2026-07-24T11:18:27.574Z</time>
      </trkpt>
      <trkpt lat="43.756465" lon="3.848844">
        <ele>102.800091</ele>
        <time>2026-07-24T11:18:57.822Z</time>
      </trkpt>
      <trkpt lat="43.755990" lon="3.847658">
        <ele>100.968153</ele>
        <time>2026-07-24T11:19:13.730Z</time>
      </trkpt>
      <trkpt lat="43.755439" lon="3.846144">
        <ele>98.117896</ele>
        <time>2026-07-24T11:19:32.988Z</time>
      </trkpt>
      <trkpt lat="43.755386" lon="3.846025">
        <ele>97.906851</ele>
        <time>2026-07-24T11:19:34.626Z</time>
      </trkpt>
      <trkpt lat="43.755322" lon="3.845909">
        <ele>97.703089</ele>
        <time>2026-07-24T11:19:36.313Z</time>
      </trkpt>
      <trkpt lat="43.755068" lon="3.845644">
        <ele>97.077579</ele>
        <time>2026-07-24T11:19:41.434Z</time>
      </trkpt>
      <trkpt lat="43.753861" lon="3.844531">
        <ele>93.749440</ele>
        <time>2026-07-24T11:20:04.237Z</time>
      </trkpt>
      <trkpt lat="43.753300" lon="3.843948">
        <ele>93.644540</ele>
        <time>2026-07-24T11:20:19.104Z</time>
      </trkpt>
      <trkpt lat="43.753168" lon="3.844185">
        <ele>93.219643</ele>
        <time>2026-07-24T11:20:21.856Z</time>
      </trkpt>
      <trkpt lat="43.753042" lon="3.844346">
        <ele>92.877720</ele>
        <time>2026-07-24T11:20:24.165Z</time>
      </trkpt>
      <trkpt lat="43.752629" lon="3.844190">
        <ele>92.408105</ele>
        <time>2026-07-24T11:20:36.760Z</time>
      </trkpt>
      <trkpt lat="43.752395" lon="3.844338">
        <ele>92.196430</ele>
        <time>2026-07-24T11:20:44.347Z</time>
      </trkpt>
      <trkpt lat="43.752342" lon="3.844372">
        <ele>92.148958</ele>
        <time>2026-07-24T11:20:46.050Z</time>
      </trkpt>
      <trkpt lat="43.752211" lon="3.844352">
        <ele>92.011870</ele>
        <time>2026-07-24T11:20:49.924Z</time>
      </trkpt>
      <trkpt lat="43.751661" lon="3.844106">
        <ele>91.288888</ele>
        <time>2026-07-24T11:21:06.593Z</time>
      </trkpt>
      <trkpt lat="43.751530" lon="3.844074">
        <ele>91.081068</ele>
        <time>2026-07-24T11:21:10.363Z</time>
      </trkpt>
      <trkpt lat="43.751324" lon="3.844190">
        <ele>90.696982</ele>
        <time>2026-07-24T11:21:16.518Z</time>
      </trkpt>
      <trkpt lat="43.751297" lon="3.844193">
        <ele>90.647399</ele>
        <time>2026-07-24T11:21:17.255Z</time>
      </trkpt>
      <trkpt lat="43.751129" lon="3.844210">
        <ele>90.303500</ele>
        <time>2026-07-24T11:21:21.841Z</time>
      </trkpt>
      <trkpt lat="43.750911" lon="3.844182">
        <ele>89.799660</ele>
        <time>2026-07-24T11:21:27.792Z</time>
      </trkpt>
      <trkpt lat="43.750491" lon="3.844017">
        <ele>88.818070</ele>
        <time>2026-07-24T11:21:39.524Z</time>
      </trkpt>
      <trkpt lat="43.750230" lon="3.844032">
        <ele>88.365649</ele>
        <time>2026-07-24T11:21:46.771Z</time>
      </trkpt>
      <trkpt lat="43.750092" lon="3.843975">
        <ele>88.198485</ele>
        <time>2026-07-24T11:21:50.876Z</time>
      </trkpt>
      <trkpt lat="43.749991" lon="3.843886">
        <ele>88.133493</ele>
        <time>2026-07-24T11:21:54.435Z</time>
      </trkpt>
      <trkpt lat="43.748965" lon="3.843615">
        <ele>87.895320</ele>
        <time>2026-07-24T11:22:27.044Z</time>
      </trkpt>
      <trkpt lat="43.748625" lon="3.843579">
        <ele>87.814008</ele>
        <time>2026-07-24T11:22:37.817Z</time>
      </trkpt>
      <trkpt lat="43.747736" lon="3.843648">
        <ele>87.904367</ele>
        <time>2026-07-24T11:23:05.880Z</time>
      </trkpt>
      <trkpt lat="43.747674" lon="3.843608">
        <ele>87.952996</ele>
        <time>2026-07-24T11:23:08.473Z</time>
      </trkpt>
      <trkpt lat="43.747634" lon="3.843485">
        <ele>88.186189</ele>
        <time>2026-07-24T11:23:13.195Z</time>
      </trkpt>
      <trkpt lat="43.747658" lon="3.843320">
        <ele>88.477163</ele>
        <time>2026-07-24T11:23:19.050Z</time>
      </trkpt>
      <trkpt lat="43.747424" lon="3.843605">
        <ele>87.617258</ele>
        <time>2026-07-24T11:23:23.664Z</time>
      </trkpt>
      <trkpt lat="43.747277" lon="3.843735">
        <ele>87.090816</ele>
        <time>2026-07-24T11:23:26.289Z</time>
      </trkpt>
      <trkpt lat="43.747183" lon="3.843752">
        <ele>86.930260</ele>
        <time>2026-07-24T11:23:27.860Z</time>
      </trkpt>
      <trkpt lat="43.746967" lon="3.843784">
        <ele>86.647471</ele>
        <time>2026-07-24T11:23:31.612Z</time>
      </trkpt>
      <trkpt lat="43.746858" lon="3.843835">
        <ele>86.550555</ele>
        <time>2026-07-24T11:23:33.604Z</time>
      </trkpt>
      <trkpt lat="43.745070" lon="3.844440">
        <ele>87.729522</ele>
        <time>2026-07-24T11:24:15.363Z</time>
      </trkpt>
      <trkpt lat="43.744662" lon="3.844749">
        <ele>88.255234</ele>
        <time>2026-07-24T11:24:27.345Z</time>
      </trkpt>
      <trkpt lat="43.744466" lon="3.844937">
        <ele>88.311428</ele>
        <time>2026-07-24T11:24:32.512Z</time>
      </trkpt>
      <trkpt lat="43.744394" lon="3.845044">
        <ele>88.244341</ele>
        <time>2026-07-24T11:24:34.437Z</time>
      </trkpt>
      <trkpt lat="43.743995" lon="3.845956">
        <ele>86.892028</ele>
        <time>2026-07-24T11:24:47.063Z</time>
      </trkpt>
      <trkpt lat="43.743857" lon="3.846160">
        <ele>86.498297</ele>
        <time>2026-07-24T11:24:50.312Z</time>
      </trkpt>
      <trkpt lat="43.743488" lon="3.846504">
        <ele>85.596362</ele>
        <time>2026-07-24T11:24:57.446Z</time>
      </trkpt>
      <trkpt lat="43.743342" lon="3.846692">
        <ele>85.162800</ele>
        <time>2026-07-24T11:25:00.630Z</time>
      </trkpt>
      <trkpt lat="43.743124" lon="3.847104">
        <ele>84.010460</ele>
        <time>2026-07-24T11:25:06.191Z</time>
      </trkpt>
      <trkpt lat="43.743007" lon="3.847377">
        <ele>83.307658</ele>
        <time>2026-07-24T11:25:09.633Z</time>
      </trkpt>
      <trkpt lat="43.742890" lon="3.847551">
        <ele>82.857966</ele>
        <time>2026-07-24T11:25:12.284Z</time>
      </trkpt>
      <trkpt lat="43.742680" lon="3.847778">
        <ele>82.342340</ele>
        <time>2026-07-24T11:25:16.603Z</time>
      </trkpt>
      <trkpt lat="43.742486" lon="3.848050">
        <ele>81.987365</ele>
        <time>2026-07-24T11:25:21.290Z</time>
      </trkpt>
      <trkpt lat="43.742429" lon="3.848089">
        <ele>81.929292</ele>
        <time>2026-07-24T11:25:22.410Z</time>
      </trkpt>
      <trkpt lat="43.742334" lon="3.848092">
        <ele>81.865879</ele>
        <time>2026-07-24T11:25:24.107Z</time>
      </trkpt>
      <trkpt lat="43.742259" lon="3.848043">
        <ele>81.810535</ele>
        <time>2026-07-24T11:25:25.656Z</time>
      </trkpt>
      <trkpt lat="43.741915" lon="3.847579">
        <ele>81.844737</ele>
        <time>2026-07-24T11:25:35.122Z</time>
      </trkpt>
      <trkpt lat="43.741540" lon="3.847502">
        <ele>82.336906</ele>
        <time>2026-07-24T11:25:44.929Z</time>
      </trkpt>
      <trkpt lat="43.741045" lon="3.847268">
        <ele>83.357646</ele>
        <time>2026-07-24T11:26:00.369Z</time>
      </trkpt>
      <trkpt lat="43.740958" lon="3.847272">
        <ele>83.429889</ele>
        <time>2026-07-24T11:26:02.504Z</time>
      </trkpt>
      <trkpt lat="43.740834" lon="3.847336">
        <ele>83.544716</ele>
        <time>2026-07-24T11:26:05.070Z</time>
      </trkpt>
      <trkpt lat="43.740599" lon="3.846560">
        <ele>84.230387</ele>
        <time>2026-07-24T11:26:19.459Z</time>
      </trkpt>
      <trkpt lat="43.738441" lon="3.847571">
        <ele>83.877071</ele>
        <time>2026-07-24T11:27:03.535Z</time>
      </trkpt>
      <trkpt lat="43.737465" lon="3.847886">
        <ele>83.062871</ele>
        <time>2026-07-24T11:27:21.409Z</time>
      </trkpt>
      <trkpt lat="43.737216" lon="3.848018">
        <ele>82.848334</ele>
        <time>2026-07-24T11:27:25.904Z</time>
      </trkpt>
      <trkpt lat="43.737123" lon="3.848234">
        <ele>82.947134</ele>
        <time>2026-07-24T11:27:30.353Z</time>
      </trkpt>
      <trkpt lat="43.737084" lon="3.848455">
        <ele>83.124589</ele>
        <time>2026-07-24T11:27:35.794Z</time>
      </trkpt>
      <trkpt lat="43.736621" lon="3.848165">
        <ele>80.902546</ele>
        <time>2026-07-24T11:27:42.895Z</time>
      </trkpt>
      <trkpt lat="43.736466" lon="3.848069">
        <ele>80.132190</ele>
        <time>2026-07-24T11:27:45.222Z</time>
      </trkpt>
      <trkpt lat="43.736255" lon="3.847938">
        <ele>79.715792</ele>
        <time>2026-07-24T11:27:49.093Z</time>
      </trkpt>
      <trkpt lat="43.734980" lon="3.847139">
        <ele>80.851839</ele>
        <time>2026-07-24T11:28:23.048Z</time>
      </trkpt>
      <trkpt lat="43.734510" lon="3.846943">
        <ele>80.472096</ele>
        <time>2026-07-24T11:28:31.547Z</time>
      </trkpt>
      <trkpt lat="43.734369" lon="3.846970">
        <ele>80.424239</ele>
        <time>2026-07-24T11:28:36.009Z</time>
      </trkpt>
      <trkpt lat="43.734207" lon="3.847104">
        <ele>80.513719</ele>
        <time>2026-07-24T11:28:42.437Z</time>
      </trkpt>
      <trkpt lat="43.733793" lon="3.847475">
        <ele>80.971558</ele>
        <time>2026-07-24T11:29:00.381Z</time>
      </trkpt>
      <trkpt lat="43.733597" lon="3.847729">
        <ele>81.029963</ele>
        <time>2026-07-24T11:29:09.461Z</time>
      </trkpt>
      <trkpt lat="43.733442" lon="3.847947">
        <ele>80.852181</ele>
        <time>2026-07-24T11:29:15.807Z</time>
      </trkpt>
      <trkpt lat="43.733312" lon="3.848200">
        <ele>80.437798</ele>
        <time>2026-07-24T11:29:22.051Z</time>
      </trkpt>
      <trkpt lat="43.733101" lon="3.848862">
        <ele>79.084079</ele>
        <time>2026-07-24T11:29:35.906Z</time>
      </trkpt>
      <trkpt lat="43.732915" lon="3.849189">
        <ele>78.215896</ele>
        <time>2026-07-24T11:29:43.781Z</time>
      </trkpt>
      <trkpt lat="43.732736" lon="3.849689">
        <ele>77.216738</ele>
        <time>2026-07-24T11:29:54.530Z</time>
      </trkpt>
      <trkpt lat="43.732596" lon="3.849959">
        <ele>76.694757</ele>
        <time>2026-07-24T11:30:01.073Z</time>
      </trkpt>
      <trkpt lat="43.732589" lon="3.850072">
        <ele>76.546740</ele>
        <time>2026-07-24T11:30:03.321Z</time>
      </trkpt>
      <trkpt lat="43.732610" lon="3.850188">
        <ele>76.401950</ele>
        <time>2026-07-24T11:30:05.698Z</time>
      </trkpt>
      <trkpt lat="43.732919" lon="3.850597">
        <ele>75.687702</ele>
        <time>2026-07-24T11:30:17.651Z</time>
      </trkpt>
      <trkpt lat="43.732960" lon="3.850729">
        <ele>75.507411</ele>
        <time>2026-07-24T11:30:20.583Z</time>
      </trkpt>
      <trkpt lat="43.732930" lon="3.851392">
        <ele>74.747953</ele>
        <time>2026-07-24T11:30:34.009Z</time>
      </trkpt>
      <trkpt lat="43.732800" lon="3.851500">
        <ele>74.653289</ele>
        <time>2026-07-24T11:30:38.518Z</time>
      </trkpt>
      <trkpt lat="43.732752" lon="3.851507">
        <ele>74.632516</ele>
        <time>2026-07-24T11:30:40.027Z</time>
      </trkpt>
      <trkpt lat="43.732389" lon="3.851447">
        <ele>75.004966</ele>
        <time>2026-07-24T11:30:52.854Z</time>
      </trkpt>
      <trkpt lat="43.732213" lon="3.851479">
        <ele>75.512862</ele>
        <time>2026-07-24T11:31:00.903Z</time>
      </trkpt>
      <trkpt lat="43.732058" lon="3.851547">
        <ele>76.305729</ele>
        <time>2026-07-24T11:31:09.174Z</time>
      </trkpt>
      <trkpt lat="43.731828" lon="3.851746">
        <ele>78.518289</ele>
        <time>2026-07-24T11:31:29.081Z</time>
      </trkpt>
      <trkpt lat="43.731795" lon="3.851964">
        <ele>79.796087</ele>
        <time>2026-07-24T11:31:37.824Z</time>
      </trkpt>
      <trkpt lat="43.731825" lon="3.852577">
        <ele>82.234814</ele>
        <time>2026-07-24T11:31:55.770Z</time>
      </trkpt>
      <trkpt lat="43.731708" lon="3.853110">
        <ele>84.718318</ele>
        <time>2026-07-24T11:32:14.079Z</time>
      </trkpt>
      <trkpt lat="43.731642" lon="3.853224">
        <ele>85.421552</ele>
        <time>2026-07-24T11:32:18.989Z</time>
      </trkpt>
      <trkpt lat="43.731544" lon="3.853297">
        <ele>86.180205</ele>
        <time>2026-07-24T11:32:24.267Z</time>
      </trkpt>
      <trkpt lat="43.731453" lon="3.853294">
        <ele>86.773460</ele>
        <time>2026-07-24T11:32:28.577Z</time>
      </trkpt>
      <trkpt lat="43.731116" lon="3.853066">
        <ele>89.088601</ele>
        <time>2026-07-24T11:32:45.380Z</time>
      </trkpt>
      <trkpt lat="43.730911" lon="3.853036">
        <ele>90.294815</ele>
        <time>2026-07-24T11:32:54.255Z</time>
      </trkpt>
      <trkpt lat="43.730650" lon="3.853068">
        <ele>91.789988</ele>
        <time>2026-07-24T11:33:05.544Z</time>
      </trkpt>
      <trkpt lat="43.730098" lon="3.853291">
        <ele>94.907708</ele>
        <time>2026-07-24T11:33:29.606Z</time>
      </trkpt>
      <trkpt lat="43.729282" lon="3.853621">
        <ele>99.574347</ele>
        <time>2026-07-24T11:34:05.075Z</time>
      </trkpt>
      <trkpt lat="43.728642" lon="3.853723">
        <ele>102.811330</ele>
        <time>2026-07-24T11:34:31.062Z</time>
      </trkpt>
      <trkpt lat="43.728220" lon="3.854072">
        <ele>104.337585</ele>
        <time>2026-07-24T11:34:46.337Z</time>
      </trkpt>
      <trkpt lat="43.728070" lon="3.854124">
        <ele>104.688065</ele>
        <time>2026-07-24T11:34:50.315Z</time>
      </trkpt>
      <trkpt lat="43.728030" lon="3.853868">
        <ele>104.994594</ele>
        <time>2026-07-24T11:34:54.847Z</time>
      </trkpt>
      <trkpt lat="43.727687" lon="3.852844">
        <ele>106.009367</ele>
        <time>2026-07-24T11:35:14.303Z</time>
      </trkpt>
      <trkpt lat="43.727592" lon="3.852693">
        <ele>105.822821</ele>
        <time>2026-07-24T11:35:16.322Z</time>
      </trkpt>
      <trkpt lat="43.727469" lon="3.852632">
        <ele>105.235544</ele>
        <time>2026-07-24T11:35:17.811Z</time>
      </trkpt>
      <trkpt lat="43.727344" lon="3.852646">
        <ele>105.129704</ele>
        <time>2026-07-24T11:35:19.282Z</time>
      </trkpt>
      <trkpt lat="43.726864" lon="3.852784">
        <ele>107.023363</ele>
        <time>2026-07-24T11:35:39.716Z</time>
      </trkpt>
      <trkpt lat="43.726374" lon="3.852952">
        <ele>108.361577</ele>
        <time>2026-07-24T11:35:53.240Z</time>
      </trkpt>
      <trkpt lat="43.726233" lon="3.852896">
        <ele>108.639316</ele>
        <time>2026-07-24T11:35:56.982Z</time>
      </trkpt>
      <trkpt lat="43.726151" lon="3.852929">
        <ele>108.797897</ele>
        <time>2026-07-24T11:35:59.179Z</time>
      </trkpt>
      <trkpt lat="43.725743" lon="3.853089">
        <ele>109.401380</ele>
        <time>2026-07-24T11:36:09.840Z</time>
      </trkpt>
      <trkpt lat="43.725694" lon="3.853163">
        <ele>109.440108</ele>
        <time>2026-07-24T11:36:11.056Z</time>
      </trkpt>
      <trkpt lat="43.725503" lon="3.853718">
        <ele>108.280324</ele>
        <time>2026-07-24T11:36:16.742Z</time>
      </trkpt>
      <trkpt lat="43.725237" lon="3.854225">
        <ele>106.743572</ele>
        <time>2026-07-24T11:36:22.428Z</time>
      </trkpt>
      <trkpt lat="43.724288" lon="3.855691">
        <ele>99.438240</ele>
        <time>2026-07-24T11:36:38.959Z</time>
      </trkpt>
      <trkpt lat="43.724009" lon="3.856161">
        <ele>96.675667</ele>
        <time>2026-07-24T11:36:43.898Z</time>
      </trkpt>
      <trkpt lat="43.723832" lon="3.856367">
        <ele>95.157271</ele>
        <time>2026-07-24T11:36:46.463Z</time>
      </trkpt>
      <trkpt lat="43.723717" lon="3.856471">
        <ele>94.320172</ele>
        <time>2026-07-24T11:36:48.026Z</time>
      </trkpt>
      <trkpt lat="43.723352" lon="3.856800">
        <ele>91.906931</ele>
        <time>2026-07-24T11:36:53.021Z</time>
      </trkpt>
      <trkpt lat="43.722843" lon="3.857127">
        <ele>88.806974</ele>
        <time>2026-07-24T11:36:59.496Z</time>
      </trkpt>
      <trkpt lat="43.722629" lon="3.857203">
        <ele>87.466519</ele>
        <time>2026-07-24T11:37:01.918Z</time>
      </trkpt>
      <trkpt lat="43.722436" lon="3.857156">
        <ele>86.597677</ele>
        <time>2026-07-24T11:37:04.718Z</time>
      </trkpt>
      <trkpt lat="43.722297" lon="3.857159">
        <ele>86.295300</ele>
        <time>2026-07-24T11:37:06.985Z</time>
      </trkpt>
      <trkpt lat="43.722100" lon="3.857256">
        <ele>86.084460</ele>
        <time>2026-07-24T11:37:10.989Z</time>
      </trkpt>
      <trkpt lat="43.721922" lon="3.857448">
        <ele>85.843703</ele>
        <time>2026-07-24T11:37:14.924Z</time>
      </trkpt>
      <trkpt lat="43.721575" lon="3.857832">
        <ele>85.016728</ele>
        <time>2026-07-24T11:37:22.053Z</time>
      </trkpt>
      <trkpt lat="43.721326" lon="3.858052">
        <ele>84.460348</ele>
        <time>2026-07-24T11:37:26.893Z</time>
      </trkpt>
      <trkpt lat="43.719818" lon="3.858363">
        <ele>79.939483</ele>
        <time>2026-07-24T11:37:49.968Z</time>
      </trkpt>
      <trkpt lat="43.719678" lon="3.858379">
        <ele>79.662960</ele>
        <time>2026-07-24T11:37:52.231Z</time>
      </trkpt>
      <trkpt lat="43.719593" lon="3.858358">
        <ele>79.527142</ele>
        <time>2026-07-24T11:37:53.693Z</time>
      </trkpt>
      <trkpt lat="43.718918" lon="3.858653">
        <ele>78.831497</ele>
        <time>2026-07-24T11:38:06.097Z</time>
      </trkpt>
      <trkpt lat="43.718531" lon="3.858884">
        <ele>78.813649</ele>
        <time>2026-07-24T11:38:14.742Z</time>
      </trkpt>
      <trkpt lat="43.717968" lon="3.859222">
        <ele>78.981873</ele>
        <time>2026-07-24T11:38:27.655Z</time>
      </trkpt>
      <trkpt lat="43.717318" lon="3.859579">
        <ele>79.173803</ele>
        <time>2026-07-24T11:38:41.549Z</time>
      </trkpt>
      <trkpt lat="43.717281" lon="3.859579">
        <ele>79.216474</ele>
        <time>2026-07-24T11:38:42.843Z</time>
      </trkpt>
      <trkpt lat="43.717177" lon="3.859573">
        <ele>79.444460</ele>
        <time>2026-07-24T11:38:46.887Z</time>
      </trkpt>
      <trkpt lat="43.716820" lon="3.859864">
        <ele>80.398524</ele>
        <time>2026-07-24T11:39:02.107Z</time>
      </trkpt>
      <trkpt lat="43.716782" lon="3.859905">
        <ele>80.414547</ele>
        <time>2026-07-24T11:39:03.580Z</time>
      </trkpt>
      <trkpt lat="43.716471" lon="3.860229">
        <ele>80.331132</ele>
        <time>2026-07-24T11:39:13.525Z</time>
      </trkpt>
      <trkpt lat="43.716266" lon="3.860381">
        <ele>79.846041</ele>
        <time>2026-07-24T11:39:18.709Z</time>
      </trkpt>
      <trkpt lat="43.715906" lon="3.860461">
        <ele>78.434791</ele>
        <time>2026-07-24T11:39:26.193Z</time>
      </trkpt>
      <trkpt lat="43.715752" lon="3.860498">
        <ele>77.661624</ele>
        <time>2026-07-24T11:39:29.051Z</time>
      </trkpt>
      <trkpt lat="43.715348" lon="3.860599">
        <ele>75.953689</ele>
        <time>2026-07-24T11:39:35.011Z</time>
      </trkpt>
      <trkpt lat="43.714852" lon="3.860711">
        <ele>74.695632</ele>
        <time>2026-07-24T11:39:42.709Z</time>
      </trkpt>
      <trkpt lat="43.714568" lon="3.860776">
        <ele>74.668407</ele>
        <time>2026-07-24T11:39:49.409Z</time>
      </trkpt>
      <trkpt lat="43.714427" lon="3.860823">
        <ele>74.687410</ele>
        <time>2026-07-24T11:39:52.293Z</time>
      </trkpt>
      <trkpt lat="43.714390" lon="3.860835">
        <ele>74.684832</ele>
        <time>2026-07-24T11:39:53.006Z</time>
      </trkpt>
      <trkpt lat="43.713545" lon="3.861085">
        <ele>74.528380</ele>
        <time>2026-07-24T11:40:09.675Z</time>
      </trkpt>
      <trkpt lat="43.713516" lon="3.861119">
        <ele>74.530516</ele>
        <time>2026-07-24T11:40:10.485Z</time>
      </trkpt>
      <trkpt lat="43.713265" lon="3.861163">
        <ele>74.568761</ele>
        <time>2026-07-24T11:40:15.769Z</time>
      </trkpt>
      <trkpt lat="43.712086" lon="3.861439">
        <ele>74.296811</ele>
        <time>2026-07-24T11:40:38.838Z</time>
      </trkpt>
      <trkpt lat="43.711805" lon="3.861460">
        <ele>74.256832</ele>
        <time>2026-07-24T11:40:44.019Z</time>
      </trkpt>
      <trkpt lat="43.710561" lon="3.861552">
        <ele>74.630814</ele>
        <time>2026-07-24T11:41:11.405Z</time>
      </trkpt>
      <trkpt lat="43.709550" lon="3.861462">
        <ele>71.321149</ele>
        <time>2026-07-24T11:41:26.275Z</time>
      </trkpt>
      <trkpt lat="43.708841" lon="3.861376">
        <ele>70.692708</ele>
        <time>2026-07-24T11:41:39.349Z</time>
      </trkpt>
      <trkpt lat="43.708416" lon="3.861257">
        <ele>70.357182</ele>
        <time>2026-07-24T11:41:47.274Z</time>
      </trkpt>
      <trkpt lat="43.707862" lon="3.861114">
        <ele>69.653137</ele>
        <time>2026-07-24T11:41:56.943Z</time>
      </trkpt>
      <trkpt lat="43.707231" lon="3.861073">
        <ele>68.017514</ele>
        <time>2026-07-24T11:42:06.623Z</time>
      </trkpt>
      <trkpt lat="43.706800" lon="3.861043">
        <ele>66.959857</ele>
        <time>2026-07-24T11:42:13.432Z</time>
      </trkpt>
      <trkpt lat="43.706447" lon="3.860989">
        <ele>65.900638</ele>
        <time>2026-07-24T11:42:18.830Z</time>
      </trkpt>
      <trkpt lat="43.705855" lon="3.860755">
        <ele>64.003578</ele>
        <time>2026-07-24T11:42:28.072Z</time>
      </trkpt>
      <trkpt lat="43.705766" lon="3.860689">
        <ele>63.776307</ele>
        <time>2026-07-24T11:42:29.631Z</time>
      </trkpt>
      <trkpt lat="43.705298" lon="3.860187">
        <ele>62.541145</ele>
        <time>2026-07-24T11:42:39.175Z</time>
      </trkpt>
      <trkpt lat="43.704874" lon="3.859681">
        <ele>61.991076</ele>
        <time>2026-07-24T11:42:49.082Z</time>
      </trkpt>
      <trkpt lat="43.704142" lon="3.858846">
        <ele>61.072967</ele>
        <time>2026-07-24T11:43:05.599Z</time>
      </trkpt>
      <trkpt lat="43.704120" lon="3.858815">
        <ele>61.052758</ele>
        <time>2026-07-24T11:43:06.184Z</time>
      </trkpt>
      <trkpt lat="43.703739" lon="3.857363">
        <ele>62.150906</ele>
        <time>2026-07-24T11:43:33.108Z</time>
      </trkpt>
      <trkpt lat="43.703710" lon="3.857261">
        <ele>62.378404</ele>
        <time>2026-07-24T11:43:36.409Z</time>
      </trkpt>
      <trkpt lat="43.703692" lon="3.857211">
        <ele>62.514773</ele>
        <time>2026-07-24T11:43:38.157Z</time>
      </trkpt>
      <trkpt lat="43.703640" lon="3.857119">
        <ele>62.799884</ele>
        <time>2026-07-24T11:43:41.088Z</time>
      </trkpt>
      <trkpt lat="43.703535" lon="3.857036">
        <ele>62.970284</ele>
        <time>2026-07-24T11:43:44.178Z</time>
      </trkpt>
      <trkpt lat="43.703491" lon="3.857017">
        <ele>62.983500</ele>
        <time>2026-07-24T11:43:45.208Z</time>
      </trkpt>
      <trkpt lat="43.703419" lon="3.856991">
        <ele>63.004836</ele>
        <time>2026-07-24T11:43:46.592Z</time>
      </trkpt>
      <trkpt lat="43.702606" lon="3.856672">
        <ele>61.524225</ele>
        <time>2026-07-24T11:44:00.252Z</time>
      </trkpt>
      <trkpt lat="43.701699" lon="3.856314">
        <ele>61.569366</ele>
        <time>2026-07-24T11:44:20.320Z</time>
      </trkpt>
      <trkpt lat="43.701656" lon="3.856301">
        <ele>61.546878</ele>
        <time>2026-07-24T11:44:21.266Z</time>
      </trkpt>
      <trkpt lat="43.701607" lon="3.856283">
        <ele>61.481536</ele>
        <time>2026-07-24T11:44:22.342Z</time>
      </trkpt>
      <trkpt lat="43.701573" lon="3.856430">
        <ele>61.337728</ele>
        <time>2026-07-24T11:44:25.382Z</time>
      </trkpt>
      <trkpt lat="43.701574" lon="3.856762">
        <ele>61.250190</ele>
        <time>2026-07-24T11:44:33.860Z</time>
      </trkpt>
      <trkpt lat="43.701574" lon="3.856787">
        <ele>61.248706</ele>
        <time>2026-07-24T11:44:34.378Z</time>
      </trkpt>
      <trkpt lat="43.701542" lon="3.856978">
        <ele>60.869994</ele>
        <time>2026-07-24T11:44:38.012Z</time>
      </trkpt>
      <trkpt lat="43.701457" lon="3.857485">
        <ele>59.817887</ele>
        <time>2026-07-24T11:44:47.646Z</time>
      </trkpt>
      <trkpt lat="43.701230" lon="3.858857">
        <ele>60.335607</ele>
        <time>2026-07-24T11:45:23.205Z</time>
      </trkpt>
      <trkpt lat="43.701199" lon="3.859042">
        <ele>60.437751</ele>
        <time>2026-07-24T11:45:28.056Z</time>
      </trkpt>
      <trkpt lat="43.700877" lon="3.860949">
        <ele>61.315469</ele>
        <time>2026-07-24T11:46:16.953Z</time>
      </trkpt>
      <trkpt lat="43.700662" lon="3.862209">
        <ele>62.189603</ele>
        <time>2026-07-24T11:46:50.158Z</time>
      </trkpt>
      <trkpt lat="43.700700" lon="3.862225">
        <ele>62.243382</ele>
        <time>2026-07-24T11:46:51.589Z</time>
      </trkpt>
      <trkpt lat="43.700651" lon="3.862340">
        <ele>62.578810</ele>
        <time>2026-07-24T11:46:54.702Z</time>
      </trkpt>
      <trkpt lat="43.700619" lon="3.862374">
        <ele>62.724342</ele>
        <time>2026-07-24T11:46:56.251Z</time>
      </trkpt>
      <trkpt lat="43.700610" lon="3.862397">
        <ele>62.792534</ele>
        <time>2026-07-24T11:46:56.981Z</time>
      </trkpt>
      <trkpt lat="43.700513" lon="3.862451">
        <ele>63.125200</ele>
        <time>2026-07-24T11:47:00.758Z</time>
      </trkpt>
      <trkpt lat="43.700397" lon="3.862481">
        <ele>63.375319</ele>
        <time>2026-07-24T11:47:04.200Z</time>
      </trkpt>
      <trkpt lat="43.700307" lon="3.862475">
        <ele>63.529269</ele>
        <time>2026-07-24T11:47:05.995Z</time>
      </trkpt>
      <trkpt lat="43.699609" lon="3.862357">
        <ele>63.079803</ele>
        <time>2026-07-24T11:47:16.625Z</time>
      </trkpt>
      <trkpt lat="43.699310" lon="3.862319">
        <ele>63.289315</ele>
        <time>2026-07-24T11:47:23.195Z</time>
      </trkpt>
      <trkpt lat="43.699064" lon="3.862354">
        <ele>63.538340</ele>
        <time>2026-07-24T11:47:28.347Z</time>
      </trkpt>
      <trkpt lat="43.698571" lon="3.862609">
        <ele>64.314761</ele>
        <time>2026-07-24T11:47:40.843Z</time>
      </trkpt>
      <trkpt lat="43.698344" lon="3.862757">
        <ele>64.759336</ele>
        <time>2026-07-24T11:47:47.329Z</time>
      </trkpt>
      <trkpt lat="43.698007" lon="3.862953">
        <ele>65.007967</ele>
        <time>2026-07-24T11:47:55.232Z</time>
      </trkpt>
      <trkpt lat="43.697813" lon="3.862998">
        <ele>64.804422</ele>
        <time>2026-07-24T11:47:58.127Z</time>
      </trkpt>
      <trkpt lat="43.697554" lon="3.862954">
        <ele>64.211930</ele>
        <time>2026-07-24T11:48:01.463Z</time>
      </trkpt>
      <trkpt lat="43.697434" lon="3.862935">
        <ele>63.955450</ele>
        <time>2026-07-24T11:48:03.049Z</time>
      </trkpt>
      <trkpt lat="43.697326" lon="3.862911">
        <ele>63.772248</ele>
        <time>2026-07-24T11:48:04.581Z</time>
      </trkpt>
      <trkpt lat="43.696348" lon="3.862743">
        <ele>63.229739</ele>
        <time>2026-07-24T11:48:20.154Z</time>
      </trkpt>
      <trkpt lat="43.695921" lon="3.862673">
        <ele>63.292292</ele>
        <time>2026-07-24T11:48:27.849Z</time>
      </trkpt>
      <trkpt lat="43.695564" lon="3.862612">
        <ele>63.311572</ele>
        <time>2026-07-24T11:48:34.072Z</time>
      </trkpt>
      <trkpt lat="43.695115" lon="3.862535">
        <ele>63.400251</ele>
        <time>2026-07-24T11:48:42.345Z</time>
      </trkpt>
      <trkpt lat="43.694673" lon="3.862499">
        <ele>63.764757</ele>
        <time>2026-07-24T11:48:50.548Z</time>
      </trkpt>
      <trkpt lat="43.694385" lon="3.862496">
        <ele>64.996173</ele>
        <time>2026-07-24T11:49:02.248Z</time>
      </trkpt>
      <trkpt lat="43.694314" lon="3.862495">
        <ele>65.207937</ele>
        <time>2026-07-24T11:49:05.004Z</time>
      </trkpt>
      <trkpt lat="43.694245" lon="3.862492">
        <ele>65.365713</ele>
        <time>2026-07-24T11:49:07.140Z</time>
      </trkpt>
      <trkpt lat="43.694106" lon="3.862487">
        <ele>65.588623</ele>
        <time>2026-07-24T11:49:09.651Z</time>
      </trkpt>
      <trkpt lat="43.694039" lon="3.862485">
        <ele>65.569429</ele>
        <time>2026-07-24T11:49:10.652Z</time>
      </trkpt>
      <trkpt lat="43.693950" lon="3.862373">
        <ele>65.534964</ele>
        <time>2026-07-24T11:49:12.810Z</time>
      </trkpt>
      <trkpt lat="43.693888" lon="3.862319">
        <ele>65.686549</ele>
        <time>2026-07-24T11:49:14.630Z</time>
      </trkpt>
      <trkpt lat="43.693769" lon="3.862295">
        <ele>65.937672</ele>
        <time>2026-07-24T11:49:18.642Z</time>
      </trkpt>
      <trkpt lat="43.693619" lon="3.862330">
        <ele>66.199084</ele>
        <time>2026-07-24T11:49:23.723Z</time>
      </trkpt>
      <trkpt lat="43.693596" lon="3.862383">
        <ele>66.271505</ele>
        <time>2026-07-24T11:49:24.825Z</time>
      </trkpt>
      <trkpt lat="43.692958" lon="3.862450">
        <ele>66.087650</ele>
        <time>2026-07-24T11:49:35.008Z</time>
      </trkpt>
      <trkpt lat="43.691965" lon="3.862710">
        <ele>65.381911</ele>
        <time>2026-07-24T11:49:50.560Z</time>
      </trkpt>
      <trkpt lat="43.691555" lon="3.862714">
        <ele>64.872195</ele>
        <time>2026-07-24T11:49:56.589Z</time>
      </trkpt>
      <trkpt lat="43.691451" lon="3.862709">
        <ele>64.606422</ele>
        <time>2026-07-24T11:49:57.937Z</time>
      </trkpt>
      <trkpt lat="43.690454" lon="3.862648">
        <ele>61.803288</ele>
        <time>2026-07-24T11:50:10.674Z</time>
      </trkpt>
      <trkpt lat="43.689700" lon="3.862661">
        <ele>61.221768</ele>
        <time>2026-07-24T11:50:22.355Z</time>
      </trkpt>
      <trkpt lat="43.689125" lon="3.862773">
        <ele>61.050860</ele>
        <time>2026-07-24T11:50:31.806Z</time>
      </trkpt>
      <trkpt lat="43.688468" lon="3.862969">
        <ele>60.279422</ele>
        <time>2026-07-24T11:50:41.626Z</time>
      </trkpt>
      <trkpt lat="43.686674" lon="3.863659">
        <ele>57.294971</ele>
        <time>2026-07-24T11:51:07.800Z</time>
      </trkpt>
      <trkpt lat="43.686567" lon="3.863694">
        <ele>57.155906</ele>
        <time>2026-07-24T11:51:09.310Z</time>
      </trkpt>
      <trkpt lat="43.686509" lon="3.863711">
        <ele>57.080920</ele>
        <time>2026-07-24T11:51:10.183Z</time>
      </trkpt>
      <trkpt lat="43.686246" lon="3.863790">
        <ele>57.000545</ele>
        <time>2026-07-24T11:51:14.645Z</time>
      </trkpt>
      <trkpt lat="43.685759" lon="3.863854">
        <ele>57.019912</ele>
        <time>2026-07-24T11:51:23.219Z</time>
      </trkpt>
      <trkpt lat="43.685592" lon="3.863846">
        <ele>57.080422</ele>
        <time>2026-07-24T11:51:26.147Z</time>
      </trkpt>
      <trkpt lat="43.685196" lon="3.863744">
        <ele>57.131166</ele>
        <time>2026-07-24T11:51:33.168Z</time>
      </trkpt>
      <trkpt lat="43.684378" lon="3.863522">
        <ele>57.669907</ele>
        <time>2026-07-24T11:51:49.839Z</time>
      </trkpt>
      <trkpt lat="43.684228" lon="3.863451">
        <ele>57.924526</ele>
        <time>2026-07-24T11:51:53.276Z</time>
      </trkpt>
      <trkpt lat="43.684221" lon="3.863505">
        <ele>58.046983</ele>
        <time>2026-07-24T11:51:55.585Z</time>
      </trkpt>
      <trkpt lat="43.684219" lon="3.863578">
        <ele>58.210046</ele>
        <time>2026-07-24T11:51:58.782Z</time>
      </trkpt>
      <trkpt lat="43.684217" lon="3.863628">
        <ele>58.321823</ele>
        <time>2026-07-24T11:52:00.938Z</time>
      </trkpt>
      <trkpt lat="43.683873" lon="3.863581">
        <ele>58.464868</ele>
        <time>2026-07-24T11:52:06.574Z</time>
      </trkpt>
      <trkpt lat="43.683688" lon="3.863672">
        <ele>58.264147</ele>
        <time>2026-07-24T11:52:09.564Z</time>
      </trkpt>
      <trkpt lat="43.683581" lon="3.863683">
        <ele>58.023279</ele>
        <time>2026-07-24T11:52:11.024Z</time>
      </trkpt>
      <trkpt lat="43.683075" lon="3.864289">
        <ele>56.222659</ele>
        <time>2026-07-24T11:52:19.568Z</time>
      </trkpt>
      <trkpt lat="43.682745" lon="3.864531">
        <ele>55.788947</ele>
        <time>2026-07-24T11:52:25.281Z</time>
      </trkpt>
      <trkpt lat="43.681935" lon="3.865282">
        <ele>54.756088</ele>
        <time>2026-07-24T11:52:39.756Z</time>
      </trkpt>
      <trkpt lat="43.681065" lon="3.865508">
        <ele>53.322095</ele>
        <time>2026-07-24T11:52:51.902Z</time>
      </trkpt>
      <trkpt lat="43.680810" lon="3.865608">
        <ele>53.344805</ele>
        <time>2026-07-24T11:52:57.061Z</time>
      </trkpt>
      <trkpt lat="43.680280" lon="3.865919">
        <ele>53.991710</ele>
        <time>2026-07-24T11:53:09.714Z</time>
      </trkpt>
      <trkpt lat="43.678967" lon="3.866658">
        <ele>55.467182</ele>
        <time>2026-07-24T11:53:41.017Z</time>
      </trkpt>
      <trkpt lat="43.677782" lon="3.867271">
        <ele>56.078865</ele>
        <time>2026-07-24T11:54:05.347Z</time>
      </trkpt>
      <trkpt lat="43.677635" lon="3.867312">
        <ele>56.078271</ele>
        <time>2026-07-24T11:54:07.854Z</time>
      </trkpt>
      <trkpt lat="43.677380" lon="3.867313">
        <ele>55.980980</ele>
        <time>2026-07-24T11:54:11.959Z</time>
      </trkpt>
      <trkpt lat="43.677275" lon="3.867304">
        <ele>55.897721</ele>
        <time>2026-07-24T11:54:13.503Z</time>
      </trkpt>
      <trkpt lat="43.677146" lon="3.867376">
        <ele>55.780860</ele>
        <time>2026-07-24T11:54:15.589Z</time>
      </trkpt>
      <trkpt lat="43.677117" lon="3.867419">
        <ele>55.760764</ele>
        <time>2026-07-24T11:54:16.278Z</time>
      </trkpt>
      <trkpt lat="43.677096" lon="3.867478">
        <ele>55.738287</ele>
        <time>2026-07-24T11:54:17.756Z</time>
      </trkpt>
      <trkpt lat="43.677051" lon="3.867580">
        <ele>55.697449</ele>
        <time>2026-07-24T11:54:20.450Z</time>
      </trkpt>
      <trkpt lat="43.677024" lon="3.867642">
        <ele>55.673296</ele>
        <time>2026-07-24T11:54:21.976Z</time>
      </trkpt>
      <trkpt lat="43.676921" lon="3.867647">
        <ele>55.632560</ele>
        <time>2026-07-24T11:54:23.586Z</time>
      </trkpt>
      <trkpt lat="43.676848" lon="3.867796">
        <ele>55.555087</ele>
        <time>2026-07-24T11:54:25.841Z</time>
      </trkpt>
      <trkpt lat="43.676801" lon="3.867799">
        <ele>55.459758</ele>
        <time>2026-07-24T11:54:27.246Z</time>
      </trkpt>
      <trkpt lat="43.676672" lon="3.867814">
        <ele>55.197466</ele>
        <time>2026-07-24T11:54:30.719Z</time>
      </trkpt>
      <trkpt lat="43.676634" lon="3.867815">
        <ele>55.110935</ele>
        <time>2026-07-24T11:54:31.708Z</time>
      </trkpt>
      <trkpt lat="43.676539" lon="3.867669">
        <ele>54.583316</ele>
        <time>2026-07-24T11:54:33.450Z</time>
      </trkpt>
      <trkpt lat="43.676447" lon="3.867607">
        <ele>54.228438</ele>
        <time>2026-07-24T11:54:34.699Z</time>
      </trkpt>
      <trkpt lat="43.676400" lon="3.867619">
        <ele>54.098885</ele>
        <time>2026-07-24T11:54:35.276Z</time>
      </trkpt>
      <trkpt lat="43.676373" lon="3.867593">
        <ele>54.009698</ele>
        <time>2026-07-24T11:54:35.682Z</time>
      </trkpt>
      <trkpt lat="43.676321" lon="3.867511">
        <ele>53.795898</ele>
        <time>2026-07-24T11:54:36.702Z</time>
      </trkpt>
      <trkpt lat="43.676302" lon="3.867354">
        <ele>53.658157</ele>
        <time>2026-07-24T11:54:38.528Z</time>
      </trkpt>
      <trkpt lat="43.676257" lon="3.867271">
        <ele>53.629024</ele>
        <time>2026-07-24T11:54:39.983Z</time>
      </trkpt>
      <trkpt lat="43.676083" lon="3.867197">
        <ele>53.600002</ele>
        <time>2026-07-24T11:54:43.239Z</time>
      </trkpt>
      <trkpt lat="43.675864" lon="3.867174">
        <ele>53.600185</ele>
        <time>2026-07-24T11:54:46.746Z</time>
      </trkpt>
      <trkpt lat="43.675641" lon="3.867180">
        <ele>53.669238</ele>
        <time>2026-07-24T11:54:50.642Z</time>
      </trkpt>
      <trkpt lat="43.675406" lon="3.867257">
        <ele>53.807848</ele>
        <time>2026-07-24T11:54:56.206Z</time>
      </trkpt>
      <trkpt lat="43.675382" lon="3.867288">
        <ele>53.822777</ele>
        <time>2026-07-24T11:54:56.864Z</time>
      </trkpt>
      <trkpt lat="43.675209" lon="3.867362">
        <ele>53.849116</ele>
        <time>2026-07-24T11:54:59.714Z</time>
      </trkpt>
      <trkpt lat="43.675187" lon="3.867296">
        <ele>53.845278</ele>
        <time>2026-07-24T11:55:00.666Z</time>
      </trkpt>
      <trkpt lat="43.675021" lon="3.867375">
        <ele>54.087758</ele>
        <time>2026-07-24T11:55:04.438Z</time>
      </trkpt>
      <trkpt lat="43.674477" lon="3.867605">
        <ele>55.483120</ele>
        <time>2026-07-24T11:55:21.037Z</time>
      </trkpt>
      <trkpt lat="43.674353" lon="3.867658">
        <ele>55.719779</ele>
        <time>2026-07-24T11:55:24.664Z</time>
      </trkpt>
      <trkpt lat="43.674145" lon="3.867678">
        <ele>55.838330</ele>
        <time>2026-07-24T11:55:29.120Z</time>
      </trkpt>
      <trkpt lat="43.673780" lon="3.867631">
        <ele>55.164606</ele>
        <time>2026-07-24T11:55:34.119Z</time>
      </trkpt>
      <trkpt lat="43.673572" lon="3.867563">
        <ele>54.185198</ele>
        <time>2026-07-24T11:55:36.622Z</time>
      </trkpt>
      <trkpt lat="43.673494" lon="3.867503">
        <ele>53.776836</ele>
        <time>2026-07-24T11:55:37.610Z</time>
      </trkpt>
      <trkpt lat="43.673441" lon="3.867445">
        <ele>53.467597</ele>
        <time>2026-07-24T11:55:38.397Z</time>
      </trkpt>
      <trkpt lat="43.673354" lon="3.867458">
        <ele>53.248238</ele>
        <time>2026-07-24T11:55:39.664Z</time>
      </trkpt>
      <trkpt lat="43.673318" lon="3.867521">
        <ele>53.229383</ele>
        <time>2026-07-24T11:55:40.922Z</time>
      </trkpt>
      <trkpt lat="43.673246" lon="3.867564">
        <ele>53.203920</ele>
        <time>2026-07-24T11:55:42.324Z</time>
      </trkpt>
      <trkpt lat="43.673251" lon="3.867510">
        <ele>53.191135</ele>
        <time>2026-07-24T11:55:45.059Z</time>
      </trkpt>
      <trkpt lat="43.672114" lon="3.867728">
        <ele>52.786597</ele>
        <time>2026-07-24T11:56:03.641Z</time>
      </trkpt>
      <trkpt lat="43.669752" lon="3.868294">
        <ele>51.208919</ele>
        <time>2026-07-24T11:56:40.549Z</time>
      </trkpt>
      <trkpt lat="43.669176" lon="3.868365">
        <ele>52.013371</ele>
        <time>2026-07-24T11:56:54.516Z</time>
      </trkpt>
      <trkpt lat="43.668793" lon="3.868312">
        <ele>52.674795</ele>
        <time>2026-07-24T11:57:04.486Z</time>
      </trkpt>
      <trkpt lat="43.668604" lon="3.868243">
        <ele>52.849612</ele>
        <time>2026-07-24T11:57:08.394Z</time>
      </trkpt>
      <trkpt lat="43.668255" lon="3.868064">
        <ele>52.451713</ele>
        <time>2026-07-24T11:57:14.647Z</time>
      </trkpt>
      <trkpt lat="43.667954" lon="3.867808">
        <ele>50.709439</ele>
        <time>2026-07-24T11:57:18.608Z</time>
      </trkpt>
      <trkpt lat="43.667638" lon="3.867476">
        <ele>50.096162</ele>
        <time>2026-07-24T11:57:24.377Z</time>
      </trkpt>
      <trkpt lat="43.667114" lon="3.866792">
        <ele>49.272637</ele>
        <time>2026-07-24T11:57:34.970Z</time>
      </trkpt>
      <trkpt lat="43.666863" lon="3.866518">
        <ele>48.822851</ele>
        <time>2026-07-24T11:57:39.384Z</time>
      </trkpt>
      <trkpt lat="43.666583" lon="3.866299">
        <ele>48.928251</ele>
        <time>2026-07-24T11:57:45.312Z</time>
      </trkpt>
      <trkpt lat="43.666387" lon="3.866116">
        <ele>49.738855</ele>
        <time>2026-07-24T11:57:54.117Z</time>
      </trkpt>
      <trkpt lat="43.666206" lon="3.866020">
        <ele>50.132030</ele>
        <time>2026-07-24T11:57:59.062Z</time>
      </trkpt>
      <trkpt lat="43.665856" lon="3.865938">
        <ele>50.325810</ele>
        <time>2026-07-24T11:58:05.879Z</time>
      </trkpt>
      <trkpt lat="43.665597" lon="3.865921">
        <ele>50.212812</ele>
        <time>2026-07-24T11:58:09.823Z</time>
      </trkpt>
      <trkpt lat="43.665040" lon="3.865959">
        <ele>49.997542</ele>
        <time>2026-07-24T11:58:18.739Z</time>
      </trkpt>
      <trkpt lat="43.664700" lon="3.866036">
        <ele>50.736958</ele>
        <time>2026-07-24T11:58:28.096Z</time>
      </trkpt>
      <trkpt lat="43.664535" lon="3.866015">
        <ele>51.171334</ele>
        <time>2026-07-24T11:58:33.033Z</time>
      </trkpt>
      <trkpt lat="43.664277" lon="3.865849">
        <ele>51.809919</ele>
        <time>2026-07-24T11:58:41.361Z</time>
      </trkpt>
      <trkpt lat="43.663783" lon="3.865771">
        <ele>52.150518</ele>
        <time>2026-07-24T11:58:51.740Z</time>
      </trkpt>
      <trkpt lat="43.663492" lon="3.865688">
        <ele>51.412934</ele>
        <time>2026-07-24T11:58:55.599Z</time>
      </trkpt>
      <trkpt lat="43.662807" lon="3.865299">
        <ele>48.064226</ele>
        <time>2026-07-24T11:59:04.320Z</time>
      </trkpt>
      <trkpt lat="43.662539" lon="3.865186">
        <ele>47.022623</ele>
        <time>2026-07-24T11:59:07.743Z</time>
      </trkpt>
      <trkpt lat="43.662381" lon="3.865187">
        <ele>46.645437</ele>
        <time>2026-07-24T11:59:09.784Z</time>
      </trkpt>
      <trkpt lat="43.660817" lon="3.865739">
        <ele>44.264872</ele>
        <time>2026-07-24T11:59:32.713Z</time>
      </trkpt>
      <trkpt lat="43.660487" lon="3.866021">
        <ele>44.158848</ele>
        <time>2026-07-24T11:59:39.242Z</time>
      </trkpt>
      <trkpt lat="43.660365" lon="3.866265">
        <ele>44.303988</ele>
        <time>2026-07-24T11:59:43.490Z</time>
      </trkpt>
      <trkpt lat="43.660304" lon="3.866415">
        <ele>44.431328</ele>
        <time>2026-07-24T11:59:46.329Z</time>
      </trkpt>
      <trkpt lat="43.660211" lon="3.866532">
        <ele>44.549607</ele>
        <time>2026-07-24T11:59:49.372Z</time>
      </trkpt>
      <trkpt lat="43.659893" lon="3.866784">
        <ele>44.714645</ele>
        <time>2026-07-24T11:59:56.454Z</time>
      </trkpt>
      <trkpt lat="43.659123" lon="3.867697">
        <ele>42.688860</ele>
        <time>2026-07-24T12:00:09.827Z</time>
      </trkpt>
      <trkpt lat="43.658215" lon="3.868779">
        <ele>42.959358</ele>
        <time>2026-07-24T12:00:33.360Z</time>
      </trkpt>
      <trkpt lat="43.656795" lon="3.870077">
        <ele>42.220547</ele>
        <time>2026-07-24T12:01:00.356Z</time>
      </trkpt>
      <trkpt lat="43.656817" lon="3.870136">
        <ele>42.208626</ele>
        <time>2026-07-24T12:01:01.956Z</time>
      </trkpt>
      <trkpt lat="43.656246" lon="3.870660">
        <ele>42.113952</ele>
        <time>2026-07-24T12:01:13.363Z</time>
      </trkpt>
      <trkpt lat="43.656160" lon="3.870753">
        <ele>42.128371</ele>
        <time>2026-07-24T12:01:15.352Z</time>
      </trkpt>
      <trkpt lat="43.655932" lon="3.870998">
        <ele>42.334081</ele>
        <time>2026-07-24T12:01:20.994Z</time>
      </trkpt>
      <trkpt lat="43.655614" lon="3.871456">
        <ele>43.039812</ele>
        <time>2026-07-24T12:01:31.750Z</time>
      </trkpt>
      <trkpt lat="43.655520" lon="3.871641">
        <ele>43.523830</ele>
        <time>2026-07-24T12:01:37.364Z</time>
      </trkpt>
      <trkpt lat="43.655500" lon="3.871681">
        <ele>43.659476</ele>
        <time>2026-07-24T12:01:38.660Z</time>
      </trkpt>
      <trkpt lat="43.655315" lon="3.872021">
        <ele>44.694960</ele>
        <time>2026-07-24T12:01:48.974Z</time>
      </trkpt>
      <trkpt lat="43.655220" lon="3.872283">
        <ele>45.122281</ele>
        <time>2026-07-24T12:01:53.948Z</time>
      </trkpt>
      <trkpt lat="43.655120" lon="3.872614">
        <ele>45.733285</ele>
        <time>2026-07-24T12:02:00.394Z</time>
      </trkpt>
      <trkpt lat="43.654961" lon="3.873199">
        <ele>47.924956</ele>
        <time>2026-07-24T12:02:18.757Z</time>
      </trkpt>
      <trkpt lat="43.654814" lon="3.873586">
        <ele>49.658848</ele>
        <time>2026-07-24T12:02:32.310Z</time>
      </trkpt>
      <trkpt lat="43.654874" lon="3.873622">
        <ele>49.978595</ele>
        <time>2026-07-24T12:02:36.276Z</time>
      </trkpt>
      <trkpt lat="43.654913" lon="3.873658">
        <ele>50.207851</ele>
        <time>2026-07-24T12:02:38.933Z</time>
      </trkpt>
      <trkpt lat="43.654996" lon="3.873818">
        <ele>50.527499</ele>
        <time>2026-07-24T12:02:44.746Z</time>
      </trkpt>
      <trkpt lat="43.655013" lon="3.873915">
        <ele>50.560474</ele>
        <time>2026-07-24T12:02:47.079Z</time>
      </trkpt>
      <trkpt lat="43.654992" lon="3.874109">
        <ele>50.367414</ele>
        <time>2026-07-24T12:02:51.132Z</time>
      </trkpt>
      <trkpt lat="43.654936" lon="3.874242">
        <ele>50.031822</ele>
        <time>2026-07-24T12:02:53.946Z</time>
      </trkpt>
      <trkpt lat="43.654974" lon="3.874483">
        <ele>49.403027</ele>
        <time>2026-07-24T12:02:58.365Z</time>
      </trkpt>
      <trkpt lat="43.654990" lon="3.875312">
        <ele>47.988041</ele>
        <time>2026-07-24T12:03:14.338Z</time>
      </trkpt>
      <trkpt lat="43.654970" lon="3.876465">
        <ele>48.203512</ele>
        <time>2026-07-24T12:03:30.356Z</time>
      </trkpt>
      <trkpt lat="43.654919" lon="3.878294">
        <ele>49.004334</ele>
        <time>2026-07-24T12:03:56.426Z</time>
      </trkpt>
      <trkpt lat="43.654886" lon="3.878675">
        <ele>49.189773</ele>
        <time>2026-07-24T12:04:02.153Z</time>
      </trkpt>
      <trkpt lat="43.654938" lon="3.878768">
        <ele>49.254650</ele>
        <time>2026-07-24T12:04:03.595Z</time>
      </trkpt>
      <trkpt lat="43.655091" lon="3.879278">
        <ele>49.737782</ele>
        <time>2026-07-24T12:04:12.933Z</time>
      </trkpt>
      <trkpt lat="43.655147" lon="3.879498">
        <ele>50.052904</ele>
        <time>2026-07-24T12:04:17.190Z</time>
      </trkpt>
      <trkpt lat="43.655233" lon="3.879834">
        <ele>50.956332</ele>
        <time>2026-07-24T12:04:25.298Z</time>
      </trkpt>
      <trkpt lat="43.655389" lon="3.880427">
        <ele>52.844753</ele>
        <time>2026-07-24T12:04:43.021Z</time>
      </trkpt>
      <trkpt lat="43.655417" lon="3.880530">
        <ele>52.871734</ele>
        <time>2026-07-24T12:04:44.811Z</time>
      </trkpt>
      <trkpt lat="43.655459" lon="3.880684">
        <ele>52.850586</ele>
        <time>2026-07-24T12:04:46.699Z</time>
      </trkpt>
      <trkpt lat="43.655383" lon="3.880873">
        <ele>52.433474</ele>
        <time>2026-07-24T12:04:49.071Z</time>
      </trkpt>
      <trkpt lat="43.655328" lon="3.880964">
        <ele>52.305708</ele>
        <time>2026-07-24T12:04:50.439Z</time>
      </trkpt>
      <trkpt lat="43.655263" lon="3.880976">
        <ele>52.305708</ele>
        <time>2026-07-24T12:04:51.458Z</time>
      </trkpt>
      <trkpt lat="43.655253" lon="3.880949">
        <ele>52.305708</ele>
        <time>2026-07-24T12:04:53.013Z</time>
      </trkpt>
      <trkpt lat="43.655233" lon="3.880895">
        <ele>52.305708</ele>
        <time>2026-07-24T12:04:56.044Z</time>
      </trkpt>
    </trkseg>
  </trk>
</gpx>